,date,time,round,venue,result,gf,ga,opponent,xg,xga,poss,sh,sot,team,season
0,2020-09-12,12:30,Matchweek 1,Away,W,3,0,Fulham,1.9,0.1,54.0,13.0,5.0,Arsenal,2021
1,2020-09-19,20:00,Matchweek 2,Home,W,2,1,West Ham,1.1,2.0,62.0,7.0,3.0,Arsenal,2021
2,2020-09-28,20:00,Matchweek 3,Away,L,1,3,Liverpool,1.3,2.7,34.0,4.0,3.0,Arsenal,2021
3,2020-10-04,14:00,Matchweek 4,Home,W,2,1,Sheffield United,0.6,0.2,64.0,6.0,5.0,Arsenal,2021
4,2020-10-17,17:30,Matchweek 5,Away,L,0,1,Manchester City,0.9,1.3,42.0,11.0,3.0,Arsenal,2021
5,2020-10-25,19:15,Matchweek 6,Home,L,0,1,Leicester City,0.7,0.7,56.0,12.0,4.0,Arsenal,2021
6,2020-11-01,16:30,Matchweek 7,Away,W,1,0,Manchester United,1.0,0.4,46.0,6.0,1.0,Arsenal,2021
7,2020-11-08,19:15,Matchweek 8,Home,L,0,3,Aston Villa,1.5,1.8,59.0,13.0,2.0,Arsenal,2021
8,2020-11-22,16:30,Matchweek 9,Away,D,0,0,Leeds United,0.9,1.8,34.0,9.0,2.0,Arsenal,2021
9,2020-11-29,19:15,Matchweek 10,Home,L,1,2,Wolverhampton Wanderers,1.5,1.8,56.0,13.0,2.0,Arsenal,2021
10,2020-12-06,16:30,Matchweek 11,Away,L,0,2,Tottenham Hotspur,0.6,0.3,69.0,11.0,2.0,Arsenal,2021
11,2020-12-13,19:15,Matchweek 12,Home,L,0,1,Burnley,1.6,1.4,65.0,18.0,6.0,Arsenal,2021
12,2020-12-16,18:00,Matchweek 13,Home,D,1,1,Southampton,0.6,1.2,36.0,9.0,4.0,Arsenal,2021
13,2020-12-19,17:30,Matchweek 14,Away,L,1,2,Everton,1.4,0.6,57.0,12.0,1.0,Arsenal,2021
14,2020-12-26,17:30,Matchweek 15,Home,W,3,1,Chelsea,2.0,2.6,40.0,14.0,6.0,Arsenal,2021
15,2020-12-29,18:00,Matchweek 16,Away,W,1,0,Brighton,1.1,0.8,50.0,11.0,3.0,Arsenal,2021
16,2021-01-02,20:00,Matchweek 17,Away,W,4,0,West Brom,3.7,1.0,61.0,21.0,11.0,Arsenal,2021
17,2021-01-14,20:00,Matchweek 18,Home,D,0,0,Crystal Palace,0.4,0.8,67.0,11.0,4.0,Arsenal,2021
18,2021-01-18,20:00,Matchweek 19,Home,W,3,0,Newcastle United,2.4,0.2,66.0,20.0,6.0,Arsenal,2021
19,2021-01-26,20:15,Matchweek 20,Away,W,3,1,Southampton,2.2,0.8,42.0,9.0,4.0,Arsenal,2021
20,2021-01-30,17:30,Matchweek 21,Home,D,0,0,Manchester United,0.9,1.6,43.0,17.0,3.0,Arsenal,2021
21,2021-02-02,18:00,Matchweek 22,Away,L,1,2,Wolverhampton Wanderers,0.8,1.5,45.0,9.0,3.0,Arsenal,2021
22,2021-02-06,12:30,Matchweek 23,Away,L,0,1,Aston Villa,0.8,1.2,65.0,14.0,3.0,Arsenal,2021
23,2021-02-14,16:30,Matchweek 24,Home,W,4,2,Leeds United,2.3,0.9,46.0,12.0,4.0,Arsenal,2021
24,2021-02-21,16:30,Matchweek 25,Home,L,0,1,Manchester City,0.3,1.8,45.0,7.0,1.0,Arsenal,2021
25,2021-02-28,12:00,Matchweek 26,Away,W,3,1,Leicester City,2.3,0.4,56.0,11.0,3.0,Arsenal,2021
26,2021-03-06,12:30,Matchweek 27,Away,D,1,1,Burnley,2.5,1.1,59.0,15.0,2.0,Arsenal,2021
27,2021-03-14,16:30,Matchweek 28,Home,W,2,1,Tottenham Hotspur,1.7,0.4,52.0,12.0,2.0,Arsenal,2021
28,2021-03-21,15:00,Matchweek 29,Away,D,3,3,West Ham,1.4,2.4,62.0,16.0,6.0,Arsenal,2021
29,2021-04-03,20:00,Matchweek 30,Home,L,0,3,Liverpool,0.1,2.4,36.0,3.0,2.0,Arsenal,2021
30,2021-04-11,19:00,Matchweek 31,Away,W,3,0,Sheffield United,1.7,0.3,55.0,14.0,5.0,Arsenal,2021
31,2021-04-18,13:30,Matchweek 32,Home,D,1,1,Fulham,2.7,0.9,69.0,18.0,5.0,Arsenal,2021
32,2021-04-23,20:00,Matchweek 33,Home,L,0,1,Everton,0.8,0.5,59.0,14.0,3.0,Arsenal,2021
33,2021-05-02,14:00,Matchweek 34,Away,W,2,0,Newcastle United,2.0,0.3,61.0,19.0,4.0,Arsenal,2021
34,2021-05-09,19:00,Matchweek 35,Home,W,3,1,West Brom,0.9,1.8,65.0,15.0,7.0,Arsenal,2021
35,2021-05-12,20:15,Matchweek 36,Away,W,1,0,Chelsea,0.6,1.8,33.0,5.0,2.0,Arsenal,2021
36,2021-05-19,19:00,Matchweek 37,Away,W,3,1,Crystal Palace,1.8,1.0,68.0,6.0,3.0,Arsenal,2021
37,2021-05-23,16:00,Matchweek 38,Home,W,2,0,Brighton,0.8,0.2,54.0,16.0,5.0,Arsenal,2021
38,2021-08-13,20:00,Matchweek 1,Away,L,0,2,Brentford,1.3,1.2,64.0,22.0,4.0,Arsenal,2022
39,2021-08-22,16:30,Matchweek 2,Home,L,0,2,Chelsea,0.3,3.1,35.0,6.0,3.0,Arsenal,2022
40,2021-08-28,12:30,Matchweek 3,Away,L,0,5,Manchester City,0.2,4.4,20.0,1.0,0.0,Arsenal,2022
41,2021-09-11,15:00,Matchweek 4,Home,W,1,0,Norwich City,2.7,0.7,51.0,30.0,6.0,Arsenal,2022
42,2021-09-18,15:00,Matchweek 5,Away,W,1,0,Burnley,1.1,1.0,54.0,13.0,3.0,Arsenal,2022
43,2021-09-26,16:30,Matchweek 6,Home,W,3,1,Tottenham Hotspur,1.1,1.0,46.0,12.0,7.0,Arsenal,2022
44,2021-10-02,17:30,Matchweek 7,Away,D,0,0,Brighton,0.4,1.1,42.0,8.0,2.0,Arsenal,2022
45,2021-10-18,20:00,Matchweek 8,Home,D,2,2,Crystal Palace,1.7,0.7,54.0,17.0,6.0,Arsenal,2022
46,2021-10-22,20:00,Matchweek 9,Home,W,3,1,Aston Villa,2.7,1.4,53.0,21.0,8.0,Arsenal,2022
47,2021-10-30,12:30,Matchweek 10,Away,W,2,0,Leicester City,0.7,1.3,36.0,9.0,5.0,Arsenal,2022
48,2021-11-07,14:00,Matchweek 11,Home,W,1,0,Watford,1.6,0.5,60.0,13.0,5.0,Arsenal,2022
49,2021-11-20,17:30,Matchweek 12,Away,L,0,4,Liverpool,0.4,4.3,38.0,5.0,3.0,Arsenal,2022
50,2021-11-27,12:30,Matchweek 13,Home,W,2,0,Newcastle United,2.5,0.3,66.0,24.0,6.0,Arsenal,2022
51,2021-12-02,20:15,Matchweek 14,Away,L,2,3,Manchester United,1.4,1.9,56.0,17.0,7.0,Arsenal,2022
52,2021-12-06,20:00,Matchweek 15,Away,L,1,2,Everton,1.0,0.9,63.0,10.0,3.0,Arsenal,2022
53,2021-12-11,15:00,Matchweek 16,Home,W,3,0,Southampton,1.8,0.6,61.0,15.0,5.0,Arsenal,2022
54,2021-12-15,20:00,Matchweek 17,Home,W,2,0,West Ham,2.8,0.4,55.0,20.0,7.0,Arsenal,2022
55,2021-12-18,17:30,Matchweek 18,Away,W,4,1,Leeds United,3.5,1.6,49.0,21.0,12.0,Arsenal,2022
56,2021-12-26,15:00,Matchweek 19,Away,W,5,0,Norwich City,2.5,0.1,64.0,15.0,5.0,Arsenal,2022
57,2022-01-01,12:30,Matchweek 21,Home,L,1,2,Manchester City,0.8,2.0,29.0,7.0,2.0,Arsenal,2022
58,2022-01-23,14:00,Matchweek 23,Home,D,0,0,Burnley,1.2,0.4,75.0,20.0,5.0,Arsenal,2022
59,2022-02-10,19:45,Matchweek 24,Away,W,1,0,Wolverhampton Wanderers,1.8,0.8,42.0,12.0,2.0,Arsenal,2022
60,2022-02-19,15:00,Matchweek 26,Home,W,2,1,Brentford,1.7,0.6,66.0,24.0,7.0,Arsenal,2022
61,2022-02-24,19:45,Matchweek 20,Home,W,2,1,Wolverhampton Wanderers,3.1,1.0,56.0,26.0,5.0,Arsenal,2022
62,2022-03-06,14:00,Matchweek 28,Away,W,3,2,Watford,1.0,1.0,56.0,16.0,4.0,Arsenal,2022
63,2022-03-13,16:30,Matchweek 29,Home,W,2,0,Leicester City,2.4,0.4,46.0,20.0,6.0,Arsenal,2022
64,2022-03-16,20:15,Matchweek 27,Home,L,0,2,Liverpool,0.5,0.8,49.0,9.0,2.0,Arsenal,2022
65,2022-03-19,12:30,Matchweek 30,Away,W,1,0,Aston Villa,1.3,0.5,53.0,10.0,3.0,Arsenal,2022
66,2022-04-04,20:00,Matchweek 31,Away,L,0,3,Crystal Palace,0.8,1.5,68.0,12.0,3.0,Arsenal,2022
67,2022-04-09,15:00,Matchweek 32,Home,L,1,2,Brighton,1.9,0.6,64.0,20.0,4.0,Arsenal,2022
68,2022-04-16,15:00,Matchweek 33,Away,L,0,1,Southampton,1.7,0.8,75.0,23.0,6.0,Arsenal,2022
69,2022-04-20,19:45,Matchweek 25,Away,W,4,2,Chelsea,2.0,0.7,33.0,13.0,3.0,Arsenal,2022
70,2022-04-23,12:30,Matchweek 34,Home,W,3,1,Manchester United,2.3,1.8,54.0,13.0,6.0,Arsenal,2022
71,2022-05-01,16:30,Matchweek 35,Away,W,2,1,West Ham,0.9,0.5,43.0,13.0,7.0,Arsenal,2022
72,2022-05-08,14:00,Matchweek 36,Home,W,2,1,Leeds United,2.0,0.3,64.0,19.0,9.0,Arsenal,2022
73,2022-05-12,19:45,Matchweek 22,Away,L,0,3,Tottenham Hotspur,0.5,2.7,43.0,9.0,5.0,Arsenal,2022
74,2022-05-16,20:00,Matchweek 37,Away,L,0,2,Newcastle United,0.6,1.6,49.0,11.0,2.0,Arsenal,2022
75,2022-05-22,16:00,Matchweek 38,Home,W,5,1,Everton,4.2,1.1,73.0,25.0,8.0,Arsenal,2022
76,2022-08-05,20:00,Matchweek 1,Away,W,2,0,Crystal Palace,1.0,1.2,44.0,10.0,2.0,Arsenal,2023
77,2022-08-13,15:00,Matchweek 2,Home,W,4,2,Leicester City,2.7,0.5,50.0,19.0,7.0,Arsenal,2023
78,2022-08-20,17:30,Matchweek 3,Away,W,3,0,Bournemouth,1.3,0.3,57.0,14.0,6.0,Arsenal,2023
79,2022-08-27,17:30,Matchweek 4,Home,W,2,1,Fulham,2.6,0.8,71.0,22.0,8.0,Arsenal,2023
80,2022-08-31,19:30,Matchweek 5,Home,W,2,1,Aston Villa,2.4,0.4,59.0,22.0,8.0,Arsenal,2023
81,2022-09-04,16:30,Matchweek 6,Away,L,1,3,Manchester United,1.3,1.5,60.0,16.0,3.0,Arsenal,2023
82,2022-09-18,12:00,Matchweek 8,Away,W,3,0,Brentford,1.5,0.5,63.0,13.0,7.0,Arsenal,2023
83,2022-10-01,12:30,Matchweek 9,Home,W,3,1,Tottenham Hotspur,2.4,1.6,64.0,22.0,9.0,Arsenal,2023
84,2022-10-09,16:30,Matchweek 10,Home,W,3,2,Liverpool,2.7,1.1,43.0,10.0,6.0,Arsenal,2023
85,2022-10-16,14:00,Matchweek 11,Away,W,1,0,Leeds United,0.5,1.8,53.0,9.0,4.0,Arsenal,2023
86,2022-10-23,14:00,Matchweek 13,Away,D,1,1,Southampton,1.0,0.7,59.0,12.0,3.0,Arsenal,2023
87,2022-10-30,14:00,Matchweek 14,Home,W,5,0,Nottingham Forest,2.3,0.4,69.0,24.0,9.0,Arsenal,2023
88,2022-11-06,12:00,Matchweek 15,Away,W,1,0,Chelsea,2.1,0.3,55.0,14.0,2.0,Arsenal,2023
89,2022-11-12,19:45,Matchweek 16,Away,W,2,0,Wolverhampton Wanderers,2.1,0.7,62.0,14.0,3.0,Arsenal,2023
90,2022-12-26,20:00,Matchweek 17,Home,W,3,1,West Ham,2.1,1.0,66.0,16.0,5.0,Arsenal,2023
91,2022-12-31,17:30,Matchweek 18,Away,W,4,2,Brighton,2.9,1.2,32.0,14.0,7.0,Arsenal,2023
92,2023-01-03,19:45,Matchweek 19,Home,D,0,0,Newcastle United,1.1,1.0,66.0,17.0,4.0,Arsenal,2023
93,2023-01-15,16:30,Matchweek 20,Away,W,2,0,Tottenham Hotspur,1.8,1.6,49.0,14.0,5.0,Arsenal,2023
94,2023-01-22,16:30,Matchweek 21,Home,W,3,2,Manchester United,3.1,0.4,57.0,25.0,5.0,Arsenal,2023
95,2023-02-04,12:30,Matchweek 22,Away,L,0,1,Everton,0.9,1.7,70.0,15.0,2.0,Arsenal,2023
96,2023-02-11,15:00,Matchweek 23,Home,D,1,1,Brentford,1.6,2.0,69.0,23.0,7.0,Arsenal,2023
97,2023-02-15,19:30,Matchweek 12,Home,L,1,3,Manchester City,1.6,1.8,63.0,9.0,0.0,Arsenal,2023
98,2023-02-18,12:30,Matchweek 24,Away,W,4,2,Aston Villa,3.2,0.5,67.0,20.0,5.0,Arsenal,2023
99,2023-02-25,15:00,Matchweek 25,Away,W,1,0,Leicester City,0.7,0.0,65.0,10.0,2.0,Arsenal,2023
100,2023-03-01,19:45,Matchweek 7,Home,W,4,0,Everton,2.4,1.2,73.0,15.0,5.0,Arsenal,2023
101,2023-03-04,15:00,Matchweek 26,Home,W,3,2,Bournemouth,2.1,1.3,79.0,31.0,9.0,Arsenal,2023
102,2023-03-12,14:00,Matchweek 27,Away,W,3,0,Fulham,2.3,0.8,55.0,15.0,7.0,Arsenal,2023
103,2023-03-19,14:00,Matchweek 28,Home,W,4,1,Crystal Palace,1.6,0.8,62.0,15.0,5.0,Arsenal,2023
104,2023-04-01,15:00,Matchweek 29,Home,W,4,1,Leeds United,3.8,0.7,66.0,12.0,4.0,Arsenal,2023
105,2023-04-09,16:30,Matchweek 30,Away,D,2,2,Liverpool,1.4,3.9,41.0,9.0,5.0,Arsenal,2023
106,2023-04-16,14:00,Matchweek 31,Away,D,2,2,West Ham,2.7,1.8,70.0,10.0,5.0,Arsenal,2023
107,2023-04-21,20:00,Matchweek 32,Home,D,3,3,Southampton,2.4,1.3,74.0,25.0,5.0,Arsenal,2023
108,2023-04-26,20:00,Matchweek 33,Away,L,1,4,Manchester City,0.5,2.5,48.0,8.0,2.0,Arsenal,2023
109,2023-05-02,20:00,Matchweek 34,Home,W,3,1,Chelsea,1.7,0.8,55.0,16.0,9.0,Arsenal,2023
110,2023-05-07,16:30,Matchweek 35,Away,W,2,0,Newcastle United,1.3,1.3,45.0,10.0,6.0,Arsenal,2023
111,2023-05-14,16:30,Matchweek 36,Home,L,0,3,Brighton,0.9,1.7,41.0,14.0,2.0,Arsenal,2023
112,2023-05-20,17:30,Matchweek 37,Away,L,0,1,Nottingham Forest,0.6,0.6,81.0,11.0,3.0,Arsenal,2023
113,2023-05-28,16:30,Matchweek 38,Home,W,5,0,Wolverhampton Wanderers,2.8,0.5,51.0,14.0,8.0,Arsenal,2023
114,2023-08-12,12:30,Matchweek 1,Home,W,2,1,Nottingham Forest,0.8,1.2,78.0,15.0,7.0,Arsenal,2024
115,2023-08-21,20:00,Matchweek 2,Away,W,1,0,Crystal Palace,2.0,1.0,53.0,13.0,2.0,Arsenal,2024
116,2023-08-26,15:00,Matchweek 3,Home,D,2,2,Fulham,3.2,0.6,71.0,18.0,9.0,Arsenal,2024
117,2023-09-03,16:30,Matchweek 4,Home,W,3,1,Manchester United,2.3,0.9,55.0,17.0,5.0,Arsenal,2024
118,2023-09-17,16:30,Matchweek 5,Away,W,1,0,Everton,1.0,0.3,74.0,13.0,4.0,Arsenal,2024
119,2023-09-24,14:00,Matchweek 6,Home,D,2,2,Tottenham Hotspur,1.8,1.4,47.0,12.0,4.0,Arsenal,2024
120,2023-09-30,15:00,Matchweek 7,Away,W,4,0,Bournemouth,3.4,0.6,57.0,13.0,6.0,Arsenal,2024
121,2023-10-08,16:30,Matchweek 8,Home,W,1,0,Manchester City,0.4,0.5,49.0,12.0,2.0,Arsenal,2024
122,2023-10-21,17:30,Matchweek 9,Away,D,2,2,Chelsea,1.0,1.3,56.0,13.0,3.0,Arsenal,2024
123,2023-10-28,15:00,Matchweek 10,Home,W,5,0,Sheffield United,2.8,0.0,67.0,12.0,6.0,Arsenal,2024
124,2023-11-04,17:30,Matchweek 11,Away,L,0,1,Newcastle United,0.6,1.0,58.0,14.0,1.0,Arsenal,2024
125,2023-11-11,15:00,Matchweek 12,Home,W,3,1,Burnley,1.8,0.3,63.0,16.0,6.0,Arsenal,2024
126,2023-11-25,17:30,Matchweek 13,Away,W,1,0,Brentford,1.6,1.1,63.0,15.0,4.0,Arsenal,2024
127,2023-12-02,15:00,Matchweek 14,Home,W,2,1,Wolverhampton Wanderers,2.8,0.7,57.0,19.0,6.0,Arsenal,2024
128,2023-12-05,20:15,Matchweek 15,Away,W,4,3,Luton Town,2.2,0.5,66.0,23.0,9.0,Arsenal,2024
129,2023-12-09,17:30,Matchweek 16,Away,L,0,1,Aston Villa,1.4,0.6,61.0,12.0,3.0,Arsenal,2024
130,2023-12-17,14:00,Matchweek 17,Home,W,2,0,Brighton,2.3,0.7,49.0,26.0,8.0,Arsenal,2024
131,2023-12-23,17:30,Matchweek 18,Away,D,1,1,Liverpool,0.7,1.0,48.0,13.0,2.0,Arsenal,2024
132,2023-12-28,20:15,Matchweek 19,Home,L,0,2,West Ham,2.7,1.4,73.0,30.0,8.0,Arsenal,2024
133,2023-12-31,14:00,Matchweek 20,Away,L,1,2,Fulham,1.6,1.2,60.0,13.0,3.0,Arsenal,2024
134,2024-01-20,12:30,Matchweek 21,Home,W,5,0,Crystal Palace,3.3,0.3,60.0,21.0,7.0,Arsenal,2024
135,2024-01-30,19:30,Matchweek 22,Away,W,2,1,Nottingham Forest,1.2,0.5,73.0,19.0,3.0,Arsenal,2024
136,2024-02-04,16:30,Matchweek 23,Home,W,3,1,Liverpool,3.5,0.4,43.0,15.0,7.0,Arsenal,2024
137,2024-02-11,14:00,Matchweek 24,Away,W,6,0,West Ham,3.6,0.2,70.0,24.0,11.0,Arsenal,2024
138,2024-02-17,15:00,Matchweek 25,Away,W,5,0,Burnley,2.3,0.3,64.0,15.0,6.0,Arsenal,2024
139,2024-02-24,20:00,Matchweek 26,Home,W,4,1,Newcastle United,2.8,0.2,55.0,18.0,7.0,Arsenal,2024
140,2024-03-04,20:00,Matchweek 27,Away,W,6,0,Sheffield United,2.3,0.2,80.0,22.0,9.0,Arsenal,2024
141,2024-03-09,17:30,Matchweek 28,Home,W,2,1,Brentford,1.3,1.0,71.0,17.0,5.0,Arsenal,2024
142,2024-03-31,16:30,Matchweek 30,Away,D,0,0,Manchester City,0.7,1.0,28.0,6.0,2.0,Arsenal,2024
143,2024-04-03,19:30,Matchweek 31,Home,W,2,0,Luton Town,0.7,0.3,58.0,13.0,4.0,Arsenal,2024
144,2024-04-06,17:30,Matchweek 32,Away,W,3,0,Brighton,3.4,0.5,46.0,19.0,6.0,Arsenal,2024
145,2024-04-14,16:30,Matchweek 33,Home,L,0,2,Aston Villa,1.6,0.9,52.0,18.0,4.0,Arsenal,2024
146,2024-04-20,19:30,Matchweek 34,Away,W,2,0,Wolverhampton Wanderers,1.2,0.2,54.0,24.0,9.0,Arsenal,2024
147,2024-04-23,20:00,Matchweek 29,Home,W,5,0,Chelsea,3.3,1.6,45.0,27.0,10.0,Arsenal,2024
148,2024-04-28,14:00,Matchweek 35,Away,W,3,2,Tottenham Hotspur,1.0,2.3,38.0,9.0,3.0,Arsenal,2024
149,2024-05-04,12:30,Matchweek 36,Home,W,3,0,Bournemouth,3.3,0.5,55.0,24.0,8.0,Arsenal,2024
150,2024-05-12,16:30,Matchweek 37,Away,W,1,0,Manchester United,1.5,0.5,46.0,11.0,5.0,Arsenal,2024
151,2024-05-19,16:00,Matchweek 38,Home,W,2,1,Everton,2.9,0.6,68.0,26.0,5.0,Arsenal,2024
152,2024-08-17,15:00,Matchweek 1,Home,W,2,0,Wolverhampton Wanderers,1.2,0.5,53.0,18.0,6.0,Arsenal,2025
153,2024-08-24,17:30,Matchweek 2,Away,W,2,0,Aston Villa,0.9,1.2,60.0,9.0,4.0,Arsenal,2025
154,2024-08-31,12:30,Matchweek 3,Home,D,1,1,Brighton,2.1,1.7,36.0,11.0,7.0,Arsenal,2025
155,2024-09-15,14:00,Matchweek 4,Away,W,1,0,Tottenham Hotspur,0.7,0.7,37.0,7.0,4.0,Arsenal,2025
156,2024-09-22,16:30,Matchweek 5,Away,D,2,2,Manchester City,0.7,2.1,23.0,5.0,3.0,Arsenal,2025
157,2024-09-28,15:00,Matchweek 6,Home,W,4,2,Leicester City,4.4,0.3,74.0,35.0,16.0,Arsenal,2025
158,2024-10-05,15:00,Matchweek 7,Home,W,3,1,Southampton,2.8,0.6,59.0,29.0,6.0,Arsenal,2025
159,2024-10-19,17:30,Matchweek 8,Away,L,0,2,Bournemouth,0.7,1.8,51.0,6.0,1.0,Arsenal,2025
160,2024-10-27,16:30,Matchweek 9,Home,D,2,2,Liverpool,0.9,0.8,45.0,9.0,3.0,Arsenal,2025
161,2024-11-02,12:30,Matchweek 10,Away,L,0,1,Newcastle United,1.1,0.5,63.0,10.0,0.0,Arsenal,2025
162,2024-11-10,16:30,Matchweek 11,Away,D,1,1,Chelsea,1.5,1.5,51.0,13.0,3.0,Arsenal,2025
163,2024-11-23,15:00,Matchweek 12,Home,W,3,0,Nottingham Forest,1.2,0.3,66.0,19.0,6.0,Arsenal,2025
164,2024-11-30,17:30,Matchweek 13,Away,W,5,2,West Ham,3.5,1.5,60.0,14.0,5.0,Arsenal,2025
165,2024-12-04,20:15,Matchweek 14,Home,W,2,0,Manchester United,2.1,0.2,51.0,14.0,6.0,Arsenal,2025
166,2024-12-08,14:00,Matchweek 15,Away,D,1,1,Fulham,1.8,0.2,66.0,12.0,4.0,Arsenal,2025
167,2024-12-14,15:00,Matchweek 16,Home,D,0,0,Everton,1.2,0.1,76.0,13.0,5.0,Arsenal,2025
168,2024-12-21,17:30,Matchweek 17,Away,W,5,1,Crystal Palace,2.5,1.6,58.0,14.0,6.0,Arsenal,2025
169,2024-12-27,20:15,Matchweek 18,Home,W,1,0,Ipswich Town,1.8,0.2,68.0,13.0,5.0,Arsenal,2025
170,2025-01-01,17:30,Matchweek 19,Away,W,3,1,Brentford,1.9,0.3,50.0,14.0,4.0,Arsenal,2025
171,2025-01-04,17:30,Matchweek 20,Away,D,1,1,Brighton,0.9,1.5,55.0,9.0,3.0,Arsenal,2025
172,2025-01-15,20:00,Matchweek 21,Home,W,2,1,Tottenham Hotspur,1.4,0.8,53.0,14.0,4.0,Arsenal,2025
173,2025-01-18,17:30,Matchweek 22,Home,D,2,2,Aston Villa,1.3,1.0,66.0,18.0,6.0,Arsenal,2025
174,2025-01-25,15:00,Matchweek 23,Away,W,1,0,Wolverhampton Wanderers,1.0,0.7,49.0,9.0,3.0,Arsenal,2025
175,2025-02-02,16:30,Matchweek 24,Home,W,5,1,Manchester City,1.0,0.8,46.0,12.0,7.0,Arsenal,2025
176,2025-02-15,12:30,Matchweek 25,Away,W,2,0,Leicester City,1.4,0.2,60.0,11.0,5.0,Arsenal,2025
177,2025-02-22,15:00,Matchweek 26,Home,L,0,1,West Ham,1.2,1.1,68.0,20.0,2.0,Arsenal,2025
178,2025-02-26,19:30,Matchweek 27,Away,D,0,0,Nottingham Forest,1.0,0.4,64.0,13.0,1.0,Arsenal,2025
179,2025-03-09,16:30,Matchweek 28,Away,D,1,1,Manchester United,1.6,1.5,68.0,17.0,6.0,Arsenal,2025
180,2025-03-16,13:30,Matchweek 29,Home,W,1,0,Chelsea,0.7,0.4,42.0,12.0,4.0,Arsenal,2025
181,2025-04-01,19:45,Matchweek 30,Home,W,2,1,Fulham,2.2,1.0,51.0,17.0,4.0,Arsenal,2025
182,2025-04-05,12:30,Matchweek 31,Away,D,1,1,Everton,1.8,1.1,69.0,14.0,4.0,Arsenal,2025
183,2025-04-12,17:30,Matchweek 32,Home,D,1,1,Brentford,1.0,0.2,63.0,14.0,3.0,Arsenal,2025
184,2025-04-20,14:00,Matchweek 33,Away,W,4,0,Ipswich Town,2.4,0.2,75.0,24.0,7.0,Arsenal,2025
185,2025-04-23,20:00,Matchweek 34,Home,D,2,2,Crystal Palace,1.2,1.7,67.0,12.0,4.0,Arsenal,2025
186,2025-05-03,17:30,Matchweek 35,Home,L,1,2,Bournemouth,1.4,0.9,51.0,13.0,4.0,Arsenal,2025
187,2025-05-11,16:30,Matchweek 36,Away,D,2,2,Liverpool,2.6,2.4,55.0,15.0,6.0,Arsenal,2025
188,2025-05-18,16:30,Matchweek 37,Home,W,1,0,Newcastle United,0.6,1.5,51.0,12.0,4.0,Arsenal,2025
189,2025-05-25,16:00,Matchweek 38,Away,W,2,1,Southampton,2.3,0.6,62.0,23.0,7.0,Arsenal,2025
190,2020-09-21,18:00,Matchweek 2,Home,W,1,0,Sheffield United,1.0,0.9,71.0,18.0,2.0,Aston Villa,2021
191,2020-09-28,17:45,Matchweek 3,Away,W,3,0,Fulham,1.4,0.7,36.0,12.0,5.0,Aston Villa,2021
192,2020-10-04,19:15,Matchweek 4,Home,W,7,2,Liverpool,2.7,1.8,31.0,18.0,11.0,Aston Villa,2021
193,2020-10-18,19:15,Matchweek 5,Away,W,1,0,Leicester City,0.7,0.6,50.0,10.0,4.0,Aston Villa,2021
194,2020-10-23,20:00,Matchweek 6,Home,L,0,3,Leeds United,1.4,2.7,41.0,12.0,3.0,Aston Villa,2021
195,2020-11-01,12:00,Matchweek 7,Home,L,3,4,Southampton,1.9,0.7,56.0,18.0,9.0,Aston Villa,2021
196,2020-11-08,19:15,Matchweek 8,Away,W,3,0,Arsenal,1.8,1.5,41.0,15.0,5.0,Aston Villa,2021
197,2020-11-21,15:00,Matchweek 9,Home,L,1,2,Brighton,1.5,1.4,56.0,15.0,4.0,Aston Villa,2021
198,2020-11-30,20:00,Matchweek 10,Away,L,1,2,West Ham,2.5,0.4,66.0,15.0,6.0,Aston Villa,2021
199,2020-12-12,12:30,Matchweek 12,Away,W,1,0,Wolverhampton Wanderers,1.4,1.1,50.0,12.0,1.0,Aston Villa,2021
200,2020-12-17,18:00,Matchweek 13,Home,D,0,0,Burnley,1.5,0.3,59.0,27.0,6.0,Aston Villa,2021
201,2020-12-20,19:15,Matchweek 14,Away,W,3,0,West Brom,2.4,0.0,67.0,18.0,9.0,Aston Villa,2021
202,2020-12-26,15:00,Matchweek 15,Home,W,3,0,Crystal Palace,3.9,0.9,39.0,20.0,9.0,Aston Villa,2021
203,2020-12-28,17:30,Matchweek 16,Away,D,1,1,Chelsea,0.7,1.7,37.0,10.0,2.0,Aston Villa,2021
204,2021-01-01,20:00,Matchweek 17,Away,L,1,2,Manchester United,1.4,2.1,52.0,15.0,5.0,Aston Villa,2021
205,2021-01-20,18:00,Matchweek 1,Away,L,0,2,Manchester City,0.6,3.4,31.0,11.0,4.0,Aston Villa,2021
206,2021-01-23,20:00,Matchweek 11,Home,W,2,0,Newcastle United,2.3,0.5,58.0,14.0,5.0,Aston Villa,2021
207,2021-01-27,18:00,Matchweek 20,Away,L,2,3,Burnley,2.2,0.5,61.0,18.0,10.0,Aston Villa,2021
208,2021-01-30,20:00,Matchweek 21,Away,W,1,0,Southampton,0.6,1.9,41.0,8.0,4.0,Aston Villa,2021
209,2021-02-03,20:15,Matchweek 22,Home,L,1,3,West Ham,0.7,1.7,56.0,9.0,2.0,Aston Villa,2021
210,2021-02-06,12:30,Matchweek 23,Home,W,1,0,Arsenal,1.2,0.8,35.0,12.0,8.0,Aston Villa,2021
211,2021-02-13,20:00,Matchweek 24,Away,D,0,0,Brighton,0.1,2.2,42.0,4.0,1.0,Aston Villa,2021
212,2021-02-21,14:05,Matchweek 25,Home,L,1,2,Leicester City,1.4,1.1,51.0,11.0,2.0,Aston Villa,2021
213,2021-02-27,17:30,Matchweek 26,Away,W,1,0,Leeds United,0.7,0.9,31.0,9.0,4.0,Aston Villa,2021
214,2021-03-03,18:00,Matchweek 29,Away,L,0,1,Sheffield United,2.3,0.9,72.0,16.0,4.0,Aston Villa,2021
215,2021-03-06,17:30,Matchweek 27,Home,D,0,0,Wolverhampton Wanderers,0.6,1.6,49.0,9.0,1.0,Aston Villa,2021
216,2021-03-12,20:00,Matchweek 28,Away,D,1,1,Newcastle United,0.9,1.5,51.0,15.0,6.0,Aston Villa,2021
217,2021-03-21,19:30,Matchweek 18,Home,L,0,2,Tottenham Hotspur,0.4,1.8,50.0,8.0,1.0,Aston Villa,2021
218,2021-04-04,16:30,Matchweek 30,Home,W,3,1,Fulham,1.5,1.0,53.0,14.0,4.0,Aston Villa,2021
219,2021-04-10,15:00,Matchweek 31,Away,L,1,2,Liverpool,0.5,2.3,35.0,9.0,5.0,Aston Villa,2021
220,2021-04-21,20:15,Matchweek 32,Home,L,1,2,Manchester City,0.7,1.2,28.0,8.0,3.0,Aston Villa,2021
221,2021-04-25,19:00,Matchweek 33,Home,D,2,2,West Brom,3.2,1.5,70.0,23.0,10.0,Aston Villa,2021
222,2021-05-01,20:00,Matchweek 34,Away,W,2,1,Everton,1.6,1.0,53.0,13.0,5.0,Aston Villa,2021
223,2021-05-09,14:05,Matchweek 35,Home,L,1,3,Manchester United,0.5,1.7,41.0,11.0,5.0,Aston Villa,2021
224,2021-05-13,18:00,Matchweek 19,Home,D,0,0,Everton,0.6,1.0,58.0,13.0,2.0,Aston Villa,2021
225,2021-05-16,12:00,Matchweek 36,Away,L,2,3,Crystal Palace,1.4,1.9,55.0,19.0,5.0,Aston Villa,2021
226,2021-05-19,18:00,Matchweek 37,Away,W,2,1,Tottenham Hotspur,1.4,0.8,40.0,20.0,4.0,Aston Villa,2021
227,2021-05-23,16:00,Matchweek 38,Home,W,2,1,Chelsea,1.1,3.3,29.0,5.0,2.0,Aston Villa,2021
228,2021-08-14,15:00,Matchweek 1,Away,L,2,3,Watford,1.2,1.2,62.0,10.0,1.0,Aston Villa,2022
229,2021-08-21,15:00,Matchweek 2,Home,W,2,0,Newcastle United,1.2,0.7,47.0,9.0,1.0,Aston Villa,2022
230,2021-08-28,15:00,Matchweek 3,Home,D,1,1,Brentford,0.7,0.9,46.0,7.0,5.0,Aston Villa,2022
231,2021-09-11,17:30,Matchweek 4,Away,L,0,3,Chelsea,1.2,1.3,43.0,18.0,6.0,Aston Villa,2022
232,2021-09-18,17:30,Matchweek 5,Home,W,3,0,Everton,0.8,0.7,55.0,15.0,3.0,Aston Villa,2022
233,2021-09-25,12:30,Matchweek 6,Away,W,1,0,Manchester United,1.0,2.2,41.0,7.0,3.0,Aston Villa,2022
234,2021-10-03,14:00,Matchweek 7,Away,L,1,2,Tottenham Hotspur,1.2,1.3,44.0,14.0,3.0,Aston Villa,2022
235,2021-10-16,15:00,Matchweek 8,Home,L,2,3,Wolverhampton Wanderers,1.0,2.0,48.0,14.0,5.0,Aston Villa,2022
236,2021-10-22,20:00,Matchweek 9,Away,L,1,3,Arsenal,1.4,2.7,47.0,10.0,4.0,Aston Villa,2022
237,2021-10-31,16:30,Matchweek 10,Home,L,1,4,West Ham,0.7,2.3,43.0,9.0,3.0,Aston Villa,2022
238,2021-11-05,20:00,Matchweek 11,Away,L,0,1,Southampton,0.6,0.6,44.0,14.0,3.0,Aston Villa,2022
239,2021-11-20,15:00,Matchweek 12,Home,W,2,0,Brighton,0.7,0.4,38.0,9.0,5.0,Aston Villa,2022
240,2021-11-27,15:00,Matchweek 13,Away,W,2,1,Crystal Palace,0.5,1.0,36.0,10.0,3.0,Aston Villa,2022
241,2021-12-01,20:15,Matchweek 14,Home,L,1,2,Manchester City,0.8,1.0,36.0,9.0,3.0,Aston Villa,2022
242,2021-12-05,16:30,Matchweek 15,Home,W,2,1,Leicester City,2.1,1.1,41.0,13.0,4.0,Aston Villa,2022
243,2021-12-11,15:00,Matchweek 16,Away,L,0,1,Liverpool,0.2,2.2,38.0,4.0,0.0,Aston Villa,2022
244,2021-12-14,19:45,Matchweek 17,Away,W,2,0,Norwich City,2.0,0.5,50.0,17.0,6.0,Aston Villa,2022
245,2021-12-26,17:30,Matchweek 19,Home,L,1,3,Chelsea,0.4,2.6,42.0,8.0,1.0,Aston Villa,2022
246,2022-01-02,14:00,Matchweek 21,Away,L,1,2,Brentford,0.8,0.6,55.0,16.0,5.0,Aston Villa,2022
247,2022-01-15,17:30,Matchweek 22,Home,D,2,2,Manchester United,1.9,1.0,54.0,13.0,9.0,Aston Villa,2022
248,2022-01-22,12:30,Matchweek 23,Away,W,1,0,Everton,0.8,1.6,50.0,8.0,3.0,Aston Villa,2022
249,2022-02-09,20:00,Matchweek 24,Home,D,3,3,Leeds United,1.6,1.8,40.0,12.0,4.0,Aston Villa,2022
250,2022-02-13,14:00,Matchweek 25,Away,L,0,1,Newcastle United,0.6,0.5,62.0,11.0,1.0,Aston Villa,2022
251,2022-02-19,15:00,Matchweek 26,Home,L,0,1,Watford,1.3,1.2,59.0,20.0,1.0,Aston Villa,2022
252,2022-02-26,15:00,Matchweek 27,Away,W,2,0,Brighton,1.0,0.7,34.0,9.0,4.0,Aston Villa,2022
253,2022-03-05,15:00,Matchweek 28,Home,W,4,0,Southampton,2.5,1.1,38.0,14.0,9.0,Aston Villa,2022
254,2022-03-10,19:45,Matchweek 20,Away,W,3,0,Leeds United,1.5,0.2,49.0,15.0,9.0,Aston Villa,2022
255,2022-03-13,14:00,Matchweek 29,Away,L,1,2,West Ham,1.1,1.2,53.0,13.0,7.0,Aston Villa,2022
256,2022-03-19,12:30,Matchweek 30,Home,L,0,1,Arsenal,0.5,1.3,47.0,8.0,1.0,Aston Villa,2022
257,2022-04-02,15:00,Matchweek 31,Away,L,1,2,Wolverhampton Wanderers,2.1,1.3,51.0,14.0,4.0,Aston Villa,2022
258,2022-04-09,17:30,Matchweek 32,Home,L,0,4,Tottenham Hotspur,1.6,1.1,52.0,19.0,8.0,Aston Villa,2022
259,2022-04-23,15:00,Matchweek 34,Away,D,0,0,Leicester City,0.9,0.3,36.0,11.0,3.0,Aston Villa,2022
260,2022-04-30,15:00,Matchweek 35,Home,W,2,0,Norwich City,1.8,0.5,45.0,21.0,6.0,Aston Villa,2022
261,2022-05-07,15:00,Matchweek 36,Away,W,3,1,Burnley,2.1,1.9,51.0,12.0,7.0,Aston Villa,2022
262,2022-05-10,20:00,Matchweek 33,Home,L,1,2,Liverpool,1.4,1.8,40.0,9.0,4.0,Aston Villa,2022
263,2022-05-15,14:00,Matchweek 37,Home,D,1,1,Crystal Palace,1.0,1.4,49.0,13.0,4.0,Aston Villa,2022
264,2022-05-19,20:00,Matchweek 18,Home,D,1,1,Burnley,1.5,1.6,71.0,22.0,9.0,Aston Villa,2022
265,2022-05-22,16:00,Matchweek 38,Away,L,2,3,Manchester City,0.2,3.4,29.0,4.0,2.0,Aston Villa,2022
266,2022-08-06,15:00,Matchweek 1,Away,L,0,2,Bournemouth,0.7,0.6,65.0,15.0,2.0,Aston Villa,2023
267,2022-08-13,12:30,Matchweek 2,Home,W,2,1,Everton,2.3,1.6,57.0,12.0,3.0,Aston Villa,2023
268,2022-08-20,15:00,Matchweek 3,Away,L,1,3,Crystal Palace,0.9,2.6,49.0,13.0,5.0,Aston Villa,2023
269,2022-08-28,14:00,Matchweek 4,Home,L,0,1,West Ham,0.5,0.6,58.0,9.0,3.0,Aston Villa,2023
270,2022-08-31,19:30,Matchweek 5,Away,L,1,2,Arsenal,0.4,2.4,41.0,4.0,3.0,Aston Villa,2023
271,2022-09-03,17:30,Matchweek 6,Home,D,1,1,Manchester City,0.3,2.1,29.0,3.0,1.0,Aston Villa,2023
272,2022-09-16,20:00,Matchweek 8,Home,W,1,0,Southampton,1.5,0.3,53.0,11.0,3.0,Aston Villa,2023
273,2022-10-02,16:30,Matchweek 9,Away,D,0,0,Leeds United,2.2,0.4,56.0,19.0,6.0,Aston Villa,2023
274,2022-10-10,20:00,Matchweek 10,Away,D,1,1,Nottingham Forest,0.7,0.3,60.0,12.0,2.0,Aston Villa,2023
275,2022-10-16,14:00,Matchweek 11,Home,L,0,2,Chelsea,1.8,0.9,42.0,18.0,7.0,Aston Villa,2023
276,2022-10-20,19:30,Matchweek 12,Away,L,0,3,Fulham,1.2,2.1,40.0,12.0,6.0,Aston Villa,2023
277,2022-10-23,14:00,Matchweek 13,Home,W,4,0,Brentford,2.8,0.9,45.0,18.0,10.0,Aston Villa,2023
278,2022-10-29,15:00,Matchweek 14,Away,L,0,4,Newcastle United,0.4,3.4,41.0,3.0,0.0,Aston Villa,2023
279,2022-11-06,14:00,Matchweek 15,Home,W,3,1,Manchester United,0.6,0.5,42.0,6.0,4.0,Aston Villa,2023
280,2022-11-13,14:00,Matchweek 16,Away,W,2,1,Brighton,1.5,0.6,35.0,7.0,1.0,Aston Villa,2023
281,2022-12-26,17:30,Matchweek 17,Home,L,1,3,Liverpool,1.4,2.7,48.0,12.0,6.0,Aston Villa,2023
282,2023-01-01,14:00,Matchweek 18,Away,W,2,0,Tottenham Hotspur,1.0,0.7,41.0,13.0,4.0,Aston Villa,2023
283,2023-01-04,20:00,Matchweek 19,Home,D,1,1,Wolverhampton Wanderers,1.8,0.9,56.0,13.0,3.0,Aston Villa,2023
284,2023-01-13,20:00,Matchweek 20,Home,W,2,1,Leeds United,1.2,2.4,52.0,11.0,5.0,Aston Villa,2023
285,2023-01-21,15:00,Matchweek 21,Away,W,1,0,Southampton,1.4,0.6,63.0,16.0,5.0,Aston Villa,2023
286,2023-02-04,15:00,Matchweek 22,Home,L,2,4,Leicester City,1.7,2.6,62.0,19.0,4.0,Aston Villa,2023
287,2023-02-12,16:30,Matchweek 23,Away,L,1,3,Manchester City,0.3,3.3,33.0,6.0,2.0,Aston Villa,2023
288,2023-02-18,12:30,Matchweek 24,Home,L,2,4,Arsenal,0.5,3.2,33.0,7.0,5.0,Aston Villa,2023
289,2023-02-25,15:00,Matchweek 25,Away,W,2,0,Everton,1.9,1.6,53.0,8.0,4.0,Aston Villa,2023
290,2023-03-04,15:00,Matchweek 26,Home,W,1,0,Crystal Palace,1.2,0.2,58.0,8.0,1.0,Aston Villa,2023
291,2023-03-12,14:00,Matchweek 27,Away,D,1,1,West Ham,1.5,2.1,59.0,12.0,4.0,Aston Villa,2023
292,2023-03-18,15:00,Matchweek 28,Home,W,3,0,Bournemouth,3.5,1.3,56.0,20.0,9.0,Aston Villa,2023
293,2023-04-01,17:30,Matchweek 29,Away,W,2,0,Chelsea,0.9,2.1,31.0,5.0,2.0,Aston Villa,2023
294,2023-04-04,19:45,Matchweek 7,Away,W,2,1,Leicester City,1.0,0.5,64.0,15.0,5.0,Aston Villa,2023
295,2023-04-08,15:00,Matchweek 30,Home,W,2,0,Nottingham Forest,1.3,0.2,63.0,8.0,3.0,Aston Villa,2023
296,2023-04-15,12:30,Matchweek 31,Home,W,3,0,Newcastle United,1.9,0.5,52.0,16.0,6.0,Aston Villa,2023
297,2023-04-22,15:00,Matchweek 32,Away,D,1,1,Brentford,1.5,2.7,56.0,14.0,2.0,Aston Villa,2023
298,2023-04-25,19:45,Matchweek 33,Home,W,1,0,Fulham,1.0,0.1,51.0,14.0,3.0,Aston Villa,2023
299,2023-04-30,14:00,Matchweek 34,Away,L,0,1,Manchester United,0.6,1.2,43.0,7.0,1.0,Aston Villa,2023
300,2023-05-06,15:00,Matchweek 35,Away,L,0,1,Wolverhampton Wanderers,1.5,0.8,62.0,16.0,3.0,Aston Villa,2023
301,2023-05-13,15:00,Matchweek 36,Home,W,2,1,Tottenham Hotspur,1.2,1.4,48.0,8.0,4.0,Aston Villa,2023
302,2023-05-20,15:00,Matchweek 37,Away,D,1,1,Liverpool,1.3,0.7,34.0,5.0,3.0,Aston Villa,2023
303,2023-05-28,16:30,Matchweek 38,Home,W,2,1,Brighton,2.8,1.4,41.0,12.0,5.0,Aston Villa,2023
304,2023-08-12,17:30,Matchweek 1,Away,L,1,5,Newcastle United,1.8,3.3,48.0,16.0,6.0,Aston Villa,2024
305,2023-08-20,14:00,Matchweek 2,Home,W,4,0,Everton,2.9,0.6,60.0,12.0,6.0,Aston Villa,2024
306,2023-08-27,14:00,Matchweek 3,Away,W,3,1,Burnley,2.5,0.7,43.0,16.0,6.0,Aston Villa,2024
307,2023-09-03,14:00,Matchweek 4,Away,L,0,3,Liverpool,0.7,2.5,37.0,9.0,3.0,Aston Villa,2024
308,2023-09-16,15:00,Matchweek 5,Home,W,3,1,Crystal Palace,3.0,1.2,66.0,15.0,4.0,Aston Villa,2024
309,2023-09-24,14:00,Matchweek 6,Away,W,1,0,Chelsea,1.0,1.3,47.0,15.0,7.0,Aston Villa,2024
310,2023-09-30,12:30,Matchweek 7,Home,W,6,1,Brighton,1.6,1.7,39.0,19.0,9.0,Aston Villa,2024
311,2023-10-08,14:00,Matchweek 8,Away,D,1,1,Wolverhampton Wanderers,1.6,1.7,53.0,18.0,4.0,Aston Villa,2024
312,2023-10-22,16:30,Matchweek 9,Home,W,4,1,West Ham,1.9,1.1,58.0,14.0,6.0,Aston Villa,2024
313,2023-10-29,14:00,Matchweek 10,Home,W,3,1,Luton Town,2.3,0.5,70.0,17.0,6.0,Aston Villa,2024
314,2023-11-05,14:00,Matchweek 11,Away,L,0,2,Nottingham Forest,1.2,0.4,73.0,13.0,3.0,Aston Villa,2024
315,2023-11-12,14:00,Matchweek 12,Home,W,3,1,Fulham,3.0,0.9,51.0,12.0,6.0,Aston Villa,2024
316,2023-11-26,14:00,Matchweek 13,Away,W,2,1,Tottenham Hotspur,1.7,2.3,38.0,15.0,5.0,Aston Villa,2024
317,2023-12-03,14:00,Matchweek 14,Away,D,2,2,Bournemouth,0.7,2.0,62.0,11.0,3.0,Aston Villa,2024
318,2023-12-06,20:15,Matchweek 15,Home,W,1,0,Manchester City,2.3,0.6,46.0,22.0,7.0,Aston Villa,2024
319,2023-12-09,17:30,Matchweek 16,Home,W,1,0,Arsenal,0.6,1.4,39.0,10.0,3.0,Aston Villa,2024
320,2023-12-17,14:00,Matchweek 17,Away,W,2,1,Brentford,1.4,0.5,66.0,15.0,5.0,Aston Villa,2024
321,2023-12-22,20:00,Matchweek 18,Home,D,1,1,Sheffield United,0.9,0.6,77.0,12.0,4.0,Aston Villa,2024
322,2023-12-26,20:00,Matchweek 19,Away,L,2,3,Manchester United,1.7,1.1,54.0,10.0,3.0,Aston Villa,2024
323,2023-12-30,15:00,Matchweek 20,Home,W,3,2,Burnley,3.2,1.2,64.0,18.0,6.0,Aston Villa,2024
324,2024-01-14,14:00,Matchweek 21,Away,D,0,0,Everton,1.2,1.1,68.0,16.0,4.0,Aston Villa,2024
325,2024-01-30,20:15,Matchweek 22,Home,L,1,3,Newcastle United,1.4,2.6,61.0,12.0,5.0,Aston Villa,2024
326,2024-02-03,17:30,Matchweek 23,Away,W,5,0,Sheffield United,2.2,1.4,63.0,14.0,9.0,Aston Villa,2024
327,2024-02-11,16:30,Matchweek 24,Home,L,1,2,Manchester United,2.4,1.8,56.0,23.0,9.0,Aston Villa,2024
328,2024-02-17,15:00,Matchweek 25,Away,W,2,1,Fulham,1.5,1.5,48.0,12.0,3.0,Aston Villa,2024
329,2024-02-24,15:00,Matchweek 26,Home,W,4,2,Nottingham Forest,3.6,2.6,58.0,16.0,6.0,Aston Villa,2024
330,2024-03-02,17:30,Matchweek 27,Away,W,3,2,Luton Town,1.9,1.8,54.0,12.0,8.0,Aston Villa,2024
331,2024-03-10,13:00,Matchweek 28,Home,L,0,4,Tottenham Hotspur,0.8,1.5,32.0,10.0,1.0,Aston Villa,2024
332,2024-03-17,14:00,Matchweek 29,Away,D,1,1,West Ham,0.7,2.0,69.0,13.0,5.0,Aston Villa,2024
333,2024-03-30,17:30,Matchweek 30,Home,W,2,0,Wolverhampton Wanderers,1.0,1.5,48.0,11.0,5.0,Aston Villa,2024
334,2024-04-03,20:15,Matchweek 31,Away,L,1,4,Manchester City,0.8,3.4,33.0,8.0,3.0,Aston Villa,2024
335,2024-04-06,15:00,Matchweek 32,Home,D,3,3,Brentford,1.5,1.5,69.0,11.0,3.0,Aston Villa,2024
336,2024-04-14,16:30,Matchweek 33,Away,W,2,0,Arsenal,0.9,1.6,48.0,11.0,2.0,Aston Villa,2024
337,2024-04-21,15:00,Matchweek 34,Home,W,3,1,Bournemouth,2.4,1.8,56.0,15.0,5.0,Aston Villa,2024
338,2024-04-27,20:00,Matchweek 35,Home,D,2,2,Chelsea,1.1,1.6,29.0,9.0,4.0,Aston Villa,2024
339,2024-05-05,14:00,Matchweek 36,Away,L,0,1,Brighton,0.1,2.5,48.0,2.0,1.0,Aston Villa,2024
340,2024-05-13,20:00,Matchweek 37,Home,D,3,3,Liverpool,3.1,1.7,41.0,19.0,5.0,Aston Villa,2024
341,2024-05-19,16:00,Matchweek 38,Away,L,0,5,Crystal Palace,0.9,2.5,46.0,8.0,2.0,Aston Villa,2024
342,2024-08-17,17:30,Matchweek 1,Away,W,2,1,West Ham,2.0,2.3,48.0,15.0,3.0,Aston Villa,2025
343,2024-08-24,17:30,Matchweek 2,Home,L,0,2,Arsenal,1.2,0.9,40.0,11.0,3.0,Aston Villa,2025
344,2024-08-31,15:00,Matchweek 3,Away,W,2,1,Leicester City,1.4,0.4,43.0,10.0,5.0,Aston Villa,2025
345,2024-09-14,17:30,Matchweek 4,Home,W,3,2,Everton,2.1,0.9,72.0,17.0,7.0,Aston Villa,2025
346,2024-09-21,15:00,Matchweek 5,Home,W,3,1,Wolverhampton Wanderers,1.7,0.5,53.0,9.0,3.0,Aston Villa,2025
347,2024-09-29,14:00,Matchweek 6,Away,D,2,2,Ipswich Town,0.8,1.2,56.0,7.0,3.0,Aston Villa,2025
348,2024-10-06,14:00,Matchweek 7,Home,D,0,0,Manchester United,0.5,0.6,53.0,11.0,1.0,Aston Villa,2025
349,2024-10-19,15:00,Matchweek 8,Away,W,3,1,Fulham,1.6,1.8,48.0,14.0,5.0,Aston Villa,2025
350,2024-10-26,15:00,Matchweek 9,Home,D,1,1,Bournemouth,1.8,0.3,57.0,18.0,8.0,Aston Villa,2025
351,2024-11-03,14:00,Matchweek 10,Away,L,1,4,Tottenham Hotspur,1.8,2.4,49.0,12.0,1.0,Aston Villa,2025
352,2024-11-09,20:00,Matchweek 11,Away,L,0,2,Liverpool,1.2,2.0,38.0,12.0,2.0,Aston Villa,2025
353,2024-11-23,15:00,Matchweek 12,Home,D,2,2,Crystal Palace,3.0,1.3,69.0,16.0,4.0,Aston Villa,2025
354,2024-12-01,13:30,Matchweek 13,Away,L,0,3,Chelsea,1.2,1.6,36.0,10.0,3.0,Aston Villa,2025
355,2024-12-04,20:15,Matchweek 14,Home,W,3,1,Brentford,2.4,0.9,49.0,19.0,9.0,Aston Villa,2025
356,2024-12-07,15:00,Matchweek 15,Home,W,1,0,Southampton,2.3,0.3,47.0,18.0,4.0,Aston Villa,2025
357,2024-12-14,17:30,Matchweek 16,Away,L,1,2,Nottingham Forest,0.4,1.7,50.0,8.0,2.0,Aston Villa,2025
358,2024-12-21,12:30,Matchweek 17,Home,W,2,1,Manchester City,1.6,1.0,44.0,11.0,6.0,Aston Villa,2025
359,2024-12-26,15:00,Matchweek 18,Away,L,0,3,Newcastle United,0.3,2.7,38.0,4.0,1.0,Aston Villa,2025
360,2024-12-30,19:45,Matchweek 19,Home,D,2,2,Brighton,1.8,1.1,59.0,19.0,3.0,Aston Villa,2025
361,2025-01-04,15:00,Matchweek 20,Home,W,2,1,Leicester City,1.4,0.4,60.0,13.0,5.0,Aston Villa,2025
362,2025-01-15,19:30,Matchweek 21,Away,W,1,0,Everton,1.2,1.1,50.0,11.0,3.0,Aston Villa,2025
363,2025-01-18,17:30,Matchweek 22,Away,D,2,2,Arsenal,1.0,1.3,34.0,8.0,4.0,Aston Villa,2025
364,2025-01-26,16:30,Matchweek 23,Home,D,1,1,West Ham,0.9,1.3,46.0,14.0,4.0,Aston Villa,2025
365,2025-02-01,17:30,Matchweek 24,Away,L,0,2,Wolverhampton Wanderers,0.4,1.6,68.0,10.0,3.0,Aston Villa,2025
366,2025-02-15,15:00,Matchweek 25,Home,D,1,1,Ipswich Town,2.4,0.4,75.0,25.0,6.0,Aston Villa,2025
367,2025-02-19,19:30,Matchweek 29,Home,D,2,2,Liverpool,0.6,2.5,52.0,9.0,3.0,Aston Villa,2025
368,2025-02-22,17:30,Matchweek 26,Home,W,2,1,Chelsea,2.3,2.3,52.0,12.0,6.0,Aston Villa,2025
369,2025-02-25,19:30,Matchweek 27,Away,L,1,4,Crystal Palace,0.4,4.3,64.0,6.0,2.0,Aston Villa,2025
370,2025-03-08,17:30,Matchweek 28,Away,W,1,0,Brentford,1.3,0.8,41.0,12.0,4.0,Aston Villa,2025
371,2025-04-02,19:45,Matchweek 30,Away,W,3,0,Brighton,1.2,0.9,44.0,8.0,5.0,Aston Villa,2025
372,2025-04-05,17:30,Matchweek 31,Home,W,2,1,Nottingham Forest,3.0,1.5,52.0,17.0,8.0,Aston Villa,2025
373,2025-04-12,15:00,Matchweek 32,Away,W,3,0,Southampton,3.0,0.3,60.0,23.0,8.0,Aston Villa,2025
374,2025-04-19,17:30,Matchweek 33,Home,W,4,1,Newcastle United,2.2,1.0,48.0,23.0,9.0,Aston Villa,2025
375,2025-04-22,20:00,Matchweek 34,Away,L,1,2,Manchester City,1.8,1.3,39.0,6.0,2.0,Aston Villa,2025
376,2025-05-03,12:30,Matchweek 35,Home,W,1,0,Fulham,1.0,0.9,52.0,10.0,3.0,Aston Villa,2025
377,2025-05-10,17:30,Matchweek 36,Away,W,1,0,Bournemouth,1.0,0.8,34.0,6.0,3.0,Aston Villa,2025
378,2025-05-16,19:30,Matchweek 37,Home,W,2,0,Tottenham Hotspur,1.4,0.5,67.0,18.0,7.0,Aston Villa,2025
379,2025-05-25,16:00,Matchweek 38,Away,L,0,2,Manchester United,0.4,2.9,33.0,6.0,1.0,Aston Villa,2025
380,2022-08-06,15:00,Matchweek 1,Home,W,2,0,Aston Villa,0.6,0.7,35.0,7.0,3.0,Bournemouth,2023
381,2022-08-13,15:00,Matchweek 2,Away,L,0,4,Manchester City,0.1,1.7,33.0,3.0,1.0,Bournemouth,2023
382,2022-08-20,17:30,Matchweek 3,Home,L,0,3,Arsenal,0.3,1.3,43.0,6.0,1.0,Bournemouth,2023
383,2022-08-27,15:00,Matchweek 4,Away,L,0,9,Liverpool,0.3,3.3,31.0,5.0,2.0,Bournemouth,2023
384,2022-08-31,19:30,Matchweek 5,Home,D,0,0,Wolverhampton Wanderers,0.4,1.5,35.0,5.0,2.0,Bournemouth,2023
385,2022-09-03,15:00,Matchweek 6,Away,W,3,2,Nottingham Forest,0.8,1.9,48.0,8.0,3.0,Bournemouth,2023
386,2022-09-17,15:00,Matchweek 8,Away,D,1,1,Newcastle United,0.7,1.9,28.0,10.0,3.0,Bournemouth,2023
387,2022-10-01,15:00,Matchweek 9,Home,D,0,0,Brentford,0.4,0.9,42.0,7.0,0.0,Bournemouth,2023
388,2022-10-08,15:00,Matchweek 10,Home,W,2,1,Leicester City,1.1,1.0,45.0,10.0,4.0,Bournemouth,2023
389,2022-10-15,15:00,Matchweek 11,Away,D,2,2,Fulham,1.0,2.1,31.0,10.0,6.0,Bournemouth,2023
390,2022-10-19,19:30,Matchweek 12,Home,L,0,1,Southampton,1.0,1.0,54.0,15.0,3.0,Bournemouth,2023
391,2022-10-24,20:00,Matchweek 13,Away,L,0,2,West Ham,0.4,1.9,45.0,5.0,3.0,Bournemouth,2023
392,2022-10-29,15:00,Matchweek 14,Home,L,2,3,Tottenham Hotspur,0.5,2.0,31.0,6.0,4.0,Bournemouth,2023
393,2022-11-05,15:00,Matchweek 15,Away,L,3,4,Leeds United,1.5,2.2,40.0,9.0,5.0,Bournemouth,2023
394,2022-11-12,15:00,Matchweek 16,Home,W,3,0,Everton,2.4,0.8,36.0,16.0,8.0,Bournemouth,2023
395,2022-12-27,17:30,Matchweek 17,Away,L,0,2,Chelsea,0.5,1.8,40.0,9.0,4.0,Bournemouth,2023
396,2022-12-31,15:00,Matchweek 18,Home,L,0,2,Crystal Palace,0.6,1.6,59.0,6.0,2.0,Bournemouth,2023
397,2023-01-03,20:00,Matchweek 19,Away,L,0,3,Manchester United,0.6,2.2,42.0,7.0,4.0,Bournemouth,2023
398,2023-01-14,17:30,Matchweek 20,Away,L,0,2,Brentford,0.6,1.4,50.0,7.0,2.0,Bournemouth,2023
399,2023-01-21,15:00,Matchweek 21,Home,D,1,1,Nottingham Forest,1.4,1.9,43.0,16.0,3.0,Bournemouth,2023
400,2023-02-04,15:00,Matchweek 22,Away,L,0,1,Brighton,1.1,2.2,29.0,12.0,2.0,Bournemouth,2023
401,2023-02-11,17:30,Matchweek 23,Home,D,1,1,Newcastle United,1.5,1.3,34.0,11.0,4.0,Bournemouth,2023
402,2023-02-18,15:00,Matchweek 24,Away,W,1,0,Wolverhampton Wanderers,1.1,1.3,32.0,5.0,1.0,Bournemouth,2023
403,2023-02-25,17:30,Matchweek 25,Home,L,1,4,Manchester City,1.0,2.4,35.0,13.0,2.0,Bournemouth,2023
404,2023-03-04,15:00,Matchweek 26,Away,L,2,3,Arsenal,1.3,2.1,21.0,4.0,4.0,Bournemouth,2023
405,2023-03-11,12:30,Matchweek 27,Home,W,1,0,Liverpool,0.9,1.7,31.0,5.0,2.0,Bournemouth,2023
406,2023-03-18,15:00,Matchweek 28,Away,L,0,3,Aston Villa,1.3,3.5,44.0,10.0,3.0,Bournemouth,2023
407,2023-04-01,15:00,Matchweek 29,Home,W,2,1,Fulham,2.6,0.8,43.0,12.0,6.0,Bournemouth,2023
408,2023-04-04,19:45,Matchweek 7,Home,L,0,2,Brighton,1.7,2.7,37.0,14.0,3.0,Bournemouth,2023
409,2023-04-08,15:00,Matchweek 30,Away,W,1,0,Leicester City,1.9,0.6,49.0,19.0,7.0,Bournemouth,2023
410,2023-04-15,15:00,Matchweek 31,Away,W,3,2,Tottenham Hotspur,1.3,2.2,42.0,9.0,6.0,Bournemouth,2023
411,2023-04-23,14:00,Matchweek 32,Home,L,0,4,West Ham,1.5,2.4,64.0,17.0,5.0,Bournemouth,2023
412,2023-04-27,19:45,Matchweek 33,Away,W,1,0,Southampton,0.9,0.5,43.0,16.0,2.0,Bournemouth,2023
413,2023-04-30,14:00,Matchweek 34,Home,W,4,1,Leeds United,1.9,1.6,42.0,12.0,7.0,Bournemouth,2023
414,2023-05-06,15:00,Matchweek 35,Home,L,1,3,Chelsea,1.2,1.3,35.0,10.0,4.0,Bournemouth,2023
415,2023-05-13,15:00,Matchweek 36,Away,L,0,2,Crystal Palace,0.3,1.5,41.0,5.0,0.0,Bournemouth,2023
416,2023-05-20,15:00,Matchweek 37,Home,L,0,1,Manchester United,1.0,1.4,41.0,10.0,4.0,Bournemouth,2023
417,2023-05-28,16:30,Matchweek 38,Away,L,0,1,Everton,0.5,1.0,62.0,7.0,1.0,Bournemouth,2023
418,2023-08-12,15:00,Matchweek 1,Home,D,1,1,West Ham,1.3,1.1,62.0,14.0,5.0,Bournemouth,2024
419,2023-08-19,15:00,Matchweek 2,Away,L,1,3,Liverpool,1.3,3.0,36.0,13.0,5.0,Bournemouth,2024
420,2023-08-26,12:30,Matchweek 3,Home,L,0,2,Tottenham Hotspur,0.7,2.1,44.0,11.0,3.0,Bournemouth,2024
421,2023-09-02,15:00,Matchweek 4,Away,D,2,2,Brentford,2.1,2.9,40.0,12.0,5.0,Bournemouth,2024
422,2023-09-17,14:00,Matchweek 5,Home,D,0,0,Chelsea,1.0,1.8,36.0,13.0,4.0,Bournemouth,2024
423,2023-09-24,14:00,Matchweek 6,Away,L,1,3,Brighton,1.1,1.9,39.0,12.0,3.0,Bournemouth,2024
424,2023-09-30,15:00,Matchweek 7,Home,L,0,4,Arsenal,0.6,3.4,43.0,8.0,1.0,Bournemouth,2024
425,2023-10-07,15:00,Matchweek 8,Away,L,0,3,Everton,0.7,2.4,52.0,11.0,3.0,Bournemouth,2024
426,2023-10-21,15:00,Matchweek 9,Home,L,1,2,Wolverhampton Wanderers,0.6,2.4,35.0,7.0,4.0,Bournemouth,2024
427,2023-10-28,15:00,Matchweek 10,Home,W,2,1,Burnley,1.1,0.8,45.0,13.0,6.0,Bournemouth,2024
428,2023-11-04,15:00,Matchweek 11,Away,L,1,6,Manchester City,0.9,1.9,35.0,5.0,1.0,Bournemouth,2024
429,2023-11-11,17:30,Matchweek 12,Home,W,2,0,Newcastle United,2.4,0.5,48.0,19.0,10.0,Bournemouth,2024
430,2023-11-25,15:00,Matchweek 13,Away,W,3,1,Sheffield United,2.9,0.8,54.0,23.0,11.0,Bournemouth,2024
431,2023-12-03,14:00,Matchweek 14,Home,D,2,2,Aston Villa,2.0,0.7,38.0,15.0,7.0,Bournemouth,2024
432,2023-12-06,19:30,Matchweek 15,Away,W,2,0,Crystal Palace,1.8,1.0,41.0,11.0,4.0,Bournemouth,2024
433,2023-12-09,15:00,Matchweek 16,Away,W,3,0,Manchester United,1.5,1.1,32.0,10.0,4.0,Bournemouth,2024
434,2023-12-23,15:00,Matchweek 18,Away,W,3,2,Nottingham Forest,1.6,1.0,66.0,18.0,6.0,Bournemouth,2024
435,2023-12-26,15:00,Matchweek 19,Home,W,3,0,Fulham,1.8,0.3,43.0,15.0,3.0,Bournemouth,2024
436,2023-12-31,14:00,Matchweek 20,Away,L,1,3,Tottenham Hotspur,1.7,2.3,50.0,24.0,4.0,Bournemouth,2024
437,2024-01-21,16:30,Matchweek 21,Home,L,0,4,Liverpool,1.4,1.5,40.0,11.0,1.0,Bournemouth,2024
438,2024-02-01,19:30,Matchweek 22,Away,D,1,1,West Ham,1.2,1.4,52.0,9.0,4.0,Bournemouth,2024
439,2024-02-04,14:00,Matchweek 23,Home,D,1,1,Nottingham Forest,1.3,0.5,45.0,9.0,1.0,Bournemouth,2024
440,2024-02-10,15:00,Matchweek 24,Away,L,1,3,Fulham,1.8,1.6,51.0,25.0,4.0,Bournemouth,2024
441,2024-02-17,15:00,Matchweek 25,Away,D,2,2,Newcastle United,2.2,2.2,38.0,12.0,6.0,Bournemouth,2024
442,2024-02-24,17:30,Matchweek 26,Home,L,0,1,Manchester City,0.9,1.6,38.0,13.0,4.0,Bournemouth,2024
443,2024-03-03,13:00,Matchweek 27,Away,W,2,0,Burnley,1.1,1.5,26.0,10.0,3.0,Bournemouth,2024
444,2024-03-09,15:00,Matchweek 28,Home,D,2,2,Sheffield United,3.3,1.2,69.0,31.0,11.0,Bournemouth,2024
445,2024-03-13,19:30,Matchweek 17,Home,W,4,3,Luton Town,2.3,2.0,59.0,24.0,9.0,Bournemouth,2024
446,2024-03-30,15:00,Matchweek 30,Home,W,2,1,Everton,1.3,1.0,48.0,11.0,4.0,Bournemouth,2024
447,2024-04-02,19:45,Matchweek 31,Home,W,1,0,Crystal Palace,1.1,0.2,50.0,11.0,6.0,Bournemouth,2024
448,2024-04-06,15:00,Matchweek 32,Away,L,1,2,Luton Town,0.4,1.5,45.0,8.0,1.0,Bournemouth,2024
449,2024-04-13,17:30,Matchweek 33,Home,D,2,2,Manchester United,1.6,1.2,43.0,20.0,5.0,Bournemouth,2024
450,2024-04-21,15:00,Matchweek 34,Away,L,1,3,Aston Villa,1.8,2.4,44.0,13.0,4.0,Bournemouth,2024
451,2024-04-24,19:45,Matchweek 29,Away,W,1,0,Wolverhampton Wanderers,1.9,0.5,37.0,21.0,6.0,Bournemouth,2024
452,2024-04-28,14:00,Matchweek 35,Home,W,3,0,Brighton,1.9,0.9,31.0,15.0,6.0,Bournemouth,2024
453,2024-05-04,12:30,Matchweek 36,Away,L,0,3,Arsenal,0.5,3.3,45.0,7.0,2.0,Bournemouth,2024
454,2024-05-11,15:00,Matchweek 37,Home,L,1,2,Brentford,0.7,1.1,48.0,13.0,4.0,Bournemouth,2024
455,2024-05-19,16:00,Matchweek 38,Away,L,1,2,Chelsea,2.2,1.1,39.0,22.0,5.0,Bournemouth,2024
456,2024-08-17,15:00,Matchweek 1,Away,D,1,1,Nottingham Forest,1.2,1.3,47.0,13.0,4.0,Bournemouth,2025
457,2024-08-25,14:00,Matchweek 2,Home,D,1,1,Newcastle United,2.2,1.6,39.0,16.0,4.0,Bournemouth,2025
458,2024-08-31,15:00,Matchweek 3,Away,W,3,2,Everton,2.4,1.8,53.0,17.0,7.0,Bournemouth,2025
459,2024-09-14,20:00,Matchweek 4,Home,L,0,1,Chelsea,1.7,0.8,34.0,18.0,6.0,Bournemouth,2025
460,2024-09-21,15:00,Matchweek 5,Away,L,0,3,Liverpool,1.1,2.0,42.0,19.0,6.0,Bournemouth,2025
461,2024-09-30,20:00,Matchweek 6,Home,W,3,1,Southampton,1.3,0.6,40.0,14.0,6.0,Bournemouth,2025
462,2024-10-05,15:00,Matchweek 7,Away,L,0,1,Leicester City,2.1,0.8,55.0,19.0,2.0,Bournemouth,2025
463,2024-10-19,17:30,Matchweek 8,Home,W,2,0,Arsenal,1.8,0.7,49.0,12.0,3.0,Bournemouth,2025
464,2024-10-26,15:00,Matchweek 9,Away,D,1,1,Aston Villa,0.3,1.8,43.0,10.0,3.0,Bournemouth,2025
465,2024-11-02,15:00,Matchweek 10,Home,W,2,1,Manchester City,2.0,1.6,36.0,12.0,6.0,Bournemouth,2025
466,2024-11-09,15:00,Matchweek 11,Away,L,2,3,Brentford,2.6,1.5,49.0,15.0,3.0,Bournemouth,2025
467,2024-11-23,15:00,Matchweek 12,Home,L,1,2,Brighton,1.6,0.9,55.0,19.0,5.0,Bournemouth,2025
468,2024-11-30,15:00,Matchweek 13,Away,W,4,2,Wolverhampton Wanderers,3.3,0.5,40.0,9.0,5.0,Bournemouth,2025
469,2024-12-05,20:15,Matchweek 14,Home,W,1,0,Tottenham Hotspur,3.5,0.9,35.0,21.0,8.0,Bournemouth,2025
470,2024-12-08,14:00,Matchweek 15,Away,W,2,1,Ipswich Town,3.2,1.3,56.0,22.0,6.0,Bournemouth,2025
471,2024-12-16,20:00,Matchweek 16,Home,D,1,1,West Ham,1.9,2.1,52.0,29.0,9.0,Bournemouth,2025
472,2024-12-22,14:00,Matchweek 17,Away,W,3,0,Manchester United,1.6,2.2,40.0,9.0,4.0,Bournemouth,2025
473,2024-12-26,15:00,Matchweek 18,Home,D,0,0,Crystal Palace,1.4,0.4,52.0,18.0,3.0,Bournemouth,2025
474,2024-12-29,15:00,Matchweek 19,Away,D,2,2,Fulham,2.0,1.1,48.0,16.0,8.0,Bournemouth,2025
475,2025-01-04,15:00,Matchweek 20,Home,W,1,0,Everton,1.8,0.7,58.0,19.0,8.0,Bournemouth,2025
476,2025-01-14,19:30,Matchweek 21,Away,D,2,2,Chelsea,1.2,2.5,43.0,6.0,2.0,Bournemouth,2025
477,2025-01-18,12:30,Matchweek 22,Away,W,4,1,Newcastle United,2.0,0.8,44.0,19.0,10.0,Bournemouth,2025
478,2025-01-25,15:00,Matchweek 23,Home,W,5,0,Nottingham Forest,1.7,1.0,50.0,16.0,10.0,Bournemouth,2025
479,2025-02-01,15:00,Matchweek 24,Home,L,0,2,Liverpool,1.6,2.5,49.0,14.0,3.0,Bournemouth,2025
480,2025-02-15,15:00,Matchweek 25,Away,W,3,1,Southampton,1.2,0.8,56.0,14.0,7.0,Bournemouth,2025
481,2025-02-22,15:00,Matchweek 26,Home,L,0,1,Wolverhampton Wanderers,0.9,2.0,46.0,8.0,3.0,Bournemouth,2025
482,2025-02-25,19:30,Matchweek 27,Away,L,1,2,Brighton,1.5,2.4,56.0,19.0,5.0,Bournemouth,2025
483,2025-03-09,14:00,Matchweek 28,Away,D,2,2,Tottenham Hotspur,2.2,1.5,39.0,17.0,8.0,Bournemouth,2025
484,2025-03-15,17:30,Matchweek 29,Home,L,1,2,Brentford,1.6,0.8,58.0,17.0,5.0,Bournemouth,2025
485,2025-04-02,19:45,Matchweek 30,Home,L,1,2,Ipswich Town,1.8,1.2,63.0,24.0,6.0,Bournemouth,2025
486,2025-04-05,15:00,Matchweek 31,Away,D,2,2,West Ham,2.1,0.7,44.0,11.0,4.0,Bournemouth,2025
487,2025-04-14,20:00,Matchweek 32,Home,W,1,0,Fulham,1.4,1.0,41.0,12.0,3.0,Bournemouth,2025
488,2025-04-19,15:00,Matchweek 33,Away,D,0,0,Crystal Palace,0.7,0.4,71.0,15.0,4.0,Bournemouth,2025
489,2025-04-27,14:00,Matchweek 34,Home,D,1,1,Manchester United,0.5,2.3,39.0,8.0,1.0,Bournemouth,2025
490,2025-05-03,17:30,Matchweek 35,Away,W,2,1,Arsenal,0.9,1.4,49.0,9.0,2.0,Bournemouth,2025
491,2025-05-10,17:30,Matchweek 36,Home,L,0,1,Aston Villa,0.8,1.0,66.0,10.0,4.0,Bournemouth,2025
492,2025-05-20,20:00,Matchweek 37,Away,L,1,3,Manchester City,1.1,1.5,43.0,8.0,2.0,Bournemouth,2025
493,2025-05-25,16:00,Matchweek 38,Home,W,2,0,Leicester City,1.6,0.3,63.0,20.0,7.0,Bournemouth,2025
494,2021-08-13,20:00,Matchweek 1,Home,W,2,0,Arsenal,1.2,1.3,36.0,8.0,3.0,Brentford,2022
495,2021-08-21,15:00,Matchweek 2,Away,D,0,0,Crystal Palace,0.9,0.5,47.0,14.0,3.0,Brentford,2022
496,2021-08-28,15:00,Matchweek 3,Away,D,1,1,Aston Villa,0.9,0.7,54.0,9.0,2.0,Brentford,2022
497,2021-09-11,15:00,Matchweek 4,Home,L,0,1,Brighton,0.4,0.3,41.0,7.0,1.0,Brentford,2022
498,2021-09-18,12:30,Matchweek 5,Away,W,2,0,Wolverhampton Wanderers,2.5,0.6,38.0,8.0,2.0,Brentford,2022
499,2021-09-25,17:30,Matchweek 6,Home,D,3,3,Liverpool,2.1,2.8,33.0,12.0,3.0,Brentford,2022
500,2021-10-03,14:00,Matchweek 7,Away,W,2,1,West Ham,1.2,1.5,41.0,13.0,6.0,Brentford,2022
501,2021-10-16,17:30,Matchweek 8,Home,L,0,1,Chelsea,1.4,0.3,45.0,17.0,6.0,Brentford,2022
502,2021-10-24,14:00,Matchweek 9,Home,L,1,2,Leicester City,1.0,1.5,54.0,15.0,5.0,Brentford,2022
503,2021-10-30,15:00,Matchweek 10,Away,L,1,3,Burnley,0.8,2.3,59.0,12.0,4.0,Brentford,2022
504,2021-11-06,15:00,Matchweek 11,Home,L,1,2,Norwich City,2.5,1.2,64.0,19.0,7.0,Brentford,2022
505,2021-11-20,15:00,Matchweek 12,Away,D,3,3,Newcastle United,0.9,1.5,47.0,10.0,3.0,Brentford,2022
506,2021-11-28,14:00,Matchweek 13,Home,W,1,0,Everton,1.2,1.0,40.0,5.0,3.0,Brentford,2022
507,2021-12-02,19:30,Matchweek 14,Away,L,0,2,Tottenham Hotspur,0.3,1.9,53.0,6.0,2.0,Brentford,2022
508,2021-12-05,14:00,Matchweek 15,Away,D,2,2,Leeds United,1.0,1.2,37.0,9.0,3.0,Brentford,2022
509,2021-12-10,20:00,Matchweek 16,Home,W,2,1,Watford,1.6,0.5,63.0,13.0,4.0,Brentford,2022
510,2021-12-26,20:00,Matchweek 19,Away,L,0,2,Brighton,0.7,0.8,50.0,16.0,5.0,Brentford,2022
511,2021-12-29,20:15,Matchweek 20,Home,L,0,1,Manchester City,0.4,1.1,24.0,6.0,2.0,Brentford,2022
512,2022-01-02,14:00,Matchweek 21,Home,W,2,1,Aston Villa,0.6,0.8,45.0,10.0,4.0,Brentford,2022
513,2022-01-11,19:45,Matchweek 18,Away,L,1,4,Southampton,0.5,1.4,52.0,5.0,4.0,Brentford,2022
514,2022-01-16,14:00,Matchweek 22,Away,L,0,3,Liverpool,0.7,2.7,32.0,6.0,1.0,Brentford,2022
515,2022-01-19,20:00,Matchweek 17,Home,L,1,3,Manchester United,2.3,2.3,44.0,18.0,9.0,Brentford,2022
516,2022-01-22,15:00,Matchweek 23,Home,L,1,2,Wolverhampton Wanderers,1.1,0.2,50.0,11.0,1.0,Brentford,2022
517,2022-02-09,19:45,Matchweek 24,Away,L,0,2,Manchester City,0.4,1.9,26.0,6.0,2.0,Brentford,2022
518,2022-02-12,15:00,Matchweek 25,Home,D,0,0,Crystal Palace,1.6,0.3,42.0,9.0,2.0,Brentford,2022
519,2022-02-19,15:00,Matchweek 26,Away,L,1,2,Arsenal,0.6,1.7,34.0,6.0,2.0,Brentford,2022
520,2022-02-26,15:00,Matchweek 27,Home,L,0,2,Newcastle United,0.4,2.7,37.0,6.0,1.0,Brentford,2022
521,2022-03-05,15:00,Matchweek 28,Away,W,3,1,Norwich City,2.0,1.0,40.0,8.0,4.0,Brentford,2022
522,2022-03-12,15:00,Matchweek 29,Home,W,2,0,Burnley,1.9,0.7,55.0,12.0,2.0,Brentford,2022
523,2022-03-20,14:00,Matchweek 30,Away,L,1,2,Leicester City,1.3,1.0,48.0,15.0,6.0,Brentford,2022
524,2022-04-02,15:00,Matchweek 31,Away,W,4,1,Chelsea,1.8,1.3,30.0,17.0,6.0,Brentford,2022
525,2022-04-10,14:00,Matchweek 32,Home,W,2,0,West Ham,1.4,0.3,47.0,15.0,7.0,Brentford,2022
526,2022-04-16,15:00,Matchweek 33,Away,W,2,1,Watford,1.9,1.7,50.0,16.0,5.0,Brentford,2022
527,2022-04-23,17:30,Matchweek 34,Home,D,0,0,Tottenham Hotspur,0.9,0.6,44.0,15.0,1.0,Brentford,2022
528,2022-05-02,20:00,Matchweek 35,Away,L,0,3,Manchester United,0.6,2.0,37.0,12.0,4.0,Brentford,2022
529,2022-05-07,15:00,Matchweek 36,Home,W,3,0,Southampton,2.6,1.4,41.0,18.0,5.0,Brentford,2022
530,2022-05-15,16:30,Matchweek 37,Away,W,3,2,Everton,1.4,2.1,72.0,18.0,6.0,Brentford,2022
531,2022-05-22,16:00,Matchweek 38,Home,L,1,2,Leeds United,0.8,1.3,49.0,14.0,5.0,Brentford,2022
532,2022-08-07,14:00,Matchweek 1,Away,D,2,2,Leicester City,0.8,0.6,44.0,8.0,3.0,Brentford,2023
533,2022-08-13,17:30,Matchweek 2,Home,W,4,0,Manchester United,1.6,0.9,34.0,13.0,7.0,Brentford,2023
534,2022-08-20,15:00,Matchweek 3,Away,L,2,3,Fulham,1.8,2.4,57.0,13.0,5.0,Brentford,2023
535,2022-08-27,15:00,Matchweek 4,Home,D,1,1,Everton,2.1,1.1,58.0,20.0,5.0,Brentford,2023
536,2022-08-30,19:30,Matchweek 5,Away,D,1,1,Crystal Palace,1.4,1.0,51.0,9.0,3.0,Brentford,2023
537,2022-09-03,15:00,Matchweek 6,Home,W,5,2,Leeds United,2.3,1.7,32.0,13.0,7.0,Brentford,2023
538,2022-09-18,12:00,Matchweek 8,Home,L,0,3,Arsenal,0.5,1.5,37.0,5.0,2.0,Brentford,2023
539,2022-10-01,15:00,Matchweek 9,Away,D,0,0,Bournemouth,0.9,0.4,58.0,13.0,4.0,Brentford,2023
540,2022-10-08,15:00,Matchweek 10,Away,L,1,5,Newcastle United,1.2,1.5,46.0,5.0,2.0,Brentford,2023
541,2022-10-14,20:00,Matchweek 11,Home,W,2,0,Brighton,1.5,1.9,28.0,6.0,1.0,Brentford,2023
542,2022-10-19,19:30,Matchweek 12,Home,D,0,0,Chelsea,1.3,0.9,34.0,8.0,5.0,Brentford,2023
543,2022-10-23,14:00,Matchweek 13,Away,L,0,4,Aston Villa,0.9,2.8,55.0,12.0,3.0,Brentford,2023
544,2022-10-29,15:00,Matchweek 14,Home,D,1,1,Wolverhampton Wanderers,1.4,0.6,58.0,12.0,3.0,Brentford,2023
545,2022-11-05,15:00,Matchweek 15,Away,D,2,2,Nottingham Forest,1.5,1.5,52.0,5.0,1.0,Brentford,2023
546,2022-11-12,12:30,Matchweek 16,Away,W,2,1,Manchester City,1.3,1.6,26.0,10.0,7.0,Brentford,2023
547,2022-12-26,12:30,Matchweek 17,Home,D,2,2,Tottenham Hotspur,2.0,1.1,39.0,9.0,4.0,Brentford,2023
548,2022-12-30,19:45,Matchweek 18,Away,W,2,0,West Ham,1.6,1.3,37.0,9.0,6.0,Brentford,2023
549,2023-01-02,17:30,Matchweek 19,Home,W,3,1,Liverpool,1.6,0.9,28.0,10.0,7.0,Brentford,2023
550,2023-01-14,17:30,Matchweek 20,Home,W,2,0,Bournemouth,1.4,0.6,50.0,11.0,3.0,Brentford,2023
551,2023-01-22,14:00,Matchweek 21,Away,D,0,0,Leeds United,0.4,0.5,42.0,6.0,0.0,Brentford,2023
552,2023-02-04,15:00,Matchweek 22,Home,W,3,0,Southampton,2.0,0.7,49.0,14.0,3.0,Brentford,2023
553,2023-02-11,15:00,Matchweek 23,Away,D,1,1,Arsenal,2.0,1.6,31.0,9.0,2.0,Brentford,2023
554,2023-02-18,15:00,Matchweek 24,Home,D,1,1,Crystal Palace,0.9,1.1,59.0,12.0,5.0,Brentford,2023
555,2023-03-06,20:00,Matchweek 26,Home,W,3,2,Fulham,2.1,1.4,37.0,13.0,5.0,Brentford,2023
556,2023-03-11,15:00,Matchweek 27,Away,L,0,1,Everton,2.0,1.0,67.0,12.0,3.0,Brentford,2023
557,2023-03-15,19:30,Matchweek 7,Away,W,2,0,Southampton,1.9,0.5,34.0,11.0,4.0,Brentford,2023
558,2023-03-18,15:00,Matchweek 28,Home,D,1,1,Leicester City,0.6,1.3,53.0,11.0,2.0,Brentford,2023
559,2023-04-01,15:00,Matchweek 29,Away,D,3,3,Brighton,1.6,4.2,28.0,7.0,5.0,Brentford,2023
560,2023-04-05,20:00,Matchweek 25,Away,L,0,1,Manchester United,0.7,1.2,36.0,6.0,1.0,Brentford,2023
561,2023-04-08,15:00,Matchweek 30,Home,L,1,2,Newcastle United,2.6,1.3,42.0,10.0,4.0,Brentford,2023
562,2023-04-15,15:00,Matchweek 31,Away,L,0,2,Wolverhampton Wanderers,1.1,0.8,50.0,10.0,3.0,Brentford,2023
563,2023-04-22,15:00,Matchweek 32,Home,D,1,1,Aston Villa,2.7,1.5,44.0,16.0,5.0,Brentford,2023
564,2023-04-26,19:45,Matchweek 33,Away,W,2,0,Chelsea,1.1,1.3,29.0,7.0,1.0,Brentford,2023
565,2023-04-29,15:00,Matchweek 34,Home,W,2,1,Nottingham Forest,1.6,0.7,68.0,14.0,8.0,Brentford,2023
566,2023-05-06,17:30,Matchweek 35,Away,L,0,1,Liverpool,0.2,2.2,46.0,5.0,1.0,Brentford,2023
567,2023-05-14,14:00,Matchweek 36,Home,W,2,0,West Ham,3.4,0.2,53.0,24.0,9.0,Brentford,2023
568,2023-05-20,12:30,Matchweek 37,Away,W,3,1,Tottenham Hotspur,1.2,1.7,39.0,11.0,4.0,Brentford,2023
569,2023-05-28,16:30,Matchweek 38,Home,W,1,0,Manchester City,1.3,1.6,35.0,11.0,4.0,Brentford,2023
570,2023-08-13,14:00,Matchweek 1,Home,D,2,2,Tottenham Hotspur,2.2,1.3,31.0,10.0,5.0,Brentford,2024
571,2023-08-19,15:00,Matchweek 2,Away,W,3,0,Fulham,3.7,0.5,45.0,16.0,7.0,Brentford,2024
572,2023-08-26,15:00,Matchweek 3,Home,D,1,1,Crystal Palace,1.0,0.8,60.0,12.0,1.0,Brentford,2024
573,2023-09-02,15:00,Matchweek 4,Home,D,2,2,Bournemouth,2.9,2.1,60.0,21.0,7.0,Brentford,2024
574,2023-09-16,17:30,Matchweek 5,Away,L,0,1,Newcastle United,0.5,1.4,44.0,11.0,2.0,Brentford,2024
575,2023-09-23,17:30,Matchweek 6,Home,L,1,3,Everton,1.0,1.9,57.0,12.0,2.0,Brentford,2024
576,2023-10-01,14:00,Matchweek 7,Away,D,1,1,Nottingham Forest,1.6,0.5,59.0,18.0,3.0,Brentford,2024
577,2023-10-07,15:00,Matchweek 8,Away,L,1,2,Manchester United,0.9,1.4,36.0,11.0,3.0,Brentford,2024
578,2023-10-21,15:00,Matchweek 9,Home,W,3,0,Burnley,3.1,1.1,50.0,23.0,9.0,Brentford,2024
579,2023-10-28,12:30,Matchweek 10,Away,W,2,0,Chelsea,2.2,1.9,32.0,7.0,5.0,Brentford,2024
580,2023-11-04,15:00,Matchweek 11,Home,W,3,2,West Ham,1.5,1.8,58.0,16.0,4.0,Brentford,2024
581,2023-11-12,14:00,Matchweek 12,Away,L,0,3,Liverpool,1.6,1.7,42.0,16.0,3.0,Brentford,2024
582,2023-11-25,17:30,Matchweek 13,Home,L,0,1,Arsenal,1.1,1.6,37.0,9.0,1.0,Brentford,2024
583,2023-12-02,15:00,Matchweek 14,Home,W,3,1,Luton Town,3.1,0.2,68.0,27.0,6.0,Brentford,2024
584,2023-12-06,19:30,Matchweek 15,Away,L,1,2,Brighton,1.5,1.5,39.0,7.0,0.0,Brentford,2024
585,2023-12-09,15:00,Matchweek 16,Away,L,0,1,Sheffield United,0.6,0.8,59.0,10.0,4.0,Brentford,2024
586,2023-12-17,14:00,Matchweek 17,Home,L,1,2,Aston Villa,0.5,1.4,34.0,4.0,3.0,Brentford,2024
587,2023-12-27,19:30,Matchweek 19,Home,L,1,4,Wolverhampton Wanderers,2.2,2.4,60.0,14.0,4.0,Brentford,2024
588,2023-12-30,15:00,Matchweek 20,Away,L,1,3,Crystal Palace,1.4,1.0,54.0,9.0,4.0,Brentford,2024
589,2024-01-20,17:30,Matchweek 21,Home,W,3,2,Nottingham Forest,1.2,1.2,48.0,11.0,5.0,Brentford,2024
590,2024-01-31,19:30,Matchweek 22,Away,L,2,3,Tottenham Hotspur,1.6,2.9,33.0,9.0,5.0,Brentford,2024
591,2024-02-05,20:00,Matchweek 23,Home,L,1,3,Manchester City,1.0,2.1,28.0,9.0,2.0,Brentford,2024
592,2024-02-10,15:00,Matchweek 24,Away,W,2,0,Wolverhampton Wanderers,1.9,1.0,29.0,9.0,6.0,Brentford,2024
593,2024-02-17,12:30,Matchweek 25,Home,L,1,4,Liverpool,1.6,2.8,38.0,15.0,6.0,Brentford,2024
594,2024-02-20,19:30,Matchweek 18,Away,L,0,1,Manchester City,0.4,2.3,30.0,6.0,2.0,Brentford,2024
595,2024-02-26,20:00,Matchweek 26,Away,L,2,4,West Ham,0.9,1.7,59.0,14.0,7.0,Brentford,2024
596,2024-03-02,15:00,Matchweek 27,Home,D,2,2,Chelsea,1.8,1.8,33.0,14.0,5.0,Brentford,2024
597,2024-03-09,17:30,Matchweek 28,Away,L,1,2,Arsenal,1.0,1.3,29.0,9.0,4.0,Brentford,2024
598,2024-03-16,15:00,Matchweek 29,Away,L,1,2,Burnley,1.1,2.8,40.0,9.0,5.0,Brentford,2024
599,2024-03-30,20:00,Matchweek 30,Home,D,1,1,Manchester United,3.2,0.6,47.0,31.0,5.0,Brentford,2024
600,2024-04-03,19:30,Matchweek 31,Home,D,0,0,Brighton,0.6,1.1,34.0,5.0,2.0,Brentford,2024
601,2024-04-06,15:00,Matchweek 32,Away,D,3,3,Aston Villa,1.5,1.5,31.0,8.0,3.0,Brentford,2024
602,2024-04-13,15:00,Matchweek 33,Home,W,2,0,Sheffield United,1.0,0.8,53.0,9.0,5.0,Brentford,2024
603,2024-04-20,15:00,Matchweek 34,Away,W,5,1,Luton Town,3.1,0.6,47.0,21.0,9.0,Brentford,2024
604,2024-04-27,17:30,Matchweek 35,Away,L,0,1,Everton,0.9,0.8,52.0,10.0,4.0,Brentford,2024
605,2024-05-04,15:00,Matchweek 36,Home,D,0,0,Fulham,0.6,1.3,54.0,7.0,2.0,Brentford,2024
606,2024-05-11,15:00,Matchweek 37,Away,W,2,1,Bournemouth,1.1,0.7,52.0,11.0,4.0,Brentford,2024
607,2024-05-19,16:00,Matchweek 38,Home,L,2,4,Newcastle United,1.1,3.4,54.0,10.0,5.0,Brentford,2024
608,2024-08-18,14:00,Matchweek 1,Home,W,2,1,Crystal Palace,1.6,1.2,46.0,9.0,5.0,Brentford,2025
609,2024-08-25,16:30,Matchweek 2,Away,L,0,2,Liverpool,0.5,2.5,38.0,8.0,2.0,Brentford,2025
610,2024-08-31,15:00,Matchweek 3,Home,W,3,1,Southampton,2.8,1.5,37.0,20.0,7.0,Brentford,2025
611,2024-09-14,15:00,Matchweek 4,Away,L,1,2,Manchester City,1.0,2.1,46.0,8.0,5.0,Brentford,2025
612,2024-09-21,15:00,Matchweek 5,Away,L,1,3,Tottenham Hotspur,0.8,3.5,52.0,6.0,6.0,Brentford,2025
613,2024-09-28,15:00,Matchweek 6,Home,D,1,1,West Ham,0.4,1.0,57.0,8.0,3.0,Brentford,2025
614,2024-10-05,15:00,Matchweek 7,Home,W,5,3,Wolverhampton Wanderers,4.2,1.0,44.0,18.0,11.0,Brentford,2025
615,2024-10-19,15:00,Matchweek 8,Away,L,1,2,Manchester United,0.9,1.3,50.0,8.0,2.0,Brentford,2025
616,2024-10-26,15:00,Matchweek 9,Home,W,4,3,Ipswich Town,4.0,1.3,65.0,19.0,8.0,Brentford,2025
617,2024-11-04,20:00,Matchweek 10,Away,L,1,2,Fulham,0.6,1.3,32.0,5.0,2.0,Brentford,2025
618,2024-11-09,15:00,Matchweek 11,Home,W,3,2,Bournemouth,1.5,2.6,51.0,12.0,6.0,Brentford,2025
619,2024-11-23,15:00,Matchweek 12,Away,D,0,0,Everton,1.1,1.2,41.0,9.0,2.0,Brentford,2025
620,2024-11-30,15:00,Matchweek 13,Home,W,4,1,Leicester City,2.4,1.1,60.0,13.0,6.0,Brentford,2025
621,2024-12-04,20:15,Matchweek 14,Away,L,1,3,Aston Villa,0.9,2.4,51.0,9.0,1.0,Brentford,2025
622,2024-12-07,15:00,Matchweek 15,Home,W,4,2,Newcastle United,1.2,1.5,43.0,11.0,7.0,Brentford,2025
623,2024-12-15,19:00,Matchweek 16,Away,L,1,2,Chelsea,1.6,2.2,38.0,9.0,4.0,Brentford,2025
624,2024-12-21,15:00,Matchweek 17,Home,L,0,2,Nottingham Forest,0.7,0.9,64.0,7.0,3.0,Brentford,2025
625,2024-12-27,19:30,Matchweek 18,Away,D,0,0,Brighton,1.1,1.3,43.0,8.0,3.0,Brentford,2025
626,2025-01-01,17:30,Matchweek 19,Home,L,1,3,Arsenal,0.3,1.9,50.0,5.0,2.0,Brentford,2025
627,2025-01-04,15:00,Matchweek 20,Away,W,5,0,Southampton,4.4,0.3,50.0,19.0,9.0,Brentford,2025
628,2025-01-14,19:30,Matchweek 21,Home,D,2,2,Manchester City,2.5,2.2,45.0,18.0,5.0,Brentford,2025
629,2025-01-18,15:00,Matchweek 22,Home,L,0,2,Liverpool,0.7,3.4,40.0,11.0,6.0,Brentford,2025
630,2025-01-26,14:00,Matchweek 23,Away,W,2,1,Crystal Palace,1.3,1.1,53.0,11.0,5.0,Brentford,2025
631,2025-02-02,14:00,Matchweek 24,Home,L,0,2,Tottenham Hotspur,2.1,0.8,54.0,20.0,3.0,Brentford,2025
632,2025-02-15,15:00,Matchweek 25,Away,W,1,0,West Ham,1.6,0.8,42.0,14.0,5.0,Brentford,2025
633,2025-02-21,20:00,Matchweek 26,Away,W,4,0,Leicester City,1.5,0.5,52.0,14.0,6.0,Brentford,2025
634,2025-02-26,19:30,Matchweek 27,Home,D,1,1,Everton,1.4,1.5,52.0,12.0,3.0,Brentford,2025
635,2025-03-08,17:30,Matchweek 28,Home,L,0,1,Aston Villa,0.8,1.3,59.0,13.0,3.0,Brentford,2025
636,2025-03-15,17:30,Matchweek 29,Away,W,2,1,Bournemouth,0.8,1.6,42.0,10.0,4.0,Brentford,2025
637,2025-04-02,19:45,Matchweek 30,Away,L,1,2,Newcastle United,1.5,1.3,51.0,11.0,2.0,Brentford,2025
638,2025-04-06,14:00,Matchweek 31,Home,D,0,0,Chelsea,1.1,1.2,42.0,9.0,2.0,Brentford,2025
639,2025-04-12,17:30,Matchweek 32,Away,D,1,1,Arsenal,0.2,1.0,37.0,3.0,2.0,Brentford,2025
640,2025-04-19,15:00,Matchweek 33,Home,W,4,2,Brighton,2.1,1.4,47.0,16.0,8.0,Brentford,2025
641,2025-05-01,19:30,Matchweek 34,Away,W,2,0,Nottingham Forest,1.3,0.9,45.0,11.0,3.0,Brentford,2025
642,2025-05-04,14:00,Matchweek 35,Home,W,4,3,Manchester United,2.8,1.5,47.0,12.0,6.0,Brentford,2025
643,2025-05-10,15:00,Matchweek 36,Away,W,1,0,Ipswich Town,1.4,0.9,51.0,15.0,5.0,Brentford,2025
644,2025-05-18,15:00,Matchweek 37,Home,L,2,3,Fulham,2.5,1.0,51.0,10.0,4.0,Brentford,2025
645,2025-05-25,16:00,Matchweek 38,Away,D,1,1,Wolverhampton Wanderers,1.4,1.0,51.0,13.0,7.0,Brentford,2025
646,2020-09-14,20:15,Matchweek 1,Home,L,1,3,Chelsea,1.1,1.2,52.0,13.0,3.0,Brighton,2021
647,2020-09-20,14:00,Matchweek 2,Away,W,3,0,Newcastle United,1.8,0.5,53.0,12.0,5.0,Brighton,2021
648,2020-09-26,12:30,Matchweek 3,Home,L,2,3,Manchester United,2.5,1.5,53.0,17.0,4.0,Brighton,2021
649,2020-10-03,15:00,Matchweek 4,Away,L,2,4,Everton,1.3,1.6,57.0,11.0,3.0,Brighton,2021
650,2020-10-18,14:00,Matchweek 5,Away,D,1,1,Crystal Palace,1.7,0.8,66.0,20.0,3.0,Brighton,2021
651,2020-10-26,17:30,Matchweek 6,Home,D,1,1,West Brom,0.5,0.4,50.0,5.0,3.0,Brighton,2021
652,2020-11-01,19:15,Matchweek 7,Away,L,1,2,Tottenham Hotspur,0.3,1.7,56.0,6.0,2.0,Brighton,2021
653,2020-11-06,17:30,Matchweek 8,Home,D,0,0,Burnley,1.5,0.5,59.0,19.0,3.0,Brighton,2021
654,2020-11-21,15:00,Matchweek 9,Away,W,2,1,Aston Villa,1.4,1.5,44.0,7.0,3.0,Brighton,2021
655,2020-11-28,12:30,Matchweek 10,Home,D,1,1,Liverpool,2.3,0.2,40.0,9.0,2.0,Brighton,2021
656,2020-12-07,20:00,Matchweek 11,Home,L,1,2,Southampton,1.9,1.4,48.0,11.0,3.0,Brighton,2021
657,2020-12-13,19:15,Matchweek 12,Away,L,0,3,Leicester City,0.9,1.5,46.0,12.0,4.0,Brighton,2021
658,2020-12-16,20:00,Matchweek 13,Away,D,0,0,Fulham,0.5,1.0,54.0,9.0,4.0,Brighton,2021
659,2020-12-20,12:00,Matchweek 14,Home,D,1,1,Sheffield United,2.8,0.5,73.0,21.0,4.0,Brighton,2021
660,2020-12-27,14:15,Matchweek 15,Away,D,2,2,West Ham,1.1,1.3,56.0,13.0,4.0,Brighton,2021
661,2020-12-29,18:00,Matchweek 16,Home,L,0,1,Arsenal,0.8,1.1,50.0,13.0,2.0,Brighton,2021
662,2021-01-02,17:30,Matchweek 17,Home,D,3,3,Wolverhampton Wanderers,2.2,1.6,54.0,12.0,3.0,Brighton,2021
663,2021-01-13,18:00,Matchweek 18,Away,L,0,1,Manchester City,0.2,2.0,35.0,5.0,1.0,Brighton,2021
664,2021-01-16,15:00,Matchweek 19,Away,W,1,0,Leeds United,1.4,0.3,34.0,7.0,2.0,Brighton,2021
665,2021-01-27,19:30,Matchweek 20,Home,D,0,0,Fulham,1.8,0.5,50.0,16.0,5.0,Brighton,2021
666,2021-01-31,19:15,Matchweek 21,Home,W,1,0,Tottenham Hotspur,1.6,0.4,43.0,16.0,3.0,Brighton,2021
667,2021-02-03,20:15,Matchweek 22,Away,W,1,0,Liverpool,1.3,1.0,37.0,13.0,4.0,Brighton,2021
668,2021-02-06,15:00,Matchweek 23,Away,D,1,1,Burnley,0.5,1.8,45.0,10.0,2.0,Brighton,2021
669,2021-02-13,20:00,Matchweek 24,Home,D,0,0,Aston Villa,2.2,0.1,58.0,26.0,9.0,Brighton,2021
670,2021-02-22,20:00,Matchweek 25,Home,L,1,2,Crystal Palace,2.4,0.2,74.0,25.0,5.0,Brighton,2021
671,2021-02-27,15:00,Matchweek 26,Away,L,0,1,West Brom,2.9,0.8,68.0,13.0,6.0,Brighton,2021
672,2021-03-06,20:00,Matchweek 27,Home,L,1,2,Leicester City,0.8,0.9,37.0,7.0,2.0,Brighton,2021
673,2021-03-14,12:00,Matchweek 28,Away,W,2,1,Southampton,0.8,0.6,41.0,8.0,6.0,Brighton,2021
674,2021-03-20,20:00,Matchweek 29,Home,W,3,0,Newcastle United,0.9,0.1,65.0,11.0,6.0,Brighton,2021
675,2021-04-04,19:30,Matchweek 30,Away,L,1,2,Manchester United,1.2,1.5,43.0,5.0,3.0,Brighton,2021
676,2021-04-12,20:15,Matchweek 31,Home,D,0,0,Everton,1.2,0.4,55.0,23.0,3.0,Brighton,2021
677,2021-04-20,20:15,Matchweek 32,Away,D,0,0,Chelsea,0.5,0.7,36.0,11.0,2.0,Brighton,2021
678,2021-04-24,20:00,Matchweek 33,Away,L,0,1,Sheffield United,2.0,0.7,68.0,17.0,4.0,Brighton,2021
679,2021-05-01,15:00,Matchweek 34,Home,W,2,0,Leeds United,2.3,0.6,42.0,16.0,4.0,Brighton,2021
680,2021-05-09,12:00,Matchweek 35,Away,L,1,2,Wolverhampton Wanderers,0.3,1.1,39.0,5.0,3.0,Brighton,2021
681,2021-05-15,20:00,Matchweek 36,Home,D,1,1,West Ham,0.8,1.7,51.0,10.0,2.0,Brighton,2021
682,2021-05-18,19:00,Matchweek 37,Home,W,3,2,Manchester City,1.1,0.9,63.0,19.0,6.0,Brighton,2021
683,2021-05-23,16:00,Matchweek 38,Away,L,0,2,Arsenal,0.2,0.8,46.0,5.0,1.0,Brighton,2021
684,2021-08-14,15:00,Matchweek 1,Away,W,2,1,Burnley,1.0,1.5,63.0,14.0,6.0,Brighton,2022
685,2021-08-21,17:30,Matchweek 2,Home,W,2,0,Watford,1.3,0.5,56.0,13.0,3.0,Brighton,2022
686,2021-08-28,15:00,Matchweek 3,Home,L,0,2,Everton,0.7,1.4,65.0,14.0,3.0,Brighton,2022
687,2021-09-11,15:00,Matchweek 4,Away,W,1,0,Brentford,0.3,0.4,59.0,4.0,2.0,Brighton,2022
688,2021-09-19,14:00,Matchweek 5,Home,W,2,1,Leicester City,1.7,1.6,37.0,11.0,4.0,Brighton,2022
689,2021-09-27,20:00,Matchweek 6,Away,D,1,1,Crystal Palace,0.8,1.4,53.0,8.0,4.0,Brighton,2022
690,2021-10-02,17:30,Matchweek 7,Home,D,0,0,Arsenal,1.1,0.4,58.0,21.0,2.0,Brighton,2022
691,2021-10-16,15:00,Matchweek 8,Away,D,0,0,Norwich City,0.8,1.2,64.0,11.0,3.0,Brighton,2022
692,2021-10-23,17:30,Matchweek 9,Home,L,1,4,Manchester City,1.3,3.8,48.0,9.0,4.0,Brighton,2022
693,2021-10-30,15:00,Matchweek 10,Away,D,2,2,Liverpool,1.0,1.5,42.0,9.0,6.0,Brighton,2022
694,2021-11-06,17:30,Matchweek 11,Home,D,1,1,Newcastle United,1.5,0.3,65.0,13.0,4.0,Brighton,2022
695,2021-11-20,15:00,Matchweek 12,Away,L,0,2,Aston Villa,0.4,0.7,62.0,6.0,2.0,Brighton,2022
696,2021-11-27,17:30,Matchweek 13,Home,D,0,0,Leeds United,2.1,0.6,57.0,20.0,4.0,Brighton,2022
697,2021-12-01,19:30,Matchweek 14,Away,D,1,1,West Ham,1.3,1.3,65.0,9.0,3.0,Brighton,2022
698,2021-12-04,15:00,Matchweek 15,Away,D,1,1,Southampton,1.6,1.6,56.0,14.0,4.0,Brighton,2022
699,2021-12-15,19:30,Matchweek 17,Home,L,0,1,Wolverhampton Wanderers,1.2,1.0,59.0,12.0,2.0,Brighton,2022
700,2021-12-26,20:00,Matchweek 19,Home,W,2,0,Brentford,0.8,0.7,50.0,15.0,5.0,Brighton,2022
701,2021-12-29,19:30,Matchweek 20,Away,D,1,1,Chelsea,0.9,0.7,53.0,18.0,6.0,Brighton,2022
702,2022-01-02,14:00,Matchweek 21,Away,W,3,2,Everton,1.7,1.6,50.0,12.0,5.0,Brighton,2022
703,2022-01-14,20:00,Matchweek 22,Home,D,1,1,Crystal Palace,2.0,0.2,63.0,18.0,3.0,Brighton,2022
704,2022-01-18,20:00,Matchweek 24,Home,D,1,1,Chelsea,0.7,0.7,44.0,10.0,2.0,Brighton,2022
705,2022-01-23,14:00,Matchweek 23,Away,D,1,1,Leicester City,1.1,1.4,56.0,14.0,4.0,Brighton,2022
706,2022-02-12,15:00,Matchweek 25,Away,W,2,0,Watford,1.6,0.5,64.0,11.0,5.0,Brighton,2022
707,2022-02-15,20:15,Matchweek 18,Away,L,0,2,Manchester United,0.7,1.7,50.0,10.0,3.0,Brighton,2022
708,2022-02-19,15:00,Matchweek 26,Home,L,0,3,Burnley,0.6,0.7,68.0,11.0,1.0,Brighton,2022
709,2022-02-26,15:00,Matchweek 27,Home,L,0,2,Aston Villa,0.7,1.0,66.0,12.0,1.0,Brighton,2022
710,2022-03-05,15:00,Matchweek 28,Away,L,1,2,Newcastle United,1.5,1.7,68.0,15.0,4.0,Brighton,2022
711,2022-03-12,12:30,Matchweek 29,Home,L,0,2,Liverpool,0.5,2.2,52.0,8.0,3.0,Brighton,2022
712,2022-03-16,19:30,Matchweek 16,Home,L,0,2,Tottenham Hotspur,0.7,2.2,48.0,15.0,0.0,Brighton,2022
713,2022-04-02,15:00,Matchweek 31,Home,D,0,0,Norwich City,2.8,0.4,63.0,30.0,4.0,Brighton,2022
714,2022-04-09,15:00,Matchweek 32,Away,W,2,1,Arsenal,0.6,1.9,36.0,8.0,3.0,Brighton,2022
715,2022-04-16,12:30,Matchweek 33,Away,W,1,0,Tottenham Hotspur,0.6,0.5,51.0,12.0,4.0,Brighton,2022
716,2022-04-20,20:00,Matchweek 30,Away,L,0,3,Manchester City,0.2,1.3,35.0,2.0,1.0,Brighton,2022
717,2022-04-24,14:00,Matchweek 34,Home,D,2,2,Southampton,1.7,0.9,48.0,8.0,5.0,Brighton,2022
718,2022-04-30,15:00,Matchweek 35,Away,W,3,0,Wolverhampton Wanderers,2.6,0.7,51.0,15.0,8.0,Brighton,2022
719,2022-05-07,17:30,Matchweek 36,Home,W,4,0,Manchester United,2.3,0.9,42.0,17.0,5.0,Brighton,2022
720,2022-05-15,14:00,Matchweek 37,Away,D,1,1,Leeds United,2.2,1.6,50.0,15.0,6.0,Brighton,2022
721,2022-05-22,16:00,Matchweek 38,Home,W,3,1,West Ham,1.6,0.2,50.0,18.0,7.0,Brighton,2022
722,2022-08-07,14:00,Matchweek 1,Away,W,2,1,Manchester United,1.5,1.4,38.0,15.0,4.0,Brighton,2023
723,2022-08-13,15:00,Matchweek 2,Home,D,0,0,Newcastle United,1.5,0.2,54.0,13.0,5.0,Brighton,2023
724,2022-08-21,14:00,Matchweek 3,Away,W,2,0,West Ham,1.7,0.8,50.0,10.0,1.0,Brighton,2023
725,2022-08-27,15:00,Matchweek 4,Home,W,1,0,Leeds United,2.0,1.8,44.0,13.0,4.0,Brighton,2023
726,2022-08-30,19:30,Matchweek 5,Away,L,1,2,Fulham,1.4,0.7,61.0,6.0,2.0,Brighton,2023
727,2022-09-04,14:00,Matchweek 6,Home,W,5,2,Leicester City,2.6,1.4,53.0,22.0,10.0,Brighton,2023
728,2022-10-01,15:00,Matchweek 9,Away,D,3,3,Liverpool,1.4,1.5,46.0,6.0,6.0,Brighton,2023
729,2022-10-08,17:30,Matchweek 10,Home,L,0,1,Tottenham Hotspur,0.7,0.8,59.0,14.0,4.0,Brighton,2023
730,2022-10-14,20:00,Matchweek 11,Away,L,0,2,Brentford,1.9,1.5,72.0,21.0,7.0,Brighton,2023
731,2022-10-18,19:30,Matchweek 12,Home,D,0,0,Nottingham Forest,1.7,0.1,70.0,19.0,7.0,Brighton,2023
732,2022-10-22,15:00,Matchweek 13,Away,L,1,3,Manchester City,0.5,1.6,52.0,8.0,2.0,Brighton,2023
733,2022-10-29,15:00,Matchweek 14,Home,W,4,1,Chelsea,2.4,1.4,41.0,19.0,7.0,Brighton,2023
734,2022-11-05,15:00,Matchweek 15,Away,W,3,2,Wolverhampton Wanderers,1.5,1.2,71.0,19.0,8.0,Brighton,2023
735,2022-11-13,14:00,Matchweek 16,Home,L,1,2,Aston Villa,0.6,1.5,65.0,7.0,2.0,Brighton,2023
736,2022-12-26,15:00,Matchweek 17,Away,W,3,1,Southampton,0.6,1.9,66.0,7.0,4.0,Brighton,2023
737,2022-12-31,17:30,Matchweek 18,Home,L,2,4,Arsenal,1.2,2.9,68.0,9.0,5.0,Brighton,2023
738,2023-01-03,19:45,Matchweek 19,Away,W,4,1,Everton,2.2,1.3,51.0,19.0,8.0,Brighton,2023
739,2023-01-14,15:00,Matchweek 20,Home,W,3,0,Liverpool,1.9,1.0,61.0,16.0,8.0,Brighton,2023
740,2023-01-21,15:00,Matchweek 21,Away,D,2,2,Leicester City,1.7,0.9,63.0,13.0,4.0,Brighton,2023
741,2023-02-04,15:00,Matchweek 22,Home,W,1,0,Bournemouth,2.2,1.1,71.0,20.0,6.0,Brighton,2023
742,2023-02-11,15:00,Matchweek 23,Away,D,1,1,Crystal Palace,2.5,1.1,73.0,17.0,7.0,Brighton,2023
743,2023-02-18,15:00,Matchweek 24,Home,L,0,1,Fulham,2.2,0.3,65.0,21.0,7.0,Brighton,2023
744,2023-03-04,15:00,Matchweek 26,Home,W,4,0,West Ham,3.5,0.3,65.0,19.0,8.0,Brighton,2023
745,2023-03-11,15:00,Matchweek 27,Away,D,2,2,Leeds United,2.7,0.9,62.0,15.0,3.0,Brighton,2023
746,2023-03-15,19:30,Matchweek 8,Home,W,1,0,Crystal Palace,0.6,1.1,57.0,11.0,5.0,Brighton,2023
747,2023-04-01,15:00,Matchweek 29,Home,D,3,3,Brentford,4.2,1.6,72.0,32.0,13.0,Brighton,2023
748,2023-04-04,19:45,Matchweek 7,Away,W,2,0,Bournemouth,2.7,1.7,63.0,16.0,6.0,Brighton,2023
749,2023-04-08,15:00,Matchweek 30,Away,L,1,2,Tottenham Hotspur,1.4,0.8,65.0,17.0,4.0,Brighton,2023
750,2023-04-15,15:00,Matchweek 31,Away,W,2,1,Chelsea,2.9,0.5,57.0,26.0,10.0,Brighton,2023
751,2023-04-26,19:30,Matchweek 33,Away,L,1,3,Nottingham Forest,2.3,2.4,74.0,17.0,7.0,Brighton,2023
752,2023-04-29,15:00,Matchweek 34,Home,W,6,0,Wolverhampton Wanderers,3.3,0.8,57.0,22.0,8.0,Brighton,2023
753,2023-05-04,20:00,Matchweek 28,Home,W,1,0,Manchester United,2.3,1.4,59.0,21.0,5.0,Brighton,2023
754,2023-05-08,17:30,Matchweek 35,Home,L,1,5,Everton,3.2,2.3,78.0,23.0,5.0,Brighton,2023
755,2023-05-14,16:30,Matchweek 36,Away,W,3,0,Arsenal,1.7,0.9,59.0,12.0,6.0,Brighton,2023
756,2023-05-18,19:30,Matchweek 25,Away,L,1,4,Newcastle United,0.5,3.6,65.0,8.0,2.0,Brighton,2023
757,2023-05-21,14:00,Matchweek 37,Home,W,3,1,Southampton,2.5,0.6,63.0,26.0,8.0,Brighton,2023
758,2023-05-24,20:00,Matchweek 32,Home,D,1,1,Manchester City,2.2,1.8,40.0,20.0,7.0,Brighton,2023
759,2023-05-28,16:30,Matchweek 38,Away,L,1,2,Aston Villa,1.4,2.8,59.0,8.0,4.0,Brighton,2023
760,2023-08-12,15:00,Matchweek 1,Home,W,4,1,Luton Town,4.0,1.5,70.0,26.0,11.0,Brighton,2024
761,2023-08-19,15:00,Matchweek 2,Away,W,4,1,Wolverhampton Wanderers,2.2,2.1,53.0,16.0,8.0,Brighton,2024
762,2023-08-26,17:30,Matchweek 3,Home,L,1,3,West Ham,1.5,3.0,78.0,25.0,10.0,Brighton,2024
763,2023-09-02,17:30,Matchweek 4,Home,W,3,1,Newcastle United,1.3,1.2,56.0,15.0,6.0,Brighton,2024
764,2023-09-16,15:00,Matchweek 5,Away,W,3,1,Manchester United,1.7,1.0,56.0,10.0,8.0,Brighton,2024
765,2023-09-24,14:00,Matchweek 6,Home,W,3,1,Bournemouth,1.9,1.1,61.0,13.0,4.0,Brighton,2024
766,2023-09-30,12:30,Matchweek 7,Away,L,1,6,Aston Villa,1.7,1.6,61.0,11.0,3.0,Brighton,2024
767,2023-10-08,14:00,Matchweek 8,Home,D,2,2,Liverpool,2.3,2.3,46.0,14.0,3.0,Brighton,2024
768,2023-10-21,15:00,Matchweek 9,Away,L,1,2,Manchester City,0.8,0.8,45.0,5.0,3.0,Brighton,2024
769,2023-10-29,14:00,Matchweek 10,Home,D,1,1,Fulham,1.4,0.7,71.0,18.0,6.0,Brighton,2024
770,2023-11-04,15:00,Matchweek 11,Away,D,1,1,Everton,0.5,0.7,79.0,7.0,2.0,Brighton,2024
771,2023-11-12,14:00,Matchweek 12,Home,D,1,1,Sheffield United,1.5,1.1,61.0,11.0,6.0,Brighton,2024
772,2023-11-25,15:00,Matchweek 13,Away,W,3,2,Nottingham Forest,1.3,1.9,53.0,9.0,4.0,Brighton,2024
773,2023-12-03,14:00,Matchweek 14,Away,L,2,3,Chelsea,1.1,2.1,68.0,18.0,9.0,Brighton,2024
774,2023-12-06,19:30,Matchweek 15,Home,W,2,1,Brentford,1.5,1.5,61.0,18.0,7.0,Brighton,2024
775,2023-12-09,15:00,Matchweek 16,Home,D,1,1,Burnley,2.6,0.6,72.0,29.0,11.0,Brighton,2024
776,2023-12-17,14:00,Matchweek 17,Away,L,0,2,Arsenal,0.7,2.3,51.0,6.0,1.0,Brighton,2024
777,2023-12-21,20:00,Matchweek 18,Away,D,1,1,Crystal Palace,1.2,1.3,65.0,18.0,6.0,Brighton,2024
778,2023-12-28,19:30,Matchweek 19,Home,W,4,2,Tottenham Hotspur,3.2,2.3,45.0,13.0,7.0,Brighton,2024
779,2024-01-02,19:30,Matchweek 20,Away,D,0,0,West Ham,2.3,0.7,68.0,22.0,8.0,Brighton,2024
780,2024-01-22,19:45,Matchweek 21,Home,D,0,0,Wolverhampton Wanderers,1.0,1.1,72.0,11.0,3.0,Brighton,2024
781,2024-01-30,19:45,Matchweek 22,Away,L,0,4,Luton Town,0.9,3.1,59.0,9.0,2.0,Brighton,2024
782,2024-02-03,15:00,Matchweek 23,Home,W,4,1,Crystal Palace,1.4,0.3,68.0,13.0,6.0,Brighton,2024
783,2024-02-10,15:00,Matchweek 24,Away,L,1,2,Tottenham Hotspur,1.2,1.6,48.0,5.0,2.0,Brighton,2024
784,2024-02-18,14:00,Matchweek 25,Away,W,5,0,Sheffield United,2.9,0.6,79.0,24.0,9.0,Brighton,2024
785,2024-02-24,15:00,Matchweek 26,Home,D,1,1,Everton,1.4,0.3,64.0,23.0,7.0,Brighton,2024
786,2024-03-02,15:00,Matchweek 27,Away,L,0,3,Fulham,1.3,1.3,70.0,15.0,5.0,Brighton,2024
787,2024-03-10,14:00,Matchweek 28,Home,W,1,0,Nottingham Forest,0.4,0.7,63.0,10.0,3.0,Brighton,2024
788,2024-03-31,14:00,Matchweek 30,Away,L,1,2,Liverpool,0.5,2.8,45.0,9.0,3.0,Brighton,2024
789,2024-04-03,19:30,Matchweek 31,Away,D,0,0,Brentford,1.1,0.6,66.0,24.0,6.0,Brighton,2024
790,2024-04-06,17:30,Matchweek 32,Home,L,0,3,Arsenal,0.5,3.4,54.0,10.0,2.0,Brighton,2024
791,2024-04-13,15:00,Matchweek 33,Away,D,1,1,Burnley,0.9,1.7,56.0,20.0,8.0,Brighton,2024
792,2024-04-25,20:00,Matchweek 29,Home,L,0,4,Manchester City,0.6,1.4,36.0,7.0,3.0,Brighton,2024
793,2024-04-28,14:00,Matchweek 35,Away,L,0,3,Bournemouth,0.9,1.9,69.0,13.0,1.0,Brighton,2024
794,2024-05-05,14:00,Matchweek 36,Home,W,1,0,Aston Villa,2.5,0.1,52.0,14.0,7.0,Brighton,2024
795,2024-05-11,15:00,Matchweek 37,Away,D,1,1,Newcastle United,1.4,2.2,43.0,15.0,4.0,Brighton,2024
796,2024-05-15,19:45,Matchweek 34,Home,L,1,2,Chelsea,1.3,1.5,55.0,12.0,2.0,Brighton,2024
797,2024-05-19,16:00,Matchweek 38,Home,L,0,2,Manchester United,1.7,1.3,55.0,17.0,2.0,Brighton,2024
798,2024-08-17,15:00,Matchweek 1,Away,W,3,0,Everton,1.4,0.5,60.0,10.0,5.0,Brighton,2025
799,2024-08-24,12:30,Matchweek 2,Home,W,2,1,Manchester United,2.1,1.4,48.0,14.0,4.0,Brighton,2025
800,2024-08-31,12:30,Matchweek 3,Away,D,1,1,Arsenal,1.7,2.1,64.0,22.0,4.0,Brighton,2025
801,2024-09-14,15:00,Matchweek 4,Home,D,0,0,Ipswich Town,1.6,0.3,68.0,21.0,6.0,Brighton,2025
802,2024-09-22,14:00,Matchweek 5,Home,D,2,2,Nottingham Forest,1.0,1.4,70.0,14.0,3.0,Brighton,2025
803,2024-09-28,15:00,Matchweek 6,Away,L,2,4,Chelsea,1.1,4.2,59.0,15.0,5.0,Brighton,2025
804,2024-10-06,16:30,Matchweek 7,Home,W,3,2,Tottenham Hotspur,1.8,1.3,41.0,11.0,4.0,Brighton,2025
805,2024-10-19,15:00,Matchweek 8,Away,W,1,0,Newcastle United,1.1,2.0,40.0,10.0,5.0,Brighton,2025
806,2024-10-26,15:00,Matchweek 9,Home,D,2,2,Wolverhampton Wanderers,1.3,1.3,51.0,19.0,6.0,Brighton,2025
807,2024-11-02,15:00,Matchweek 10,Away,L,1,2,Liverpool,1.0,1.6,51.0,13.0,5.0,Brighton,2025
808,2024-11-09,17:30,Matchweek 11,Home,W,2,1,Manchester City,2.3,2.1,40.0,10.0,4.0,Brighton,2025
809,2024-11-23,15:00,Matchweek 12,Away,W,2,1,Bournemouth,0.9,1.6,45.0,6.0,4.0,Brighton,2025
810,2024-11-29,20:00,Matchweek 13,Home,D,1,1,Southampton,1.7,1.0,53.0,22.0,5.0,Brighton,2025
811,2024-12-05,19:30,Matchweek 14,Away,L,1,3,Fulham,1.4,1.1,57.0,13.0,3.0,Brighton,2025
812,2024-12-08,14:00,Matchweek 15,Away,D,2,2,Leicester City,1.5,1.3,44.0,16.0,7.0,Brighton,2025
813,2024-12-15,14:00,Matchweek 16,Home,L,1,3,Crystal Palace,1.0,2.2,64.0,17.0,5.0,Brighton,2025
814,2024-12-21,15:00,Matchweek 17,Away,D,1,1,West Ham,0.9,1.2,53.0,12.0,6.0,Brighton,2025
815,2024-12-27,19:30,Matchweek 18,Home,D,0,0,Brentford,1.3,1.1,57.0,24.0,7.0,Brighton,2025
816,2024-12-30,19:45,Matchweek 19,Away,D,2,2,Aston Villa,1.1,1.8,41.0,13.0,4.0,Brighton,2025
817,2025-01-04,17:30,Matchweek 20,Home,D,1,1,Arsenal,1.5,0.9,45.0,10.0,3.0,Brighton,2025
818,2025-01-16,19:30,Matchweek 21,Away,W,2,0,Ipswich Town,1.0,0.3,53.0,11.0,5.0,Brighton,2025
819,2025-01-19,14:00,Matchweek 22,Away,W,3,1,Manchester United,1.9,1.5,49.0,6.0,3.0,Brighton,2025
820,2025-01-25,15:00,Matchweek 23,Home,L,0,1,Everton,0.7,0.8,69.0,16.0,1.0,Brighton,2025
821,2025-02-01,12:30,Matchweek 24,Away,L,0,7,Nottingham Forest,0.9,3.3,62.0,10.0,5.0,Brighton,2025
822,2025-02-14,20:00,Matchweek 25,Home,W,3,0,Chelsea,1.4,0.5,31.0,13.0,5.0,Brighton,2025
823,2025-02-22,15:00,Matchweek 26,Away,W,4,0,Southampton,3.9,0.1,50.0,18.0,12.0,Brighton,2025
824,2025-02-25,19:30,Matchweek 27,Home,W,2,1,Bournemouth,2.4,1.5,44.0,10.0,3.0,Brighton,2025
825,2025-03-08,15:00,Matchweek 28,Home,W,2,1,Fulham,1.5,0.9,53.0,8.0,3.0,Brighton,2025
826,2025-03-15,15:00,Matchweek 29,Away,D,2,2,Manchester City,2.0,1.7,40.0,15.0,3.0,Brighton,2025
827,2025-04-02,19:45,Matchweek 30,Home,L,0,3,Aston Villa,0.9,1.2,56.0,11.0,4.0,Brighton,2025
828,2025-04-05,15:00,Matchweek 31,Away,L,1,2,Crystal Palace,1.0,0.6,62.0,11.0,5.0,Brighton,2025
829,2025-04-12,15:00,Matchweek 32,Home,D,2,2,Leicester City,3.8,1.5,59.0,19.0,5.0,Brighton,2025
830,2025-04-19,15:00,Matchweek 33,Away,L,2,4,Brentford,1.4,2.1,53.0,12.0,3.0,Brighton,2025
831,2025-04-26,15:00,Matchweek 34,Home,W,3,2,West Ham,1.3,1.3,53.0,16.0,9.0,Brighton,2025
832,2025-05-04,14:00,Matchweek 35,Home,D,1,1,Newcastle United,0.7,1.7,45.0,5.0,2.0,Brighton,2025
833,2025-05-10,15:00,Matchweek 36,Away,W,2,0,Wolverhampton Wanderers,1.6,0.9,44.0,6.0,1.0,Brighton,2025
834,2025-05-19,20:00,Matchweek 37,Home,W,3,2,Liverpool,2.2,2.2,49.0,25.0,12.0,Brighton,2025
835,2025-05-25,16:00,Matchweek 38,Away,W,4,1,Tottenham Hotspur,2.2,2.0,66.0,22.0,7.0,Brighton,2025
836,2020-09-20,19:00,Matchweek 2,Away,L,2,4,Leicester City,1.4,1.2,33.0,16.0,5.0,Burnley,2021
837,2020-09-26,20:00,Matchweek 3,Home,L,0,1,Southampton,0.5,0.6,53.0,10.0,2.0,Burnley,2021
838,2020-10-03,20:00,Matchweek 4,Away,L,1,3,Newcastle United,0.4,1.8,52.0,7.0,3.0,Burnley,2021
839,2020-10-19,17:30,Matchweek 5,Away,D,0,0,West Brom,1.1,0.8,43.0,9.0,4.0,Burnley,2021
840,2020-10-26,20:00,Matchweek 6,Home,L,0,1,Tottenham Hotspur,1.0,0.6,39.0,13.0,3.0,Burnley,2021
841,2020-10-31,15:00,Matchweek 7,Home,L,0,3,Chelsea,0.5,0.9,37.0,5.0,0.0,Burnley,2021
842,2020-11-06,17:30,Matchweek 8,Away,D,0,0,Brighton,0.5,1.5,41.0,4.0,1.0,Burnley,2021
843,2020-11-23,17:30,Matchweek 9,Home,W,1,0,Crystal Palace,1.5,1.5,46.0,10.0,4.0,Burnley,2021
844,2020-11-28,15:00,Matchweek 10,Away,L,0,5,Manchester City,0.5,1.7,32.0,9.0,1.0,Burnley,2021
845,2020-12-05,12:30,Matchweek 11,Home,D,1,1,Everton,0.8,2.2,42.0,8.0,3.0,Burnley,2021
846,2020-12-13,19:15,Matchweek 12,Away,W,1,0,Arsenal,1.4,1.6,35.0,10.0,2.0,Burnley,2021
847,2020-12-17,18:00,Matchweek 13,Away,D,0,0,Aston Villa,0.3,1.5,41.0,6.0,4.0,Burnley,2021
848,2020-12-21,17:30,Matchweek 14,Home,W,2,1,Wolverhampton Wanderers,1.7,1.5,37.0,10.0,4.0,Burnley,2021
849,2020-12-27,12:00,Matchweek 15,Away,L,0,1,Leeds United,1.5,1.9,49.0,14.0,6.0,Burnley,2021
850,2020-12-29,18:00,Matchweek 16,Home,W,1,0,Sheffield United,1.0,0.7,37.0,5.0,3.0,Burnley,2021
851,2021-01-12,20:15,Matchweek 1,Home,L,0,1,Manchester United,0.9,1.2,38.0,11.0,0.0,Burnley,2021
852,2021-01-16,15:00,Matchweek 19,Away,L,0,1,West Ham,0.5,1.7,55.0,10.0,2.0,Burnley,2021
853,2021-01-21,20:00,Matchweek 18,Away,W,1,0,Liverpool,1.1,1.6,28.0,5.0,3.0,Burnley,2021
854,2021-01-27,18:00,Matchweek 20,Home,W,3,2,Aston Villa,0.5,2.2,39.0,10.0,5.0,Burnley,2021
855,2021-01-31,12:00,Matchweek 21,Away,L,0,2,Chelsea,0.2,1.2,30.0,1.0,0.0,Burnley,2021
856,2021-02-03,18:00,Matchweek 22,Home,L,0,2,Manchester City,0.1,2.0,26.0,2.0,0.0,Burnley,2021
857,2021-02-06,15:00,Matchweek 23,Home,D,1,1,Brighton,1.8,0.5,55.0,20.0,7.0,Burnley,2021
858,2021-02-13,15:00,Matchweek 24,Away,W,3,0,Crystal Palace,1.4,0.5,46.0,16.0,4.0,Burnley,2021
859,2021-02-17,18:00,Matchweek 17,Home,D,1,1,Fulham,0.9,0.5,47.0,8.0,3.0,Burnley,2021
860,2021-02-20,15:00,Matchweek 25,Home,D,0,0,West Brom,0.5,1.6,62.0,6.0,1.0,Burnley,2021
861,2021-02-28,14:00,Matchweek 26,Away,L,0,4,Tottenham Hotspur,0.7,2.1,42.0,10.0,3.0,Burnley,2021
862,2021-03-03,18:00,Matchweek 29,Home,D,1,1,Leicester City,1.8,1.2,39.0,12.0,7.0,Burnley,2021
863,2021-03-06,12:30,Matchweek 27,Home,D,1,1,Arsenal,1.1,2.5,41.0,9.0,5.0,Burnley,2021
864,2021-03-13,17:30,Matchweek 28,Away,W,2,1,Everton,0.8,1.5,35.0,14.0,5.0,Burnley,2021
865,2021-04-04,12:00,Matchweek 30,Away,L,2,3,Southampton,1.5,2.2,47.0,6.0,4.0,Burnley,2021
866,2021-04-11,12:00,Matchweek 31,Home,L,1,2,Newcastle United,2.0,1.2,56.0,24.0,4.0,Burnley,2021
867,2021-04-18,16:00,Matchweek 32,Away,L,1,3,Manchester United,0.9,2.5,31.0,10.0,3.0,Burnley,2021
868,2021-04-25,12:00,Matchweek 33,Away,W,4,0,Wolverhampton Wanderers,2.0,0.4,42.0,14.0,7.0,Burnley,2021
869,2021-05-03,20:15,Matchweek 34,Home,L,1,2,West Ham,2.0,2.3,45.0,7.0,1.0,Burnley,2021
870,2021-05-10,20:00,Matchweek 35,Away,W,2,0,Fulham,1.5,1.0,32.0,14.0,5.0,Burnley,2021
871,2021-05-15,12:30,Matchweek 36,Home,L,0,4,Leeds United,1.3,1.5,48.0,16.0,4.0,Burnley,2021
872,2021-05-19,20:15,Matchweek 37,Home,L,0,3,Liverpool,0.8,2.6,41.0,10.0,3.0,Burnley,2021
873,2021-05-23,16:00,Matchweek 38,Away,L,0,1,Sheffield United,1.1,0.5,57.0,10.0,3.0,Burnley,2021
874,2021-08-14,15:00,Matchweek 1,Home,L,1,2,Brighton,1.5,1.0,37.0,14.0,3.0,Burnley,2022
875,2021-08-21,12:30,Matchweek 2,Away,L,0,2,Liverpool,0.9,2.7,35.0,9.0,3.0,Burnley,2022
876,2021-08-29,14:00,Matchweek 3,Home,D,1,1,Leeds United,1.0,1.2,36.0,12.0,3.0,Burnley,2022
877,2021-09-13,20:00,Matchweek 4,Away,L,1,3,Everton,1.0,1.4,48.0,11.0,6.0,Burnley,2022
878,2021-09-18,15:00,Matchweek 5,Home,L,0,1,Arsenal,1.0,1.1,46.0,18.0,3.0,Burnley,2022
879,2021-09-25,15:00,Matchweek 6,Away,D,2,2,Leicester City,0.5,2.4,34.0,9.0,3.0,Burnley,2022
880,2021-10-02,15:00,Matchweek 7,Home,D,0,0,Norwich City,1.2,0.6,56.0,14.0,4.0,Burnley,2022
881,2021-10-16,15:00,Matchweek 8,Away,L,0,2,Manchester City,0.9,2.1,30.0,7.0,2.0,Burnley,2022
882,2021-10-23,15:00,Matchweek 9,Away,D,2,2,Southampton,0.7,1.6,39.0,9.0,5.0,Burnley,2022
883,2021-10-30,15:00,Matchweek 10,Home,W,3,1,Brentford,2.3,0.8,41.0,15.0,5.0,Burnley,2022
884,2021-11-06,15:00,Matchweek 11,Away,D,1,1,Chelsea,0.7,1.8,30.0,5.0,2.0,Burnley,2022
885,2021-11-20,15:00,Matchweek 12,Home,D,3,3,Crystal Palace,1.5,1.9,40.0,15.0,9.0,Burnley,2022
886,2021-12-01,19:30,Matchweek 14,Away,D,0,0,Wolverhampton Wanderers,0.2,0.7,35.0,6.0,1.0,Burnley,2022
887,2021-12-04,15:00,Matchweek 15,Away,L,0,1,Newcastle United,0.6,1.0,52.0,10.0,1.0,Burnley,2022
888,2021-12-12,14:00,Matchweek 16,Home,D,0,0,West Ham,0.8,0.8,40.0,9.0,1.0,Burnley,2022
889,2021-12-30,20:15,Matchweek 20,Away,L,1,3,Manchester United,1.1,2.4,43.0,10.0,3.0,Burnley,2022
890,2022-01-02,14:00,Matchweek 21,Away,L,1,3,Leeds United,1.0,1.9,45.0,8.0,2.0,Burnley,2022
891,2022-01-23,14:00,Matchweek 23,Away,D,0,0,Arsenal,0.4,1.2,25.0,10.0,1.0,Burnley,2022
892,2022-02-05,18:00,Matchweek 17,Home,D,0,0,Watford,0.6,0.8,53.0,13.0,2.0,Burnley,2022
893,2022-02-08,20:00,Matchweek 24,Home,D,1,1,Manchester United,0.4,1.8,37.0,9.0,3.0,Burnley,2022
894,2022-02-13,14:00,Matchweek 25,Home,L,0,1,Liverpool,1.5,1.7,34.0,8.0,5.0,Burnley,2022
895,2022-02-19,15:00,Matchweek 26,Away,W,3,0,Brighton,0.7,0.6,32.0,10.0,4.0,Burnley,2022
896,2022-02-23,19:30,Matchweek 13,Home,W,1,0,Tottenham Hotspur,0.9,0.7,34.0,15.0,4.0,Burnley,2022
897,2022-02-26,15:00,Matchweek 27,Away,D,1,1,Crystal Palace,0.2,1.0,41.0,5.0,1.0,Burnley,2022
898,2022-03-01,19:45,Matchweek 22,Home,L,0,2,Leicester City,0.9,1.5,45.0,9.0,2.0,Burnley,2022
899,2022-03-05,15:00,Matchweek 28,Home,L,0,4,Chelsea,0.7,2.3,28.0,6.0,0.0,Burnley,2022
900,2022-03-12,15:00,Matchweek 29,Away,L,0,2,Brentford,0.7,1.9,45.0,7.0,1.0,Burnley,2022
901,2022-04-02,15:00,Matchweek 31,Home,L,0,2,Manchester City,0.1,1.8,24.0,3.0,1.0,Burnley,2022
902,2022-04-06,19:30,Matchweek 19,Home,W,3,2,Everton,2.0,2.4,52.0,13.0,4.0,Burnley,2022
903,2022-04-10,14:00,Matchweek 32,Away,L,0,2,Norwich City,1.7,1.7,55.0,18.0,3.0,Burnley,2022
904,2022-04-17,14:15,Matchweek 33,Away,D,1,1,West Ham,1.8,2.2,39.0,8.0,1.0,Burnley,2022
905,2022-04-21,19:45,Matchweek 30,Home,W,2,0,Southampton,1.5,0.9,44.0,16.0,6.0,Burnley,2022
906,2022-04-24,14:00,Matchweek 34,Home,W,1,0,Wolverhampton Wanderers,1.4,0.6,36.0,14.0,5.0,Burnley,2022
907,2022-04-30,15:00,Matchweek 35,Away,W,2,1,Watford,1.6,1.0,53.0,17.0,6.0,Burnley,2022
908,2022-05-07,15:00,Matchweek 36,Home,L,1,3,Aston Villa,1.9,2.1,49.0,14.0,6.0,Burnley,2022
909,2022-05-15,12:00,Matchweek 37,Away,L,0,1,Tottenham Hotspur,0.7,2.2,32.0,8.0,1.0,Burnley,2022
910,2022-05-19,20:00,Matchweek 18,Away,D,1,1,Aston Villa,1.6,1.5,29.0,9.0,3.0,Burnley,2022
911,2022-05-22,16:00,Matchweek 38,Home,L,1,2,Newcastle United,1.6,1.8,52.0,12.0,4.0,Burnley,2022
912,2023-08-11,20:00,Matchweek 1,Home,L,0,3,Manchester City,0.3,1.9,35.0,6.0,1.0,Burnley,2024
913,2023-08-27,14:00,Matchweek 3,Home,L,1,3,Aston Villa,0.7,2.5,57.0,9.0,2.0,Burnley,2024
914,2023-09-02,15:00,Matchweek 4,Home,L,2,5,Tottenham Hotspur,1.3,2.2,47.0,16.0,4.0,Burnley,2024
915,2023-09-18,19:45,Matchweek 5,Away,D,1,1,Nottingham Forest,0.5,0.7,54.0,10.0,3.0,Burnley,2024
916,2023-09-23,20:00,Matchweek 6,Home,L,0,1,Manchester United,1.1,1.0,61.0,12.0,4.0,Burnley,2024
917,2023-09-30,15:00,Matchweek 7,Away,L,0,2,Newcastle United,0.6,3.1,47.0,8.0,2.0,Burnley,2024
918,2023-10-03,19:30,Matchweek 2,Away,W,2,1,Luton Town,1.1,1.3,51.0,14.0,4.0,Burnley,2024
919,2023-10-07,15:00,Matchweek 8,Home,L,1,4,Chelsea,0.7,1.9,38.0,10.0,3.0,Burnley,2024
920,2023-10-21,15:00,Matchweek 9,Away,L,0,3,Brentford,1.1,3.1,50.0,6.0,1.0,Burnley,2024
921,2023-10-28,15:00,Matchweek 10,Away,L,1,2,Bournemouth,0.8,1.1,55.0,6.0,3.0,Burnley,2024
922,2023-11-04,15:00,Matchweek 11,Home,L,0,2,Crystal Palace,1.1,1.3,67.0,17.0,5.0,Burnley,2024
923,2023-11-11,15:00,Matchweek 12,Away,L,1,3,Arsenal,0.3,1.8,37.0,8.0,5.0,Burnley,2024
924,2023-11-25,15:00,Matchweek 13,Home,L,1,2,West Ham,1.3,0.9,50.0,10.0,4.0,Burnley,2024
925,2023-12-02,15:00,Matchweek 14,Home,W,5,0,Sheffield United,1.8,0.4,63.0,19.0,7.0,Burnley,2024
926,2023-12-05,19:30,Matchweek 15,Away,L,0,1,Wolverhampton Wanderers,0.9,0.8,49.0,12.0,3.0,Burnley,2024
927,2023-12-09,15:00,Matchweek 16,Away,D,1,1,Brighton,0.6,2.6,28.0,6.0,3.0,Burnley,2024
928,2023-12-16,17:30,Matchweek 17,Home,L,0,2,Everton,0.7,1.4,61.0,14.0,2.0,Burnley,2024
929,2023-12-23,15:00,Matchweek 18,Away,W,2,0,Fulham,0.4,1.3,34.0,7.0,2.0,Burnley,2024
930,2023-12-26,17:30,Matchweek 19,Home,L,0,2,Liverpool,0.8,1.8,32.0,9.0,0.0,Burnley,2024
931,2023-12-30,15:00,Matchweek 20,Away,L,2,3,Aston Villa,1.2,3.2,36.0,9.0,5.0,Burnley,2024
932,2024-01-12,19:45,Matchweek 21,Home,D,1,1,Luton Town,1.1,0.9,39.0,13.0,7.0,Burnley,2024
933,2024-01-31,19:30,Matchweek 22,Away,L,1,3,Manchester City,1.4,1.7,26.0,8.0,3.0,Burnley,2024
934,2024-02-03,15:00,Matchweek 23,Home,D,2,2,Fulham,1.8,1.5,44.0,12.0,4.0,Burnley,2024
935,2024-02-10,15:00,Matchweek 24,Away,L,1,3,Liverpool,1.3,2.8,30.0,9.0,4.0,Burnley,2024
936,2024-02-17,15:00,Matchweek 25,Home,L,0,5,Arsenal,0.3,2.3,36.0,8.0,0.0,Burnley,2024
937,2024-02-24,15:00,Matchweek 26,Away,L,0,3,Crystal Palace,0.1,2.4,44.0,2.0,0.0,Burnley,2024
938,2024-03-03,13:00,Matchweek 27,Home,L,0,2,Bournemouth,1.5,1.1,74.0,20.0,5.0,Burnley,2024
939,2024-03-10,14:00,Matchweek 28,Away,D,2,2,West Ham,0.7,2.1,48.0,11.0,4.0,Burnley,2024
940,2024-03-16,15:00,Matchweek 29,Home,W,2,1,Brentford,2.8,1.1,60.0,16.0,5.0,Burnley,2024
941,2024-03-30,15:00,Matchweek 30,Away,D,2,2,Chelsea,1.6,4.2,31.0,18.0,6.0,Burnley,2024
942,2024-04-02,19:45,Matchweek 31,Home,D,1,1,Wolverhampton Wanderers,1.3,0.9,51.0,13.0,6.0,Burnley,2024
943,2024-04-06,15:00,Matchweek 32,Away,L,0,1,Everton,0.5,0.9,62.0,6.0,1.0,Burnley,2024
944,2024-04-13,15:00,Matchweek 33,Home,D,1,1,Brighton,1.7,0.9,44.0,11.0,3.0,Burnley,2024
945,2024-04-20,15:00,Matchweek 34,Away,W,4,1,Sheffield United,2.2,2.4,51.0,16.0,9.0,Burnley,2024
946,2024-04-27,15:00,Matchweek 35,Away,D,1,1,Manchester United,2.1,2.7,52.0,15.0,6.0,Burnley,2024
947,2024-05-04,15:00,Matchweek 36,Home,L,1,4,Newcastle United,1.0,3.4,47.0,17.0,5.0,Burnley,2024
948,2024-05-11,15:00,Matchweek 37,Away,L,1,2,Tottenham Hotspur,0.7,2.7,37.0,7.0,3.0,Burnley,2024
949,2024-05-19,16:00,Matchweek 38,Home,L,1,2,Nottingham Forest,1.2,1.7,72.0,20.0,3.0,Burnley,2024
950,2020-09-14,20:15,Matchweek 1,Away,W,3,1,Brighton,1.2,1.1,48.0,9.0,4.0,Chelsea,2021
951,2020-09-20,16:30,Matchweek 2,Home,L,0,2,Liverpool,0.9,2.1,39.0,4.0,2.0,Chelsea,2021
952,2020-09-26,17:30,Matchweek 3,Away,D,3,3,West Brom,2.0,0.6,75.0,22.0,10.0,Chelsea,2021
953,2020-10-03,12:30,Matchweek 4,Home,W,4,0,Crystal Palace,2.7,0.2,70.0,15.0,4.0,Chelsea,2021
954,2020-10-17,15:00,Matchweek 5,Home,D,3,3,Southampton,1.8,1.9,53.0,11.0,5.0,Chelsea,2021
955,2020-10-24,17:30,Matchweek 6,Away,D,0,0,Manchester United,0.2,0.6,49.0,6.0,1.0,Chelsea,2021
956,2020-10-31,15:00,Matchweek 7,Away,W,3,0,Burnley,0.9,0.5,63.0,14.0,9.0,Chelsea,2021
957,2020-11-07,17:30,Matchweek 8,Home,W,4,1,Sheffield United,2.2,0.4,69.0,20.0,9.0,Chelsea,2021
958,2020-11-21,12:30,Matchweek 9,Away,W,2,0,Newcastle United,1.5,0.3,70.0,14.0,3.0,Chelsea,2021
959,2020-11-29,16:30,Matchweek 10,Home,D,0,0,Tottenham Hotspur,0.8,0.2,60.0,13.0,3.0,Chelsea,2021
960,2020-12-05,20:00,Matchweek 11,Home,W,3,1,Leeds United,4.1,0.8,46.0,23.0,10.0,Chelsea,2021
961,2020-12-12,20:00,Matchweek 12,Away,L,0,1,Everton,0.7,1.2,71.0,10.0,3.0,Chelsea,2021
962,2020-12-15,18:00,Matchweek 13,Away,L,1,2,Wolverhampton Wanderers,1.0,0.5,55.0,13.0,3.0,Chelsea,2021
963,2020-12-21,20:00,Matchweek 14,Home,W,3,0,West Ham,2.0,0.4,53.0,11.0,7.0,Chelsea,2021
964,2020-12-26,17:30,Matchweek 15,Away,L,1,3,Arsenal,2.6,2.0,60.0,18.0,2.0,Chelsea,2021
965,2020-12-28,17:30,Matchweek 16,Home,D,1,1,Aston Villa,1.7,0.7,63.0,16.0,5.0,Chelsea,2021
966,2021-01-03,16:30,Matchweek 17,Home,L,1,3,Manchester City,0.8,2.7,54.0,9.0,2.0,Chelsea,2021
967,2021-01-16,17:30,Matchweek 19,Away,W,1,0,Fulham,1.6,0.7,69.0,21.0,6.0,Chelsea,2021
968,2021-01-19,20:15,Matchweek 18,Away,L,0,2,Leicester City,0.7,1.4,64.0,9.0,5.0,Chelsea,2021
969,2021-01-27,18:00,Matchweek 20,Home,D,0,0,Wolverhampton Wanderers,0.7,0.5,78.0,14.0,5.0,Chelsea,2021
970,2021-01-31,12:00,Matchweek 21,Home,W,2,0,Burnley,1.2,0.2,70.0,19.0,8.0,Chelsea,2021
971,2021-02-04,20:00,Matchweek 22,Away,W,1,0,Tottenham Hotspur,1.6,0.6,58.0,15.0,1.0,Chelsea,2021
972,2021-02-07,19:15,Matchweek 23,Away,W,2,1,Sheffield United,1.6,0.6,68.0,8.0,1.0,Chelsea,2021
973,2021-02-15,20:00,Matchweek 24,Home,W,2,0,Newcastle United,2.2,0.6,64.0,18.0,5.0,Chelsea,2021
974,2021-02-20,12:30,Matchweek 25,Away,D,1,1,Southampton,1.2,0.6,70.0,8.0,2.0,Chelsea,2021
975,2021-02-28,16:30,Matchweek 26,Home,D,0,0,Manchester United,1.1,0.4,57.0,18.0,6.0,Chelsea,2021
976,2021-03-04,20:15,Matchweek 29,Away,W,1,0,Liverpool,1.0,0.3,46.0,11.0,4.0,Chelsea,2021
977,2021-03-08,18:00,Matchweek 27,Home,W,2,0,Everton,2.4,0.3,65.0,18.0,8.0,Chelsea,2021
978,2021-03-13,12:30,Matchweek 28,Away,D,0,0,Leeds United,1.0,0.4,62.0,15.0,8.0,Chelsea,2021
979,2021-04-03,12:30,Matchweek 30,Home,L,2,5,West Brom,2.1,1.6,65.0,18.0,7.0,Chelsea,2021
980,2021-04-10,17:30,Matchweek 31,Away,W,4,1,Crystal Palace,3.1,0.4,64.0,23.0,9.0,Chelsea,2021
981,2021-04-20,20:15,Matchweek 32,Home,D,0,0,Brighton,0.7,0.5,64.0,7.0,4.0,Chelsea,2021
982,2021-04-24,17:30,Matchweek 33,Away,W,1,0,West Ham,2.5,0.4,55.0,17.0,6.0,Chelsea,2021
983,2021-05-01,17:30,Matchweek 34,Home,W,2,0,Fulham,1.7,0.3,49.0,9.0,5.0,Chelsea,2021
984,2021-05-08,17:30,Matchweek 35,Away,W,2,1,Manchester City,0.7,1.8,52.0,12.0,5.0,Chelsea,2021
985,2021-05-12,20:15,Matchweek 36,Home,L,0,1,Arsenal,1.8,0.6,67.0,19.0,4.0,Chelsea,2021
986,2021-05-18,20:15,Matchweek 37,Home,W,2,1,Leicester City,3.1,0.8,58.0,16.0,5.0,Chelsea,2021
987,2021-05-23,16:00,Matchweek 38,Away,L,1,2,Aston Villa,3.3,1.1,71.0,23.0,7.0,Chelsea,2021
988,2021-08-14,15:00,Matchweek 1,Home,W,3,0,Crystal Palace,0.7,0.2,62.0,13.0,6.0,Chelsea,2022
989,2021-08-22,16:30,Matchweek 2,Away,W,2,0,Arsenal,3.1,0.3,65.0,22.0,5.0,Chelsea,2022
990,2021-08-28,17:30,Matchweek 3,Away,D,1,1,Liverpool,0.6,2.5,35.0,6.0,3.0,Chelsea,2022
991,2021-09-11,17:30,Matchweek 4,Home,W,3,0,Aston Villa,1.3,1.2,57.0,12.0,4.0,Chelsea,2022
992,2021-09-19,16:30,Matchweek 5,Away,W,3,0,Tottenham Hotspur,2.1,0.5,53.0,20.0,9.0,Chelsea,2022
993,2021-09-25,12:30,Matchweek 6,Home,L,0,1,Manchester City,0.2,1.7,41.0,5.0,0.0,Chelsea,2022
994,2021-10-02,15:00,Matchweek 7,Home,W,3,1,Southampton,3.3,1.3,62.0,20.0,9.0,Chelsea,2022
995,2021-10-16,17:30,Matchweek 8,Away,W,1,0,Brentford,0.3,1.4,55.0,5.0,1.0,Chelsea,2022
996,2021-10-23,12:30,Matchweek 9,Home,W,7,0,Norwich City,3.1,0.1,62.0,22.0,12.0,Chelsea,2022
997,2021-10-30,15:00,Matchweek 10,Away,W,3,0,Newcastle United,2.2,0.2,79.0,18.0,5.0,Chelsea,2022
998,2021-11-06,15:00,Matchweek 11,Home,D,1,1,Burnley,1.8,0.7,70.0,25.0,4.0,Chelsea,2022
999,2021-11-20,12:30,Matchweek 12,Away,W,3,0,Leicester City,2.0,0.4,61.0,16.0,7.0,Chelsea,2022
1000,2021-11-28,16:30,Matchweek 13,Home,D,1,1,Manchester United,2.7,0.9,65.0,23.0,5.0,Chelsea,2022
1001,2021-12-01,19:30,Matchweek 14,Away,W,2,1,Watford,0.9,1.0,49.0,8.0,4.0,Chelsea,2022
1002,2021-12-04,12:30,Matchweek 15,Away,L,2,3,West Ham,1.1,1.8,63.0,19.0,7.0,Chelsea,2022
1003,2021-12-11,15:00,Matchweek 16,Home,W,3,2,Leeds United,2.5,1.4,57.0,14.0,4.0,Chelsea,2022
1004,2021-12-16,19:45,Matchweek 17,Home,D,1,1,Everton,2.9,0.6,80.0,23.0,10.0,Chelsea,2022
1005,2021-12-19,14:00,Matchweek 18,Away,D,0,0,Wolverhampton Wanderers,0.9,0.2,63.0,8.0,1.0,Chelsea,2022
1006,2021-12-26,17:30,Matchweek 19,Away,W,3,1,Aston Villa,2.6,0.4,58.0,8.0,2.0,Chelsea,2022
1007,2021-12-29,19:30,Matchweek 20,Home,D,1,1,Brighton,0.7,0.9,47.0,11.0,5.0,Chelsea,2022
1008,2022-01-02,16:30,Matchweek 21,Home,D,2,2,Liverpool,1.2,1.3,54.0,15.0,6.0,Chelsea,2022
1009,2022-01-15,12:30,Matchweek 22,Away,L,0,1,Manchester City,0.3,1.0,44.0,4.0,1.0,Chelsea,2022
1010,2022-01-18,20:00,Matchweek 24,Away,D,1,1,Brighton,0.7,0.7,56.0,15.0,3.0,Chelsea,2022
1011,2022-01-23,16:30,Matchweek 23,Home,W,2,0,Tottenham Hotspur,1.2,0.5,64.0,15.0,7.0,Chelsea,2022
1012,2022-02-19,15:00,Matchweek 26,Away,W,1,0,Crystal Palace,0.9,0.5,58.0,9.0,3.0,Chelsea,2022
1013,2022-03-05,15:00,Matchweek 28,Away,W,4,0,Burnley,2.3,0.7,72.0,11.0,5.0,Chelsea,2022
1014,2022-03-10,19:30,Matchweek 30,Away,W,3,1,Norwich City,1.8,1.0,66.0,15.0,7.0,Chelsea,2022
1015,2022-03-13,14:00,Matchweek 29,Home,W,1,0,Newcastle United,1.1,0.3,71.0,8.0,3.0,Chelsea,2022
1016,2022-04-02,15:00,Matchweek 31,Home,L,1,4,Brentford,1.3,1.8,70.0,21.0,8.0,Chelsea,2022
1017,2022-04-09,15:00,Matchweek 32,Away,W,6,0,Southampton,4.2,0.5,70.0,24.0,14.0,Chelsea,2022
1018,2022-04-20,19:45,Matchweek 25,Home,L,2,4,Arsenal,0.7,2.0,67.0,11.0,2.0,Chelsea,2022
1019,2022-04-24,14:00,Matchweek 34,Home,W,1,0,West Ham,3.0,0.5,66.0,25.0,4.0,Chelsea,2022
1020,2022-04-28,19:45,Matchweek 37,Away,D,1,1,Manchester United,1.9,0.5,64.0,21.0,6.0,Chelsea,2022
1021,2022-05-01,14:00,Matchweek 35,Away,L,0,1,Everton,0.8,0.8,77.0,17.0,5.0,Chelsea,2022
1022,2022-05-07,15:00,Matchweek 36,Home,D,2,2,Wolverhampton Wanderers,1.7,2.0,59.0,18.0,5.0,Chelsea,2022
1023,2022-05-11,19:30,Matchweek 33,Away,W,3,0,Leeds United,1.3,0.4,67.0,17.0,3.0,Chelsea,2022
1024,2022-05-19,20:00,Matchweek 27,Home,D,1,1,Leicester City,1.6,0.1,67.0,20.0,7.0,Chelsea,2022
1025,2022-05-22,16:00,Matchweek 38,Home,W,2,1,Watford,2.2,0.6,71.0,19.0,8.0,Chelsea,2022
1026,2022-08-06,17:30,Matchweek 1,Away,W,1,0,Everton,1.5,0.7,62.0,14.0,5.0,Chelsea,2023
1027,2022-08-14,16:30,Matchweek 2,Home,D,2,2,Tottenham Hotspur,1.6,1.0,63.0,16.0,3.0,Chelsea,2023
1028,2022-08-21,14:00,Matchweek 3,Away,L,0,3,Leeds United,0.9,2.1,61.0,14.0,3.0,Chelsea,2023
1029,2022-08-27,15:00,Matchweek 4,Home,W,2,1,Leicester City,1.8,2.5,45.0,7.0,4.0,Chelsea,2023
1030,2022-08-30,19:45,Matchweek 5,Away,L,1,2,Southampton,1.1,1.1,67.0,10.0,4.0,Chelsea,2023
1031,2022-09-03,15:00,Matchweek 6,Home,W,2,1,West Ham,0.9,1.1,67.0,8.0,3.0,Chelsea,2023
1032,2022-10-01,15:00,Matchweek 9,Away,W,2,1,Crystal Palace,1.1,0.4,64.0,13.0,3.0,Chelsea,2023
1033,2022-10-08,15:00,Matchweek 10,Home,W,3,0,Wolverhampton Wanderers,1.9,1.1,57.0,20.0,7.0,Chelsea,2023
1034,2022-10-16,14:00,Matchweek 11,Away,W,2,0,Aston Villa,0.9,1.8,58.0,8.0,4.0,Chelsea,2023
1035,2022-10-19,19:30,Matchweek 12,Away,D,0,0,Brentford,0.9,1.3,66.0,14.0,5.0,Chelsea,2023
1036,2022-10-22,17:30,Matchweek 13,Home,D,1,1,Manchester United,1.1,0.8,48.0,5.0,1.0,Chelsea,2023
1037,2022-10-29,15:00,Matchweek 14,Away,L,1,4,Brighton,1.4,2.4,59.0,15.0,7.0,Chelsea,2023
1038,2022-11-06,12:00,Matchweek 15,Home,L,0,1,Arsenal,0.3,2.1,45.0,5.0,1.0,Chelsea,2023
1039,2022-11-12,17:30,Matchweek 16,Away,L,0,1,Newcastle United,0.3,1.0,51.0,5.0,2.0,Chelsea,2023
1040,2022-12-27,17:30,Matchweek 17,Home,W,2,0,Bournemouth,1.8,0.5,60.0,15.0,5.0,Chelsea,2023
1041,2023-01-01,16:30,Matchweek 18,Away,D,1,1,Nottingham Forest,0.9,1.4,71.0,7.0,2.0,Chelsea,2023
1042,2023-01-05,20:00,Matchweek 19,Home,L,0,1,Manchester City,0.4,2.0,48.0,8.0,2.0,Chelsea,2023
1043,2023-01-12,20:00,Matchweek 7,Away,L,1,2,Fulham,2.1,1.0,52.0,20.0,10.0,Chelsea,2023
1044,2023-01-15,14:00,Matchweek 20,Home,W,1,0,Crystal Palace,1.5,0.7,61.0,15.0,5.0,Chelsea,2023
1045,2023-01-21,12:30,Matchweek 21,Away,D,0,0,Liverpool,1.6,1.4,52.0,11.0,2.0,Chelsea,2023
1046,2023-02-03,20:00,Matchweek 22,Home,D,0,0,Fulham,1.3,0.6,66.0,12.0,2.0,Chelsea,2023
1047,2023-02-11,12:30,Matchweek 23,Away,D,1,1,West Ham,1.1,1.3,71.0,12.0,4.0,Chelsea,2023
1048,2023-02-18,15:00,Matchweek 24,Home,L,0,1,Southampton,1.6,0.6,62.0,17.0,4.0,Chelsea,2023
1049,2023-02-26,13:30,Matchweek 25,Away,L,0,2,Tottenham Hotspur,0.4,0.8,59.0,10.0,2.0,Chelsea,2023
1050,2023-03-04,15:00,Matchweek 26,Home,W,1,0,Leeds United,1.5,1.0,57.0,13.0,3.0,Chelsea,2023
1051,2023-03-11,15:00,Matchweek 27,Away,W,3,1,Leicester City,1.6,2.4,52.0,12.0,6.0,Chelsea,2023
1052,2023-03-18,17:30,Matchweek 28,Home,D,2,2,Everton,2.3,1.2,68.0,19.0,6.0,Chelsea,2023
1053,2023-04-01,17:30,Matchweek 29,Home,L,0,2,Aston Villa,2.1,0.9,69.0,27.0,7.0,Chelsea,2023
1054,2023-04-04,20:00,Matchweek 8,Home,D,0,0,Liverpool,2.2,0.3,49.0,12.0,2.0,Chelsea,2023
1055,2023-04-08,15:00,Matchweek 30,Away,L,0,1,Wolverhampton Wanderers,1.1,0.6,62.0,13.0,1.0,Chelsea,2023
1056,2023-04-15,15:00,Matchweek 31,Home,L,1,2,Brighton,0.5,2.9,43.0,8.0,2.0,Chelsea,2023
1057,2023-04-26,19:45,Matchweek 33,Home,L,0,2,Brentford,1.3,1.1,71.0,15.0,4.0,Chelsea,2023
1058,2023-05-02,20:00,Matchweek 34,Away,L,1,3,Arsenal,0.8,1.7,45.0,7.0,4.0,Chelsea,2023
1059,2023-05-06,15:00,Matchweek 35,Away,W,3,1,Bournemouth,1.3,1.2,65.0,11.0,5.0,Chelsea,2023
1060,2023-05-13,15:00,Matchweek 36,Home,D,2,2,Nottingham Forest,1.2,1.3,75.0,14.0,6.0,Chelsea,2023
1061,2023-05-21,16:00,Matchweek 37,Away,L,0,1,Manchester City,1.2,1.2,36.0,13.0,6.0,Chelsea,2023
1062,2023-05-25,20:00,Matchweek 32,Away,L,1,4,Manchester United,1.9,5.2,58.0,14.0,5.0,Chelsea,2023
1063,2023-05-28,16:30,Matchweek 38,Home,D,1,1,Newcastle United,2.2,1.7,64.0,22.0,4.0,Chelsea,2023
1064,2023-08-13,16:30,Matchweek 1,Home,D,1,1,Liverpool,1.4,1.3,65.0,10.0,4.0,Chelsea,2024
1065,2023-08-20,16:30,Matchweek 2,Away,L,1,3,West Ham,2.5,1.8,75.0,16.0,3.0,Chelsea,2024
1066,2023-08-25,20:00,Matchweek 3,Home,W,3,0,Luton Town,2.2,0.4,67.0,19.0,8.0,Chelsea,2024
1067,2023-09-02,15:00,Matchweek 4,Home,L,0,1,Nottingham Forest,2.3,0.8,75.0,21.0,2.0,Chelsea,2024
1068,2023-09-17,14:00,Matchweek 5,Away,D,0,0,Bournemouth,1.8,1.0,64.0,14.0,6.0,Chelsea,2024
1069,2023-09-24,14:00,Matchweek 6,Home,L,0,1,Aston Villa,1.3,1.0,53.0,10.0,4.0,Chelsea,2024
1070,2023-10-02,20:00,Matchweek 7,Away,W,2,0,Fulham,1.7,1.1,44.0,11.0,4.0,Chelsea,2024
1071,2023-10-07,15:00,Matchweek 8,Away,W,4,1,Burnley,1.9,0.7,62.0,8.0,4.0,Chelsea,2024
1072,2023-10-21,17:30,Matchweek 9,Home,D,2,2,Arsenal,1.3,1.0,44.0,10.0,4.0,Chelsea,2024
1073,2023-10-28,12:30,Matchweek 10,Home,L,0,2,Brentford,1.9,2.2,68.0,17.0,2.0,Chelsea,2024
1074,2023-11-06,20:00,Matchweek 11,Away,W,4,1,Tottenham Hotspur,4.1,0.9,60.0,16.0,6.0,Chelsea,2024
1075,2023-11-12,16:30,Matchweek 12,Home,D,4,4,Manchester City,2.9,2.9,45.0,16.0,8.0,Chelsea,2024
1076,2023-11-25,15:00,Matchweek 13,Away,L,1,4,Newcastle United,0.5,2.4,46.0,7.0,4.0,Chelsea,2024
1077,2023-12-03,14:00,Matchweek 14,Home,W,3,2,Brighton,2.1,1.1,32.0,7.0,3.0,Chelsea,2024
1078,2023-12-06,20:15,Matchweek 15,Away,L,1,2,Manchester United,1.5,4.1,55.0,13.0,3.0,Chelsea,2024
1079,2023-12-10,14:00,Matchweek 16,Away,L,0,2,Everton,0.9,1.2,71.0,16.0,4.0,Chelsea,2024
1080,2023-12-16,15:00,Matchweek 17,Home,W,2,0,Sheffield United,3.1,0.4,78.0,15.0,6.0,Chelsea,2024
1081,2023-12-24,13:00,Matchweek 18,Away,L,1,2,Wolverhampton Wanderers,2.0,1.3,68.0,16.0,4.0,Chelsea,2024
1082,2023-12-27,19:30,Matchweek 19,Home,W,2,1,Crystal Palace,2.6,1.1,63.0,8.0,2.0,Chelsea,2024
1083,2023-12-30,12:30,Matchweek 20,Away,W,3,2,Luton Town,1.5,2.3,48.0,12.0,8.0,Chelsea,2024
1084,2024-01-13,12:30,Matchweek 21,Home,W,1,0,Fulham,2.2,0.8,55.0,16.0,2.0,Chelsea,2024
1085,2024-01-31,20:15,Matchweek 22,Away,L,1,4,Liverpool,0.6,2.9,50.0,4.0,3.0,Chelsea,2024
1086,2024-02-04,14:00,Matchweek 23,Home,L,2,4,Wolverhampton Wanderers,1.7,2.0,64.0,15.0,4.0,Chelsea,2024
1087,2024-02-12,20:00,Matchweek 24,Away,W,3,1,Crystal Palace,1.4,0.6,77.0,14.0,5.0,Chelsea,2024
1088,2024-02-17,17:30,Matchweek 25,Away,D,1,1,Manchester City,1.4,2.6,30.0,9.0,6.0,Chelsea,2024
1089,2024-03-02,15:00,Matchweek 27,Away,D,2,2,Brentford,1.8,1.8,67.0,17.0,5.0,Chelsea,2024
1090,2024-03-11,20:00,Matchweek 28,Home,W,3,2,Newcastle United,1.6,0.7,44.0,12.0,7.0,Chelsea,2024
1091,2024-03-30,15:00,Matchweek 30,Home,D,2,2,Burnley,4.2,1.6,69.0,32.0,12.0,Chelsea,2024
1092,2024-04-04,20:15,Matchweek 31,Home,W,4,3,Manchester United,3.0,1.5,57.0,26.0,8.0,Chelsea,2024
1093,2024-04-07,17:30,Matchweek 32,Away,D,2,2,Sheffield United,0.3,1.4,68.0,6.0,3.0,Chelsea,2024
1094,2024-04-15,20:00,Matchweek 33,Home,W,6,0,Everton,3.1,1.5,58.0,13.0,9.0,Chelsea,2024
1095,2024-04-23,20:00,Matchweek 29,Away,L,0,5,Arsenal,1.6,3.3,55.0,7.0,1.0,Chelsea,2024
1096,2024-04-27,20:00,Matchweek 35,Away,D,2,2,Aston Villa,1.6,1.1,71.0,21.0,5.0,Chelsea,2024
1097,2024-05-02,19:30,Matchweek 26,Home,W,2,0,Tottenham Hotspur,2.2,1.6,37.0,16.0,4.0,Chelsea,2024
1098,2024-05-05,14:00,Matchweek 36,Home,W,5,0,West Ham,4.1,0.9,69.0,25.0,14.0,Chelsea,2024
1099,2024-05-11,17:30,Matchweek 37,Away,W,3,2,Nottingham Forest,1.6,1.5,67.0,12.0,5.0,Chelsea,2024
1100,2024-05-15,19:45,Matchweek 34,Away,W,2,1,Brighton,1.5,1.3,45.0,14.0,6.0,Chelsea,2024
1101,2024-05-19,16:00,Matchweek 38,Home,W,2,1,Bournemouth,1.1,2.2,61.0,16.0,6.0,Chelsea,2024
1102,2024-08-18,16:30,Matchweek 1,Home,L,0,2,Manchester City,1.0,0.8,48.0,10.0,3.0,Chelsea,2025
1103,2024-08-25,14:00,Matchweek 2,Away,W,6,2,Wolverhampton Wanderers,1.6,1.9,60.0,14.0,8.0,Chelsea,2025
1104,2024-09-01,13:30,Matchweek 3,Home,D,1,1,Crystal Palace,2.4,0.5,62.0,13.0,7.0,Chelsea,2025
1105,2024-09-14,20:00,Matchweek 4,Away,W,1,0,Bournemouth,0.8,1.7,66.0,10.0,3.0,Chelsea,2025
1106,2024-09-21,12:30,Matchweek 5,Away,W,3,0,West Ham,2.2,0.9,47.0,12.0,5.0,Chelsea,2025
1107,2024-09-28,15:00,Matchweek 6,Home,W,4,2,Brighton,4.2,1.1,41.0,14.0,5.0,Chelsea,2025
1108,2024-10-06,14:00,Matchweek 7,Home,D,1,1,Nottingham Forest,2.3,0.9,65.0,22.0,8.0,Chelsea,2025
1109,2024-10-20,16:30,Matchweek 8,Away,L,1,2,Liverpool,1.0,1.9,57.0,12.0,2.0,Chelsea,2025
1110,2024-10-27,14:00,Matchweek 9,Home,W,2,1,Newcastle United,1.6,1.8,50.0,17.0,7.0,Chelsea,2025
1111,2024-11-03,16:30,Matchweek 10,Away,D,1,1,Manchester United,1.1,2.0,54.0,12.0,3.0,Chelsea,2025
1112,2024-11-10,16:30,Matchweek 11,Home,D,1,1,Arsenal,1.5,1.5,49.0,17.0,3.0,Chelsea,2025
1113,2024-11-23,12:30,Matchweek 12,Away,W,2,1,Leicester City,2.7,1.1,63.0,16.0,6.0,Chelsea,2025
1114,2024-12-01,13:30,Matchweek 13,Home,W,3,0,Aston Villa,1.6,1.2,64.0,17.0,8.0,Chelsea,2025
1115,2024-12-04,19:30,Matchweek 14,Away,W,5,1,Southampton,5.2,1.6,55.0,26.0,11.0,Chelsea,2025
1116,2024-12-08,16:30,Matchweek 15,Away,W,4,3,Tottenham Hotspur,2.8,2.8,61.0,15.0,6.0,Chelsea,2025
1117,2024-12-15,19:00,Matchweek 16,Home,W,2,1,Brentford,2.2,1.6,62.0,26.0,8.0,Chelsea,2025
1118,2024-12-22,14:00,Matchweek 17,Away,D,0,0,Everton,1.2,1.0,75.0,12.0,4.0,Chelsea,2025
1119,2024-12-26,15:00,Matchweek 18,Home,L,1,2,Fulham,1.1,1.8,47.0,12.0,8.0,Chelsea,2025
1120,2024-12-30,19:45,Matchweek 19,Away,L,0,2,Ipswich Town,2.0,1.6,76.0,20.0,4.0,Chelsea,2025
1121,2025-01-04,15:00,Matchweek 20,Away,D,1,1,Crystal Palace,1.2,1.1,61.0,15.0,1.0,Chelsea,2025
1122,2025-01-14,19:30,Matchweek 21,Home,D,2,2,Bournemouth,2.5,1.2,57.0,26.0,10.0,Chelsea,2025
1123,2025-01-20,20:00,Matchweek 22,Home,W,3,1,Wolverhampton Wanderers,3.1,0.8,63.0,19.0,6.0,Chelsea,2025
1124,2025-01-25,17:30,Matchweek 23,Away,L,1,3,Manchester City,1.8,2.2,44.0,10.0,4.0,Chelsea,2025
1125,2025-02-03,20:00,Matchweek 24,Home,W,2,1,West Ham,1.6,1.2,68.0,22.0,3.0,Chelsea,2025
1126,2025-02-14,20:00,Matchweek 25,Away,L,0,3,Brighton,0.5,1.4,69.0,8.0,0.0,Chelsea,2025
1127,2025-02-22,17:30,Matchweek 26,Away,L,1,2,Aston Villa,2.3,2.3,48.0,15.0,6.0,Chelsea,2025
1128,2025-02-25,20:15,Matchweek 27,Home,W,4,0,Southampton,2.4,0.7,60.0,19.0,10.0,Chelsea,2025
1129,2025-03-09,14:00,Matchweek 28,Home,W,1,0,Leicester City,1.7,0.1,56.0,19.0,6.0,Chelsea,2025
1130,2025-03-16,13:30,Matchweek 29,Away,L,0,1,Arsenal,0.4,0.7,58.0,8.0,2.0,Chelsea,2025
1131,2025-04-03,20:00,Matchweek 30,Home,W,1,0,Tottenham Hotspur,1.0,0.9,51.0,11.0,5.0,Chelsea,2025
1132,2025-04-06,14:00,Matchweek 31,Away,D,0,0,Brentford,1.2,1.1,58.0,21.0,5.0,Chelsea,2025
1133,2025-04-13,14:00,Matchweek 32,Home,D,2,2,Ipswich Town,2.2,1.1,73.0,34.0,9.0,Chelsea,2025
1134,2025-04-20,14:00,Matchweek 33,Away,W,2,1,Fulham,0.9,0.3,59.0,13.0,7.0,Chelsea,2025
1135,2025-04-26,12:30,Matchweek 34,Home,W,1,0,Everton,0.8,0.4,55.0,10.0,7.0,Chelsea,2025
1136,2025-05-04,16:30,Matchweek 35,Home,W,3,1,Liverpool,3.1,1.0,36.0,16.0,5.0,Chelsea,2025
1137,2025-05-11,12:00,Matchweek 36,Away,L,0,2,Newcastle United,0.7,1.6,55.0,10.0,3.0,Chelsea,2025
1138,2025-05-16,20:15,Matchweek 37,Home,W,1,0,Manchester United,0.8,0.3,47.0,11.0,3.0,Chelsea,2025
1139,2025-05-25,16:00,Matchweek 38,Away,W,1,0,Nottingham Forest,1.1,1.2,48.0,6.0,2.0,Chelsea,2025
1140,2020-09-12,15:00,Matchweek 1,Home,W,1,0,Southampton,1.1,0.9,31.0,5.0,3.0,Crystal Palace,2021
1141,2020-09-19,17:30,Matchweek 2,Away,W,3,1,Manchester United,1.6,1.2,25.0,13.0,4.0,Crystal Palace,2021
1142,2020-09-26,15:00,Matchweek 3,Home,L,1,2,Everton,0.4,1.9,42.0,8.0,1.0,Crystal Palace,2021
1143,2020-10-03,12:30,Matchweek 4,Away,L,0,4,Chelsea,0.2,2.7,30.0,4.0,0.0,Crystal Palace,2021
1144,2020-10-18,14:00,Matchweek 5,Home,D,1,1,Brighton,0.8,1.7,34.0,0.0,0.0,Crystal Palace,2021
1145,2020-10-24,15:00,Matchweek 6,Away,W,2,1,Fulham,2.5,1.1,36.0,14.0,10.0,Crystal Palace,2021
1146,2020-10-30,20:00,Matchweek 7,Away,L,0,2,Wolverhampton Wanderers,0.7,1.3,55.0,11.0,2.0,Crystal Palace,2021
1147,2020-11-07,15:00,Matchweek 8,Home,W,4,1,Leeds United,0.9,0.8,36.0,10.0,6.0,Crystal Palace,2021
1148,2020-11-23,17:30,Matchweek 9,Away,L,0,1,Burnley,1.5,1.5,54.0,15.0,5.0,Crystal Palace,2021
1149,2020-11-27,20:00,Matchweek 10,Home,L,0,2,Newcastle United,0.6,1.3,57.0,12.0,3.0,Crystal Palace,2021
1150,2020-12-06,12:00,Matchweek 11,Away,W,5,1,West Brom,1.6,0.7,50.0,18.0,6.0,Crystal Palace,2021
1151,2020-12-13,14:15,Matchweek 12,Home,D,1,1,Tottenham Hotspur,1.6,0.9,44.0,16.0,5.0,Crystal Palace,2021
1152,2020-12-16,20:00,Matchweek 13,Away,D,1,1,West Ham,1.1,0.4,48.0,8.0,2.0,Crystal Palace,2021
1153,2020-12-19,12:30,Matchweek 14,Home,L,0,7,Liverpool,0.3,2.5,36.0,5.0,3.0,Crystal Palace,2021
1154,2020-12-26,15:00,Matchweek 15,Away,L,0,3,Aston Villa,0.9,3.9,61.0,13.0,6.0,Crystal Palace,2021
1155,2020-12-28,15:00,Matchweek 16,Home,D,1,1,Leicester City,0.5,1.9,34.0,4.0,1.0,Crystal Palace,2021
1156,2021-01-02,15:00,Matchweek 17,Home,W,2,0,Sheffield United,0.6,0.4,44.0,9.0,4.0,Crystal Palace,2021
1157,2021-01-14,20:00,Matchweek 18,Away,D,0,0,Arsenal,0.8,0.4,33.0,12.0,2.0,Crystal Palace,2021
1158,2021-01-17,19:15,Matchweek 19,Away,L,0,4,Manchester City,0.1,0.7,29.0,2.0,0.0,Crystal Palace,2021
1159,2021-01-26,18:00,Matchweek 20,Home,L,2,3,West Ham,0.7,2.8,54.0,6.0,3.0,Crystal Palace,2021
1160,2021-01-30,15:00,Matchweek 21,Home,W,1,0,Wolverhampton Wanderers,1.4,0.4,48.0,11.0,2.0,Crystal Palace,2021
1161,2021-02-02,20:15,Matchweek 22,Away,W,2,1,Newcastle United,0.7,1.9,39.0,6.0,3.0,Crystal Palace,2021
1162,2021-02-08,20:00,Matchweek 23,Away,L,0,2,Leeds United,0.4,1.9,33.0,8.0,3.0,Crystal Palace,2021
1163,2021-02-13,15:00,Matchweek 24,Home,L,0,3,Burnley,0.5,1.4,54.0,13.0,3.0,Crystal Palace,2021
1164,2021-02-22,20:00,Matchweek 25,Away,W,2,1,Brighton,0.2,2.4,26.0,3.0,2.0,Crystal Palace,2021
1165,2021-02-28,12:00,Matchweek 26,Home,D,0,0,Fulham,0.1,1.4,40.0,3.0,0.0,Crystal Palace,2021
1166,2021-03-03,20:15,Matchweek 29,Home,D,0,0,Manchester United,0.9,0.9,37.0,8.0,2.0,Crystal Palace,2021
1167,2021-03-07,19:15,Matchweek 27,Away,L,1,4,Tottenham Hotspur,0.5,2.7,37.0,5.0,1.0,Crystal Palace,2021
1168,2021-03-13,15:00,Matchweek 28,Home,W,1,0,West Brom,1.2,0.8,45.0,5.0,3.0,Crystal Palace,2021
1169,2021-04-05,18:00,Matchweek 30,Away,D,1,1,Everton,0.7,2.5,52.0,13.0,6.0,Crystal Palace,2021
1170,2021-04-10,17:30,Matchweek 31,Home,L,1,4,Chelsea,0.4,3.1,36.0,1.0,1.0,Crystal Palace,2021
1171,2021-04-26,20:00,Matchweek 33,Away,L,1,2,Leicester City,0.7,1.5,34.0,4.0,2.0,Crystal Palace,2021
1172,2021-05-01,12:30,Matchweek 34,Home,L,0,2,Manchester City,0.9,1.7,32.0,9.0,4.0,Crystal Palace,2021
1173,2021-05-08,15:00,Matchweek 35,Away,W,2,0,Sheffield United,2.0,0.7,50.0,21.0,8.0,Crystal Palace,2021
1174,2021-05-11,20:15,Matchweek 32,Away,L,1,3,Southampton,1.5,1.2,38.0,10.0,3.0,Crystal Palace,2021
1175,2021-05-16,12:00,Matchweek 36,Home,W,3,2,Aston Villa,1.9,1.4,45.0,23.0,8.0,Crystal Palace,2021
1176,2021-05-19,19:00,Matchweek 37,Home,L,1,3,Arsenal,1.0,1.8,32.0,12.0,6.0,Crystal Palace,2021
1177,2021-05-23,16:00,Matchweek 38,Away,L,0,2,Liverpool,0.6,1.6,31.0,5.0,4.0,Crystal Palace,2021
1178,2021-08-14,15:00,Matchweek 1,Away,L,0,3,Chelsea,0.2,0.7,38.0,4.0,1.0,Crystal Palace,2022
1179,2021-08-21,15:00,Matchweek 2,Home,D,0,0,Brentford,0.5,0.9,53.0,7.0,2.0,Crystal Palace,2022
1180,2021-08-28,15:00,Matchweek 3,Away,D,2,2,West Ham,1.1,1.3,53.0,9.0,2.0,Crystal Palace,2022
1181,2021-09-11,12:30,Matchweek 4,Home,W,3,0,Tottenham Hotspur,2.1,0.1,62.0,17.0,3.0,Crystal Palace,2022
1182,2021-09-18,15:00,Matchweek 5,Away,L,0,3,Liverpool,0.6,3.1,41.0,13.0,2.0,Crystal Palace,2022
1183,2021-09-27,20:00,Matchweek 6,Home,D,1,1,Brighton,1.4,0.8,47.0,7.0,2.0,Crystal Palace,2022
1184,2021-10-03,14:00,Matchweek 7,Home,D,2,2,Leicester City,1.5,1.2,60.0,18.0,4.0,Crystal Palace,2022
1185,2021-10-18,20:00,Matchweek 8,Away,D,2,2,Arsenal,0.7,1.7,46.0,9.0,6.0,Crystal Palace,2022
1186,2021-10-23,15:00,Matchweek 9,Home,D,1,1,Newcastle United,1.9,0.3,74.0,15.0,3.0,Crystal Palace,2022
1187,2021-10-30,15:00,Matchweek 10,Away,W,2,0,Manchester City,0.7,0.7,32.0,8.0,3.0,Crystal Palace,2022
1188,2021-11-06,15:00,Matchweek 11,Home,W,2,0,Wolverhampton Wanderers,1.9,0.3,60.0,13.0,6.0,Crystal Palace,2022
1189,2021-11-20,15:00,Matchweek 12,Away,D,3,3,Burnley,1.9,1.5,60.0,18.0,8.0,Crystal Palace,2022
1190,2021-11-27,15:00,Matchweek 13,Home,L,1,2,Aston Villa,1.0,0.5,64.0,8.0,3.0,Crystal Palace,2022
1191,2021-11-30,20:15,Matchweek 14,Away,L,0,1,Leeds United,1.1,1.4,39.0,9.0,1.0,Crystal Palace,2022
1192,2021-12-05,14:00,Matchweek 15,Away,L,0,1,Manchester United,0.5,0.9,39.0,8.0,2.0,Crystal Palace,2022
1193,2021-12-12,16:30,Matchweek 16,Home,W,3,1,Everton,1.8,1.0,61.0,17.0,6.0,Crystal Palace,2022
1194,2021-12-15,19:30,Matchweek 17,Home,D,2,2,Southampton,1.2,0.6,59.0,9.0,6.0,Crystal Palace,2022
1195,2021-12-26,15:00,Matchweek 19,Away,L,0,3,Tottenham Hotspur,0.2,2.3,40.0,4.0,0.0,Crystal Palace,2022
1196,2021-12-28,15:00,Matchweek 20,Home,W,3,0,Norwich City,1.9,0.9,51.0,18.0,5.0,Crystal Palace,2022
1197,2022-01-01,17:30,Matchweek 21,Home,L,2,3,West Ham,2.4,2.2,62.0,22.0,6.0,Crystal Palace,2022
1198,2022-01-14,20:00,Matchweek 22,Away,D,1,1,Brighton,0.2,2.0,37.0,3.0,1.0,Crystal Palace,2022
1199,2022-01-23,14:00,Matchweek 23,Home,L,1,3,Liverpool,2.2,1.9,43.0,8.0,5.0,Crystal Palace,2022
1200,2022-02-09,19:45,Matchweek 24,Away,D,1,1,Norwich City,1.3,0.4,70.0,12.0,5.0,Crystal Palace,2022
1201,2022-02-12,15:00,Matchweek 25,Away,D,0,0,Brentford,0.3,1.6,58.0,6.0,3.0,Crystal Palace,2022
1202,2022-02-19,15:00,Matchweek 26,Home,L,0,1,Chelsea,0.5,0.9,42.0,7.0,0.0,Crystal Palace,2022
1203,2022-02-23,19:30,Matchweek 18,Away,W,4,1,Watford,1.1,1.4,54.0,7.0,5.0,Crystal Palace,2022
1204,2022-02-26,15:00,Matchweek 27,Home,D,1,1,Burnley,1.0,0.2,59.0,11.0,4.0,Crystal Palace,2022
1205,2022-03-05,15:00,Matchweek 28,Away,W,2,0,Wolverhampton Wanderers,2.7,0.7,37.0,11.0,7.0,Crystal Palace,2022
1206,2022-03-14,20:00,Matchweek 29,Home,D,0,0,Manchester City,0.6,2.8,27.0,7.0,1.0,Crystal Palace,2022
1207,2022-04-04,20:00,Matchweek 31,Home,W,3,0,Arsenal,1.5,0.8,32.0,5.0,4.0,Crystal Palace,2022
1208,2022-04-10,14:00,Matchweek 32,Away,L,1,2,Leicester City,1.4,1.0,49.0,10.0,2.0,Crystal Palace,2022
1209,2022-04-20,19:45,Matchweek 30,Away,L,0,1,Newcastle United,0.5,0.9,63.0,10.0,2.0,Crystal Palace,2022
1210,2022-04-25,20:00,Matchweek 34,Home,D,0,0,Leeds United,1.9,0.5,53.0,17.0,7.0,Crystal Palace,2022
1211,2022-04-30,15:00,Matchweek 35,Away,W,2,1,Southampton,1.1,0.6,62.0,14.0,5.0,Crystal Palace,2022
1212,2022-05-07,15:00,Matchweek 36,Home,W,1,0,Watford,2.2,0.4,67.0,14.0,6.0,Crystal Palace,2022
1213,2022-05-15,14:00,Matchweek 37,Away,D,1,1,Aston Villa,1.4,1.0,51.0,16.0,4.0,Crystal Palace,2022
1214,2022-05-19,19:45,Matchweek 33,Away,L,2,3,Everton,1.1,0.8,57.0,7.0,5.0,Crystal Palace,2022
1215,2022-05-22,16:00,Matchweek 38,Home,W,1,0,Manchester United,0.6,0.7,39.0,6.0,3.0,Crystal Palace,2022
1216,2022-08-05,20:00,Matchweek 1,Home,L,0,2,Arsenal,1.2,1.0,56.0,10.0,2.0,Crystal Palace,2023
1217,2022-08-15,20:00,Matchweek 2,Away,D,1,1,Liverpool,1.0,2.0,28.0,7.0,3.0,Crystal Palace,2023
1218,2022-08-20,15:00,Matchweek 3,Home,W,3,1,Aston Villa,2.6,0.9,51.0,16.0,8.0,Crystal Palace,2023
1219,2022-08-27,15:00,Matchweek 4,Away,L,2,4,Manchester City,0.1,2.2,26.0,2.0,2.0,Crystal Palace,2023
1220,2022-08-30,19:30,Matchweek 5,Home,D,1,1,Brentford,1.0,1.4,49.0,13.0,4.0,Crystal Palace,2023
1221,2022-09-03,15:00,Matchweek 6,Away,D,0,0,Newcastle United,1.0,2.8,48.0,19.0,9.0,Crystal Palace,2023
1222,2022-10-01,15:00,Matchweek 9,Home,L,1,2,Chelsea,0.4,1.1,36.0,7.0,3.0,Crystal Palace,2023
1223,2022-10-09,14:00,Matchweek 10,Home,W,2,1,Leeds United,1.1,1.0,54.0,13.0,5.0,Crystal Palace,2023
1224,2022-10-15,12:30,Matchweek 11,Away,D,0,0,Leicester City,0.4,1.0,46.0,8.0,1.0,Crystal Palace,2023
1225,2022-10-18,20:15,Matchweek 12,Home,W,2,1,Wolverhampton Wanderers,1.2,0.8,51.0,14.0,4.0,Crystal Palace,2023
1226,2022-10-22,15:00,Matchweek 13,Away,L,0,3,Everton,0.9,1.4,54.0,9.0,2.0,Crystal Palace,2023
1227,2022-10-29,15:00,Matchweek 14,Home,W,1,0,Southampton,0.9,1.3,44.0,12.0,3.0,Crystal Palace,2023
1228,2022-11-06,14:00,Matchweek 15,Away,W,2,1,West Ham,1.0,0.3,58.0,15.0,6.0,Crystal Palace,2023
1229,2022-11-12,15:00,Matchweek 16,Away,L,0,1,Nottingham Forest,1.2,1.1,68.0,7.0,0.0,Crystal Palace,2023
1230,2022-12-26,15:00,Matchweek 17,Home,L,0,3,Fulham,0.4,2.5,36.0,4.0,0.0,Crystal Palace,2023
1231,2022-12-31,15:00,Matchweek 18,Away,W,2,0,Bournemouth,1.6,0.6,41.0,15.0,6.0,Crystal Palace,2023
1232,2023-01-04,20:00,Matchweek 19,Home,L,0,4,Tottenham Hotspur,0.8,1.4,47.0,19.0,4.0,Crystal Palace,2023
1233,2023-01-15,14:00,Matchweek 20,Away,L,0,1,Chelsea,0.7,1.5,39.0,10.0,5.0,Crystal Palace,2023
1234,2023-01-18,20:00,Matchweek 7,Home,D,1,1,Manchester United,0.5,2.1,40.0,10.0,5.0,Crystal Palace,2023
1235,2023-01-21,17:30,Matchweek 21,Home,D,0,0,Newcastle United,0.3,1.2,40.0,6.0,1.0,Crystal Palace,2023
1236,2023-02-04,15:00,Matchweek 22,Away,L,1,2,Manchester United,1.3,2.0,48.0,10.0,3.0,Crystal Palace,2023
1237,2023-02-11,15:00,Matchweek 23,Home,D,1,1,Brighton,1.1,2.5,27.0,6.0,1.0,Crystal Palace,2023
1238,2023-02-18,15:00,Matchweek 24,Away,D,1,1,Brentford,1.1,0.9,41.0,10.0,4.0,Crystal Palace,2023
1239,2023-02-25,19:45,Matchweek 25,Home,D,0,0,Liverpool,0.7,0.9,37.0,6.0,0.0,Crystal Palace,2023
1240,2023-03-04,15:00,Matchweek 26,Away,L,0,1,Aston Villa,0.2,1.2,42.0,3.0,0.0,Crystal Palace,2023
1241,2023-03-11,17:30,Matchweek 27,Home,L,0,1,Manchester City,0.2,2.1,33.0,4.0,0.0,Crystal Palace,2023
1242,2023-03-15,19:30,Matchweek 8,Away,L,0,1,Brighton,1.1,0.6,43.0,11.0,3.0,Crystal Palace,2023
1243,2023-03-19,14:00,Matchweek 28,Away,L,1,4,Arsenal,0.8,1.6,38.0,9.0,5.0,Crystal Palace,2023
1244,2023-04-01,15:00,Matchweek 29,Home,W,2,1,Leicester City,2.3,0.2,52.0,31.0,9.0,Crystal Palace,2023
1245,2023-04-09,14:00,Matchweek 30,Away,W,5,1,Leeds United,3.0,0.9,52.0,16.0,7.0,Crystal Palace,2023
1246,2023-04-15,15:00,Matchweek 31,Away,W,2,0,Southampton,0.9,0.8,42.0,10.0,2.0,Crystal Palace,2023
1247,2023-04-22,15:00,Matchweek 32,Home,D,0,0,Everton,0.5,0.4,56.0,12.0,2.0,Crystal Palace,2023
1248,2023-04-25,19:30,Matchweek 33,Away,L,0,2,Wolverhampton Wanderers,0.8,1.4,59.0,14.0,4.0,Crystal Palace,2023
1249,2023-04-29,12:30,Matchweek 34,Home,W,4,3,West Ham,2.1,1.7,59.0,15.0,5.0,Crystal Palace,2023
1250,2023-05-06,15:00,Matchweek 35,Away,L,0,1,Tottenham Hotspur,0.4,0.9,44.0,7.0,2.0,Crystal Palace,2023
1251,2023-05-13,15:00,Matchweek 36,Home,W,2,0,Bournemouth,1.5,0.3,59.0,17.0,5.0,Crystal Palace,2023
1252,2023-05-20,15:00,Matchweek 37,Away,D,2,2,Fulham,1.6,1.7,51.0,11.0,5.0,Crystal Palace,2023
1253,2023-05-28,16:30,Matchweek 38,Home,D,1,1,Nottingham Forest,1.4,0.5,66.0,15.0,3.0,Crystal Palace,2023
1254,2023-08-12,15:00,Matchweek 1,Away,W,1,0,Sheffield United,1.9,0.5,68.0,24.0,8.0,Crystal Palace,2024
1255,2023-08-21,20:00,Matchweek 2,Home,L,0,1,Arsenal,1.0,2.0,47.0,14.0,2.0,Crystal Palace,2024
1256,2023-08-26,15:00,Matchweek 3,Away,D,1,1,Brentford,0.8,1.0,40.0,15.0,5.0,Crystal Palace,2024
1257,2023-09-03,14:00,Matchweek 4,Home,W,3,2,Wolverhampton Wanderers,2.1,1.2,43.0,16.0,10.0,Crystal Palace,2024
1258,2023-09-16,15:00,Matchweek 5,Away,L,1,3,Aston Villa,1.2,3.0,34.0,6.0,3.0,Crystal Palace,2024
1259,2023-09-23,15:00,Matchweek 6,Home,D,0,0,Fulham,0.3,0.6,51.0,7.0,3.0,Crystal Palace,2024
1260,2023-09-30,15:00,Matchweek 7,Away,W,1,0,Manchester United,0.9,1.3,23.0,8.0,2.0,Crystal Palace,2024
1261,2023-10-07,17:30,Matchweek 8,Home,D,0,0,Nottingham Forest,0.8,1.0,52.0,8.0,2.0,Crystal Palace,2024
1262,2023-10-21,15:00,Matchweek 9,Away,L,0,4,Newcastle United,1.2,2.4,41.0,17.0,3.0,Crystal Palace,2024
1263,2023-10-27,20:00,Matchweek 10,Home,L,1,2,Tottenham Hotspur,0.6,1.1,25.0,13.0,3.0,Crystal Palace,2024
1264,2023-11-04,15:00,Matchweek 11,Away,W,2,0,Burnley,1.3,1.1,33.0,4.0,3.0,Crystal Palace,2024
1265,2023-11-11,15:00,Matchweek 12,Home,L,2,3,Everton,2.2,1.5,67.0,12.0,3.0,Crystal Palace,2024
1266,2023-11-25,15:00,Matchweek 13,Away,L,1,2,Luton Town,1.6,0.9,61.0,16.0,8.0,Crystal Palace,2024
1267,2023-12-03,14:00,Matchweek 14,Away,D,1,1,West Ham,0.9,1.1,45.0,9.0,2.0,Crystal Palace,2024
1268,2023-12-06,19:30,Matchweek 15,Home,L,0,2,Bournemouth,1.0,1.8,59.0,16.0,3.0,Crystal Palace,2024
1269,2023-12-09,12:30,Matchweek 16,Home,L,1,2,Liverpool,1.7,1.2,24.0,7.0,3.0,Crystal Palace,2024
1270,2023-12-16,15:00,Matchweek 17,Away,D,2,2,Manchester City,1.8,1.6,26.0,4.0,1.0,Crystal Palace,2024
1271,2023-12-21,20:00,Matchweek 18,Home,D,1,1,Brighton,1.3,1.2,35.0,11.0,3.0,Crystal Palace,2024
1272,2023-12-27,19:30,Matchweek 19,Away,L,1,2,Chelsea,1.1,2.6,37.0,13.0,5.0,Crystal Palace,2024
1273,2023-12-30,15:00,Matchweek 20,Home,W,3,1,Brentford,1.0,1.4,46.0,13.0,6.0,Crystal Palace,2024
1274,2024-01-20,12:30,Matchweek 21,Away,L,0,5,Arsenal,0.3,3.3,40.0,12.0,5.0,Crystal Palace,2024
1275,2024-01-30,20:00,Matchweek 22,Home,W,3,2,Sheffield United,1.1,0.8,53.0,12.0,4.0,Crystal Palace,2024
1276,2024-02-03,15:00,Matchweek 23,Away,L,1,4,Brighton,0.3,1.4,32.0,7.0,5.0,Crystal Palace,2024
1277,2024-02-12,20:00,Matchweek 24,Home,L,1,3,Chelsea,0.6,1.4,23.0,13.0,4.0,Crystal Palace,2024
1278,2024-02-19,20:00,Matchweek 25,Away,D,1,1,Everton,0.7,1.7,39.0,10.0,3.0,Crystal Palace,2024
1279,2024-02-24,15:00,Matchweek 26,Home,W,3,0,Burnley,2.4,0.1,56.0,14.0,5.0,Crystal Palace,2024
1280,2024-03-02,15:00,Matchweek 27,Away,L,1,3,Tottenham Hotspur,0.3,1.9,22.0,4.0,1.0,Crystal Palace,2024
1281,2024-03-09,15:00,Matchweek 28,Home,D,1,1,Luton Town,2.7,0.8,49.0,21.0,4.0,Crystal Palace,2024
1282,2024-03-30,15:00,Matchweek 30,Away,D,1,1,Nottingham Forest,1.2,0.9,41.0,10.0,3.0,Crystal Palace,2024
1283,2024-04-02,19:45,Matchweek 31,Away,L,0,1,Bournemouth,0.2,1.1,50.0,3.0,2.0,Crystal Palace,2024
1284,2024-04-06,12:30,Matchweek 32,Home,L,2,4,Manchester City,1.1,1.9,25.0,7.0,4.0,Crystal Palace,2024
1285,2024-04-14,14:00,Matchweek 33,Away,W,1,0,Liverpool,2.0,2.7,31.0,8.0,4.0,Crystal Palace,2024
1286,2024-04-21,15:00,Matchweek 34,Home,W,5,2,West Ham,2.4,1.3,60.0,18.0,7.0,Crystal Palace,2024
1287,2024-04-24,20:00,Matchweek 29,Home,W,2,0,Newcastle United,0.9,0.4,47.0,20.0,7.0,Crystal Palace,2024
1288,2024-04-27,15:00,Matchweek 35,Away,D,1,1,Fulham,1.0,1.1,47.0,14.0,4.0,Crystal Palace,2024
1289,2024-05-06,20:00,Matchweek 36,Home,W,4,0,Manchester United,1.7,0.4,43.0,18.0,10.0,Crystal Palace,2024
1290,2024-05-11,15:00,Matchweek 37,Away,W,3,1,Wolverhampton Wanderers,2.6,1.6,38.0,13.0,3.0,Crystal Palace,2024
1291,2024-05-19,16:00,Matchweek 38,Home,W,5,0,Aston Villa,2.5,0.9,54.0,15.0,9.0,Crystal Palace,2024
1292,2024-08-18,14:00,Matchweek 1,Away,L,1,2,Brentford,1.2,1.6,54.0,14.0,6.0,Crystal Palace,2025
1293,2024-08-24,15:00,Matchweek 2,Home,L,0,2,West Ham,1.3,1.4,58.0,14.0,2.0,Crystal Palace,2025
1294,2024-09-01,13:30,Matchweek 3,Away,D,1,1,Chelsea,0.5,2.4,38.0,9.0,3.0,Crystal Palace,2025
1295,2024-09-14,15:00,Matchweek 4,Home,D,2,2,Leicester City,2.5,1.2,66.0,19.0,3.0,Crystal Palace,2025
1296,2024-09-21,17:30,Matchweek 5,Home,D,0,0,Manchester United,1.0,1.6,33.0,9.0,4.0,Crystal Palace,2025
1297,2024-09-28,15:00,Matchweek 6,Away,L,1,2,Everton,0.9,0.9,59.0,17.0,4.0,Crystal Palace,2025
1298,2024-10-05,12:30,Matchweek 7,Home,L,0,1,Liverpool,0.6,1.4,32.0,9.0,5.0,Crystal Palace,2025
1299,2024-10-21,20:00,Matchweek 8,Away,L,0,1,Nottingham Forest,1.0,1.7,49.0,20.0,7.0,Crystal Palace,2025
1300,2024-10-27,14:00,Matchweek 9,Home,W,1,0,Tottenham Hotspur,0.8,0.7,34.0,14.0,6.0,Crystal Palace,2025
1301,2024-11-02,17:30,Matchweek 10,Away,D,2,2,Wolverhampton Wanderers,2.4,1.5,43.0,19.0,6.0,Crystal Palace,2025
1302,2024-11-09,15:00,Matchweek 11,Home,L,0,2,Fulham,1.5,1.8,36.0,13.0,4.0,Crystal Palace,2025
1303,2024-11-23,15:00,Matchweek 12,Away,D,2,2,Aston Villa,1.3,3.0,31.0,13.0,6.0,Crystal Palace,2025
1304,2024-11-30,15:00,Matchweek 13,Home,D,1,1,Newcastle United,1.7,0.0,49.0,16.0,3.0,Crystal Palace,2025
1305,2024-12-03,19:30,Matchweek 14,Away,W,1,0,Ipswich Town,1.6,0.5,46.0,13.0,3.0,Crystal Palace,2025
1306,2024-12-07,15:00,Matchweek 15,Home,D,2,2,Manchester City,1.3,1.4,32.0,12.0,3.0,Crystal Palace,2025
1307,2024-12-15,14:00,Matchweek 16,Away,W,3,1,Brighton,2.2,1.0,36.0,13.0,5.0,Crystal Palace,2025
1308,2024-12-21,17:30,Matchweek 17,Home,L,1,5,Arsenal,1.6,2.5,42.0,15.0,6.0,Crystal Palace,2025
1309,2024-12-26,15:00,Matchweek 18,Away,D,0,0,Bournemouth,0.4,1.4,48.0,10.0,4.0,Crystal Palace,2025
1310,2024-12-29,15:00,Matchweek 19,Home,W,2,1,Southampton,2.0,0.9,47.0,19.0,9.0,Crystal Palace,2025
1311,2025-01-04,15:00,Matchweek 20,Home,D,1,1,Chelsea,1.1,1.2,39.0,13.0,6.0,Crystal Palace,2025
1312,2025-01-15,19:30,Matchweek 21,Away,W,2,0,Leicester City,1.8,1.7,43.0,9.0,4.0,Crystal Palace,2025
1313,2025-01-18,15:00,Matchweek 22,Away,W,2,0,West Ham,1.3,0.3,47.0,11.0,6.0,Crystal Palace,2025
1314,2025-01-26,14:00,Matchweek 23,Home,L,1,2,Brentford,1.1,1.3,47.0,16.0,5.0,Crystal Palace,2025
1315,2025-02-02,14:00,Matchweek 24,Away,W,2,0,Manchester United,2.6,1.1,34.0,11.0,3.0,Crystal Palace,2025
1316,2025-02-15,17:30,Matchweek 25,Home,L,1,2,Everton,1.6,0.9,58.0,17.0,6.0,Crystal Palace,2025
1317,2025-02-22,15:00,Matchweek 26,Away,W,2,0,Fulham,1.3,0.2,38.0,10.0,5.0,Crystal Palace,2025
1318,2025-02-25,19:30,Matchweek 27,Home,W,4,1,Aston Villa,4.3,0.4,36.0,19.0,6.0,Crystal Palace,2025
1319,2025-03-08,15:00,Matchweek 28,Home,W,1,0,Ipswich Town,3.2,1.5,55.0,19.0,4.0,Crystal Palace,2025
1320,2025-04-02,19:45,Matchweek 30,Away,D,1,1,Southampton,0.7,0.7,57.0,9.0,3.0,Crystal Palace,2025
1321,2025-04-05,15:00,Matchweek 31,Home,W,2,1,Brighton,0.6,1.0,38.0,8.0,3.0,Crystal Palace,2025
1322,2025-04-12,12:30,Matchweek 32,Away,L,2,5,Manchester City,1.8,3.7,33.0,8.0,3.0,Crystal Palace,2025
1323,2025-04-16,19:30,Matchweek 29,Away,L,0,5,Newcastle United,2.0,1.5,41.0,10.0,2.0,Crystal Palace,2025
1324,2025-04-19,15:00,Matchweek 33,Home,D,0,0,Bournemouth,0.4,0.7,29.0,5.0,0.0,Crystal Palace,2025
1325,2025-04-23,20:00,Matchweek 34,Away,D,2,2,Arsenal,1.7,1.2,33.0,15.0,4.0,Crystal Palace,2025
1326,2025-05-05,20:00,Matchweek 35,Home,D,1,1,Nottingham Forest,2.3,0.7,50.0,19.0,2.0,Crystal Palace,2025
1327,2025-05-11,14:15,Matchweek 36,Away,W,2,0,Tottenham Hotspur,3.3,0.7,52.0,23.0,9.0,Crystal Palace,2025
1328,2025-05-20,20:00,Matchweek 37,Home,W,4,2,Wolverhampton Wanderers,1.7,1.4,31.0,14.0,10.0,Crystal Palace,2025
1329,2025-05-25,16:00,Matchweek 38,Away,D,1,1,Liverpool,1.8,2.1,31.0,8.0,5.0,Crystal Palace,2025
1330,2020-09-13,16:30,Matchweek 1,Away,W,1,0,Tottenham Hotspur,1.2,1.1,48.0,15.0,4.0,Everton,2021
1331,2020-09-19,12:30,Matchweek 2,Home,W,5,2,West Brom,3.9,0.3,71.0,17.0,7.0,Everton,2021
1332,2020-09-26,15:00,Matchweek 3,Away,W,2,1,Crystal Palace,1.9,0.4,58.0,9.0,4.0,Everton,2021
1333,2020-10-03,15:00,Matchweek 4,Home,W,4,2,Brighton,1.6,1.3,43.0,11.0,6.0,Everton,2021
1334,2020-10-17,12:30,Matchweek 5,Home,D,2,2,Liverpool,1.2,2.6,42.0,11.0,5.0,Everton,2021
1335,2020-10-25,14:00,Matchweek 6,Away,L,0,2,Southampton,0.4,0.7,46.0,6.0,2.0,Everton,2021
1336,2020-11-01,14:00,Matchweek 7,Away,L,1,2,Newcastle United,1.5,2.9,61.0,15.0,4.0,Everton,2021
1337,2020-11-07,12:30,Matchweek 8,Home,L,1,3,Manchester United,0.4,1.5,55.0,7.0,1.0,Everton,2021
1338,2020-11-22,12:00,Matchweek 9,Away,W,3,2,Fulham,2.0,1.9,46.0,9.0,7.0,Everton,2021
1339,2020-11-28,17:30,Matchweek 10,Home,L,0,1,Leeds United,1.2,2.9,41.0,15.0,8.0,Everton,2021
1340,2020-12-05,12:30,Matchweek 11,Away,D,1,1,Burnley,2.2,0.8,58.0,13.0,6.0,Everton,2021
1341,2020-12-12,20:00,Matchweek 12,Home,W,1,0,Chelsea,1.2,0.7,29.0,8.0,3.0,Everton,2021
1342,2020-12-16,18:00,Matchweek 13,Away,W,2,0,Leicester City,1.4,0.8,39.0,11.0,6.0,Everton,2021
1343,2020-12-19,17:30,Matchweek 14,Home,W,2,1,Arsenal,0.6,1.4,43.0,9.0,2.0,Everton,2021
1344,2020-12-26,20:00,Matchweek 15,Away,W,1,0,Sheffield United,0.7,1.4,56.0,7.0,3.0,Everton,2021
1345,2021-01-01,17:30,Matchweek 17,Home,L,0,1,West Ham,0.4,1.3,60.0,10.0,2.0,Everton,2021
1346,2021-01-12,20:15,Matchweek 18,Away,W,2,1,Wolverhampton Wanderers,0.6,0.7,48.0,5.0,3.0,Everton,2021
1347,2021-01-27,20:15,Matchweek 20,Home,D,1,1,Leicester City,0.5,1.2,35.0,8.0,2.0,Everton,2021
1348,2021-01-30,12:30,Matchweek 21,Home,L,0,2,Newcastle United,0.8,1.7,60.0,11.0,3.0,Everton,2021
1349,2021-02-03,19:30,Matchweek 22,Away,W,2,1,Leeds United,1.6,1.3,37.0,10.0,6.0,Everton,2021
1350,2021-02-06,20:00,Matchweek 23,Away,D,3,3,Manchester United,1.5,1.8,39.0,6.0,3.0,Everton,2021
1351,2021-02-14,19:00,Matchweek 24,Home,L,0,2,Fulham,0.3,2.5,50.0,7.0,2.0,Everton,2021
1352,2021-02-17,20:15,Matchweek 16,Home,L,1,3,Manchester City,1.0,1.0,29.0,3.0,2.0,Everton,2021
1353,2021-02-20,17:30,Matchweek 25,Away,W,2,0,Liverpool,1.6,1.4,29.0,8.0,5.0,Everton,2021
1354,2021-03-01,20:00,Matchweek 26,Home,W,1,0,Southampton,1.2,0.6,47.0,7.0,1.0,Everton,2021
1355,2021-03-04,18:00,Matchweek 29,Away,W,1,0,West Brom,1.0,1.0,51.0,11.0,3.0,Everton,2021
1356,2021-03-08,18:00,Matchweek 27,Away,L,0,2,Chelsea,0.3,2.4,35.0,7.0,1.0,Everton,2021
1357,2021-03-13,17:30,Matchweek 28,Home,L,1,2,Burnley,1.5,0.8,65.0,14.0,4.0,Everton,2021
1358,2021-04-05,18:00,Matchweek 30,Home,D,1,1,Crystal Palace,2.5,0.7,48.0,15.0,7.0,Everton,2021
1359,2021-04-12,20:15,Matchweek 31,Away,D,0,0,Brighton,0.4,1.2,45.0,8.0,1.0,Everton,2021
1360,2021-04-16,20:00,Matchweek 32,Home,D,2,2,Tottenham Hotspur,1.8,1.4,53.0,17.0,6.0,Everton,2021
1361,2021-04-23,20:00,Matchweek 33,Away,W,1,0,Arsenal,0.5,0.8,41.0,8.0,1.0,Everton,2021
1362,2021-05-01,20:00,Matchweek 34,Home,L,1,2,Aston Villa,1.0,1.6,47.0,16.0,3.0,Everton,2021
1363,2021-05-09,16:30,Matchweek 35,Away,W,1,0,West Ham,1.5,1.3,32.0,9.0,3.0,Everton,2021
1364,2021-05-13,18:00,Matchweek 19,Away,D,0,0,Aston Villa,1.0,0.6,42.0,15.0,5.0,Everton,2021
1365,2021-05-16,19:00,Matchweek 36,Home,L,0,1,Sheffield United,1.4,1.2,62.0,16.0,6.0,Everton,2021
1366,2021-05-19,18:00,Matchweek 37,Home,W,1,0,Wolverhampton Wanderers,0.7,0.3,41.0,14.0,4.0,Everton,2021
1367,2021-05-23,16:00,Matchweek 38,Away,L,0,5,Manchester City,1.1,2.5,33.0,7.0,2.0,Everton,2021
1368,2021-08-14,15:00,Matchweek 1,Home,W,3,1,Southampton,2.4,0.8,48.0,14.0,6.0,Everton,2022
1369,2021-08-21,15:00,Matchweek 2,Away,D,2,2,Leeds United,1.8,1.2,31.0,16.0,7.0,Everton,2022
1370,2021-08-28,15:00,Matchweek 3,Away,W,2,0,Brighton,1.4,0.7,35.0,13.0,4.0,Everton,2022
1371,2021-09-13,20:00,Matchweek 4,Home,W,3,1,Burnley,1.4,1.0,52.0,14.0,6.0,Everton,2022
1372,2021-09-18,17:30,Matchweek 5,Away,L,0,3,Aston Villa,0.7,0.8,45.0,11.0,1.0,Everton,2022
1373,2021-09-25,15:00,Matchweek 6,Home,W,2,0,Norwich City,1.9,0.5,47.0,10.0,3.0,Everton,2022
1374,2021-10-02,12:30,Matchweek 7,Away,D,1,1,Manchester United,1.3,1.0,28.0,12.0,2.0,Everton,2022
1375,2021-10-17,14:00,Matchweek 8,Home,L,0,1,West Ham,0.9,1.2,39.0,15.0,2.0,Everton,2022
1376,2021-10-23,15:00,Matchweek 9,Home,L,2,5,Watford,1.5,3.7,49.0,15.0,4.0,Everton,2022
1377,2021-11-01,20:00,Matchweek 10,Away,L,1,2,Wolverhampton Wanderers,1.5,1.7,39.0,14.0,5.0,Everton,2022
1378,2021-11-07,14:00,Matchweek 11,Home,D,0,0,Tottenham Hotspur,0.6,0.7,45.0,12.0,2.0,Everton,2022
1379,2021-11-21,14:00,Matchweek 12,Away,L,0,3,Manchester City,0.2,2.5,23.0,4.0,1.0,Everton,2022
1380,2021-11-28,14:00,Matchweek 13,Away,L,0,1,Brentford,1.0,1.2,60.0,14.0,5.0,Everton,2022
1381,2021-12-01,20:15,Matchweek 14,Home,L,1,4,Liverpool,0.7,2.4,33.0,8.0,2.0,Everton,2022
1382,2021-12-06,20:00,Matchweek 15,Home,W,2,1,Arsenal,0.9,1.0,37.0,11.0,5.0,Everton,2022
1383,2021-12-12,16:30,Matchweek 16,Away,L,1,3,Crystal Palace,1.0,1.8,39.0,12.0,6.0,Everton,2022
1384,2021-12-16,19:45,Matchweek 17,Away,D,1,1,Chelsea,0.6,2.9,20.0,5.0,3.0,Everton,2022
1385,2022-01-02,14:00,Matchweek 21,Home,L,2,3,Brighton,1.6,1.7,50.0,16.0,6.0,Everton,2022
1386,2022-01-15,15:00,Matchweek 22,Away,L,1,2,Norwich City,0.6,1.0,59.0,12.0,5.0,Everton,2022
1387,2022-01-22,12:30,Matchweek 23,Home,L,0,1,Aston Villa,1.6,0.8,50.0,15.0,0.0,Everton,2022
1388,2022-02-08,19:45,Matchweek 24,Away,L,1,3,Newcastle United,0.7,1.9,60.0,11.0,2.0,Everton,2022
1389,2022-02-12,15:00,Matchweek 25,Home,W,3,0,Leeds United,2.7,0.3,42.0,21.0,10.0,Everton,2022
1390,2022-02-19,15:00,Matchweek 26,Away,L,0,2,Southampton,0.3,2.5,45.0,9.0,0.0,Everton,2022
1391,2022-02-26,17:30,Matchweek 27,Home,L,0,1,Manchester City,0.5,1.8,33.0,6.0,2.0,Everton,2022
1392,2022-03-07,20:00,Matchweek 28,Away,L,0,5,Tottenham Hotspur,0.2,2.5,45.0,6.0,0.0,Everton,2022
1393,2022-03-13,14:00,Matchweek 29,Home,L,0,1,Wolverhampton Wanderers,0.4,0.8,39.0,7.0,2.0,Everton,2022
1394,2022-03-17,19:45,Matchweek 20,Home,W,1,0,Newcastle United,0.7,0.9,39.0,9.0,3.0,Everton,2022
1395,2022-04-03,14:00,Matchweek 31,Away,L,1,2,West Ham,0.7,1.2,45.0,13.0,2.0,Everton,2022
1396,2022-04-06,19:30,Matchweek 19,Away,L,2,3,Burnley,2.4,2.0,48.0,14.0,2.0,Everton,2022
1397,2022-04-09,12:30,Matchweek 32,Home,W,1,0,Manchester United,0.4,0.8,33.0,7.0,3.0,Everton,2022
1398,2022-04-20,19:45,Matchweek 18,Home,D,1,1,Leicester City,1.8,0.9,37.0,13.0,3.0,Everton,2022
1399,2022-04-24,16:30,Matchweek 34,Away,L,0,2,Liverpool,0.4,1.7,18.0,9.0,1.0,Everton,2022
1400,2022-05-01,14:00,Matchweek 35,Home,W,1,0,Chelsea,0.8,0.8,23.0,9.0,4.0,Everton,2022
1401,2022-05-08,14:00,Matchweek 36,Away,W,2,1,Leicester City,1.1,1.5,34.0,10.0,4.0,Everton,2022
1402,2022-05-11,19:45,Matchweek 30,Away,D,0,0,Watford,0.7,0.3,52.0,16.0,5.0,Everton,2022
1403,2022-05-15,16:30,Matchweek 37,Home,L,2,3,Brentford,2.1,1.4,28.0,9.0,4.0,Everton,2022
1404,2022-05-19,19:45,Matchweek 33,Home,W,3,2,Crystal Palace,0.8,1.1,43.0,12.0,6.0,Everton,2022
1405,2022-05-22,16:00,Matchweek 38,Away,L,1,5,Arsenal,1.1,4.2,27.0,6.0,2.0,Everton,2022
1406,2022-08-06,17:30,Matchweek 1,Home,L,0,1,Chelsea,0.7,1.5,38.0,8.0,3.0,Everton,2023
1407,2022-08-13,12:30,Matchweek 2,Away,L,1,2,Aston Villa,1.6,2.3,43.0,15.0,4.0,Everton,2023
1408,2022-08-20,15:00,Matchweek 3,Home,D,1,1,Nottingham Forest,1.5,1.0,49.0,19.0,8.0,Everton,2023
1409,2022-08-27,15:00,Matchweek 4,Away,D,1,1,Brentford,1.1,2.1,42.0,14.0,7.0,Everton,2023
1410,2022-08-30,20:00,Matchweek 5,Away,D,1,1,Leeds United,1.0,1.0,31.0,7.0,2.0,Everton,2023
1411,2022-09-03,12:30,Matchweek 6,Home,D,0,0,Liverpool,1.7,2.1,39.0,14.0,3.0,Everton,2023
1412,2022-09-18,14:15,Matchweek 8,Home,W,1,0,West Ham,0.4,1.0,53.0,7.0,2.0,Everton,2023
1413,2022-10-01,15:00,Matchweek 9,Away,W,2,1,Southampton,2.0,1.7,45.0,12.0,5.0,Everton,2023
1414,2022-10-09,19:00,Matchweek 10,Home,L,1,2,Manchester United,0.6,1.4,40.0,11.0,2.0,Everton,2023
1415,2022-10-15,17:30,Matchweek 11,Away,L,0,2,Tottenham Hotspur,0.4,2.2,38.0,4.0,0.0,Everton,2023
1416,2022-10-19,19:30,Matchweek 12,Away,L,0,1,Newcastle United,0.2,1.5,51.0,1.0,0.0,Everton,2023
1417,2022-10-22,15:00,Matchweek 13,Home,W,3,0,Crystal Palace,1.4,0.9,46.0,9.0,6.0,Everton,2023
1418,2022-10-29,17:30,Matchweek 14,Away,D,0,0,Fulham,0.9,1.9,44.0,9.0,4.0,Everton,2023
1419,2022-11-05,17:30,Matchweek 15,Home,L,0,2,Leicester City,1.2,2.3,49.0,12.0,2.0,Everton,2023
1420,2022-11-12,15:00,Matchweek 16,Away,L,0,3,Bournemouth,0.8,2.4,64.0,15.0,3.0,Everton,2023
1421,2022-12-26,15:00,Matchweek 17,Home,L,1,2,Wolverhampton Wanderers,1.7,0.8,58.0,12.0,5.0,Everton,2023
1422,2022-12-31,15:00,Matchweek 18,Away,D,1,1,Manchester City,0.1,1.7,26.0,2.0,1.0,Everton,2023
1423,2023-01-03,19:45,Matchweek 19,Home,L,1,4,Brighton,1.3,2.2,49.0,9.0,3.0,Everton,2023
1424,2023-01-14,15:00,Matchweek 20,Home,L,1,2,Southampton,1.4,1.2,52.0,12.0,4.0,Everton,2023
1425,2023-01-21,15:00,Matchweek 21,Away,L,0,2,West Ham,0.5,2.2,67.0,5.0,2.0,Everton,2023
1426,2023-02-04,12:30,Matchweek 22,Home,W,1,0,Arsenal,1.7,0.9,30.0,12.0,4.0,Everton,2023
1427,2023-02-13,20:00,Matchweek 23,Away,L,0,2,Liverpool,0.4,2.3,41.0,6.0,1.0,Everton,2023
1428,2023-02-18,15:00,Matchweek 24,Home,W,1,0,Leeds United,1.4,0.5,51.0,15.0,4.0,Everton,2023
1429,2023-02-25,15:00,Matchweek 25,Home,L,0,2,Aston Villa,1.6,1.9,47.0,15.0,4.0,Everton,2023
1430,2023-03-01,19:45,Matchweek 7,Away,L,0,4,Arsenal,1.2,2.4,27.0,8.0,5.0,Everton,2023
1431,2023-03-05,14:00,Matchweek 26,Away,D,2,2,Nottingham Forest,1.7,0.8,43.0,9.0,2.0,Everton,2023
1432,2023-03-11,15:00,Matchweek 27,Home,W,1,0,Brentford,1.0,2.0,33.0,13.0,6.0,Everton,2023
1433,2023-03-18,17:30,Matchweek 28,Away,D,2,2,Chelsea,1.2,2.3,32.0,12.0,3.0,Everton,2023
1434,2023-04-03,20:00,Matchweek 29,Home,D,1,1,Tottenham Hotspur,0.9,1.4,39.0,15.0,6.0,Everton,2023
1435,2023-04-08,12:30,Matchweek 30,Away,L,0,2,Manchester United,1.0,3.4,37.0,15.0,1.0,Everton,2023
1436,2023-04-15,15:00,Matchweek 31,Home,L,1,3,Fulham,1.4,1.8,46.0,15.0,7.0,Everton,2023
1437,2023-04-22,15:00,Matchweek 32,Away,D,0,0,Crystal Palace,0.4,0.5,44.0,10.0,5.0,Everton,2023
1438,2023-04-27,19:45,Matchweek 33,Home,L,1,4,Newcastle United,0.9,2.4,40.0,13.0,5.0,Everton,2023
1439,2023-05-01,20:00,Matchweek 34,Away,D,2,2,Leicester City,3.1,3.4,46.0,22.0,7.0,Everton,2023
1440,2023-05-08,17:30,Matchweek 35,Away,W,5,1,Brighton,2.3,3.2,22.0,10.0,5.0,Everton,2023
1441,2023-05-14,14:00,Matchweek 36,Home,L,0,3,Manchester City,1.6,0.8,37.0,7.0,2.0,Everton,2023
1442,2023-05-20,15:00,Matchweek 37,Away,D,1,1,Wolverhampton Wanderers,2.0,1.6,48.0,19.0,4.0,Everton,2023
1443,2023-05-28,16:30,Matchweek 38,Home,W,1,0,Bournemouth,1.0,0.5,38.0,13.0,6.0,Everton,2023
1444,2023-08-12,15:00,Matchweek 1,Home,L,0,1,Fulham,2.7,1.5,42.0,19.0,9.0,Everton,2024
1445,2023-08-20,14:00,Matchweek 2,Away,L,0,4,Aston Villa,0.6,2.9,40.0,9.0,2.0,Everton,2024
1446,2023-08-26,15:00,Matchweek 3,Home,L,0,1,Wolverhampton Wanderers,1.3,1.1,47.0,15.0,7.0,Everton,2024
1447,2023-09-02,12:30,Matchweek 4,Away,D,2,2,Sheffield United,2.5,1.2,54.0,16.0,6.0,Everton,2024
1448,2023-09-17,16:30,Matchweek 5,Home,L,0,1,Arsenal,0.3,1.0,26.0,8.0,1.0,Everton,2024
1449,2023-09-23,17:30,Matchweek 6,Away,W,3,1,Brentford,1.9,1.0,43.0,18.0,6.0,Everton,2024
1450,2023-09-30,15:00,Matchweek 7,Home,L,1,2,Luton Town,2.9,0.9,67.0,23.0,4.0,Everton,2024
1451,2023-10-07,15:00,Matchweek 8,Home,W,3,0,Bournemouth,2.4,0.7,48.0,25.0,8.0,Everton,2024
1452,2023-10-21,12:30,Matchweek 9,Away,L,0,2,Liverpool,0.1,2.2,23.0,6.0,1.0,Everton,2024
1453,2023-10-29,13:00,Matchweek 10,Away,W,1,0,West Ham,0.8,0.7,36.0,10.0,4.0,Everton,2024
1454,2023-11-04,15:00,Matchweek 11,Home,D,1,1,Brighton,0.7,0.5,21.0,10.0,4.0,Everton,2024
1455,2023-11-11,15:00,Matchweek 12,Away,W,3,2,Crystal Palace,1.5,2.2,33.0,8.0,4.0,Everton,2024
1456,2023-11-26,16:30,Matchweek 13,Home,L,0,3,Manchester United,2.4,2.2,51.0,24.0,6.0,Everton,2024
1457,2023-12-02,17:30,Matchweek 14,Away,W,1,0,Nottingham Forest,0.7,0.7,39.0,12.0,2.0,Everton,2024
1458,2023-12-07,19:30,Matchweek 15,Home,W,3,0,Newcastle United,3.3,1.5,38.0,21.0,6.0,Everton,2024
1459,2023-12-10,14:00,Matchweek 16,Home,W,2,0,Chelsea,1.2,0.9,29.0,9.0,5.0,Everton,2024
1460,2023-12-16,17:30,Matchweek 17,Away,W,2,0,Burnley,1.4,0.7,39.0,9.0,6.0,Everton,2024
1461,2023-12-23,15:00,Matchweek 18,Away,L,1,2,Tottenham Hotspur,1.8,1.5,39.0,18.0,8.0,Everton,2024
1462,2023-12-27,20:15,Matchweek 19,Home,L,1,3,Manchester City,1.0,2.4,28.0,7.0,2.0,Everton,2024
1463,2023-12-30,15:00,Matchweek 20,Away,L,0,3,Wolverhampton Wanderers,0.4,1.9,47.0,10.0,0.0,Everton,2024
1464,2024-01-14,14:00,Matchweek 21,Home,D,0,0,Aston Villa,1.1,1.2,32.0,10.0,2.0,Everton,2024
1465,2024-01-30,19:45,Matchweek 22,Away,D,0,0,Fulham,1.9,1.6,30.0,21.0,2.0,Everton,2024
1466,2024-02-03,12:30,Matchweek 23,Home,D,2,2,Tottenham Hotspur,2.6,1.0,43.0,14.0,4.0,Everton,2024
1467,2024-02-10,12:30,Matchweek 24,Away,L,0,2,Manchester City,0.3,1.6,28.0,5.0,1.0,Everton,2024
1468,2024-02-19,20:00,Matchweek 25,Home,D,1,1,Crystal Palace,1.7,0.7,61.0,19.0,4.0,Everton,2024
1469,2024-02-24,15:00,Matchweek 26,Away,D,1,1,Brighton,0.3,1.4,36.0,6.0,2.0,Everton,2024
1470,2024-03-02,15:00,Matchweek 27,Home,L,1,3,West Ham,2.7,1.9,55.0,21.0,9.0,Everton,2024
1471,2024-03-09,12:30,Matchweek 28,Away,L,0,2,Manchester United,1.6,2.7,49.0,23.0,6.0,Everton,2024
1472,2024-03-30,15:00,Matchweek 30,Away,L,1,2,Bournemouth,1.0,1.3,52.0,7.0,3.0,Everton,2024
1473,2024-04-02,19:30,Matchweek 31,Away,D,1,1,Newcastle United,1.4,2.4,43.0,9.0,2.0,Everton,2024
1474,2024-04-06,15:00,Matchweek 32,Home,W,1,0,Burnley,0.9,0.5,38.0,12.0,3.0,Everton,2024
1475,2024-04-15,20:00,Matchweek 33,Away,L,0,6,Chelsea,1.5,3.1,42.0,10.0,2.0,Everton,2024
1476,2024-04-21,13:30,Matchweek 34,Home,W,2,0,Nottingham Forest,0.3,0.9,41.0,7.0,4.0,Everton,2024
1477,2024-04-24,20:00,Matchweek 29,Home,W,2,0,Liverpool,1.2,2.1,25.0,16.0,6.0,Everton,2024
1478,2024-04-27,17:30,Matchweek 35,Home,W,1,0,Brentford,0.8,0.9,48.0,18.0,1.0,Everton,2024
1479,2024-05-03,20:00,Matchweek 36,Away,D,1,1,Luton Town,1.4,0.8,49.0,9.0,2.0,Everton,2024
1480,2024-05-11,15:00,Matchweek 37,Home,W,1,0,Sheffield United,2.3,0.6,58.0,15.0,6.0,Everton,2024
1481,2024-05-19,16:00,Matchweek 38,Away,L,1,2,Arsenal,0.6,2.9,32.0,5.0,2.0,Everton,2024
1482,2024-08-17,15:00,Matchweek 1,Home,L,0,3,Brighton,0.5,1.4,40.0,9.0,1.0,Everton,2025
1483,2024-08-24,15:00,Matchweek 2,Away,L,0,4,Tottenham Hotspur,1.0,2.4,30.0,10.0,1.0,Everton,2025
1484,2024-08-31,15:00,Matchweek 3,Home,L,2,3,Bournemouth,1.8,2.4,47.0,18.0,8.0,Everton,2025
1485,2024-09-14,17:30,Matchweek 4,Away,L,2,3,Aston Villa,0.9,2.1,28.0,6.0,2.0,Everton,2025
1486,2024-09-21,15:00,Matchweek 5,Away,D,1,1,Leicester City,1.1,0.7,42.0,17.0,5.0,Everton,2025
1487,2024-09-28,15:00,Matchweek 6,Home,W,2,1,Crystal Palace,0.9,0.9,41.0,8.0,2.0,Everton,2025
1488,2024-10-05,17:30,Matchweek 7,Home,D,0,0,Newcastle United,0.7,2.1,33.0,8.0,2.0,Everton,2025
1489,2024-10-19,15:00,Matchweek 8,Away,W,2,0,Ipswich Town,1.7,1.3,45.0,11.0,8.0,Everton,2025
1490,2024-10-26,17:30,Matchweek 9,Home,D,1,1,Fulham,0.8,1.2,40.0,10.0,5.0,Everton,2025
1491,2024-11-02,15:00,Matchweek 10,Away,L,0,1,Southampton,1.6,0.7,35.0,16.0,5.0,Everton,2025
1492,2024-11-09,15:00,Matchweek 11,Away,D,0,0,West Ham,1.1,0.8,51.0,18.0,4.0,Everton,2025
1493,2024-11-23,15:00,Matchweek 12,Home,D,0,0,Brentford,1.2,1.1,59.0,27.0,5.0,Everton,2025
1494,2024-12-01,13:30,Matchweek 13,Away,L,0,4,Manchester United,0.6,1.1,40.0,8.0,2.0,Everton,2025
1495,2024-12-04,19:30,Matchweek 14,Home,W,4,0,Wolverhampton Wanderers,1.0,0.8,44.0,13.0,4.0,Everton,2025
1496,2024-12-14,15:00,Matchweek 16,Away,D,0,0,Arsenal,0.1,1.2,24.0,2.0,0.0,Everton,2025
1497,2024-12-22,14:00,Matchweek 17,Home,D,0,0,Chelsea,1.0,1.2,25.0,5.0,4.0,Everton,2025
1498,2024-12-26,12:30,Matchweek 18,Away,D,1,1,Manchester City,0.7,2.1,34.0,8.0,3.0,Everton,2025
1499,2024-12-29,15:00,Matchweek 19,Home,L,0,2,Nottingham Forest,0.9,1.5,64.0,13.0,2.0,Everton,2025
1500,2025-01-04,15:00,Matchweek 20,Away,L,0,1,Bournemouth,0.7,1.8,42.0,9.0,0.0,Everton,2025
1501,2025-01-15,19:30,Matchweek 21,Home,L,0,1,Aston Villa,1.1,1.2,50.0,10.0,2.0,Everton,2025
1502,2025-01-19,14:00,Matchweek 22,Home,W,3,2,Tottenham Hotspur,1.8,1.1,36.0,12.0,6.0,Everton,2025
1503,2025-01-25,15:00,Matchweek 23,Away,W,1,0,Brighton,0.8,0.7,31.0,2.0,0.0,Everton,2025
1504,2025-02-01,15:00,Matchweek 24,Home,W,4,0,Leicester City,2.5,0.3,48.0,13.0,7.0,Everton,2025
1505,2025-02-12,19:30,Matchweek 15,Home,D,2,2,Liverpool,1.0,0.6,37.0,10.0,3.0,Everton,2025
1506,2025-02-15,17:30,Matchweek 25,Away,W,2,1,Crystal Palace,0.9,1.6,42.0,11.0,6.0,Everton,2025
1507,2025-02-22,12:30,Matchweek 26,Home,D,2,2,Manchester United,1.6,0.4,38.0,9.0,8.0,Everton,2025
1508,2025-02-26,19:30,Matchweek 27,Away,D,1,1,Brentford,1.5,1.4,48.0,14.0,4.0,Everton,2025
1509,2025-03-08,20:00,Matchweek 28,Away,D,1,1,Wolverhampton Wanderers,1.2,0.8,34.0,12.0,4.0,Everton,2025
1510,2025-03-15,15:00,Matchweek 29,Home,D,1,1,West Ham,1.0,0.8,54.0,13.0,5.0,Everton,2025
1511,2025-04-02,20:00,Matchweek 30,Away,L,0,1,Liverpool,0.9,1.5,27.0,5.0,0.0,Everton,2025
1512,2025-04-05,12:30,Matchweek 31,Home,D,1,1,Arsenal,1.1,1.8,31.0,4.0,1.0,Everton,2025
1513,2025-04-12,15:00,Matchweek 32,Away,W,1,0,Nottingham Forest,1.4,0.5,57.0,13.0,5.0,Everton,2025
1514,2025-04-19,15:00,Matchweek 33,Home,L,0,2,Manchester City,0.9,2.0,33.0,8.0,2.0,Everton,2025
1515,2025-04-26,12:30,Matchweek 34,Away,L,0,1,Chelsea,0.4,0.8,45.0,6.0,3.0,Everton,2025
1516,2025-05-03,15:00,Matchweek 35,Home,D,2,2,Ipswich Town,0.6,0.8,58.0,8.0,3.0,Everton,2025
1517,2025-05-10,15:00,Matchweek 36,Away,W,3,1,Fulham,1.1,0.8,36.0,11.0,7.0,Everton,2025
1518,2025-05-18,12:00,Matchweek 37,Home,W,2,0,Southampton,2.7,1.2,50.0,13.0,4.0,Everton,2025
1519,2025-05-25,16:00,Matchweek 38,Away,W,1,0,Newcastle United,1.2,1.2,35.0,14.0,6.0,Everton,2025
1520,2020-09-12,12:30,Matchweek 1,Home,L,0,3,Arsenal,0.1,1.9,46.0,5.0,2.0,Fulham,2021
1521,2020-09-19,15:00,Matchweek 2,Away,L,3,4,Leeds United,1.7,1.4,49.0,13.0,5.0,Fulham,2021
1522,2020-09-28,17:45,Matchweek 3,Home,L,0,3,Aston Villa,0.7,1.4,64.0,16.0,2.0,Fulham,2021
1523,2020-10-04,14:00,Matchweek 4,Away,L,0,1,Wolverhampton Wanderers,0.9,1.2,52.0,10.0,2.0,Fulham,2021
1524,2020-10-18,12:00,Matchweek 5,Away,D,1,1,Sheffield United,1.5,1.7,58.0,14.0,6.0,Fulham,2021
1525,2020-10-24,15:00,Matchweek 6,Home,L,1,2,Crystal Palace,1.1,2.5,64.0,16.0,3.0,Fulham,2021
1526,2020-11-02,17:30,Matchweek 7,Home,W,2,0,West Brom,1.5,0.5,47.0,13.0,4.0,Fulham,2021
1527,2020-11-07,20:00,Matchweek 8,Away,L,0,1,West Ham,1.7,1.3,47.0,12.0,2.0,Fulham,2021
1528,2020-11-22,12:00,Matchweek 9,Home,L,2,3,Everton,1.9,2.0,54.0,13.0,6.0,Fulham,2021
1529,2020-11-30,17:30,Matchweek 10,Away,W,2,1,Leicester City,2.2,1.2,32.0,9.0,4.0,Fulham,2021
1530,2020-12-05,15:00,Matchweek 11,Away,L,0,2,Manchester City,0.3,2.9,31.0,6.0,1.0,Fulham,2021
1531,2020-12-13,16:30,Matchweek 12,Home,D,1,1,Liverpool,1.5,1.8,26.0,10.0,5.0,Fulham,2021
1532,2020-12-16,20:00,Matchweek 13,Home,D,0,0,Brighton,1.0,0.5,46.0,9.0,4.0,Fulham,2021
1533,2020-12-19,20:00,Matchweek 14,Away,D,1,1,Newcastle United,1.0,1.4,51.0,11.0,4.0,Fulham,2021
1534,2020-12-26,15:00,Matchweek 15,Home,D,0,0,Southampton,0.7,0.2,47.0,10.0,1.0,Fulham,2021
1535,2021-01-13,20:15,Matchweek 16,Away,D,1,1,Tottenham Hotspur,1.1,2.4,47.0,15.0,4.0,Fulham,2021
1536,2021-01-16,17:30,Matchweek 19,Home,L,0,1,Chelsea,0.7,1.6,31.0,10.0,2.0,Fulham,2021
1537,2021-01-20,20:15,Matchweek 18,Home,L,1,2,Manchester United,0.9,1.7,38.0,12.0,5.0,Fulham,2021
1538,2021-01-27,19:30,Matchweek 20,Away,D,0,0,Brighton,0.5,1.8,50.0,10.0,2.0,Fulham,2021
1539,2021-01-30,15:00,Matchweek 21,Away,D,2,2,West Brom,1.3,1.0,62.0,12.0,7.0,Fulham,2021
1540,2021-02-03,18:00,Matchweek 22,Home,L,0,2,Leicester City,0.6,1.4,57.0,8.0,1.0,Fulham,2021
1541,2021-02-06,17:30,Matchweek 23,Home,D,0,0,West Ham,1.5,1.0,60.0,20.0,2.0,Fulham,2021
1542,2021-02-14,19:00,Matchweek 24,Away,W,2,0,Everton,2.5,0.3,50.0,12.0,3.0,Fulham,2021
1543,2021-02-17,18:00,Matchweek 17,Away,D,1,1,Burnley,0.5,0.9,53.0,8.0,3.0,Fulham,2021
1544,2021-02-20,20:00,Matchweek 25,Home,W,1,0,Sheffield United,1.2,0.9,64.0,15.0,5.0,Fulham,2021
1545,2021-02-28,12:00,Matchweek 26,Away,D,0,0,Crystal Palace,1.4,0.1,60.0,16.0,4.0,Fulham,2021
1546,2021-03-04,18:00,Matchweek 33,Home,L,0,1,Tottenham Hotspur,0.7,1.6,60.0,11.0,3.0,Fulham,2021
1547,2021-03-07,14:00,Matchweek 27,Away,W,1,0,Liverpool,1.3,0.9,37.0,10.0,3.0,Fulham,2021
1548,2021-03-13,20:00,Matchweek 28,Home,L,0,3,Manchester City,0.3,2.2,46.0,3.0,0.0,Fulham,2021
1549,2021-03-19,20:00,Matchweek 29,Home,L,1,2,Leeds United,1.6,1.3,51.0,13.0,6.0,Fulham,2021
1550,2021-04-04,16:30,Matchweek 30,Away,L,1,3,Aston Villa,1.0,1.5,47.0,15.0,7.0,Fulham,2021
1551,2021-04-09,20:00,Matchweek 31,Home,L,0,1,Wolverhampton Wanderers,0.9,0.5,50.0,14.0,3.0,Fulham,2021
1552,2021-04-18,13:30,Matchweek 32,Away,D,1,1,Arsenal,0.9,2.7,31.0,2.0,0.0,Fulham,2021
1553,2021-05-01,17:30,Matchweek 34,Away,L,0,2,Chelsea,0.3,1.7,51.0,10.0,3.0,Fulham,2021
1554,2021-05-10,20:00,Matchweek 35,Home,L,0,2,Burnley,1.0,1.5,68.0,21.0,3.0,Fulham,2021
1555,2021-05-15,15:00,Matchweek 36,Away,L,1,3,Southampton,0.8,1.6,53.0,10.0,3.0,Fulham,2021
1556,2021-05-18,18:00,Matchweek 37,Away,D,1,1,Manchester United,0.9,0.9,43.0,8.0,5.0,Fulham,2021
1557,2021-05-23,16:00,Matchweek 38,Home,L,0,2,Newcastle United,1.0,1.3,64.0,14.0,0.0,Fulham,2021
1558,2022-08-06,12:30,Matchweek 1,Home,D,2,2,Liverpool,1.2,1.2,33.0,8.0,2.0,Fulham,2023
1559,2022-08-13,15:00,Matchweek 2,Away,D,0,0,Wolverhampton Wanderers,1.5,0.9,41.0,8.0,2.0,Fulham,2023
1560,2022-08-20,15:00,Matchweek 3,Home,W,3,2,Brentford,2.4,1.8,43.0,18.0,9.0,Fulham,2023
1561,2022-08-27,17:30,Matchweek 4,Away,L,1,2,Arsenal,0.8,2.6,29.0,11.0,3.0,Fulham,2023
1562,2022-08-30,19:30,Matchweek 5,Home,W,2,1,Brighton,0.7,1.4,39.0,10.0,3.0,Fulham,2023
1563,2022-09-03,15:00,Matchweek 6,Away,L,1,2,Tottenham Hotspur,0.7,2.9,48.0,9.0,3.0,Fulham,2023
1564,2022-09-16,20:00,Matchweek 8,Away,W,3,2,Nottingham Forest,0.9,1.4,59.0,15.0,7.0,Fulham,2023
1565,2022-10-01,15:00,Matchweek 9,Home,L,1,4,Newcastle United,0.5,3.3,33.0,3.0,1.0,Fulham,2023
1566,2022-10-09,14:00,Matchweek 10,Away,L,1,3,West Ham,0.7,2.4,50.0,8.0,2.0,Fulham,2023
1567,2022-10-15,15:00,Matchweek 11,Home,D,2,2,Bournemouth,2.1,1.0,69.0,18.0,3.0,Fulham,2023
1568,2022-10-20,19:30,Matchweek 12,Home,W,3,0,Aston Villa,2.1,1.2,60.0,17.0,6.0,Fulham,2023
1569,2022-10-23,14:00,Matchweek 13,Away,W,3,2,Leeds United,1.8,1.6,43.0,11.0,4.0,Fulham,2023
1570,2022-10-29,17:30,Matchweek 14,Home,D,0,0,Everton,1.9,0.9,56.0,24.0,6.0,Fulham,2023
1571,2022-11-05,15:00,Matchweek 15,Away,L,1,2,Manchester City,1.0,2.1,30.0,3.0,1.0,Fulham,2023
1572,2022-11-13,16:30,Matchweek 16,Home,L,1,2,Manchester United,1.4,2.5,53.0,14.0,7.0,Fulham,2023
1573,2022-12-26,15:00,Matchweek 17,Away,W,3,0,Crystal Palace,2.5,0.4,64.0,23.0,10.0,Fulham,2023
1574,2022-12-31,15:00,Matchweek 18,Home,W,2,1,Southampton,1.5,0.8,62.0,7.0,1.0,Fulham,2023
1575,2023-01-03,19:45,Matchweek 19,Away,W,1,0,Leicester City,1.7,1.7,39.0,11.0,2.0,Fulham,2023
1576,2023-01-12,20:00,Matchweek 7,Home,W,2,1,Chelsea,1.0,2.1,48.0,8.0,3.0,Fulham,2023
1577,2023-01-15,14:00,Matchweek 20,Away,L,0,1,Newcastle United,1.1,2.2,38.0,4.0,0.0,Fulham,2023
1578,2023-01-23,20:00,Matchweek 21,Home,L,0,1,Tottenham Hotspur,1.0,0.9,54.0,10.0,5.0,Fulham,2023
1579,2023-02-03,20:00,Matchweek 22,Away,D,0,0,Chelsea,0.6,1.3,34.0,10.0,4.0,Fulham,2023
1580,2023-02-11,15:00,Matchweek 23,Home,W,2,0,Nottingham Forest,1.5,0.7,50.0,16.0,3.0,Fulham,2023
1581,2023-02-18,15:00,Matchweek 24,Away,W,1,0,Brighton,0.3,2.2,35.0,5.0,2.0,Fulham,2023
1582,2023-02-24,20:00,Matchweek 25,Home,D,1,1,Wolverhampton Wanderers,0.5,0.8,51.0,10.0,5.0,Fulham,2023
1583,2023-03-06,20:00,Matchweek 26,Away,L,2,3,Brentford,1.4,2.1,63.0,9.0,5.0,Fulham,2023
1584,2023-03-12,14:00,Matchweek 27,Home,L,0,3,Arsenal,0.8,2.3,45.0,12.0,2.0,Fulham,2023
1585,2023-04-01,15:00,Matchweek 29,Away,L,1,2,Bournemouth,0.8,2.6,57.0,10.0,2.0,Fulham,2023
1586,2023-04-08,15:00,Matchweek 30,Home,L,0,1,West Ham,0.7,1.1,76.0,16.0,3.0,Fulham,2023
1587,2023-04-15,15:00,Matchweek 31,Away,W,3,1,Everton,1.8,1.4,54.0,21.0,7.0,Fulham,2023
1588,2023-04-22,12:30,Matchweek 32,Home,W,2,1,Leeds United,1.7,0.8,50.0,12.0,5.0,Fulham,2023
1589,2023-04-25,19:45,Matchweek 33,Away,L,0,1,Aston Villa,0.1,1.0,49.0,1.0,0.0,Fulham,2023
1590,2023-04-30,14:00,Matchweek 34,Home,L,1,2,Manchester City,0.2,2.5,38.0,4.0,1.0,Fulham,2023
1591,2023-05-03,20:00,Matchweek 28,Away,L,0,1,Liverpool,0.9,1.8,43.0,9.0,3.0,Fulham,2023
1592,2023-05-08,15:00,Matchweek 35,Home,W,5,3,Leicester City,1.6,2.8,57.0,17.0,7.0,Fulham,2023
1593,2023-05-13,15:00,Matchweek 36,Away,W,2,0,Southampton,1.4,0.4,64.0,9.0,3.0,Fulham,2023
1594,2023-05-20,15:00,Matchweek 37,Home,D,2,2,Crystal Palace,1.7,1.6,49.0,10.0,3.0,Fulham,2023
1595,2023-05-28,16:30,Matchweek 38,Away,L,1,2,Manchester United,1.8,2.9,47.0,9.0,2.0,Fulham,2023
1596,2023-08-12,15:00,Matchweek 1,Away,W,1,0,Everton,1.5,2.7,58.0,9.0,2.0,Fulham,2024
1597,2023-08-19,15:00,Matchweek 2,Home,L,0,3,Brentford,0.5,3.7,55.0,10.0,2.0,Fulham,2024
1598,2023-08-26,15:00,Matchweek 3,Away,D,2,2,Arsenal,0.6,3.2,29.0,8.0,3.0,Fulham,2024
1599,2023-09-02,15:00,Matchweek 4,Away,L,1,5,Manchester City,1.4,2.2,32.0,6.0,4.0,Fulham,2024
1600,2023-09-16,15:00,Matchweek 5,Home,W,1,0,Luton Town,1.0,1.1,77.0,13.0,2.0,Fulham,2024
1601,2023-09-23,15:00,Matchweek 6,Away,D,0,0,Crystal Palace,0.6,0.3,49.0,10.0,5.0,Fulham,2024
1602,2023-10-02,20:00,Matchweek 7,Home,L,0,2,Chelsea,1.1,1.7,56.0,10.0,3.0,Fulham,2024
1603,2023-10-07,15:00,Matchweek 8,Home,W,3,1,Sheffield United,2.2,0.6,60.0,20.0,6.0,Fulham,2024
1604,2023-10-23,20:00,Matchweek 9,Away,L,0,2,Tottenham Hotspur,1.0,1.5,45.0,10.0,3.0,Fulham,2024
1605,2023-10-29,14:00,Matchweek 10,Away,D,1,1,Brighton,0.7,1.4,29.0,10.0,5.0,Fulham,2024
1606,2023-11-04,12:30,Matchweek 11,Home,L,0,1,Manchester United,1.0,0.7,45.0,18.0,2.0,Fulham,2024
1607,2023-11-12,14:00,Matchweek 12,Away,L,1,3,Aston Villa,0.9,3.0,49.0,9.0,5.0,Fulham,2024
1608,2023-11-27,20:00,Matchweek 13,Home,W,3,2,Wolverhampton Wanderers,2.9,1.4,60.0,10.0,4.0,Fulham,2024
1609,2023-12-03,14:00,Matchweek 14,Away,L,3,4,Liverpool,1.2,2.1,39.0,9.0,5.0,Fulham,2024
1610,2023-12-06,19:30,Matchweek 15,Home,W,5,0,Nottingham Forest,2.5,0.3,63.0,14.0,6.0,Fulham,2024
1611,2023-12-10,14:00,Matchweek 16,Home,W,5,0,West Ham,2.3,1.3,63.0,14.0,8.0,Fulham,2024
1612,2023-12-16,15:00,Matchweek 17,Away,L,0,3,Newcastle United,0.3,3.5,30.0,6.0,4.0,Fulham,2024
1613,2023-12-23,15:00,Matchweek 18,Home,L,0,2,Burnley,1.3,0.4,66.0,19.0,5.0,Fulham,2024
1614,2023-12-26,15:00,Matchweek 19,Away,L,0,3,Bournemouth,0.3,1.8,57.0,8.0,3.0,Fulham,2024
1615,2023-12-31,14:00,Matchweek 20,Home,W,2,1,Arsenal,1.2,1.6,40.0,15.0,4.0,Fulham,2024
1616,2024-01-13,12:30,Matchweek 21,Away,L,0,1,Chelsea,0.8,2.2,45.0,14.0,4.0,Fulham,2024
1617,2024-01-30,19:45,Matchweek 22,Home,D,0,0,Everton,1.6,1.9,70.0,25.0,5.0,Fulham,2024
1618,2024-02-03,15:00,Matchweek 23,Away,D,2,2,Burnley,1.5,1.8,56.0,15.0,7.0,Fulham,2024
1619,2024-02-10,15:00,Matchweek 24,Home,W,3,1,Bournemouth,1.6,1.8,49.0,7.0,6.0,Fulham,2024
1620,2024-02-17,15:00,Matchweek 25,Home,L,1,2,Aston Villa,1.5,1.5,52.0,15.0,4.0,Fulham,2024
1621,2024-02-24,15:00,Matchweek 26,Away,W,2,1,Manchester United,1.2,1.7,43.0,17.0,5.0,Fulham,2024
1622,2024-03-02,15:00,Matchweek 27,Home,W,3,0,Brighton,1.3,1.3,30.0,12.0,5.0,Fulham,2024
1623,2024-03-09,15:00,Matchweek 28,Away,L,1,2,Wolverhampton Wanderers,2.6,0.8,52.0,23.0,6.0,Fulham,2024
1624,2024-03-16,17:30,Matchweek 29,Home,W,3,0,Tottenham Hotspur,2.6,2.4,43.0,16.0,7.0,Fulham,2024
1625,2024-03-30,15:00,Matchweek 30,Away,D,3,3,Sheffield United,1.3,1.9,73.0,24.0,9.0,Fulham,2024
1626,2024-04-02,19:30,Matchweek 31,Away,L,1,3,Nottingham Forest,1.5,1.5,66.0,18.0,3.0,Fulham,2024
1627,2024-04-06,15:00,Matchweek 32,Home,L,0,1,Newcastle United,1.2,1.0,66.0,14.0,4.0,Fulham,2024
1628,2024-04-14,14:00,Matchweek 33,Away,W,2,0,West Ham,3.2,0.9,42.0,18.0,10.0,Fulham,2024
1629,2024-04-21,16:30,Matchweek 34,Home,L,1,3,Liverpool,0.8,1.0,40.0,12.0,5.0,Fulham,2024
1630,2024-04-27,15:00,Matchweek 35,Home,D,1,1,Crystal Palace,1.1,1.0,53.0,9.0,2.0,Fulham,2024
1631,2024-05-04,15:00,Matchweek 36,Away,D,0,0,Brentford,1.3,0.6,46.0,15.0,3.0,Fulham,2024
1632,2024-05-11,12:30,Matchweek 37,Home,L,0,4,Manchester City,0.1,3.2,36.0,1.0,1.0,Fulham,2024
1633,2024-05-19,16:00,Matchweek 38,Away,W,4,2,Luton Town,1.1,2.0,59.0,16.0,8.0,Fulham,2024
1634,2024-08-16,20:00,Matchweek 1,Away,L,0,1,Manchester United,0.4,2.4,45.0,10.0,2.0,Fulham,2025
1635,2024-08-24,15:00,Matchweek 2,Home,W,2,1,Leicester City,1.8,0.6,54.0,18.0,6.0,Fulham,2025
1636,2024-08-31,15:00,Matchweek 3,Away,D,1,1,Ipswich Town,0.9,0.4,52.0,9.0,4.0,Fulham,2025
1637,2024-09-14,15:00,Matchweek 4,Home,D,1,1,West Ham,1.5,0.8,54.0,21.0,5.0,Fulham,2025
1638,2024-09-21,15:00,Matchweek 5,Home,W,3,1,Newcastle United,2.2,1.5,39.0,22.0,11.0,Fulham,2025
1639,2024-09-28,15:00,Matchweek 6,Away,W,1,0,Nottingham Forest,1.3,0.8,59.0,13.0,1.0,Fulham,2025
1640,2024-10-05,15:00,Matchweek 7,Away,L,2,3,Manchester City,2.6,1.6,42.0,11.0,4.0,Fulham,2025
1641,2024-10-19,15:00,Matchweek 8,Home,L,1,3,Aston Villa,1.8,1.6,52.0,9.0,3.0,Fulham,2025
1642,2024-10-26,17:30,Matchweek 9,Away,D,1,1,Everton,1.2,0.8,60.0,14.0,3.0,Fulham,2025
1643,2024-11-04,20:00,Matchweek 10,Home,W,2,1,Brentford,1.3,0.6,68.0,26.0,12.0,Fulham,2025
1644,2024-11-09,15:00,Matchweek 11,Away,W,2,0,Crystal Palace,1.8,1.5,64.0,17.0,7.0,Fulham,2025
1645,2024-11-23,15:00,Matchweek 12,Home,L,1,4,Wolverhampton Wanderers,1.0,1.3,59.0,10.0,3.0,Fulham,2025
1646,2024-12-01,13:30,Matchweek 13,Away,D,1,1,Tottenham Hotspur,1.5,0.8,49.0,14.0,6.0,Fulham,2025
1647,2024-12-05,19:30,Matchweek 14,Home,W,3,1,Brighton,1.1,1.4,43.0,6.0,2.0,Fulham,2025
1648,2024-12-08,14:00,Matchweek 15,Home,D,1,1,Arsenal,0.2,1.8,34.0,2.0,2.0,Fulham,2025
1649,2024-12-14,15:00,Matchweek 16,Away,D,2,2,Liverpool,1.2,2.1,39.0,12.0,3.0,Fulham,2025
1650,2024-12-22,14:00,Matchweek 17,Home,D,0,0,Southampton,0.9,0.3,57.0,15.0,5.0,Fulham,2025
1651,2024-12-26,15:00,Matchweek 18,Away,W,2,1,Chelsea,1.8,1.1,53.0,14.0,7.0,Fulham,2025
1652,2024-12-29,15:00,Matchweek 19,Home,D,2,2,Bournemouth,1.1,2.0,52.0,11.0,6.0,Fulham,2025
1653,2025-01-05,14:00,Matchweek 20,Home,D,2,2,Ipswich Town,2.2,1.5,73.0,13.0,2.0,Fulham,2025
1654,2025-01-14,19:30,Matchweek 21,Away,L,2,3,West Ham,1.7,1.0,56.0,21.0,4.0,Fulham,2025
1655,2025-01-18,15:00,Matchweek 22,Away,W,2,0,Leicester City,2.0,0.6,60.0,17.0,2.0,Fulham,2025
1656,2025-01-26,19:00,Matchweek 23,Home,L,0,1,Manchester United,0.7,0.3,51.0,9.0,2.0,Fulham,2025
1657,2025-02-01,15:00,Matchweek 24,Away,W,2,1,Newcastle United,1.6,0.8,51.0,15.0,4.0,Fulham,2025
1658,2025-02-15,15:00,Matchweek 25,Home,W,2,1,Nottingham Forest,2.1,0.4,55.0,24.0,10.0,Fulham,2025
1659,2025-02-22,15:00,Matchweek 26,Home,L,0,2,Crystal Palace,0.2,1.3,62.0,10.0,0.0,Fulham,2025
1660,2025-02-25,19:30,Matchweek 27,Away,W,2,1,Wolverhampton Wanderers,1.7,1.3,40.0,11.0,5.0,Fulham,2025
1661,2025-03-08,15:00,Matchweek 28,Away,L,1,2,Brighton,0.9,1.5,47.0,6.0,1.0,Fulham,2025
1662,2025-03-16,13:30,Matchweek 29,Home,W,2,0,Tottenham Hotspur,1.0,0.9,57.0,13.0,4.0,Fulham,2025
1663,2025-04-01,19:45,Matchweek 30,Away,L,1,2,Arsenal,1.0,2.2,49.0,9.0,3.0,Fulham,2025
1664,2025-04-06,14:00,Matchweek 31,Home,W,3,2,Liverpool,0.7,1.5,37.0,12.0,6.0,Fulham,2025
1665,2025-04-14,20:00,Matchweek 32,Away,L,0,1,Bournemouth,1.0,1.4,59.0,12.0,7.0,Fulham,2025
1666,2025-04-20,14:00,Matchweek 33,Home,L,1,2,Chelsea,0.3,0.9,41.0,6.0,1.0,Fulham,2025
1667,2025-04-26,15:00,Matchweek 34,Away,W,2,1,Southampton,2.4,0.6,65.0,26.0,5.0,Fulham,2025
1668,2025-05-03,12:30,Matchweek 35,Away,L,0,1,Aston Villa,0.9,1.0,48.0,11.0,3.0,Fulham,2025
1669,2025-05-10,15:00,Matchweek 36,Home,L,1,3,Everton,0.8,1.1,64.0,18.0,6.0,Fulham,2025
1670,2025-05-18,15:00,Matchweek 37,Away,W,3,2,Brentford,1.0,2.5,49.0,16.0,7.0,Fulham,2025
1671,2025-05-25,16:00,Matchweek 38,Home,L,0,2,Manchester City,1.3,3.0,47.0,13.0,3.0,Fulham,2025
1672,2024-08-17,12:30,Matchweek 1,Home,L,0,2,Liverpool,0.5,2.6,38.0,7.0,2.0,Ipswich Town,2025
1673,2024-08-24,15:00,Matchweek 2,Away,L,1,4,Manchester City,0.3,3.3,25.0,1.0,1.0,Ipswich Town,2025
1674,2024-08-31,15:00,Matchweek 3,Home,D,1,1,Fulham,0.4,0.9,48.0,11.0,4.0,Ipswich Town,2025
1675,2024-09-14,15:00,Matchweek 4,Away,D,0,0,Brighton,0.3,1.6,32.0,6.0,1.0,Ipswich Town,2025
1676,2024-09-21,15:00,Matchweek 5,Away,D,1,1,Southampton,1.6,2.4,47.0,13.0,6.0,Ipswich Town,2025
1677,2024-09-29,14:00,Matchweek 6,Home,D,2,2,Aston Villa,1.2,0.8,44.0,15.0,5.0,Ipswich Town,2025
1678,2024-10-05,15:00,Matchweek 7,Away,L,1,4,West Ham,0.6,3.6,48.0,9.0,2.0,Ipswich Town,2025
1679,2024-10-19,15:00,Matchweek 8,Home,L,0,2,Everton,1.3,1.7,55.0,13.0,2.0,Ipswich Town,2025
1680,2024-10-26,15:00,Matchweek 9,Away,L,3,4,Brentford,1.3,4.0,35.0,11.0,5.0,Ipswich Town,2025
1681,2024-11-02,15:00,Matchweek 10,Home,D,1,1,Leicester City,1.0,1.5,43.0,14.0,2.0,Ipswich Town,2025
1682,2024-11-10,14:00,Matchweek 11,Away,W,2,1,Tottenham Hotspur,1.6,1.5,34.0,8.0,3.0,Ipswich Town,2025
1683,2024-11-24,16:30,Matchweek 12,Home,D,1,1,Manchester United,1.6,0.8,40.0,11.0,6.0,Ipswich Town,2025
1684,2024-11-30,15:00,Matchweek 13,Away,L,0,1,Nottingham Forest,0.6,1.6,55.0,7.0,2.0,Ipswich Town,2025
1685,2024-12-03,19:30,Matchweek 14,Home,L,0,1,Crystal Palace,0.5,1.6,54.0,9.0,2.0,Ipswich Town,2025
1686,2024-12-08,14:00,Matchweek 15,Home,L,1,2,Bournemouth,1.3,3.2,44.0,18.0,5.0,Ipswich Town,2025
1687,2024-12-14,15:00,Matchweek 16,Away,W,2,1,Wolverhampton Wanderers,1.1,1.3,46.0,10.0,3.0,Ipswich Town,2025
1688,2024-12-21,15:00,Matchweek 17,Home,L,0,4,Newcastle United,0.7,2.3,42.0,10.0,2.0,Ipswich Town,2025
1689,2024-12-27,20:15,Matchweek 18,Away,L,0,1,Arsenal,0.2,1.8,32.0,3.0,0.0,Ipswich Town,2025
1690,2024-12-30,19:45,Matchweek 19,Home,W,2,0,Chelsea,1.6,2.0,24.0,8.0,5.0,Ipswich Town,2025
1691,2025-01-05,14:00,Matchweek 20,Away,D,2,2,Fulham,1.5,2.2,27.0,6.0,2.0,Ipswich Town,2025
1692,2025-01-16,19:30,Matchweek 21,Home,L,0,2,Brighton,0.3,1.0,47.0,5.0,3.0,Ipswich Town,2025
1693,2025-01-19,16:30,Matchweek 22,Home,L,0,6,Manchester City,0.5,3.0,33.0,8.0,4.0,Ipswich Town,2025
1694,2025-01-25,15:00,Matchweek 23,Away,L,1,4,Liverpool,0.5,2.0,30.0,3.0,3.0,Ipswich Town,2025
1695,2025-02-01,15:00,Matchweek 24,Home,L,1,2,Southampton,1.8,0.9,57.0,15.0,6.0,Ipswich Town,2025
1696,2025-02-15,15:00,Matchweek 25,Away,D,1,1,Aston Villa,0.4,2.4,25.0,4.0,3.0,Ipswich Town,2025
1697,2025-02-22,15:00,Matchweek 26,Home,L,1,4,Tottenham Hotspur,1.1,1.7,42.0,17.0,5.0,Ipswich Town,2025
1698,2025-02-26,19:30,Matchweek 27,Away,L,2,3,Manchester United,1.4,0.7,55.0,12.0,3.0,Ipswich Town,2025
1699,2025-03-08,15:00,Matchweek 28,Away,L,0,1,Crystal Palace,1.5,3.2,45.0,15.0,7.0,Ipswich Town,2025
1700,2025-03-15,15:00,Matchweek 29,Home,L,2,4,Nottingham Forest,0.4,1.5,55.0,11.0,3.0,Ipswich Town,2025
1701,2025-04-02,19:45,Matchweek 30,Away,W,2,1,Bournemouth,1.2,1.8,37.0,10.0,2.0,Ipswich Town,2025
1702,2025-04-05,15:00,Matchweek 31,Home,L,1,2,Wolverhampton Wanderers,0.8,2.6,45.0,6.0,2.0,Ipswich Town,2025
1703,2025-04-13,14:00,Matchweek 32,Away,D,2,2,Chelsea,1.1,2.2,27.0,13.0,4.0,Ipswich Town,2025
1704,2025-04-20,14:00,Matchweek 33,Home,L,0,4,Arsenal,0.2,2.4,25.0,4.0,0.0,Ipswich Town,2025
1705,2025-04-26,15:00,Matchweek 34,Away,L,0,3,Newcastle United,0.1,2.4,23.0,4.0,0.0,Ipswich Town,2025
1706,2025-05-03,15:00,Matchweek 35,Away,D,2,2,Everton,0.8,0.6,42.0,12.0,5.0,Ipswich Town,2025
1707,2025-05-10,15:00,Matchweek 36,Home,L,0,1,Brentford,0.9,1.4,49.0,11.0,4.0,Ipswich Town,2025
1708,2025-05-18,15:00,Matchweek 37,Away,L,0,2,Leicester City,1.4,0.8,50.0,20.0,2.0,Ipswich Town,2025
1709,2025-05-25,16:00,Matchweek 38,Home,L,1,3,West Ham,0.7,1.1,42.0,14.0,4.0,Ipswich Town,2025
1710,2020-09-12,17:30,Matchweek 1,Away,L,3,4,Liverpool,0.3,2.7,51.0,6.0,3.0,Leeds United,2021
1711,2020-09-19,15:00,Matchweek 2,Home,W,4,3,Fulham,1.4,1.7,51.0,9.0,6.0,Leeds United,2021
1712,2020-09-27,12:00,Matchweek 3,Away,W,1,0,Sheffield United,1.2,1.4,64.0,17.0,8.0,Leeds United,2021
1713,2020-10-03,17:30,Matchweek 4,Home,D,1,1,Manchester City,2.4,1.2,51.0,12.0,7.0,Leeds United,2021
1714,2020-10-19,20:00,Matchweek 5,Home,L,0,1,Wolverhampton Wanderers,1.0,0.4,66.0,13.0,2.0,Leeds United,2021
1715,2020-10-23,20:00,Matchweek 6,Away,W,3,0,Aston Villa,2.7,1.4,59.0,27.0,9.0,Leeds United,2021
1716,2020-11-02,20:00,Matchweek 7,Home,L,1,4,Leicester City,2.1,2.9,67.0,11.0,4.0,Leeds United,2021
1717,2020-11-07,15:00,Matchweek 8,Away,L,1,4,Crystal Palace,0.8,0.9,64.0,9.0,3.0,Leeds United,2021
1718,2020-11-22,16:30,Matchweek 9,Home,D,0,0,Arsenal,1.8,0.9,66.0,25.0,4.0,Leeds United,2021
1719,2020-11-28,17:30,Matchweek 10,Away,W,1,0,Everton,2.9,1.2,59.0,23.0,6.0,Leeds United,2021
1720,2020-12-05,20:00,Matchweek 11,Away,L,1,3,Chelsea,0.8,4.1,54.0,8.0,3.0,Leeds United,2021
1721,2020-12-11,20:00,Matchweek 12,Home,L,1,2,West Ham,1.6,1.3,63.0,12.0,6.0,Leeds United,2021
1722,2020-12-16,18:00,Matchweek 13,Home,W,5,2,Newcastle United,2.7,1.5,68.0,25.0,10.0,Leeds United,2021
1723,2020-12-20,16:30,Matchweek 14,Away,L,2,6,Manchester United,1.8,3.6,59.0,17.0,4.0,Leeds United,2021
1724,2020-12-27,12:00,Matchweek 15,Home,W,1,0,Burnley,1.9,1.5,51.0,10.0,3.0,Leeds United,2021
1725,2020-12-29,18:00,Matchweek 16,Away,W,5,0,West Brom,1.2,0.5,75.0,14.0,6.0,Leeds United,2021
1726,2021-01-02,12:30,Matchweek 17,Away,L,0,3,Tottenham Hotspur,1.1,2.6,63.0,18.0,5.0,Leeds United,2021
1727,2021-01-16,15:00,Matchweek 19,Home,L,0,1,Brighton,0.3,1.4,66.0,7.0,2.0,Leeds United,2021
1728,2021-01-26,18:00,Matchweek 20,Away,W,2,1,Newcastle United,0.7,1.4,58.0,9.0,2.0,Leeds United,2021
1729,2021-01-31,14:00,Matchweek 21,Away,W,3,1,Leicester City,2.1,1.8,49.0,8.0,6.0,Leeds United,2021
1730,2021-02-03,19:30,Matchweek 22,Home,L,1,2,Everton,1.3,1.6,63.0,16.0,7.0,Leeds United,2021
1731,2021-02-08,20:00,Matchweek 23,Home,W,2,0,Crystal Palace,1.9,0.4,67.0,17.0,7.0,Leeds United,2021
1732,2021-02-14,16:30,Matchweek 24,Away,L,2,4,Arsenal,0.9,2.3,54.0,9.0,5.0,Leeds United,2021
1733,2021-02-19,20:00,Matchweek 25,Away,L,0,1,Wolverhampton Wanderers,1.7,0.6,58.0,18.0,7.0,Leeds United,2021
1734,2021-02-23,18:00,Matchweek 18,Home,W,3,0,Southampton,1.3,0.9,46.0,11.0,7.0,Leeds United,2021
1735,2021-02-27,17:30,Matchweek 26,Home,L,0,1,Aston Villa,0.9,0.7,69.0,13.0,3.0,Leeds United,2021
1736,2021-03-08,20:00,Matchweek 27,Away,L,0,2,West Ham,1.4,1.8,65.0,17.0,2.0,Leeds United,2021
1737,2021-03-13,12:30,Matchweek 28,Home,D,0,0,Chelsea,0.4,1.0,38.0,7.0,4.0,Leeds United,2021
1738,2021-03-19,20:00,Matchweek 29,Away,W,2,1,Fulham,1.3,1.6,49.0,13.0,4.0,Leeds United,2021
1739,2021-04-03,15:00,Matchweek 30,Home,W,2,1,Sheffield United,2.4,1.1,54.0,23.0,8.0,Leeds United,2021
1740,2021-04-10,12:30,Matchweek 31,Away,W,2,1,Manchester City,0.1,2.1,29.0,2.0,2.0,Leeds United,2021
1741,2021-04-19,20:00,Matchweek 32,Home,D,1,1,Liverpool,2.3,1.4,61.0,12.0,5.0,Leeds United,2021
1742,2021-04-25,14:00,Matchweek 33,Home,D,0,0,Manchester United,0.3,1.2,44.0,6.0,3.0,Leeds United,2021
1743,2021-05-01,15:00,Matchweek 34,Away,L,0,2,Brighton,0.6,2.3,58.0,11.0,2.0,Leeds United,2021
1744,2021-05-08,12:30,Matchweek 35,Home,W,3,1,Tottenham Hotspur,2.5,0.9,53.0,16.0,7.0,Leeds United,2021
1745,2021-05-15,12:30,Matchweek 36,Away,W,4,0,Burnley,1.5,1.3,52.0,16.0,6.0,Leeds United,2021
1746,2021-05-18,18:00,Matchweek 37,Away,W,2,0,Southampton,1.7,1.6,49.0,15.0,7.0,Leeds United,2021
1747,2021-05-23,16:00,Matchweek 38,Home,W,3,1,West Brom,2.3,1.0,64.0,16.0,8.0,Leeds United,2021
1748,2021-08-14,12:30,Matchweek 1,Away,L,1,5,Manchester United,0.5,1.5,51.0,10.0,3.0,Leeds United,2022
1749,2021-08-21,15:00,Matchweek 2,Home,D,2,2,Everton,1.2,1.8,69.0,17.0,4.0,Leeds United,2022
1750,2021-08-29,14:00,Matchweek 3,Away,D,1,1,Burnley,1.2,1.0,64.0,12.0,2.0,Leeds United,2022
1751,2021-09-12,16:30,Matchweek 4,Home,L,0,3,Liverpool,1.2,4.3,44.0,9.0,4.0,Leeds United,2022
1752,2021-09-17,20:00,Matchweek 5,Away,D,1,1,Newcastle United,1.5,1.3,65.0,22.0,9.0,Leeds United,2022
1753,2021-09-25,15:00,Matchweek 6,Home,L,1,2,West Ham,1.2,1.6,53.0,15.0,5.0,Leeds United,2022
1754,2021-10-02,15:00,Matchweek 7,Home,W,1,0,Watford,1.3,0.2,66.0,20.0,3.0,Leeds United,2022
1755,2021-10-16,15:00,Matchweek 8,Away,L,0,1,Southampton,0.2,1.9,54.0,3.0,0.0,Leeds United,2022
1756,2021-10-23,15:00,Matchweek 9,Home,D,1,1,Wolverhampton Wanderers,1.6,0.9,62.0,17.0,3.0,Leeds United,2022
1757,2021-10-31,14:00,Matchweek 10,Away,W,2,1,Norwich City,0.7,0.8,52.0,13.0,5.0,Leeds United,2022
1758,2021-11-07,14:00,Matchweek 11,Home,D,1,1,Leicester City,1.3,0.7,56.0,18.0,5.0,Leeds United,2022
1759,2021-11-21,16:30,Matchweek 12,Away,L,1,2,Tottenham Hotspur,1.4,2.1,57.0,18.0,7.0,Leeds United,2022
1760,2021-11-27,17:30,Matchweek 13,Away,D,0,0,Brighton,0.6,2.1,43.0,11.0,4.0,Leeds United,2022
1761,2021-11-30,20:15,Matchweek 14,Home,W,1,0,Crystal Palace,1.4,1.1,61.0,14.0,2.0,Leeds United,2022
1762,2021-12-05,14:00,Matchweek 15,Home,D,2,2,Brentford,1.2,1.0,63.0,13.0,6.0,Leeds United,2022
1763,2021-12-11,15:00,Matchweek 16,Away,L,2,3,Chelsea,1.4,2.5,43.0,11.0,4.0,Leeds United,2022
1764,2021-12-14,20:00,Matchweek 17,Away,L,0,7,Manchester City,0.3,3.1,37.0,6.0,3.0,Leeds United,2022
1765,2021-12-18,17:30,Matchweek 18,Home,L,1,4,Arsenal,1.6,3.5,51.0,8.0,1.0,Leeds United,2022
1766,2022-01-02,14:00,Matchweek 21,Home,W,3,1,Burnley,1.9,1.0,55.0,22.0,7.0,Leeds United,2022
1767,2022-01-16,14:00,Matchweek 22,Away,W,3,2,West Ham,2.2,2.4,52.0,18.0,5.0,Leeds United,2022
1768,2022-01-22,15:00,Matchweek 23,Home,L,0,1,Newcastle United,0.7,0.9,62.0,13.0,4.0,Leeds United,2022
1769,2022-02-09,20:00,Matchweek 24,Away,D,3,3,Aston Villa,1.8,1.6,60.0,16.0,7.0,Leeds United,2022
1770,2022-02-12,15:00,Matchweek 25,Away,L,0,3,Everton,0.3,2.7,58.0,7.0,0.0,Leeds United,2022
1771,2022-02-20,14:00,Matchweek 26,Home,L,2,4,Manchester United,1.8,2.2,54.0,16.0,6.0,Leeds United,2022
1772,2022-02-23,19:45,Matchweek 19,Away,L,0,6,Liverpool,0.2,5.9,37.0,3.0,2.0,Leeds United,2022
1773,2022-02-26,12:30,Matchweek 27,Home,L,0,4,Tottenham Hotspur,1.5,1.9,50.0,19.0,2.0,Leeds United,2022
1774,2022-03-05,12:30,Matchweek 28,Away,L,0,1,Leicester City,1.7,0.4,49.0,19.0,4.0,Leeds United,2022
1775,2022-03-10,19:45,Matchweek 20,Home,L,0,3,Aston Villa,0.2,1.5,51.0,4.0,1.0,Leeds United,2022
1776,2022-03-13,14:00,Matchweek 29,Home,W,2,1,Norwich City,2.5,1.5,52.0,13.0,7.0,Leeds United,2022
1777,2022-03-18,20:00,Matchweek 30,Away,W,3,2,Wolverhampton Wanderers,2.0,1.2,52.0,15.0,5.0,Leeds United,2022
1778,2022-04-02,15:00,Matchweek 31,Home,D,1,1,Southampton,1.2,1.4,56.0,12.0,3.0,Leeds United,2022
1779,2022-04-09,15:00,Matchweek 32,Away,W,3,0,Watford,0.7,1.1,51.0,10.0,5.0,Leeds United,2022
1780,2022-04-25,20:00,Matchweek 34,Away,D,0,0,Crystal Palace,0.5,1.9,47.0,9.0,2.0,Leeds United,2022
1781,2022-04-30,17:30,Matchweek 35,Home,L,0,4,Manchester City,1.3,2.4,42.0,7.0,1.0,Leeds United,2022
1782,2022-05-08,14:00,Matchweek 36,Away,L,1,2,Arsenal,0.3,2.0,36.0,3.0,2.0,Leeds United,2022
1783,2022-05-11,19:30,Matchweek 33,Home,L,0,3,Chelsea,0.4,1.3,33.0,5.0,0.0,Leeds United,2022
1784,2022-05-15,14:00,Matchweek 37,Home,D,1,1,Brighton,1.6,2.2,50.0,19.0,4.0,Leeds United,2022
1785,2022-05-22,16:00,Matchweek 38,Away,W,2,1,Brentford,1.3,0.8,51.0,13.0,5.0,Leeds United,2022
1786,2022-08-06,15:00,Matchweek 1,Home,W,2,1,Wolverhampton Wanderers,0.8,1.3,40.0,12.0,4.0,Leeds United,2023
1787,2022-08-13,15:00,Matchweek 2,Away,D,2,2,Southampton,1.8,1.2,57.0,13.0,5.0,Leeds United,2023
1788,2022-08-21,14:00,Matchweek 3,Home,W,3,0,Chelsea,2.1,0.9,39.0,12.0,6.0,Leeds United,2023
1789,2022-08-27,15:00,Matchweek 4,Away,L,0,1,Brighton,1.8,2.0,56.0,10.0,2.0,Leeds United,2023
1790,2022-08-30,20:00,Matchweek 5,Home,D,1,1,Everton,1.0,1.0,69.0,14.0,5.0,Leeds United,2023
1791,2022-09-03,15:00,Matchweek 6,Away,L,2,5,Brentford,1.7,2.3,68.0,17.0,6.0,Leeds United,2023
1792,2022-10-02,16:30,Matchweek 9,Home,D,0,0,Aston Villa,0.4,2.2,44.0,6.0,1.0,Leeds United,2023
1793,2022-10-09,14:00,Matchweek 10,Away,L,1,2,Crystal Palace,1.0,1.1,46.0,10.0,4.0,Leeds United,2023
1794,2022-10-16,14:00,Matchweek 11,Home,L,0,1,Arsenal,1.8,0.5,47.0,15.0,4.0,Leeds United,2023
1795,2022-10-20,20:15,Matchweek 12,Away,L,0,2,Leicester City,1.3,0.8,54.0,14.0,2.0,Leeds United,2023
1796,2022-10-23,14:00,Matchweek 13,Home,L,2,3,Fulham,1.6,1.8,57.0,14.0,5.0,Leeds United,2023
1797,2022-10-29,19:45,Matchweek 14,Away,W,2,1,Liverpool,1.8,1.7,32.0,14.0,6.0,Leeds United,2023
1798,2022-11-05,15:00,Matchweek 15,Home,W,4,3,Bournemouth,2.2,1.5,60.0,17.0,3.0,Leeds United,2023
1799,2022-11-12,15:00,Matchweek 16,Away,L,3,4,Tottenham Hotspur,1.1,1.8,45.0,12.0,5.0,Leeds United,2023
1800,2022-12-28,20:00,Matchweek 17,Home,L,1,3,Manchester City,0.6,4.3,31.0,9.0,1.0,Leeds United,2023
1801,2022-12-31,15:00,Matchweek 18,Away,D,0,0,Newcastle United,0.4,2.2,40.0,8.0,1.0,Leeds United,2023
1802,2023-01-04,19:45,Matchweek 19,Home,D,2,2,West Ham,1.6,1.4,62.0,14.0,5.0,Leeds United,2023
1803,2023-01-13,20:00,Matchweek 20,Away,L,1,2,Aston Villa,2.4,1.2,48.0,16.0,3.0,Leeds United,2023
1804,2023-01-22,14:00,Matchweek 21,Home,D,0,0,Brentford,0.5,0.4,58.0,9.0,5.0,Leeds United,2023
1805,2023-02-05,14:00,Matchweek 22,Away,L,0,1,Nottingham Forest,0.9,0.4,70.0,10.0,4.0,Leeds United,2023
1806,2023-02-08,20:00,Matchweek 8,Away,D,2,2,Manchester United,0.6,2.0,34.0,8.0,2.0,Leeds United,2023
1807,2023-02-12,14:00,Matchweek 23,Home,L,0,2,Manchester United,1.8,1.1,34.0,16.0,6.0,Leeds United,2023
1808,2023-02-18,15:00,Matchweek 24,Away,L,0,1,Everton,0.5,1.4,49.0,8.0,0.0,Leeds United,2023
1809,2023-02-25,15:00,Matchweek 25,Home,W,1,0,Southampton,0.9,0.4,61.0,14.0,4.0,Leeds United,2023
1810,2023-03-04,15:00,Matchweek 26,Away,L,0,1,Chelsea,1.0,1.5,43.0,11.0,2.0,Leeds United,2023
1811,2023-03-11,15:00,Matchweek 27,Home,D,2,2,Brighton,0.9,2.7,38.0,12.0,4.0,Leeds United,2023
1812,2023-03-18,15:00,Matchweek 28,Away,W,4,2,Wolverhampton Wanderers,1.6,2.7,35.0,11.0,4.0,Leeds United,2023
1813,2023-04-01,15:00,Matchweek 29,Away,L,1,4,Arsenal,0.7,3.8,34.0,7.0,5.0,Leeds United,2023
1814,2023-04-04,19:45,Matchweek 7,Home,W,2,1,Nottingham Forest,1.8,0.8,61.0,21.0,6.0,Leeds United,2023
1815,2023-04-09,14:00,Matchweek 30,Home,L,1,5,Crystal Palace,0.9,3.0,48.0,11.0,7.0,Leeds United,2023
1816,2023-04-17,20:00,Matchweek 31,Home,L,1,6,Liverpool,1.4,2.7,27.0,13.0,3.0,Leeds United,2023
1817,2023-04-22,12:30,Matchweek 32,Away,L,1,2,Fulham,0.8,1.7,50.0,10.0,2.0,Leeds United,2023
1818,2023-04-25,20:00,Matchweek 33,Home,D,1,1,Leicester City,1.5,2.1,41.0,13.0,3.0,Leeds United,2023
1819,2023-04-30,14:00,Matchweek 34,Away,L,1,4,Bournemouth,1.6,1.9,58.0,15.0,6.0,Leeds United,2023
1820,2023-05-06,15:00,Matchweek 35,Away,L,1,2,Manchester City,0.2,2.6,20.0,4.0,2.0,Leeds United,2023
1821,2023-05-13,12:30,Matchweek 36,Home,D,2,2,Newcastle United,2.0,2.3,36.0,8.0,3.0,Leeds United,2023
1822,2023-05-21,13:30,Matchweek 37,Away,L,1,3,West Ham,0.9,2.1,41.0,12.0,3.0,Leeds United,2023
1823,2023-05-28,16:30,Matchweek 38,Home,L,1,4,Tottenham Hotspur,1.5,2.2,52.0,19.0,2.0,Leeds United,2023
1824,2020-09-13,14:00,Matchweek 1,Away,W,3,0,West Brom,2.8,0.4,64.0,11.0,5.0,Leicester City,2021
1825,2020-09-20,19:00,Matchweek 2,Home,W,4,2,Burnley,1.2,1.4,67.0,14.0,6.0,Leicester City,2021
1826,2020-09-27,16:30,Matchweek 3,Away,W,5,2,Manchester City,2.9,0.9,28.0,4.0,4.0,Leicester City,2021
1827,2020-10-04,12:00,Matchweek 4,Home,L,0,3,West Ham,0.6,2.0,69.0,4.0,0.0,Leicester City,2021
1828,2020-10-18,19:15,Matchweek 5,Home,L,0,1,Aston Villa,0.6,0.7,50.0,11.0,5.0,Leicester City,2021
1829,2020-10-25,19:15,Matchweek 6,Away,W,1,0,Arsenal,0.7,0.7,44.0,6.0,2.0,Leicester City,2021
1830,2020-11-02,20:00,Matchweek 7,Away,W,4,1,Leeds United,2.9,2.1,33.0,9.0,7.0,Leicester City,2021
1831,2020-11-08,14:00,Matchweek 8,Home,W,1,0,Wolverhampton Wanderers,2.0,0.8,49.0,8.0,1.0,Leicester City,2021
1832,2020-11-22,19:15,Matchweek 9,Away,L,0,3,Liverpool,1.6,3.1,44.0,11.0,4.0,Leicester City,2021
1833,2020-11-30,17:30,Matchweek 10,Home,L,1,2,Fulham,1.2,2.2,68.0,16.0,3.0,Leicester City,2021
1834,2020-12-06,14:15,Matchweek 11,Away,W,2,1,Sheffield United,1.4,0.2,69.0,13.0,4.0,Leicester City,2021
1835,2020-12-13,19:15,Matchweek 12,Home,W,3,0,Brighton,1.5,0.9,54.0,15.0,6.0,Leicester City,2021
1836,2020-12-16,18:00,Matchweek 13,Home,L,0,2,Everton,0.8,1.4,61.0,14.0,2.0,Leicester City,2021
1837,2020-12-20,14:15,Matchweek 14,Away,W,2,0,Tottenham Hotspur,1.7,0.7,44.0,16.0,3.0,Leicester City,2021
1838,2020-12-26,12:30,Matchweek 15,Home,D,2,2,Manchester United,0.9,1.7,54.0,10.0,2.0,Leicester City,2021
1839,2020-12-28,15:00,Matchweek 16,Away,D,1,1,Crystal Palace,1.9,0.5,66.0,16.0,2.0,Leicester City,2021
1840,2021-01-03,14:15,Matchweek 17,Away,W,2,1,Newcastle United,0.6,0.5,56.0,9.0,3.0,Leicester City,2021
1841,2021-01-16,20:00,Matchweek 19,Home,W,2,0,Southampton,2.2,0.6,47.0,16.0,4.0,Leicester City,2021
1842,2021-01-19,20:15,Matchweek 18,Home,W,2,0,Chelsea,1.4,0.7,36.0,8.0,6.0,Leicester City,2021
1843,2021-01-27,20:15,Matchweek 20,Away,D,1,1,Everton,1.2,0.5,65.0,19.0,6.0,Leicester City,2021
1844,2021-01-31,14:00,Matchweek 21,Home,L,1,3,Leeds United,1.8,2.1,51.0,18.0,8.0,Leicester City,2021
1845,2021-02-03,18:00,Matchweek 22,Away,W,2,0,Fulham,1.4,0.6,43.0,9.0,5.0,Leicester City,2021
1846,2021-02-07,14:00,Matchweek 23,Away,D,0,0,Wolverhampton Wanderers,0.8,1.1,56.0,13.0,3.0,Leicester City,2021
1847,2021-02-13,12:30,Matchweek 24,Home,W,3,1,Liverpool,1.9,1.7,38.0,11.0,6.0,Leicester City,2021
1848,2021-02-21,14:05,Matchweek 25,Away,W,2,1,Aston Villa,1.1,1.4,49.0,16.0,7.0,Leicester City,2021
1849,2021-02-28,12:00,Matchweek 26,Home,L,1,3,Arsenal,0.4,2.3,44.0,8.0,3.0,Leicester City,2021
1850,2021-03-03,18:00,Matchweek 29,Away,D,1,1,Burnley,1.2,1.8,61.0,16.0,4.0,Leicester City,2021
1851,2021-03-06,20:00,Matchweek 27,Away,W,2,1,Brighton,0.9,0.8,63.0,8.0,4.0,Leicester City,2021
1852,2021-03-14,14:00,Matchweek 28,Home,W,5,0,Sheffield United,4.0,0.1,71.0,19.0,9.0,Leicester City,2021
1853,2021-04-03,17:30,Matchweek 30,Home,L,0,2,Manchester City,0.3,1.4,44.0,5.0,2.0,Leicester City,2021
1854,2021-04-11,14:05,Matchweek 31,Away,L,2,3,West Ham,0.9,0.8,63.0,15.0,4.0,Leicester City,2021
1855,2021-04-22,20:00,Matchweek 32,Home,W,3,0,West Brom,2.1,0.5,72.0,17.0,7.0,Leicester City,2021
1856,2021-04-26,20:00,Matchweek 33,Home,W,2,1,Crystal Palace,1.5,0.7,66.0,13.0,5.0,Leicester City,2021
1857,2021-04-30,20:00,Matchweek 34,Away,D,1,1,Southampton,1.9,0.9,70.0,23.0,9.0,Leicester City,2021
1858,2021-05-07,20:00,Matchweek 35,Home,L,2,4,Newcastle United,2.2,2.7,68.0,25.0,9.0,Leicester City,2021
1859,2021-05-11,18:00,Matchweek 36,Away,W,2,1,Manchester United,0.9,0.2,47.0,12.0,3.0,Leicester City,2021
1860,2021-05-18,20:15,Matchweek 37,Away,L,1,2,Chelsea,0.8,3.1,42.0,7.0,3.0,Leicester City,2021
1861,2021-05-23,16:00,Matchweek 38,Home,L,2,4,Tottenham Hotspur,1.9,1.5,47.0,8.0,4.0,Leicester City,2021
1862,2021-08-14,15:00,Matchweek 1,Home,W,1,0,Wolverhampton Wanderers,0.5,1.3,56.0,9.0,5.0,Leicester City,2022
1863,2021-08-23,20:00,Matchweek 2,Away,L,1,4,West Ham,0.6,2.3,48.0,5.0,1.0,Leicester City,2022
1864,2021-08-28,15:00,Matchweek 3,Away,W,2,1,Norwich City,1.5,1.5,55.0,9.0,3.0,Leicester City,2022
1865,2021-09-11,15:00,Matchweek 4,Home,L,0,1,Manchester City,0.6,2.8,39.0,6.0,1.0,Leicester City,2022
1866,2021-09-19,14:00,Matchweek 5,Away,L,1,2,Brighton,1.6,1.7,63.0,14.0,3.0,Leicester City,2022
1867,2021-09-25,15:00,Matchweek 6,Home,D,2,2,Burnley,2.4,0.5,66.0,22.0,4.0,Leicester City,2022
1868,2021-10-03,14:00,Matchweek 7,Away,D,2,2,Crystal Palace,1.2,1.5,40.0,9.0,5.0,Leicester City,2022
1869,2021-10-16,15:00,Matchweek 8,Home,W,4,2,Manchester United,2.4,1.2,49.0,22.0,11.0,Leicester City,2022
1870,2021-10-24,14:00,Matchweek 9,Away,W,2,1,Brentford,1.5,1.0,46.0,10.0,6.0,Leicester City,2022
1871,2021-10-30,12:30,Matchweek 10,Home,L,0,2,Arsenal,1.3,0.7,64.0,16.0,8.0,Leicester City,2022
1872,2021-11-07,14:00,Matchweek 11,Away,D,1,1,Leeds United,0.7,1.3,44.0,9.0,3.0,Leicester City,2022
1873,2021-11-20,12:30,Matchweek 12,Home,L,0,3,Chelsea,0.4,2.0,39.0,4.0,3.0,Leicester City,2022
1874,2021-11-28,14:00,Matchweek 13,Home,W,4,2,Watford,2.1,2.8,56.0,18.0,8.0,Leicester City,2022
1875,2021-12-01,19:30,Matchweek 14,Away,D,2,2,Southampton,1.5,1.5,55.0,15.0,6.0,Leicester City,2022
1876,2021-12-05,16:30,Matchweek 15,Away,L,1,2,Aston Villa,1.1,2.1,59.0,12.0,4.0,Leicester City,2022
1877,2021-12-12,14:00,Matchweek 16,Home,W,4,0,Newcastle United,2.6,1.0,47.0,7.0,4.0,Leicester City,2022
1878,2021-12-26,15:00,Matchweek 19,Away,L,3,6,Manchester City,2.7,3.6,28.0,14.0,8.0,Leicester City,2022
1879,2021-12-28,20:00,Matchweek 20,Home,W,1,0,Liverpool,0.4,2.3,37.0,6.0,1.0,Leicester City,2022
1880,2022-01-19,19:30,Matchweek 17,Home,L,2,3,Tottenham Hotspur,1.2,3.1,49.0,14.0,4.0,Leicester City,2022
1881,2022-01-23,14:00,Matchweek 23,Home,D,1,1,Brighton,1.4,1.1,44.0,15.0,5.0,Leicester City,2022
1882,2022-02-10,19:45,Matchweek 24,Away,L,0,2,Liverpool,0.5,1.8,36.0,5.0,1.0,Leicester City,2022
1883,2022-02-13,16:30,Matchweek 25,Home,D,2,2,West Ham,1.4,1.1,55.0,12.0,1.0,Leicester City,2022
1884,2022-02-20,16:30,Matchweek 26,Away,L,1,2,Wolverhampton Wanderers,1.7,0.5,63.0,17.0,7.0,Leicester City,2022
1885,2022-03-01,19:45,Matchweek 22,Away,W,2,0,Burnley,1.5,0.9,55.0,22.0,6.0,Leicester City,2022
1886,2022-03-05,12:30,Matchweek 28,Home,W,1,0,Leeds United,0.4,1.7,51.0,7.0,4.0,Leicester City,2022
1887,2022-03-13,16:30,Matchweek 29,Away,L,0,2,Arsenal,0.4,2.4,54.0,6.0,3.0,Leicester City,2022
1888,2022-03-20,14:00,Matchweek 30,Home,W,2,1,Brentford,1.0,1.3,52.0,12.0,4.0,Leicester City,2022
1889,2022-04-02,17:30,Matchweek 31,Away,D,1,1,Manchester United,0.8,0.9,46.0,11.0,3.0,Leicester City,2022
1890,2022-04-10,14:00,Matchweek 32,Home,W,2,1,Crystal Palace,1.0,1.4,51.0,12.0,3.0,Leicester City,2022
1891,2022-04-17,14:15,Matchweek 33,Away,L,1,2,Newcastle United,0.6,1.8,68.0,8.0,2.0,Leicester City,2022
1892,2022-04-20,19:45,Matchweek 18,Away,D,1,1,Everton,0.9,1.8,63.0,11.0,3.0,Leicester City,2022
1893,2022-04-23,15:00,Matchweek 34,Home,D,0,0,Aston Villa,0.3,0.9,64.0,5.0,2.0,Leicester City,2022
1894,2022-05-01,14:00,Matchweek 35,Away,L,1,3,Tottenham Hotspur,0.5,1.2,60.0,6.0,2.0,Leicester City,2022
1895,2022-05-08,14:00,Matchweek 36,Home,L,1,2,Everton,1.5,1.1,66.0,16.0,8.0,Leicester City,2022
1896,2022-05-11,19:45,Matchweek 21,Home,W,3,0,Norwich City,2.0,1.1,65.0,20.0,8.0,Leicester City,2022
1897,2022-05-15,14:00,Matchweek 37,Away,W,5,1,Watford,2.5,1.4,59.0,13.0,7.0,Leicester City,2022
1898,2022-05-19,20:00,Matchweek 27,Away,D,1,1,Chelsea,0.1,1.6,33.0,2.0,1.0,Leicester City,2022
1899,2022-05-22,16:00,Matchweek 38,Home,W,4,1,Southampton,3.4,1.1,51.0,12.0,6.0,Leicester City,2022
1900,2022-08-07,14:00,Matchweek 1,Home,D,2,2,Brentford,0.6,0.8,56.0,14.0,5.0,Leicester City,2023
1901,2022-08-13,15:00,Matchweek 2,Away,L,2,4,Arsenal,0.5,2.7,50.0,6.0,2.0,Leicester City,2023
1902,2022-08-20,15:00,Matchweek 3,Home,L,1,2,Southampton,0.3,0.9,62.0,6.0,1.0,Leicester City,2023
1903,2022-08-27,15:00,Matchweek 4,Away,L,1,2,Chelsea,2.5,1.8,55.0,17.0,5.0,Leicester City,2023
1904,2022-09-01,20:00,Matchweek 5,Home,L,0,1,Manchester United,0.7,1.5,53.0,10.0,2.0,Leicester City,2023
1905,2022-09-04,14:00,Matchweek 6,Away,L,2,5,Brighton,1.4,2.6,47.0,6.0,4.0,Leicester City,2023
1906,2022-09-17,17:30,Matchweek 8,Away,L,2,6,Tottenham Hotspur,1.8,2.2,56.0,18.0,6.0,Leicester City,2023
1907,2022-10-03,20:00,Matchweek 9,Home,W,4,0,Nottingham Forest,1.3,1.1,51.0,17.0,7.0,Leicester City,2023
1908,2022-10-08,15:00,Matchweek 10,Away,L,1,2,Bournemouth,1.0,1.1,55.0,9.0,5.0,Leicester City,2023
1909,2022-10-15,12:30,Matchweek 11,Home,D,0,0,Crystal Palace,1.0,0.4,54.0,14.0,5.0,Leicester City,2023
1910,2022-10-20,20:15,Matchweek 12,Home,W,2,0,Leeds United,0.8,1.3,46.0,5.0,1.0,Leicester City,2023
1911,2022-10-23,14:00,Matchweek 13,Away,W,4,0,Wolverhampton Wanderers,0.9,2.1,40.0,5.0,4.0,Leicester City,2023
1912,2022-10-29,12:30,Matchweek 14,Home,L,0,1,Manchester City,0.7,1.0,36.0,10.0,5.0,Leicester City,2023
1913,2022-11-05,17:30,Matchweek 15,Away,W,2,0,Everton,2.3,1.2,51.0,22.0,8.0,Leicester City,2023
1914,2022-11-12,15:00,Matchweek 16,Away,W,2,0,West Ham,1.8,1.4,46.0,8.0,5.0,Leicester City,2023
1915,2022-12-26,15:00,Matchweek 17,Home,L,0,3,Newcastle United,0.5,1.9,60.0,8.0,2.0,Leicester City,2023
1916,2022-12-30,20:00,Matchweek 18,Away,L,1,2,Liverpool,1.0,2.2,43.0,7.0,2.0,Leicester City,2023
1917,2023-01-03,19:45,Matchweek 19,Home,L,0,1,Fulham,1.7,1.7,61.0,15.0,6.0,Leicester City,2023
1918,2023-01-14,15:00,Matchweek 20,Away,L,0,2,Nottingham Forest,1.0,2.4,61.0,6.0,1.0,Leicester City,2023
1919,2023-01-21,15:00,Matchweek 21,Home,D,2,2,Brighton,0.9,1.7,37.0,9.0,2.0,Leicester City,2023
1920,2023-02-04,15:00,Matchweek 22,Away,W,4,2,Aston Villa,2.6,1.7,38.0,9.0,5.0,Leicester City,2023
1921,2023-02-11,15:00,Matchweek 23,Home,W,4,1,Tottenham Hotspur,1.7,1.3,49.0,15.0,6.0,Leicester City,2023
1922,2023-02-19,14:00,Matchweek 24,Away,L,0,3,Manchester United,1.6,4.4,43.0,19.0,3.0,Leicester City,2023
1923,2023-02-25,15:00,Matchweek 25,Home,L,0,1,Arsenal,0.0,0.7,35.0,1.0,0.0,Leicester City,2023
1924,2023-03-04,17:30,Matchweek 26,Away,L,0,1,Southampton,1.9,1.4,65.0,11.0,0.0,Leicester City,2023
1925,2023-03-11,15:00,Matchweek 27,Home,L,1,3,Chelsea,2.4,1.6,48.0,17.0,6.0,Leicester City,2023
1926,2023-03-18,15:00,Matchweek 28,Away,D,1,1,Brentford,1.3,0.6,47.0,14.0,1.0,Leicester City,2023
1927,2023-04-01,15:00,Matchweek 29,Away,L,1,2,Crystal Palace,0.2,2.3,48.0,3.0,2.0,Leicester City,2023
1928,2023-04-04,19:45,Matchweek 7,Home,L,1,2,Aston Villa,0.5,1.0,36.0,9.0,4.0,Leicester City,2023
1929,2023-04-08,15:00,Matchweek 30,Home,L,0,1,Bournemouth,0.6,1.9,51.0,14.0,4.0,Leicester City,2023
1930,2023-04-15,17:30,Matchweek 31,Away,L,1,3,Manchester City,2.3,1.6,30.0,11.0,4.0,Leicester City,2023
1931,2023-04-22,15:00,Matchweek 32,Home,W,2,1,Wolverhampton Wanderers,2.4,0.9,42.0,14.0,6.0,Leicester City,2023
1932,2023-04-25,20:00,Matchweek 33,Away,D,1,1,Leeds United,2.1,1.5,59.0,15.0,3.0,Leicester City,2023
1933,2023-05-01,20:00,Matchweek 34,Home,D,2,2,Everton,3.4,3.1,54.0,14.0,4.0,Leicester City,2023
1934,2023-05-08,15:00,Matchweek 35,Away,L,3,5,Fulham,2.8,1.6,43.0,16.0,7.0,Leicester City,2023
1935,2023-05-15,20:00,Matchweek 36,Home,L,0,3,Liverpool,0.4,2.2,34.0,4.0,4.0,Leicester City,2023
1936,2023-05-22,20:00,Matchweek 37,Away,D,0,0,Newcastle United,0.1,2.1,23.0,1.0,1.0,Leicester City,2023
1937,2023-05-28,16:30,Matchweek 38,Home,W,2,1,West Ham,1.4,1.4,48.0,13.0,4.0,Leicester City,2023
1938,2024-08-19,20:00,Matchweek 1,Home,D,1,1,Tottenham Hotspur,1.0,1.2,30.0,7.0,3.0,Leicester City,2025
1939,2024-08-24,15:00,Matchweek 2,Away,L,1,2,Fulham,0.6,1.8,46.0,10.0,4.0,Leicester City,2025
1940,2024-08-31,15:00,Matchweek 3,Home,L,1,2,Aston Villa,0.4,1.4,57.0,9.0,3.0,Leicester City,2025
1941,2024-09-14,15:00,Matchweek 4,Away,D,2,2,Crystal Palace,1.2,2.5,34.0,9.0,4.0,Leicester City,2025
1942,2024-09-21,15:00,Matchweek 5,Home,D,1,1,Everton,0.7,1.1,58.0,12.0,2.0,Leicester City,2025
1943,2024-09-28,15:00,Matchweek 6,Away,L,2,4,Arsenal,0.3,4.4,26.0,5.0,3.0,Leicester City,2025
1944,2024-10-05,15:00,Matchweek 7,Home,W,1,0,Bournemouth,0.8,2.1,45.0,6.0,2.0,Leicester City,2025
1945,2024-10-19,15:00,Matchweek 8,Away,W,3,2,Southampton,3.1,2.1,58.0,17.0,3.0,Leicester City,2025
1946,2024-10-25,20:00,Matchweek 9,Home,L,1,3,Nottingham Forest,0.8,1.7,65.0,11.0,1.0,Leicester City,2025
1947,2024-11-02,15:00,Matchweek 10,Away,D,1,1,Ipswich Town,1.5,1.0,57.0,20.0,5.0,Leicester City,2025
1948,2024-11-10,14:00,Matchweek 11,Away,L,0,3,Manchester United,0.6,0.8,49.0,6.0,5.0,Leicester City,2025
1949,2024-11-23,12:30,Matchweek 12,Home,L,1,2,Chelsea,1.1,2.7,37.0,3.0,0.0,Leicester City,2025
1950,2024-11-30,15:00,Matchweek 13,Away,L,1,4,Brentford,1.1,2.4,40.0,7.0,3.0,Leicester City,2025
1951,2024-12-03,20:15,Matchweek 14,Home,W,3,1,West Ham,1.7,3.0,39.0,8.0,6.0,Leicester City,2025
1952,2024-12-08,14:00,Matchweek 15,Home,D,2,2,Brighton,1.3,1.5,56.0,10.0,3.0,Leicester City,2025
1953,2024-12-14,15:00,Matchweek 16,Away,L,0,4,Newcastle United,0.2,3.8,41.0,4.0,1.0,Leicester City,2025
1954,2024-12-22,14:00,Matchweek 17,Home,L,0,3,Wolverhampton Wanderers,0.8,1.1,54.0,9.0,4.0,Leicester City,2025
1955,2024-12-26,20:00,Matchweek 18,Away,L,1,3,Liverpool,0.3,2.0,32.0,4.0,1.0,Leicester City,2025
1956,2024-12-29,14:30,Matchweek 19,Home,L,0,2,Manchester City,1.3,1.3,53.0,11.0,3.0,Leicester City,2025
1957,2025-01-04,15:00,Matchweek 20,Away,L,1,2,Aston Villa,0.4,1.4,40.0,4.0,2.0,Leicester City,2025
1958,2025-01-15,19:30,Matchweek 21,Home,L,0,2,Crystal Palace,1.7,1.8,57.0,21.0,4.0,Leicester City,2025
1959,2025-01-18,15:00,Matchweek 22,Home,L,0,2,Fulham,0.6,2.0,40.0,8.0,4.0,Leicester City,2025
1960,2025-01-26,14:00,Matchweek 23,Away,W,2,1,Tottenham Hotspur,1.6,1.0,39.0,12.0,3.0,Leicester City,2025
1961,2025-02-01,15:00,Matchweek 24,Away,L,0,4,Everton,0.3,2.5,52.0,9.0,1.0,Leicester City,2025
1962,2025-02-15,12:30,Matchweek 25,Home,L,0,2,Arsenal,0.2,1.4,40.0,6.0,2.0,Leicester City,2025
1963,2025-02-21,20:00,Matchweek 26,Home,L,0,4,Brentford,0.5,1.5,48.0,8.0,3.0,Leicester City,2025
1964,2025-02-27,20:00,Matchweek 27,Away,L,0,2,West Ham,0.4,1.3,42.0,10.0,2.0,Leicester City,2025
1965,2025-03-09,14:00,Matchweek 28,Away,L,0,1,Chelsea,0.1,1.7,44.0,3.0,3.0,Leicester City,2025
1966,2025-03-16,19:00,Matchweek 29,Home,L,0,3,Manchester United,1.0,0.9,53.0,11.0,3.0,Leicester City,2025
1967,2025-04-02,19:45,Matchweek 30,Away,L,0,2,Manchester City,0.1,2.2,28.0,2.0,0.0,Leicester City,2025
1968,2025-04-07,20:00,Matchweek 31,Home,L,0,3,Newcastle United,0.5,3.2,58.0,7.0,2.0,Leicester City,2025
1969,2025-04-12,15:00,Matchweek 32,Away,D,2,2,Brighton,1.5,3.8,41.0,15.0,6.0,Leicester City,2025
1970,2025-04-20,16:30,Matchweek 33,Home,L,0,1,Liverpool,0.3,2.5,42.0,5.0,0.0,Leicester City,2025
1971,2025-04-26,15:00,Matchweek 34,Away,L,0,3,Wolverhampton Wanderers,1.1,2.0,44.0,7.0,1.0,Leicester City,2025
1972,2025-05-03,15:00,Matchweek 35,Home,W,2,0,Southampton,1.4,0.5,49.0,14.0,4.0,Leicester City,2025
1973,2025-05-11,14:15,Matchweek 36,Away,D,2,2,Nottingham Forest,1.1,1.3,45.0,10.0,6.0,Leicester City,2025
1974,2025-05-18,15:00,Matchweek 37,Home,W,2,0,Ipswich Town,0.8,1.4,50.0,9.0,3.0,Leicester City,2025
1975,2025-05-25,16:00,Matchweek 38,Away,L,0,2,Bournemouth,0.3,1.6,37.0,3.0,0.0,Leicester City,2025
1976,2020-09-12,17:30,Matchweek 1,Home,W,4,3,Leeds United,2.7,0.3,49.0,20.0,4.0,Liverpool,2021
1977,2020-09-20,16:30,Matchweek 2,Away,W,2,0,Chelsea,2.1,0.9,61.0,18.0,5.0,Liverpool,2021
1978,2020-09-28,20:00,Matchweek 3,Home,W,3,1,Arsenal,2.7,1.3,66.0,21.0,8.0,Liverpool,2021
1979,2020-10-04,19:15,Matchweek 4,Away,L,2,7,Aston Villa,1.8,2.7,69.0,14.0,8.0,Liverpool,2021
1980,2020-10-17,12:30,Matchweek 5,Away,D,2,2,Everton,2.6,1.2,58.0,22.0,8.0,Liverpool,2021
1981,2020-10-24,20:00,Matchweek 6,Home,W,2,1,Sheffield United,2.3,1.6,62.0,17.0,5.0,Liverpool,2021
1982,2020-10-31,17:30,Matchweek 7,Home,W,2,1,West Ham,1.7,0.3,72.0,8.0,4.0,Liverpool,2021
1983,2020-11-08,16:30,Matchweek 8,Away,D,1,1,Manchester City,1.2,1.4,46.0,9.0,2.0,Liverpool,2021
1984,2020-11-22,19:15,Matchweek 9,Home,W,3,0,Leicester City,3.1,1.6,56.0,24.0,11.0,Liverpool,2021
1985,2020-11-28,12:30,Matchweek 10,Away,D,1,1,Brighton,0.2,2.3,60.0,6.0,2.0,Liverpool,2021
1986,2020-12-06,19:15,Matchweek 11,Home,W,4,0,Wolverhampton Wanderers,1.2,0.4,60.0,11.0,6.0,Liverpool,2021
1987,2020-12-13,16:30,Matchweek 12,Away,D,1,1,Fulham,1.8,1.5,74.0,11.0,5.0,Liverpool,2021
1988,2020-12-16,20:00,Matchweek 13,Home,W,2,1,Tottenham Hotspur,1.0,1.1,75.0,17.0,11.0,Liverpool,2021
1989,2020-12-19,12:30,Matchweek 14,Away,W,7,0,Crystal Palace,2.5,0.3,64.0,14.0,7.0,Liverpool,2021
1990,2020-12-27,16:30,Matchweek 15,Home,D,1,1,West Brom,1.5,0.6,77.0,17.0,2.0,Liverpool,2021
1991,2020-12-30,20:00,Matchweek 16,Away,D,0,0,Newcastle United,1.4,0.5,72.0,11.0,4.0,Liverpool,2021
1992,2021-01-04,20:00,Matchweek 17,Away,L,0,1,Southampton,1.5,0.4,66.0,17.0,1.0,Liverpool,2021
1993,2021-01-17,16:30,Matchweek 19,Home,D,0,0,Manchester United,1.2,1.1,65.0,17.0,3.0,Liverpool,2021
1994,2021-01-21,20:00,Matchweek 18,Home,L,0,1,Burnley,1.6,1.1,72.0,27.0,6.0,Liverpool,2021
1995,2021-01-28,20:00,Matchweek 20,Away,W,3,1,Tottenham Hotspur,2.5,0.1,50.0,14.0,7.0,Liverpool,2021
1996,2021-01-31,16:30,Matchweek 21,Away,W,3,1,West Ham,2.0,0.8,67.0,14.0,5.0,Liverpool,2021
1997,2021-02-03,20:15,Matchweek 22,Home,L,0,1,Brighton,1.0,1.3,63.0,11.0,1.0,Liverpool,2021
1998,2021-02-07,16:30,Matchweek 23,Home,L,1,4,Manchester City,1.2,3.5,56.0,7.0,2.0,Liverpool,2021
1999,2021-02-13,12:30,Matchweek 24,Away,L,1,3,Leicester City,1.7,1.9,62.0,15.0,4.0,Liverpool,2021
2000,2021-02-20,17:30,Matchweek 25,Home,L,0,2,Everton,1.4,1.6,71.0,15.0,6.0,Liverpool,2021
2001,2021-02-28,19:15,Matchweek 26,Away,W,2,0,Sheffield United,2.7,0.7,60.0,16.0,8.0,Liverpool,2021
2002,2021-03-04,20:15,Matchweek 29,Home,L,0,1,Chelsea,0.3,1.0,54.0,7.0,1.0,Liverpool,2021
2003,2021-03-07,14:00,Matchweek 27,Home,L,0,1,Fulham,0.9,1.3,63.0,16.0,3.0,Liverpool,2021
2004,2021-03-15,20:00,Matchweek 28,Away,W,1,0,Wolverhampton Wanderers,0.9,1.1,47.0,12.0,4.0,Liverpool,2021
2005,2021-04-03,20:00,Matchweek 30,Away,W,3,0,Arsenal,2.4,0.1,64.0,16.0,7.0,Liverpool,2021
2006,2021-04-10,15:00,Matchweek 31,Home,W,2,1,Aston Villa,2.3,0.5,65.0,23.0,10.0,Liverpool,2021
2007,2021-04-19,20:00,Matchweek 32,Away,D,1,1,Leeds United,1.4,2.3,39.0,17.0,7.0,Liverpool,2021
2008,2021-04-24,12:30,Matchweek 33,Home,D,1,1,Newcastle United,2.4,1.0,68.0,22.0,9.0,Liverpool,2021
2009,2021-05-08,20:15,Matchweek 35,Home,W,2,0,Southampton,1.7,1.1,54.0,14.0,6.0,Liverpool,2021
2010,2021-05-13,20:15,Matchweek 34,Away,W,4,2,Manchester United,2.7,1.9,47.0,17.0,8.0,Liverpool,2021
2011,2021-05-16,16:30,Matchweek 36,Away,W,2,1,West Brom,1.9,1.0,76.0,26.0,6.0,Liverpool,2021
2012,2021-05-19,20:15,Matchweek 37,Away,W,3,0,Burnley,2.6,0.8,59.0,20.0,3.0,Liverpool,2021
2013,2021-05-23,16:00,Matchweek 38,Home,W,2,0,Crystal Palace,1.6,0.6,69.0,19.0,5.0,Liverpool,2021
2014,2021-08-14,17:30,Matchweek 1,Away,W,3,0,Norwich City,1.6,1.4,50.0,19.0,6.0,Liverpool,2022
2015,2021-08-21,12:30,Matchweek 2,Home,W,2,0,Burnley,2.7,0.9,65.0,27.0,8.0,Liverpool,2022
2016,2021-08-28,17:30,Matchweek 3,Home,D,1,1,Chelsea,2.5,0.6,65.0,23.0,6.0,Liverpool,2022
2017,2021-09-12,16:30,Matchweek 4,Away,W,3,0,Leeds United,4.3,1.2,56.0,30.0,8.0,Liverpool,2022
2018,2021-09-18,15:00,Matchweek 5,Home,W,3,0,Crystal Palace,3.1,0.6,59.0,25.0,10.0,Liverpool,2022
2019,2021-09-25,17:30,Matchweek 6,Away,D,3,3,Brentford,2.8,2.1,67.0,16.0,5.0,Liverpool,2022
2020,2021-10-03,16:30,Matchweek 7,Home,D,2,2,Manchester City,0.9,1.2,49.0,6.0,3.0,Liverpool,2022
2021,2021-10-16,12:30,Matchweek 8,Away,W,5,0,Watford,3.3,0.5,75.0,19.0,8.0,Liverpool,2022
2022,2021-10-24,16:30,Matchweek 9,Away,W,5,0,Manchester United,3.4,1.6,62.0,19.0,8.0,Liverpool,2022
2023,2021-10-30,15:00,Matchweek 10,Home,D,2,2,Brighton,1.5,1.0,58.0,14.0,3.0,Liverpool,2022
2024,2021-11-07,16:30,Matchweek 11,Away,L,2,3,West Ham,1.2,1.0,69.0,16.0,5.0,Liverpool,2022
2025,2021-11-20,17:30,Matchweek 12,Home,W,4,0,Arsenal,4.3,0.4,62.0,19.0,9.0,Liverpool,2022
2026,2021-11-27,15:00,Matchweek 13,Home,W,4,0,Southampton,2.9,1.0,64.0,20.0,6.0,Liverpool,2022
2027,2021-12-01,20:15,Matchweek 14,Away,W,4,1,Everton,2.4,0.7,67.0,16.0,7.0,Liverpool,2022
2028,2021-12-04,15:00,Matchweek 15,Away,W,1,0,Wolverhampton Wanderers,2.7,0.1,66.0,17.0,4.0,Liverpool,2022
2029,2021-12-11,15:00,Matchweek 16,Home,W,1,0,Aston Villa,2.2,0.2,62.0,19.0,4.0,Liverpool,2022
2030,2021-12-16,20:00,Matchweek 17,Home,W,3,1,Newcastle United,2.7,0.3,74.0,23.0,8.0,Liverpool,2022
2031,2021-12-19,16:30,Matchweek 18,Away,D,2,2,Tottenham Hotspur,1.1,3.0,56.0,18.0,6.0,Liverpool,2022
2032,2021-12-28,20:00,Matchweek 20,Away,L,0,1,Leicester City,2.3,0.4,63.0,20.0,3.0,Liverpool,2022
2033,2022-01-02,16:30,Matchweek 21,Away,D,2,2,Chelsea,1.3,1.2,46.0,10.0,6.0,Liverpool,2022
2034,2022-01-16,14:00,Matchweek 22,Home,W,3,0,Brentford,2.7,0.7,68.0,27.0,13.0,Liverpool,2022
2035,2022-01-23,14:00,Matchweek 23,Away,W,3,1,Crystal Palace,1.9,2.2,57.0,13.0,6.0,Liverpool,2022
2036,2022-02-10,19:45,Matchweek 24,Home,W,2,0,Leicester City,1.8,0.5,64.0,22.0,11.0,Liverpool,2022
2037,2022-02-13,14:00,Matchweek 25,Away,W,1,0,Burnley,1.7,1.5,66.0,12.0,4.0,Liverpool,2022
2038,2022-02-19,15:00,Matchweek 26,Home,W,3,1,Norwich City,3.6,0.6,69.0,29.0,7.0,Liverpool,2022
2039,2022-02-23,19:45,Matchweek 19,Home,W,6,0,Leeds United,5.9,0.2,63.0,21.0,12.0,Liverpool,2022
2040,2022-03-05,17:30,Matchweek 28,Home,W,1,0,West Ham,2.4,1.3,68.0,22.0,5.0,Liverpool,2022
2041,2022-03-12,12:30,Matchweek 29,Away,W,2,0,Brighton,2.2,0.5,48.0,17.0,8.0,Liverpool,2022
2042,2022-03-16,20:15,Matchweek 27,Away,W,2,0,Arsenal,0.8,0.5,51.0,9.0,3.0,Liverpool,2022
2043,2022-04-02,12:30,Matchweek 31,Home,W,2,0,Watford,2.2,0.6,73.0,19.0,2.0,Liverpool,2022
2044,2022-04-10,16:30,Matchweek 32,Away,D,2,2,Manchester City,1.3,1.3,45.0,6.0,4.0,Liverpool,2022
2045,2022-04-19,20:00,Matchweek 30,Home,W,4,0,Manchester United,2.0,0.1,71.0,14.0,5.0,Liverpool,2022
2046,2022-04-24,16:30,Matchweek 34,Home,W,2,0,Everton,1.7,0.4,82.0,18.0,4.0,Liverpool,2022
2047,2022-04-30,12:30,Matchweek 35,Away,W,1,0,Newcastle United,2.3,0.2,64.0,24.0,10.0,Liverpool,2022
2048,2022-05-07,19:45,Matchweek 36,Home,D,1,1,Tottenham Hotspur,1.3,0.9,64.0,22.0,3.0,Liverpool,2022
2049,2022-05-10,20:00,Matchweek 33,Away,W,2,1,Aston Villa,1.8,1.4,60.0,17.0,5.0,Liverpool,2022
2050,2022-05-17,19:45,Matchweek 37,Away,W,2,1,Southampton,1.3,0.1,70.0,24.0,5.0,Liverpool,2022
2051,2022-05-22,16:00,Matchweek 38,Home,W,3,1,Wolverhampton Wanderers,2.7,1.3,63.0,29.0,7.0,Liverpool,2022
2052,2022-08-06,12:30,Matchweek 1,Away,D,2,2,Fulham,1.2,1.2,67.0,11.0,3.0,Liverpool,2023
2053,2022-08-15,20:00,Matchweek 2,Home,D,1,1,Crystal Palace,2.0,1.0,72.0,24.0,4.0,Liverpool,2023
2054,2022-08-22,20:00,Matchweek 3,Away,L,1,2,Manchester United,1.3,1.8,70.0,17.0,5.0,Liverpool,2023
2055,2022-08-27,15:00,Matchweek 4,Home,W,9,0,Bournemouth,3.3,0.3,69.0,19.0,12.0,Liverpool,2023
2056,2022-08-31,20:00,Matchweek 5,Home,W,2,1,Newcastle United,1.5,0.7,72.0,23.0,6.0,Liverpool,2023
2057,2022-09-03,12:30,Matchweek 6,Away,D,0,0,Everton,2.1,1.7,61.0,23.0,8.0,Liverpool,2023
2058,2022-10-01,15:00,Matchweek 9,Home,D,3,3,Brighton,1.5,1.4,54.0,15.0,7.0,Liverpool,2023
2059,2022-10-09,16:30,Matchweek 10,Away,L,2,3,Arsenal,1.1,2.7,57.0,8.0,3.0,Liverpool,2023
2060,2022-10-16,16:30,Matchweek 11,Home,W,1,0,Manchester City,2.1,1.0,37.0,13.0,2.0,Liverpool,2023
2061,2022-10-19,19:30,Matchweek 12,Home,W,1,0,West Ham,1.7,1.7,54.0,22.0,7.0,Liverpool,2023
2062,2022-10-22,12:30,Matchweek 13,Away,L,0,1,Nottingham Forest,1.6,1.9,75.0,15.0,7.0,Liverpool,2023
2063,2022-10-29,19:45,Matchweek 14,Home,L,1,2,Leeds United,1.7,1.8,68.0,22.0,10.0,Liverpool,2023
2064,2022-11-06,16:30,Matchweek 15,Away,W,2,1,Tottenham Hotspur,1.2,1.2,53.0,13.0,6.0,Liverpool,2023
2065,2022-11-12,15:00,Matchweek 16,Home,W,3,1,Southampton,1.9,1.1,60.0,15.0,7.0,Liverpool,2023
2066,2022-12-26,17:30,Matchweek 17,Away,W,3,1,Aston Villa,2.7,1.4,52.0,16.0,9.0,Liverpool,2023
2067,2022-12-30,20:00,Matchweek 18,Home,W,2,1,Leicester City,2.2,1.0,57.0,21.0,5.0,Liverpool,2023
2068,2023-01-02,17:30,Matchweek 19,Away,L,1,3,Brentford,0.9,1.6,72.0,16.0,5.0,Liverpool,2023
2069,2023-01-14,15:00,Matchweek 20,Away,L,0,3,Brighton,1.0,1.9,39.0,6.0,2.0,Liverpool,2023
2070,2023-01-21,12:30,Matchweek 21,Home,D,0,0,Chelsea,1.4,1.6,48.0,15.0,3.0,Liverpool,2023
2071,2023-02-04,15:00,Matchweek 22,Away,L,0,3,Wolverhampton Wanderers,1.8,2.0,59.0,22.0,2.0,Liverpool,2023
2072,2023-02-13,20:00,Matchweek 23,Home,W,2,0,Everton,2.3,0.4,59.0,15.0,6.0,Liverpool,2023
2073,2023-02-18,17:30,Matchweek 24,Away,W,2,0,Newcastle United,1.9,2.0,62.0,13.0,7.0,Liverpool,2023
2074,2023-02-25,19:45,Matchweek 25,Away,D,0,0,Crystal Palace,0.9,0.7,63.0,12.0,4.0,Liverpool,2023
2075,2023-03-01,20:00,Matchweek 7,Home,W,2,0,Wolverhampton Wanderers,2.6,0.8,57.0,15.0,6.0,Liverpool,2023
2076,2023-03-05,16:30,Matchweek 26,Home,W,7,0,Manchester United,2.8,0.8,59.0,18.0,8.0,Liverpool,2023
2077,2023-03-11,12:30,Matchweek 27,Away,L,0,1,Bournemouth,1.7,0.9,69.0,14.0,5.0,Liverpool,2023
2078,2023-04-01,12:30,Matchweek 29,Away,L,1,4,Manchester City,0.3,2.9,32.0,4.0,1.0,Liverpool,2023
2079,2023-04-04,20:00,Matchweek 8,Away,D,0,0,Chelsea,0.3,2.2,51.0,7.0,3.0,Liverpool,2023
2080,2023-04-09,16:30,Matchweek 30,Home,D,2,2,Arsenal,3.9,1.4,59.0,20.0,6.0,Liverpool,2023
2081,2023-04-17,20:00,Matchweek 31,Away,W,6,1,Leeds United,2.7,1.4,73.0,13.0,7.0,Liverpool,2023
2082,2023-04-22,15:00,Matchweek 32,Home,W,3,2,Nottingham Forest,2.8,0.9,80.0,18.0,5.0,Liverpool,2023
2083,2023-04-26,19:45,Matchweek 33,Away,W,2,1,West Ham,1.9,0.8,72.0,20.0,4.0,Liverpool,2023
2084,2023-04-30,16:30,Matchweek 34,Home,W,4,3,Tottenham Hotspur,2.2,2.0,67.0,11.0,3.0,Liverpool,2023
2085,2023-05-03,20:00,Matchweek 28,Home,W,1,0,Fulham,1.8,0.9,57.0,14.0,2.0,Liverpool,2023
2086,2023-05-06,17:30,Matchweek 35,Home,W,1,0,Brentford,2.2,0.2,54.0,15.0,5.0,Liverpool,2023
2087,2023-05-15,20:00,Matchweek 36,Away,W,3,0,Leicester City,2.2,0.4,66.0,16.0,5.0,Liverpool,2023
2088,2023-05-20,15:00,Matchweek 37,Home,D,1,1,Aston Villa,0.7,1.3,66.0,10.0,5.0,Liverpool,2023
2089,2023-05-28,16:30,Matchweek 38,Away,D,4,4,Southampton,4.0,1.8,69.0,30.0,8.0,Liverpool,2023
2090,2023-08-13,16:30,Matchweek 1,Away,D,1,1,Chelsea,1.3,1.4,35.0,13.0,1.0,Liverpool,2024
2091,2023-08-19,15:00,Matchweek 2,Home,W,3,1,Bournemouth,3.0,1.3,64.0,25.0,9.0,Liverpool,2024
2092,2023-08-27,16:30,Matchweek 3,Away,W,2,1,Newcastle United,0.9,2.0,41.0,9.0,4.0,Liverpool,2024
2093,2023-09-03,14:00,Matchweek 4,Home,W,3,0,Aston Villa,2.5,0.7,63.0,17.0,4.0,Liverpool,2024
2094,2023-09-16,12:30,Matchweek 5,Away,W,3,1,Wolverhampton Wanderers,2.5,0.6,65.0,16.0,5.0,Liverpool,2024
2095,2023-09-24,14:00,Matchweek 6,Home,W,3,1,West Ham,3.0,1.1,63.0,21.0,6.0,Liverpool,2024
2096,2023-09-30,17:30,Matchweek 7,Away,L,1,2,Tottenham Hotspur,1.3,2.2,36.0,12.0,4.0,Liverpool,2024
2097,2023-10-08,14:00,Matchweek 8,Away,D,2,2,Brighton,2.3,2.3,54.0,13.0,3.0,Liverpool,2024
2098,2023-10-21,12:30,Matchweek 9,Home,W,2,0,Everton,2.2,0.1,77.0,25.0,5.0,Liverpool,2024
2099,2023-10-29,14:00,Matchweek 10,Home,W,3,0,Nottingham Forest,3.2,0.4,72.0,21.0,8.0,Liverpool,2024
2100,2023-11-05,16:30,Matchweek 11,Away,D,1,1,Luton Town,2.6,0.8,73.0,24.0,6.0,Liverpool,2024
2101,2023-11-12,14:00,Matchweek 12,Home,W,3,0,Brentford,1.7,1.6,58.0,17.0,10.0,Liverpool,2024
2102,2023-11-25,12:30,Matchweek 13,Away,D,1,1,Manchester City,0.6,1.3,41.0,8.0,3.0,Liverpool,2024
2103,2023-12-03,14:00,Matchweek 14,Home,W,4,3,Fulham,2.1,1.2,61.0,26.0,12.0,Liverpool,2024
2104,2023-12-06,19:30,Matchweek 15,Away,W,2,0,Sheffield United,1.7,1.0,75.0,15.0,8.0,Liverpool,2024
2105,2023-12-09,12:30,Matchweek 16,Away,W,2,1,Crystal Palace,1.2,1.7,76.0,14.0,2.0,Liverpool,2024
2106,2023-12-17,16:30,Matchweek 17,Home,D,0,0,Manchester United,2.3,0.8,68.0,34.0,8.0,Liverpool,2024
2107,2023-12-23,17:30,Matchweek 18,Home,D,1,1,Arsenal,1.0,0.7,52.0,13.0,3.0,Liverpool,2024
2108,2023-12-26,17:30,Matchweek 19,Away,W,2,0,Burnley,1.8,0.8,68.0,19.0,10.0,Liverpool,2024
2109,2024-01-01,20:00,Matchweek 20,Home,W,4,2,Newcastle United,7.0,0.6,61.0,32.0,12.0,Liverpool,2024
2110,2024-01-21,16:30,Matchweek 21,Away,W,4,0,Bournemouth,1.5,1.4,60.0,14.0,7.0,Liverpool,2024
2111,2024-01-31,20:15,Matchweek 22,Home,W,4,1,Chelsea,2.9,0.6,50.0,27.0,13.0,Liverpool,2024
2112,2024-02-04,16:30,Matchweek 23,Away,L,1,3,Arsenal,0.4,3.5,57.0,10.0,1.0,Liverpool,2024
2113,2024-02-10,15:00,Matchweek 24,Home,W,3,1,Burnley,2.8,1.3,70.0,25.0,10.0,Liverpool,2024
2114,2024-02-17,12:30,Matchweek 25,Away,W,4,1,Brentford,2.8,1.6,62.0,15.0,8.0,Liverpool,2024
2115,2024-02-21,19:30,Matchweek 26,Home,W,4,1,Luton Town,3.3,0.9,60.0,29.0,13.0,Liverpool,2024
2116,2024-03-02,15:00,Matchweek 27,Away,W,1,0,Nottingham Forest,2.0,1.0,69.0,22.0,1.0,Liverpool,2024
2117,2024-03-10,15:45,Matchweek 28,Home,D,1,1,Manchester City,2.7,1.6,53.0,18.0,5.0,Liverpool,2024
2118,2024-03-31,14:00,Matchweek 30,Home,W,2,1,Brighton,2.8,0.5,55.0,30.0,8.0,Liverpool,2024
2119,2024-04-04,19:30,Matchweek 31,Home,W,3,1,Sheffield United,1.8,0.6,82.0,29.0,9.0,Liverpool,2024
2120,2024-04-07,15:30,Matchweek 32,Away,D,2,2,Manchester United,3.6,0.7,62.0,27.0,6.0,Liverpool,2024
2121,2024-04-14,14:00,Matchweek 33,Home,L,0,1,Crystal Palace,2.7,2.0,69.0,21.0,5.0,Liverpool,2024
2122,2024-04-21,16:30,Matchweek 34,Away,W,3,1,Fulham,1.0,0.8,60.0,14.0,7.0,Liverpool,2024
2123,2024-04-24,20:00,Matchweek 29,Away,L,0,2,Everton,2.1,1.2,75.0,23.0,7.0,Liverpool,2024
2124,2024-04-27,12:30,Matchweek 35,Away,D,2,2,West Ham,1.7,0.7,71.0,28.0,8.0,Liverpool,2024
2125,2024-05-05,16:30,Matchweek 36,Home,W,4,2,Tottenham Hotspur,3.3,1.2,44.0,25.0,12.0,Liverpool,2024
2126,2024-05-13,20:00,Matchweek 37,Away,D,3,3,Aston Villa,1.7,3.1,59.0,14.0,7.0,Liverpool,2024
2127,2024-05-19,16:00,Matchweek 38,Home,W,2,0,Wolverhampton Wanderers,4.5,0.5,67.0,36.0,13.0,Liverpool,2024
2128,2024-08-17,12:30,Matchweek 1,Away,W,2,0,Ipswich Town,2.6,0.5,62.0,18.0,5.0,Liverpool,2025
2129,2024-08-25,16:30,Matchweek 2,Home,W,2,0,Brentford,2.5,0.5,62.0,19.0,8.0,Liverpool,2025
2130,2024-09-01,16:00,Matchweek 3,Away,W,3,0,Manchester United,1.8,1.4,47.0,11.0,3.0,Liverpool,2025
2131,2024-09-14,15:00,Matchweek 4,Home,L,0,1,Nottingham Forest,0.9,0.4,68.0,14.0,5.0,Liverpool,2025
2132,2024-09-21,15:00,Matchweek 5,Home,W,3,0,Bournemouth,2.0,1.1,58.0,19.0,12.0,Liverpool,2025
2133,2024-09-28,17:30,Matchweek 6,Away,W,2,1,Wolverhampton Wanderers,2.5,0.6,55.0,9.0,5.0,Liverpool,2025
2134,2024-10-05,12:30,Matchweek 7,Away,W,1,0,Crystal Palace,1.4,0.6,68.0,16.0,4.0,Liverpool,2025
2135,2024-10-20,16:30,Matchweek 8,Home,W,2,1,Chelsea,1.9,1.0,43.0,8.0,4.0,Liverpool,2025
2136,2024-10-27,16:30,Matchweek 9,Away,D,2,2,Arsenal,0.8,0.9,55.0,9.0,4.0,Liverpool,2025
2137,2024-11-02,15:00,Matchweek 10,Home,W,2,1,Brighton,1.6,1.0,49.0,16.0,8.0,Liverpool,2025
2138,2024-11-09,20:00,Matchweek 11,Home,W,2,0,Aston Villa,2.0,1.2,62.0,14.0,5.0,Liverpool,2025
2139,2024-11-24,14:00,Matchweek 12,Away,W,3,2,Southampton,3.1,1.3,62.0,26.0,10.0,Liverpool,2025
2140,2024-12-01,16:00,Matchweek 13,Home,W,2,0,Manchester City,3.4,0.8,44.0,17.0,6.0,Liverpool,2025
2141,2024-12-04,19:30,Matchweek 14,Away,D,3,3,Newcastle United,1.9,2.1,58.0,16.0,5.0,Liverpool,2025
2142,2024-12-14,15:00,Matchweek 16,Home,D,2,2,Fulham,2.1,1.2,61.0,16.0,4.0,Liverpool,2025
2143,2024-12-22,16:30,Matchweek 17,Away,W,6,3,Tottenham Hotspur,5.6,1.3,48.0,24.0,11.0,Liverpool,2025
2144,2024-12-26,20:00,Matchweek 18,Home,W,3,1,Leicester City,2.0,0.3,68.0,19.0,7.0,Liverpool,2025
2145,2024-12-29,17:15,Matchweek 19,Away,W,5,0,West Ham,3.1,0.4,54.0,22.0,13.0,Liverpool,2025
2146,2025-01-05,16:30,Matchweek 20,Home,D,2,2,Manchester United,2.7,1.0,53.0,18.0,5.0,Liverpool,2025
2147,2025-01-14,20:00,Matchweek 21,Away,D,1,1,Nottingham Forest,2.0,0.3,70.0,23.0,6.0,Liverpool,2025
2148,2025-01-18,15:00,Matchweek 22,Away,W,2,0,Brentford,3.4,0.7,60.0,37.0,8.0,Liverpool,2025
2149,2025-01-25,15:00,Matchweek 23,Home,W,4,1,Ipswich Town,2.0,0.5,70.0,16.0,6.0,Liverpool,2025
2150,2025-02-01,15:00,Matchweek 24,Away,W,2,0,Bournemouth,2.5,1.6,51.0,18.0,6.0,Liverpool,2025
2151,2025-02-12,19:30,Matchweek 15,Away,D,2,2,Everton,0.6,1.0,63.0,6.0,4.0,Liverpool,2025
2152,2025-02-16,14:00,Matchweek 25,Home,W,2,1,Wolverhampton Wanderers,1.7,1.5,50.0,9.0,2.0,Liverpool,2025
2153,2025-02-19,19:30,Matchweek 29,Away,D,2,2,Aston Villa,2.5,0.6,48.0,17.0,3.0,Liverpool,2025
2154,2025-02-23,16:30,Matchweek 26,Away,W,2,0,Manchester City,0.7,0.6,34.0,8.0,4.0,Liverpool,2025
2155,2025-02-26,20:15,Matchweek 27,Home,W,2,0,Newcastle United,1.7,0.2,61.0,12.0,3.0,Liverpool,2025
2156,2025-03-08,15:00,Matchweek 28,Home,W,3,1,Southampton,3.9,0.4,71.0,26.0,5.0,Liverpool,2025
2157,2025-04-02,20:00,Matchweek 30,Home,W,1,0,Everton,1.5,0.9,73.0,17.0,3.0,Liverpool,2025
2158,2025-04-06,14:00,Matchweek 31,Away,L,2,3,Fulham,1.5,0.7,63.0,14.0,6.0,Liverpool,2025
2159,2025-04-13,14:00,Matchweek 32,Home,W,2,1,West Ham,1.8,1.4,55.0,15.0,6.0,Liverpool,2025
2160,2025-04-20,16:30,Matchweek 33,Away,W,1,0,Leicester City,2.5,0.3,58.0,28.0,8.0,Liverpool,2025
2161,2025-04-27,16:30,Matchweek 34,Home,W,5,1,Tottenham Hotspur,2.2,0.5,61.0,25.0,6.0,Liverpool,2025
2162,2025-05-04,16:30,Matchweek 35,Away,L,1,3,Chelsea,1.0,3.1,64.0,11.0,2.0,Liverpool,2025
2163,2025-05-11,16:30,Matchweek 36,Home,D,2,2,Arsenal,2.4,2.6,45.0,14.0,5.0,Liverpool,2025
2164,2025-05-19,20:00,Matchweek 37,Away,L,2,3,Brighton,2.2,2.2,51.0,18.0,5.0,Liverpool,2025
2165,2025-05-25,16:00,Matchweek 38,Home,D,1,1,Crystal Palace,2.1,1.8,69.0,14.0,3.0,Liverpool,2025
2166,2023-08-12,15:00,Matchweek 1,Away,L,1,4,Brighton,1.5,4.0,30.0,8.0,2.0,Luton Town,2024
2167,2023-08-25,20:00,Matchweek 3,Away,L,0,3,Chelsea,0.4,2.2,33.0,11.0,1.0,Luton Town,2024
2168,2023-09-01,20:00,Matchweek 4,Home,L,1,2,West Ham,1.4,1.0,39.0,16.0,1.0,Luton Town,2024
2169,2023-09-16,15:00,Matchweek 5,Away,L,0,1,Fulham,1.1,1.0,23.0,7.0,2.0,Luton Town,2024
2170,2023-09-23,15:00,Matchweek 6,Home,D,1,1,Wolverhampton Wanderers,2.1,0.6,57.0,19.0,3.0,Luton Town,2024
2171,2023-09-30,15:00,Matchweek 7,Away,W,2,1,Everton,0.9,2.9,33.0,9.0,2.0,Luton Town,2024
2172,2023-10-03,19:30,Matchweek 2,Home,L,1,2,Burnley,1.3,1.1,49.0,18.0,2.0,Luton Town,2024
2173,2023-10-07,12:30,Matchweek 8,Home,L,0,1,Tottenham Hotspur,0.8,1.9,34.0,12.0,2.0,Luton Town,2024
2174,2023-10-21,15:00,Matchweek 9,Away,D,2,2,Nottingham Forest,1.7,2.9,43.0,13.0,4.0,Luton Town,2024
2175,2023-10-29,14:00,Matchweek 10,Away,L,1,3,Aston Villa,0.5,2.3,30.0,7.0,1.0,Luton Town,2024
2176,2023-11-05,16:30,Matchweek 11,Home,D,1,1,Liverpool,0.8,2.6,27.0,8.0,5.0,Luton Town,2024
2177,2023-11-11,15:00,Matchweek 12,Away,L,0,1,Manchester United,0.4,2.2,36.0,10.0,4.0,Luton Town,2024
2178,2023-11-25,15:00,Matchweek 13,Home,W,2,1,Crystal Palace,0.9,1.6,39.0,8.0,3.0,Luton Town,2024
2179,2023-12-02,15:00,Matchweek 14,Away,L,1,3,Brentford,0.2,3.1,32.0,7.0,1.0,Luton Town,2024
2180,2023-12-05,20:15,Matchweek 15,Home,L,3,4,Arsenal,0.5,2.2,34.0,6.0,4.0,Luton Town,2024
2181,2023-12-10,14:00,Matchweek 16,Home,L,1,2,Manchester City,0.3,1.6,35.0,4.0,2.0,Luton Town,2024
2182,2023-12-23,15:00,Matchweek 18,Home,W,1,0,Newcastle United,1.4,1.4,35.0,16.0,5.0,Luton Town,2024
2183,2023-12-26,15:00,Matchweek 19,Away,W,3,2,Sheffield United,0.6,2.4,49.0,12.0,4.0,Luton Town,2024
2184,2023-12-30,12:30,Matchweek 20,Home,L,2,3,Chelsea,2.3,1.5,52.0,15.0,6.0,Luton Town,2024
2185,2024-01-12,19:45,Matchweek 21,Away,D,1,1,Burnley,0.9,1.1,61.0,14.0,5.0,Luton Town,2024
2186,2024-01-30,19:45,Matchweek 22,Home,W,4,0,Brighton,3.1,0.9,41.0,18.0,8.0,Luton Town,2024
2187,2024-02-03,15:00,Matchweek 23,Away,D,4,4,Newcastle United,2.4,2.3,45.0,10.0,7.0,Luton Town,2024
2188,2024-02-10,15:00,Matchweek 24,Home,L,1,3,Sheffield United,1.8,1.7,74.0,19.0,4.0,Luton Town,2024
2189,2024-02-18,16:30,Matchweek 25,Home,L,1,2,Manchester United,1.8,2.9,58.0,22.0,4.0,Luton Town,2024
2190,2024-02-21,19:30,Matchweek 26,Away,L,1,4,Liverpool,0.9,3.3,40.0,12.0,3.0,Luton Town,2024
2191,2024-03-02,17:30,Matchweek 27,Home,L,2,3,Aston Villa,1.8,1.9,46.0,14.0,4.0,Luton Town,2024
2192,2024-03-09,15:00,Matchweek 28,Away,D,1,1,Crystal Palace,0.8,2.7,51.0,8.0,2.0,Luton Town,2024
2193,2024-03-13,19:30,Matchweek 17,Away,L,3,4,Bournemouth,2.0,2.3,41.0,8.0,4.0,Luton Town,2024
2194,2024-03-16,15:00,Matchweek 29,Home,D,1,1,Nottingham Forest,0.6,2.0,60.0,10.0,4.0,Luton Town,2024
2195,2024-03-30,15:00,Matchweek 30,Away,L,1,2,Tottenham Hotspur,0.5,2.9,30.0,7.0,3.0,Luton Town,2024
2196,2024-04-03,19:30,Matchweek 31,Away,L,0,2,Arsenal,0.3,0.7,42.0,5.0,1.0,Luton Town,2024
2197,2024-04-06,15:00,Matchweek 32,Home,W,2,1,Bournemouth,1.5,0.4,55.0,19.0,9.0,Luton Town,2024
2198,2024-04-13,15:00,Matchweek 33,Away,L,1,5,Manchester City,0.5,4.2,27.0,4.0,2.0,Luton Town,2024
2199,2024-04-20,15:00,Matchweek 34,Home,L,1,5,Brentford,0.6,3.1,53.0,6.0,3.0,Luton Town,2024
2200,2024-04-27,15:00,Matchweek 35,Away,L,1,2,Wolverhampton Wanderers,0.6,1.2,42.0,9.0,6.0,Luton Town,2024
2201,2024-05-03,20:00,Matchweek 36,Home,D,1,1,Everton,0.8,1.4,51.0,18.0,5.0,Luton Town,2024
2202,2024-05-11,15:00,Matchweek 37,Away,L,1,3,West Ham,0.3,3.2,42.0,4.0,1.0,Luton Town,2024
2203,2024-05-19,16:00,Matchweek 38,Home,L,2,4,Fulham,2.0,1.1,41.0,14.0,5.0,Luton Town,2024
2204,2020-09-21,20:15,Matchweek 2,Away,W,3,1,Wolverhampton Wanderers,1.9,0.6,65.0,13.0,8.0,Manchester City,2021
2205,2020-09-27,16:30,Matchweek 3,Home,L,2,5,Leicester City,0.9,2.9,72.0,16.0,5.0,Manchester City,2021
2206,2020-10-03,17:30,Matchweek 4,Away,D,1,1,Leeds United,1.2,2.4,49.0,23.0,1.0,Manchester City,2021
2207,2020-10-17,17:30,Matchweek 5,Home,W,1,0,Arsenal,1.3,0.9,58.0,13.0,5.0,Manchester City,2021
2208,2020-10-24,12:30,Matchweek 6,Away,D,1,1,West Ham,1.0,0.3,69.0,14.0,7.0,Manchester City,2021
2209,2020-10-31,12:30,Matchweek 7,Away,W,1,0,Sheffield United,1.6,0.5,65.0,16.0,8.0,Manchester City,2021
2210,2020-11-08,16:30,Matchweek 8,Home,D,1,1,Liverpool,1.4,1.2,54.0,6.0,2.0,Manchester City,2021
2211,2020-11-21,17:30,Matchweek 9,Away,L,0,2,Tottenham Hotspur,1.4,0.7,66.0,22.0,5.0,Manchester City,2021
2212,2020-11-28,15:00,Matchweek 10,Home,W,5,0,Burnley,1.7,0.5,68.0,19.0,6.0,Manchester City,2021
2213,2020-12-05,15:00,Matchweek 11,Home,W,2,0,Fulham,2.9,0.3,69.0,14.0,4.0,Manchester City,2021
2214,2020-12-12,17:30,Matchweek 12,Away,D,0,0,Manchester United,1.3,0.6,54.0,9.0,2.0,Manchester City,2021
2215,2020-12-15,20:00,Matchweek 13,Home,D,1,1,West Brom,2.2,0.4,77.0,26.0,7.0,Manchester City,2021
2216,2020-12-19,15:00,Matchweek 14,Away,W,1,0,Southampton,0.9,0.7,52.0,11.0,5.0,Manchester City,2021
2217,2020-12-26,20:00,Matchweek 15,Home,W,2,0,Newcastle United,3.0,0.3,74.0,11.0,6.0,Manchester City,2021
2218,2021-01-03,16:30,Matchweek 17,Away,W,3,1,Chelsea,2.7,0.8,46.0,18.0,6.0,Manchester City,2021
2219,2021-01-13,18:00,Matchweek 18,Home,W,1,0,Brighton,2.0,0.2,65.0,15.0,6.0,Manchester City,2021
2220,2021-01-17,19:15,Matchweek 19,Home,W,4,0,Crystal Palace,0.7,0.1,71.0,13.0,6.0,Manchester City,2021
2221,2021-01-20,18:00,Matchweek 1,Home,W,2,0,Aston Villa,3.4,0.6,69.0,27.0,8.0,Manchester City,2021
2222,2021-01-26,20:15,Matchweek 20,Away,W,5,0,West Brom,1.8,0.5,77.0,18.0,7.0,Manchester City,2021
2223,2021-01-30,15:00,Matchweek 21,Home,W,1,0,Sheffield United,1.5,0.2,75.0,10.0,5.0,Manchester City,2021
2224,2021-02-03,18:00,Matchweek 22,Away,W,2,0,Burnley,2.0,0.1,74.0,13.0,6.0,Manchester City,2021
2225,2021-02-07,16:30,Matchweek 23,Away,W,4,1,Liverpool,3.5,1.2,44.0,7.0,5.0,Manchester City,2021
2226,2021-02-13,17:30,Matchweek 24,Home,W,3,0,Tottenham Hotspur,2.2,0.3,60.0,14.0,5.0,Manchester City,2021
2227,2021-02-17,20:15,Matchweek 16,Away,W,3,1,Everton,1.0,1.0,71.0,16.0,7.0,Manchester City,2021
2228,2021-02-21,16:30,Matchweek 25,Away,W,1,0,Arsenal,1.8,0.3,55.0,15.0,3.0,Manchester City,2021
2229,2021-02-27,12:30,Matchweek 26,Home,W,2,1,West Ham,0.5,1.5,63.0,10.0,3.0,Manchester City,2021
2230,2021-03-02,20:00,Matchweek 29,Home,W,4,1,Wolverhampton Wanderers,3.3,0.3,72.0,22.0,10.0,Manchester City,2021
2231,2021-03-07,16:30,Matchweek 27,Home,L,0,2,Manchester United,1.3,1.7,66.0,23.0,6.0,Manchester City,2021
2232,2021-03-10,18:00,Matchweek 33,Home,W,5,2,Southampton,2.6,1.6,58.0,17.0,10.0,Manchester City,2021
2233,2021-03-13,20:00,Matchweek 28,Away,W,3,0,Fulham,2.2,0.3,54.0,7.0,6.0,Manchester City,2021
2234,2021-04-03,17:30,Matchweek 30,Away,W,2,0,Leicester City,1.4,0.3,56.0,11.0,4.0,Manchester City,2021
2235,2021-04-10,12:30,Matchweek 31,Home,L,1,2,Leeds United,2.1,0.1,71.0,29.0,7.0,Manchester City,2021
2236,2021-04-21,20:15,Matchweek 32,Away,W,2,1,Aston Villa,1.2,0.7,72.0,13.0,3.0,Manchester City,2021
2237,2021-05-01,12:30,Matchweek 34,Away,W,2,0,Crystal Palace,1.7,0.9,68.0,20.0,3.0,Manchester City,2021
2238,2021-05-08,17:30,Matchweek 35,Home,L,1,2,Chelsea,1.8,0.7,48.0,15.0,3.0,Manchester City,2021
2239,2021-05-14,20:00,Matchweek 36,Away,W,4,3,Newcastle United,1.5,2.2,82.0,15.0,6.0,Manchester City,2021
2240,2021-05-18,19:00,Matchweek 37,Away,L,2,3,Brighton,0.9,1.1,37.0,8.0,4.0,Manchester City,2021
2241,2021-05-23,16:00,Matchweek 38,Home,W,5,0,Everton,2.5,1.1,67.0,21.0,11.0,Manchester City,2021
2242,2021-08-15,16:30,Matchweek 1,Away,L,0,1,Tottenham Hotspur,1.8,1.0,65.0,18.0,4.0,Manchester City,2022
2243,2021-08-21,15:00,Matchweek 2,Home,W,5,0,Norwich City,2.6,0.1,67.0,16.0,4.0,Manchester City,2022
2244,2021-08-28,12:30,Matchweek 3,Home,W,5,0,Arsenal,4.4,0.2,80.0,25.0,10.0,Manchester City,2022
2245,2021-09-11,15:00,Matchweek 4,Away,W,1,0,Leicester City,2.8,0.6,61.0,25.0,8.0,Manchester City,2022
2246,2021-09-18,15:00,Matchweek 5,Home,D,0,0,Southampton,1.0,0.4,64.0,16.0,1.0,Manchester City,2022
2247,2021-09-25,12:30,Matchweek 6,Away,W,1,0,Chelsea,1.7,0.2,59.0,15.0,3.0,Manchester City,2022
2248,2021-10-03,16:30,Matchweek 7,Away,D,2,2,Liverpool,1.2,0.9,51.0,12.0,3.0,Manchester City,2022
2249,2021-10-16,15:00,Matchweek 8,Home,W,2,0,Burnley,2.1,0.9,70.0,15.0,6.0,Manchester City,2022
2250,2021-10-23,17:30,Matchweek 9,Away,W,4,1,Brighton,3.8,1.3,52.0,23.0,12.0,Manchester City,2022
2251,2021-10-30,15:00,Matchweek 10,Home,L,0,2,Crystal Palace,0.7,0.7,68.0,14.0,3.0,Manchester City,2022
2252,2021-11-06,12:30,Matchweek 11,Away,W,2,0,Manchester United,1.6,0.9,67.0,16.0,5.0,Manchester City,2022
2253,2021-11-21,14:00,Matchweek 12,Home,W,3,0,Everton,2.5,0.2,77.0,17.0,7.0,Manchester City,2022
2254,2021-11-28,14:00,Matchweek 13,Home,W,2,1,West Ham,2.1,0.2,68.0,19.0,8.0,Manchester City,2022
2255,2021-12-01,20:15,Matchweek 14,Away,W,2,1,Aston Villa,1.0,0.8,64.0,17.0,7.0,Manchester City,2022
2256,2021-12-04,17:30,Matchweek 15,Away,W,3,1,Watford,3.1,0.8,77.0,26.0,12.0,Manchester City,2022
2257,2021-12-11,12:30,Matchweek 16,Home,W,1,0,Wolverhampton Wanderers,3.2,0.2,71.0,23.0,8.0,Manchester City,2022
2258,2021-12-14,20:00,Matchweek 17,Home,W,7,0,Leeds United,3.1,0.3,63.0,31.0,15.0,Manchester City,2022
2259,2021-12-19,14:15,Matchweek 18,Away,W,4,0,Newcastle United,2.9,0.3,71.0,18.0,7.0,Manchester City,2022
2260,2021-12-26,15:00,Matchweek 19,Home,W,6,3,Leicester City,3.6,2.7,72.0,15.0,6.0,Manchester City,2022
2261,2021-12-29,20:15,Matchweek 20,Away,W,1,0,Brentford,1.1,0.4,76.0,12.0,3.0,Manchester City,2022
2262,2022-01-01,12:30,Matchweek 21,Away,W,2,1,Arsenal,2.0,0.8,71.0,14.0,1.0,Manchester City,2022
2263,2022-01-15,12:30,Matchweek 22,Home,W,1,0,Chelsea,1.0,0.3,56.0,11.0,6.0,Manchester City,2022
2264,2022-01-22,17:30,Matchweek 23,Away,D,1,1,Southampton,1.8,0.8,74.0,20.0,5.0,Manchester City,2022
2265,2022-02-09,19:45,Matchweek 24,Home,W,2,0,Brentford,1.9,0.4,74.0,14.0,6.0,Manchester City,2022
2266,2022-02-12,17:30,Matchweek 25,Away,W,4,0,Norwich City,4.6,0.4,71.0,21.0,8.0,Manchester City,2022
2267,2022-02-19,17:30,Matchweek 26,Home,L,2,3,Tottenham Hotspur,2.1,1.4,71.0,20.0,3.0,Manchester City,2022
2268,2022-02-26,17:30,Matchweek 27,Away,W,1,0,Everton,1.8,0.5,67.0,13.0,8.0,Manchester City,2022
2269,2022-03-06,16:30,Matchweek 28,Home,W,4,1,Manchester United,2.7,0.5,69.0,24.0,10.0,Manchester City,2022
2270,2022-03-14,20:00,Matchweek 29,Away,D,0,0,Crystal Palace,2.8,0.6,73.0,19.0,4.0,Manchester City,2022
2271,2022-04-02,15:00,Matchweek 31,Away,W,2,0,Burnley,1.8,0.1,76.0,18.0,6.0,Manchester City,2022
2272,2022-04-10,16:30,Matchweek 32,Home,D,2,2,Liverpool,1.3,1.3,55.0,11.0,4.0,Manchester City,2022
2273,2022-04-20,20:00,Matchweek 30,Home,W,3,0,Brighton,1.3,0.2,65.0,17.0,5.0,Manchester City,2022
2274,2022-04-23,15:00,Matchweek 34,Home,W,5,1,Watford,3.6,0.5,73.0,20.0,7.0,Manchester City,2022
2275,2022-04-30,17:30,Matchweek 35,Away,W,4,0,Leeds United,2.4,1.3,58.0,19.0,6.0,Manchester City,2022
2276,2022-05-08,16:30,Matchweek 36,Home,W,5,0,Newcastle United,3.1,0.8,71.0,21.0,9.0,Manchester City,2022
2277,2022-05-11,20:15,Matchweek 33,Away,W,5,1,Wolverhampton Wanderers,2.3,0.5,66.0,15.0,5.0,Manchester City,2022
2278,2022-05-15,14:00,Matchweek 37,Away,D,2,2,West Ham,2.4,1.1,78.0,30.0,7.0,Manchester City,2022
2279,2022-05-22,16:00,Matchweek 38,Home,W,3,2,Aston Villa,3.4,0.2,71.0,24.0,5.0,Manchester City,2022
2280,2022-08-07,16:30,Matchweek 1,Away,W,2,0,West Ham,2.2,0.5,75.0,13.0,1.0,Manchester City,2023
2281,2022-08-13,15:00,Matchweek 2,Home,W,4,0,Bournemouth,1.7,0.1,67.0,19.0,7.0,Manchester City,2023
2282,2022-08-21,16:30,Matchweek 3,Away,D,3,3,Newcastle United,2.1,1.8,69.0,21.0,10.0,Manchester City,2023
2283,2022-08-27,15:00,Matchweek 4,Home,W,4,2,Crystal Palace,2.2,0.1,74.0,18.0,5.0,Manchester City,2023
2284,2022-08-31,19:30,Matchweek 5,Home,W,6,0,Nottingham Forest,3.3,0.7,74.0,17.0,9.0,Manchester City,2023
2285,2022-09-03,17:30,Matchweek 6,Away,D,1,1,Aston Villa,2.1,0.3,71.0,13.0,4.0,Manchester City,2023
2286,2022-09-17,12:30,Matchweek 8,Away,W,3,0,Wolverhampton Wanderers,1.1,0.4,59.0,16.0,7.0,Manchester City,2023
2287,2022-10-02,14:00,Matchweek 9,Home,W,6,3,Manchester United,3.2,1.7,53.0,22.0,9.0,Manchester City,2023
2288,2022-10-08,15:00,Matchweek 10,Home,W,4,0,Southampton,2.4,0.2,65.0,21.0,8.0,Manchester City,2023
2289,2022-10-16,16:30,Matchweek 11,Away,L,0,1,Liverpool,1.0,2.1,63.0,16.0,6.0,Manchester City,2023
2290,2022-10-22,15:00,Matchweek 13,Home,W,3,1,Brighton,1.6,0.5,48.0,9.0,3.0,Manchester City,2023
2291,2022-10-29,12:30,Matchweek 14,Away,W,1,0,Leicester City,1.0,0.7,64.0,15.0,5.0,Manchester City,2023
2292,2022-11-05,15:00,Matchweek 15,Home,W,2,1,Fulham,2.1,1.0,70.0,15.0,4.0,Manchester City,2023
2293,2022-11-12,12:30,Matchweek 16,Home,L,1,2,Brentford,1.6,1.3,74.0,29.0,6.0,Manchester City,2023
2294,2022-12-28,20:00,Matchweek 17,Away,W,3,1,Leeds United,4.3,0.6,69.0,26.0,9.0,Manchester City,2023
2295,2022-12-31,15:00,Matchweek 18,Home,D,1,1,Everton,1.7,0.1,74.0,16.0,3.0,Manchester City,2023
2296,2023-01-05,20:00,Matchweek 19,Away,W,1,0,Chelsea,2.0,0.4,52.0,12.0,3.0,Manchester City,2023
2297,2023-01-14,12:30,Matchweek 20,Away,L,1,2,Manchester United,0.6,1.7,70.0,5.0,1.0,Manchester City,2023
2298,2023-01-19,20:00,Matchweek 7,Home,W,4,2,Tottenham Hotspur,2.3,0.8,58.0,16.0,6.0,Manchester City,2023
2299,2023-01-22,14:00,Matchweek 21,Home,W,3,0,Wolverhampton Wanderers,2.8,0.8,55.0,12.0,5.0,Manchester City,2023
2300,2023-02-05,16:30,Matchweek 22,Away,L,0,1,Tottenham Hotspur,1.3,1.4,64.0,15.0,5.0,Manchester City,2023
2301,2023-02-12,16:30,Matchweek 23,Home,W,3,1,Aston Villa,3.3,0.3,67.0,16.0,7.0,Manchester City,2023
2302,2023-02-15,19:30,Matchweek 12,Away,W,3,1,Arsenal,1.8,1.6,37.0,9.0,5.0,Manchester City,2023
2303,2023-02-18,15:00,Matchweek 24,Away,D,1,1,Nottingham Forest,2.4,0.9,73.0,23.0,6.0,Manchester City,2023
2304,2023-02-25,17:30,Matchweek 25,Away,W,4,1,Bournemouth,2.4,1.0,66.0,20.0,5.0,Manchester City,2023
2305,2023-03-04,12:30,Matchweek 26,Home,W,2,0,Newcastle United,1.3,0.4,56.0,11.0,3.0,Manchester City,2023
2306,2023-03-11,17:30,Matchweek 27,Away,W,1,0,Crystal Palace,2.1,0.2,67.0,13.0,3.0,Manchester City,2023
2307,2023-04-01,12:30,Matchweek 29,Home,W,4,1,Liverpool,2.9,0.3,68.0,17.0,8.0,Manchester City,2023
2308,2023-04-08,17:30,Matchweek 30,Away,W,4,1,Southampton,2.9,0.4,73.0,12.0,7.0,Manchester City,2023
2309,2023-04-15,17:30,Matchweek 31,Home,W,3,1,Leicester City,1.6,2.3,70.0,11.0,3.0,Manchester City,2023
2310,2023-04-26,20:00,Matchweek 33,Home,W,4,1,Arsenal,2.5,0.5,52.0,14.0,9.0,Manchester City,2023
2311,2023-04-30,14:00,Matchweek 34,Away,W,2,1,Fulham,2.5,0.2,62.0,11.0,8.0,Manchester City,2023
2312,2023-05-03,20:00,Matchweek 28,Home,W,3,0,West Ham,2.3,0.4,69.0,16.0,7.0,Manchester City,2023
2313,2023-05-06,15:00,Matchweek 35,Home,W,2,1,Leeds United,2.6,0.2,80.0,17.0,6.0,Manchester City,2023
2314,2023-05-14,14:00,Matchweek 36,Away,W,3,0,Everton,0.8,1.6,63.0,9.0,4.0,Manchester City,2023
2315,2023-05-21,16:00,Matchweek 37,Home,W,1,0,Chelsea,1.2,1.2,64.0,15.0,2.0,Manchester City,2023
2316,2023-05-24,20:00,Matchweek 32,Away,D,1,1,Brighton,1.8,2.2,60.0,13.0,4.0,Manchester City,2023
2317,2023-05-28,16:30,Matchweek 38,Away,L,0,1,Brentford,1.6,1.3,65.0,17.0,2.0,Manchester City,2023
2318,2023-08-11,20:00,Matchweek 1,Away,W,3,0,Burnley,1.9,0.3,65.0,17.0,8.0,Manchester City,2024
2319,2023-08-19,20:00,Matchweek 2,Home,W,1,0,Newcastle United,1.0,0.3,59.0,14.0,4.0,Manchester City,2024
2320,2023-08-27,14:00,Matchweek 3,Away,W,2,1,Sheffield United,3.5,0.7,79.0,29.0,9.0,Manchester City,2024
2321,2023-09-02,15:00,Matchweek 4,Home,W,5,1,Fulham,2.2,1.4,68.0,6.0,4.0,Manchester City,2024
2322,2023-09-16,15:00,Matchweek 5,Away,W,3,1,West Ham,3.6,0.9,68.0,29.0,13.0,Manchester City,2024
2323,2023-09-23,15:00,Matchweek 6,Home,W,2,0,Nottingham Forest,1.3,1.0,57.0,7.0,4.0,Manchester City,2024
2324,2023-09-30,15:00,Matchweek 7,Away,L,1,2,Wolverhampton Wanderers,0.9,0.4,68.0,23.0,8.0,Manchester City,2024
2325,2023-10-08,16:30,Matchweek 8,Away,L,0,1,Arsenal,0.5,0.4,51.0,4.0,0.0,Manchester City,2024
2326,2023-10-21,15:00,Matchweek 9,Home,W,2,1,Brighton,0.8,0.8,55.0,10.0,5.0,Manchester City,2024
2327,2023-10-29,15:30,Matchweek 10,Away,W,3,0,Manchester United,4.0,0.9,60.0,20.0,9.0,Manchester City,2024
2328,2023-11-04,15:00,Matchweek 11,Home,W,6,1,Bournemouth,1.9,0.9,65.0,21.0,8.0,Manchester City,2024
2329,2023-11-12,16:30,Matchweek 12,Away,D,4,4,Chelsea,2.9,2.9,55.0,14.0,9.0,Manchester City,2024
2330,2023-11-25,12:30,Matchweek 13,Home,D,1,1,Liverpool,1.3,0.6,59.0,16.0,5.0,Manchester City,2024
2331,2023-12-03,16:30,Matchweek 14,Home,D,3,3,Tottenham Hotspur,2.6,0.5,55.0,17.0,4.0,Manchester City,2024
2332,2023-12-06,20:15,Matchweek 15,Away,L,0,1,Aston Villa,0.6,2.3,54.0,2.0,2.0,Manchester City,2024
2333,2023-12-10,14:00,Matchweek 16,Away,W,2,1,Luton Town,1.6,0.3,65.0,18.0,6.0,Manchester City,2024
2334,2023-12-16,15:00,Matchweek 17,Home,D,2,2,Crystal Palace,1.6,1.8,74.0,19.0,9.0,Manchester City,2024
2335,2023-12-27,20:15,Matchweek 19,Away,W,3,1,Everton,2.4,1.0,72.0,22.0,8.0,Manchester City,2024
2336,2023-12-30,15:00,Matchweek 20,Home,W,2,0,Sheffield United,2.2,0.3,80.0,18.0,4.0,Manchester City,2024
2337,2024-01-13,17:30,Matchweek 21,Away,W,3,2,Newcastle United,3.0,1.3,72.0,27.0,11.0,Manchester City,2024
2338,2024-01-31,19:30,Matchweek 22,Home,W,3,1,Burnley,1.7,1.4,74.0,14.0,4.0,Manchester City,2024
2339,2024-02-05,20:00,Matchweek 23,Away,W,3,1,Brentford,2.1,1.0,72.0,25.0,15.0,Manchester City,2024
2340,2024-02-10,12:30,Matchweek 24,Home,W,2,0,Everton,1.6,0.3,72.0,19.0,3.0,Manchester City,2024
2341,2024-02-17,17:30,Matchweek 25,Home,D,1,1,Chelsea,2.6,1.4,70.0,31.0,5.0,Manchester City,2024
2342,2024-02-20,19:30,Matchweek 18,Home,W,1,0,Brentford,2.3,0.4,70.0,25.0,10.0,Manchester City,2024
2343,2024-02-24,17:30,Matchweek 26,Away,W,1,0,Bournemouth,1.6,0.9,62.0,15.0,6.0,Manchester City,2024
2344,2024-03-03,15:30,Matchweek 27,Home,W,3,1,Manchester United,3.3,0.2,73.0,27.0,8.0,Manchester City,2024
2345,2024-03-10,15:45,Matchweek 28,Away,D,1,1,Liverpool,1.6,2.7,47.0,10.0,6.0,Manchester City,2024
2346,2024-03-31,16:30,Matchweek 30,Home,D,0,0,Arsenal,1.0,0.7,72.0,12.0,1.0,Manchester City,2024
2347,2024-04-03,20:15,Matchweek 31,Home,W,4,1,Aston Villa,3.4,0.8,67.0,25.0,11.0,Manchester City,2024
2348,2024-04-06,12:30,Matchweek 32,Away,W,4,2,Crystal Palace,1.9,1.1,75.0,18.0,8.0,Manchester City,2024
2349,2024-04-13,15:00,Matchweek 33,Home,W,5,1,Luton Town,4.2,0.5,73.0,36.0,12.0,Manchester City,2024
2350,2024-04-25,20:00,Matchweek 29,Away,W,4,0,Brighton,1.4,0.6,64.0,14.0,6.0,Manchester City,2024
2351,2024-04-28,16:30,Matchweek 35,Away,W,2,0,Nottingham Forest,0.9,1.9,66.0,11.0,5.0,Manchester City,2024
2352,2024-05-04,17:30,Matchweek 36,Home,W,5,1,Wolverhampton Wanderers,3.7,0.3,58.0,18.0,10.0,Manchester City,2024
2353,2024-05-11,12:30,Matchweek 37,Away,W,4,0,Fulham,3.2,0.1,64.0,15.0,8.0,Manchester City,2024
2354,2024-05-14,20:00,Matchweek 34,Away,W,2,0,Tottenham Hotspur,2.4,1.7,47.0,7.0,4.0,Manchester City,2024
2355,2024-05-19,16:00,Matchweek 38,Home,W,3,1,West Ham,1.9,0.4,71.0,28.0,12.0,Manchester City,2024
2356,2024-08-18,16:30,Matchweek 1,Away,W,2,0,Chelsea,0.8,1.0,52.0,11.0,5.0,Manchester City,2025
2357,2024-08-24,15:00,Matchweek 2,Home,W,4,1,Ipswich Town,3.3,0.3,75.0,13.0,4.0,Manchester City,2025
2358,2024-08-31,17:30,Matchweek 3,Away,W,3,1,West Ham,3.0,0.7,67.0,23.0,8.0,Manchester City,2025
2359,2024-09-14,15:00,Matchweek 4,Home,W,2,1,Brentford,2.1,1.0,54.0,18.0,7.0,Manchester City,2025
2360,2024-09-22,16:30,Matchweek 5,Home,D,2,2,Arsenal,2.1,0.7,77.0,33.0,11.0,Manchester City,2025
2361,2024-09-28,12:30,Matchweek 6,Away,D,1,1,Newcastle United,0.9,1.6,62.0,16.0,6.0,Manchester City,2025
2362,2024-10-05,15:00,Matchweek 7,Home,W,3,2,Fulham,1.6,2.6,58.0,20.0,7.0,Manchester City,2025
2363,2024-10-20,14:00,Matchweek 8,Away,W,2,1,Wolverhampton Wanderers,1.6,0.8,77.0,22.0,7.0,Manchester City,2025
2364,2024-10-26,15:00,Matchweek 9,Home,W,1,0,Southampton,2.9,0.2,57.0,22.0,7.0,Manchester City,2025
2365,2024-11-02,15:00,Matchweek 10,Away,L,1,2,Bournemouth,1.6,2.0,64.0,18.0,4.0,Manchester City,2025
2366,2024-11-09,17:30,Matchweek 11,Away,L,1,2,Brighton,2.1,2.3,60.0,15.0,6.0,Manchester City,2025
2367,2024-11-23,17:30,Matchweek 12,Home,L,0,4,Tottenham Hotspur,2.1,2.5,58.0,23.0,5.0,Manchester City,2025
2368,2024-12-01,16:00,Matchweek 13,Away,L,0,2,Liverpool,0.8,3.4,56.0,8.0,2.0,Manchester City,2025
2369,2024-12-04,19:30,Matchweek 14,Home,W,3,0,Nottingham Forest,2.4,1.0,66.0,17.0,6.0,Manchester City,2025
2370,2024-12-07,15:00,Matchweek 15,Away,D,2,2,Crystal Palace,1.4,1.3,68.0,12.0,4.0,Manchester City,2025
2371,2024-12-15,16:30,Matchweek 16,Home,L,1,2,Manchester United,0.9,2.1,52.0,10.0,3.0,Manchester City,2025
2372,2024-12-21,12:30,Matchweek 17,Away,L,1,2,Aston Villa,1.0,1.6,56.0,12.0,6.0,Manchester City,2025
2373,2024-12-26,12:30,Matchweek 18,Home,D,1,1,Everton,2.1,0.7,66.0,23.0,4.0,Manchester City,2025
2374,2024-12-29,14:30,Matchweek 19,Away,W,2,0,Leicester City,1.3,1.3,47.0,14.0,5.0,Manchester City,2025
2375,2025-01-04,15:00,Matchweek 20,Home,W,4,1,West Ham,1.9,1.4,56.0,10.0,7.0,Manchester City,2025
2376,2025-01-14,19:30,Matchweek 21,Away,D,2,2,Brentford,2.2,2.5,55.0,21.0,8.0,Manchester City,2025
2377,2025-01-19,16:30,Matchweek 22,Away,W,6,0,Ipswich Town,3.0,0.5,67.0,17.0,9.0,Manchester City,2025
2378,2025-01-25,17:30,Matchweek 23,Home,W,3,1,Chelsea,2.2,1.8,56.0,15.0,6.0,Manchester City,2025
2379,2025-02-02,16:30,Matchweek 24,Away,L,1,5,Arsenal,0.8,1.0,54.0,7.0,4.0,Manchester City,2025
2380,2025-02-15,15:00,Matchweek 25,Home,W,4,0,Newcastle United,1.9,0.5,61.0,11.0,7.0,Manchester City,2025
2381,2025-02-23,16:30,Matchweek 26,Home,L,0,2,Liverpool,0.6,0.7,66.0,16.0,5.0,Manchester City,2025
2382,2025-02-26,19:30,Matchweek 27,Away,W,1,0,Tottenham Hotspur,2.1,1.3,45.0,12.0,5.0,Manchester City,2025
2383,2025-03-08,12:30,Matchweek 28,Away,L,0,1,Nottingham Forest,0.9,0.7,69.0,14.0,3.0,Manchester City,2025
2384,2025-03-15,15:00,Matchweek 29,Home,D,2,2,Brighton,1.7,2.0,60.0,10.0,2.0,Manchester City,2025
2385,2025-04-02,19:45,Matchweek 30,Home,W,2,0,Leicester City,2.2,0.1,72.0,18.0,5.0,Manchester City,2025
2386,2025-04-06,16:30,Matchweek 31,Away,D,0,0,Manchester United,0.5,0.9,58.0,9.0,5.0,Manchester City,2025
2387,2025-04-12,12:30,Matchweek 32,Home,W,5,2,Crystal Palace,3.7,1.8,67.0,21.0,8.0,Manchester City,2025
2388,2025-04-19,15:00,Matchweek 33,Away,W,2,0,Everton,2.0,0.9,67.0,12.0,6.0,Manchester City,2025
2389,2025-04-22,20:00,Matchweek 34,Home,W,2,1,Aston Villa,1.3,1.8,61.0,14.0,6.0,Manchester City,2025
2390,2025-05-02,20:00,Matchweek 35,Home,W,1,0,Wolverhampton Wanderers,0.7,0.4,63.0,9.0,2.0,Manchester City,2025
2391,2025-05-10,15:00,Matchweek 36,Away,D,0,0,Southampton,1.7,0.1,72.0,26.0,4.0,Manchester City,2025
2392,2025-05-20,20:00,Matchweek 37,Home,W,3,1,Bournemouth,1.5,1.1,57.0,12.0,5.0,Manchester City,2025
2393,2025-05-25,16:00,Matchweek 38,Away,W,2,0,Fulham,3.0,1.3,53.0,19.0,4.0,Manchester City,2025
2394,2020-09-19,17:30,Matchweek 2,Home,L,1,3,Crystal Palace,1.2,1.6,75.0,17.0,4.0,Manchester United,2021
2395,2020-09-26,12:30,Matchweek 3,Away,W,3,2,Brighton,1.5,2.5,47.0,6.0,2.0,Manchester United,2021
2396,2020-10-04,16:30,Matchweek 4,Home,L,1,6,Tottenham Hotspur,0.9,3.4,39.0,4.0,1.0,Manchester United,2021
2397,2020-10-17,20:00,Matchweek 5,Away,W,4,1,Newcastle United,2.3,0.9,63.0,27.0,11.0,Manchester United,2021
2398,2020-10-24,17:30,Matchweek 6,Home,D,0,0,Chelsea,0.6,0.2,51.0,14.0,4.0,Manchester United,2021
2399,2020-11-01,16:30,Matchweek 7,Home,L,0,1,Arsenal,0.4,1.0,54.0,8.0,2.0,Manchester United,2021
2400,2020-11-07,12:30,Matchweek 8,Away,W,3,1,Everton,1.5,0.4,45.0,13.0,5.0,Manchester United,2021
2401,2020-11-21,20:00,Matchweek 9,Home,W,1,0,West Brom,2.4,0.6,63.0,16.0,6.0,Manchester United,2021
2402,2020-11-29,14:00,Matchweek 10,Away,W,3,2,Southampton,2.1,0.5,50.0,15.0,6.0,Manchester United,2021
2403,2020-12-05,17:30,Matchweek 11,Away,W,3,1,West Ham,1.7,2.0,60.0,15.0,6.0,Manchester United,2021
2404,2020-12-12,17:30,Matchweek 12,Home,D,0,0,Manchester City,0.6,1.3,46.0,11.0,2.0,Manchester United,2021
2405,2020-12-17,20:00,Matchweek 13,Away,W,3,2,Sheffield United,1.9,1.5,60.0,15.0,8.0,Manchester United,2021
2406,2020-12-20,16:30,Matchweek 14,Home,W,6,2,Leeds United,3.6,1.8,41.0,25.0,13.0,Manchester United,2021
2407,2020-12-26,12:30,Matchweek 15,Away,D,2,2,Leicester City,1.7,0.9,46.0,9.0,4.0,Manchester United,2021
2408,2020-12-29,20:00,Matchweek 16,Home,W,1,0,Wolverhampton Wanderers,1.5,0.5,58.0,11.0,3.0,Manchester United,2021
2409,2021-01-01,20:00,Matchweek 17,Home,W,2,1,Aston Villa,2.1,1.4,48.0,18.0,8.0,Manchester United,2021
2410,2021-01-12,20:15,Matchweek 1,Away,W,1,0,Burnley,1.2,0.9,62.0,13.0,7.0,Manchester United,2021
2411,2021-01-17,16:30,Matchweek 19,Away,D,0,0,Liverpool,1.1,1.2,35.0,8.0,4.0,Manchester United,2021
2412,2021-01-20,20:15,Matchweek 18,Away,W,2,1,Fulham,1.7,0.9,62.0,15.0,5.0,Manchester United,2021
2413,2021-01-27,20:15,Matchweek 20,Home,L,1,2,Sheffield United,1.1,1.0,75.0,16.0,4.0,Manchester United,2021
2414,2021-01-30,17:30,Matchweek 21,Away,D,0,0,Arsenal,1.6,0.9,57.0,14.0,3.0,Manchester United,2021
2415,2021-02-02,20:15,Matchweek 22,Home,W,9,0,Southampton,4.7,0.5,74.0,23.0,13.0,Manchester United,2021
2416,2021-02-06,20:00,Matchweek 23,Home,D,3,3,Everton,1.8,1.5,61.0,14.0,5.0,Manchester United,2021
2417,2021-02-14,14:00,Matchweek 24,Away,D,1,1,West Brom,0.5,1.0,73.0,10.0,6.0,Manchester United,2021
2418,2021-02-21,19:00,Matchweek 25,Home,W,3,1,Newcastle United,1.7,0.4,71.0,14.0,6.0,Manchester United,2021
2419,2021-02-28,16:30,Matchweek 26,Away,D,0,0,Chelsea,0.4,1.1,43.0,11.0,4.0,Manchester United,2021
2420,2021-03-03,20:15,Matchweek 29,Away,D,0,0,Crystal Palace,0.9,0.9,63.0,11.0,1.0,Manchester United,2021
2421,2021-03-07,16:30,Matchweek 27,Away,W,2,0,Manchester City,1.7,1.3,34.0,7.0,5.0,Manchester United,2021
2422,2021-03-14,19:15,Matchweek 28,Home,W,1,0,West Ham,1.5,0.6,61.0,15.0,4.0,Manchester United,2021
2423,2021-04-04,19:30,Matchweek 30,Home,W,2,1,Brighton,1.5,1.2,57.0,15.0,7.0,Manchester United,2021
2424,2021-04-11,16:30,Matchweek 31,Away,W,3,1,Tottenham Hotspur,2.1,0.9,53.0,12.0,7.0,Manchester United,2021
2425,2021-04-18,16:00,Matchweek 32,Home,W,3,1,Burnley,2.5,0.9,69.0,17.0,8.0,Manchester United,2021
2426,2021-04-25,14:00,Matchweek 33,Away,D,0,0,Leeds United,1.2,0.3,56.0,16.0,4.0,Manchester United,2021
2427,2021-05-09,14:05,Matchweek 35,Away,W,3,1,Aston Villa,1.7,0.5,59.0,17.0,6.0,Manchester United,2021
2428,2021-05-11,18:00,Matchweek 36,Home,L,1,2,Leicester City,0.2,0.9,53.0,4.0,1.0,Manchester United,2021
2429,2021-05-13,20:15,Matchweek 34,Home,L,2,4,Liverpool,1.9,2.7,53.0,18.0,2.0,Manchester United,2021
2430,2021-05-18,18:00,Matchweek 37,Home,D,1,1,Fulham,0.9,0.9,57.0,13.0,6.0,Manchester United,2021
2431,2021-05-23,16:00,Matchweek 38,Away,W,2,1,Wolverhampton Wanderers,2.0,0.9,43.0,8.0,3.0,Manchester United,2021
2432,2021-08-14,12:30,Matchweek 1,Home,W,5,1,Leeds United,1.5,0.5,49.0,16.0,8.0,Manchester United,2022
2433,2021-08-22,14:00,Matchweek 2,Away,D,1,1,Southampton,1.8,0.7,63.0,15.0,3.0,Manchester United,2022
2434,2021-08-29,16:30,Matchweek 3,Away,W,1,0,Wolverhampton Wanderers,0.6,2.1,56.0,10.0,3.0,Manchester United,2022
2435,2021-09-11,15:00,Matchweek 4,Home,W,4,1,Newcastle United,2.5,0.4,63.0,21.0,6.0,Manchester United,2022
2436,2021-09-19,14:00,Matchweek 5,Away,W,2,1,West Ham,2.0,1.6,60.0,17.0,10.0,Manchester United,2022
2437,2021-09-25,12:30,Matchweek 6,Home,L,0,1,Aston Villa,2.2,1.0,59.0,27.0,4.0,Manchester United,2022
2438,2021-10-02,12:30,Matchweek 7,Home,D,1,1,Everton,1.0,1.3,72.0,13.0,6.0,Manchester United,2022
2439,2021-10-16,15:00,Matchweek 8,Away,L,2,4,Leicester City,1.2,2.4,51.0,18.0,6.0,Manchester United,2022
2440,2021-10-24,16:30,Matchweek 9,Home,L,0,5,Liverpool,1.6,3.4,38.0,12.0,3.0,Manchester United,2022
2441,2021-10-30,17:30,Matchweek 10,Away,W,3,0,Tottenham Hotspur,1.5,1.0,42.0,10.0,4.0,Manchester United,2022
2442,2021-11-06,12:30,Matchweek 11,Home,L,0,2,Manchester City,0.9,1.6,33.0,5.0,1.0,Manchester United,2022
2443,2021-11-20,15:00,Matchweek 12,Away,L,1,4,Watford,1.4,2.7,61.0,9.0,3.0,Manchester United,2022
2444,2021-11-28,16:30,Matchweek 13,Away,D,1,1,Chelsea,0.9,2.7,35.0,3.0,2.0,Manchester United,2022
2445,2021-12-02,20:15,Matchweek 14,Home,W,3,2,Arsenal,1.9,1.4,44.0,13.0,9.0,Manchester United,2022
2446,2021-12-05,14:00,Matchweek 15,Home,W,1,0,Crystal Palace,0.9,0.5,61.0,16.0,3.0,Manchester United,2022
2447,2021-12-11,17:30,Matchweek 16,Away,W,1,0,Norwich City,2.0,1.2,52.0,12.0,4.0,Manchester United,2022
2448,2021-12-27,20:00,Matchweek 19,Away,D,1,1,Newcastle United,1.6,1.3,68.0,13.0,3.0,Manchester United,2022
2449,2021-12-30,20:15,Matchweek 20,Home,W,3,1,Burnley,2.4,1.1,57.0,18.0,6.0,Manchester United,2022
2450,2022-01-03,17:30,Matchweek 21,Home,L,0,1,Wolverhampton Wanderers,0.8,0.7,51.0,9.0,2.0,Manchester United,2022
2451,2022-01-15,17:30,Matchweek 22,Away,D,2,2,Aston Villa,1.0,1.9,46.0,13.0,6.0,Manchester United,2022
2452,2022-01-19,20:00,Matchweek 17,Away,W,3,1,Brentford,2.3,2.3,56.0,13.0,5.0,Manchester United,2022
2453,2022-01-22,15:00,Matchweek 23,Home,W,1,0,West Ham,1.9,0.3,57.0,18.0,3.0,Manchester United,2022
2454,2022-02-08,20:00,Matchweek 24,Away,D,1,1,Burnley,1.8,0.4,63.0,22.0,5.0,Manchester United,2022
2455,2022-02-12,12:30,Matchweek 25,Home,D,1,1,Southampton,2.1,0.8,53.0,12.0,7.0,Manchester United,2022
2456,2022-02-15,20:15,Matchweek 18,Home,W,2,0,Brighton,1.7,0.7,50.0,19.0,7.0,Manchester United,2022
2457,2022-02-20,14:00,Matchweek 26,Away,W,4,2,Leeds United,2.2,1.8,46.0,15.0,9.0,Manchester United,2022
2458,2022-02-26,15:00,Matchweek 27,Home,D,0,0,Watford,2.8,0.6,67.0,22.0,3.0,Manchester United,2022
2459,2022-03-06,16:30,Matchweek 28,Away,L,1,4,Manchester City,0.5,2.7,31.0,5.0,2.0,Manchester United,2022
2460,2022-03-12,17:30,Matchweek 29,Home,W,3,2,Tottenham Hotspur,1.0,1.5,43.0,10.0,6.0,Manchester United,2022
2461,2022-04-02,17:30,Matchweek 31,Home,D,1,1,Leicester City,0.9,0.8,54.0,11.0,5.0,Manchester United,2022
2462,2022-04-09,12:30,Matchweek 32,Away,L,0,1,Everton,0.8,0.4,67.0,12.0,4.0,Manchester United,2022
2463,2022-04-16,15:00,Matchweek 33,Home,W,3,2,Norwich City,1.9,1.5,61.0,20.0,9.0,Manchester United,2022
2464,2022-04-19,20:00,Matchweek 30,Away,L,0,4,Liverpool,0.1,2.0,29.0,2.0,1.0,Manchester United,2022
2465,2022-04-23,12:30,Matchweek 34,Away,L,1,3,Arsenal,1.8,2.3,46.0,13.0,5.0,Manchester United,2022
2466,2022-04-28,19:45,Matchweek 37,Home,D,1,1,Chelsea,0.5,1.9,36.0,6.0,3.0,Manchester United,2022
2467,2022-05-02,20:00,Matchweek 35,Home,W,3,0,Brentford,2.0,0.6,63.0,8.0,4.0,Manchester United,2022
2468,2022-05-07,17:30,Matchweek 36,Away,L,0,4,Brighton,0.9,2.3,58.0,15.0,5.0,Manchester United,2022
2469,2022-05-22,16:00,Matchweek 38,Away,L,0,1,Crystal Palace,0.7,0.6,61.0,10.0,4.0,Manchester United,2022
2470,2022-08-07,14:00,Matchweek 1,Home,L,1,2,Brighton,1.4,1.5,62.0,17.0,5.0,Manchester United,2023
2471,2022-08-13,17:30,Matchweek 2,Away,L,0,4,Brentford,0.9,1.6,66.0,15.0,4.0,Manchester United,2023
2472,2022-08-22,20:00,Matchweek 3,Home,W,2,1,Liverpool,1.8,1.3,30.0,13.0,5.0,Manchester United,2023
2473,2022-08-27,12:30,Matchweek 4,Away,W,1,0,Southampton,1.1,1.4,51.0,11.0,4.0,Manchester United,2023
2474,2022-09-01,20:00,Matchweek 5,Away,W,1,0,Leicester City,1.5,0.7,47.0,9.0,2.0,Manchester United,2023
2475,2022-09-04,16:30,Matchweek 6,Home,W,3,1,Arsenal,1.5,1.3,40.0,10.0,6.0,Manchester United,2023
2476,2022-10-02,14:00,Matchweek 9,Away,L,3,6,Manchester City,1.7,3.2,47.0,11.0,7.0,Manchester United,2023
2477,2022-10-09,19:00,Matchweek 10,Away,W,2,1,Everton,1.4,0.6,60.0,12.0,4.0,Manchester United,2023
2478,2022-10-16,14:00,Matchweek 11,Home,D,0,0,Newcastle United,0.8,0.8,63.0,15.0,2.0,Manchester United,2023
2479,2022-10-19,20:15,Matchweek 12,Home,W,2,0,Tottenham Hotspur,1.5,0.6,52.0,28.0,10.0,Manchester United,2023
2480,2022-10-22,17:30,Matchweek 13,Away,D,1,1,Chelsea,0.8,1.1,52.0,13.0,6.0,Manchester United,2023
2481,2022-10-30,16:15,Matchweek 14,Home,W,1,0,West Ham,1.2,1.1,53.0,16.0,3.0,Manchester United,2023
2482,2022-11-06,14:00,Matchweek 15,Away,L,1,3,Aston Villa,0.5,0.6,58.0,8.0,3.0,Manchester United,2023
2483,2022-11-13,16:30,Matchweek 16,Away,W,2,1,Fulham,2.5,1.4,47.0,14.0,9.0,Manchester United,2023
2484,2022-12-27,20:00,Matchweek 17,Home,W,3,0,Nottingham Forest,2.4,0.7,65.0,17.0,8.0,Manchester United,2023
2485,2022-12-31,12:30,Matchweek 18,Away,W,1,0,Wolverhampton Wanderers,2.0,0.7,54.0,16.0,6.0,Manchester United,2023
2486,2023-01-03,20:00,Matchweek 19,Home,W,3,0,Bournemouth,2.2,0.6,58.0,18.0,6.0,Manchester United,2023
2487,2023-01-14,12:30,Matchweek 20,Home,W,2,1,Manchester City,1.7,0.6,30.0,8.0,3.0,Manchester United,2023
2488,2023-01-18,20:00,Matchweek 7,Away,D,1,1,Crystal Palace,2.1,0.5,60.0,15.0,4.0,Manchester United,2023
2489,2023-01-22,16:30,Matchweek 21,Away,L,2,3,Arsenal,0.4,3.1,43.0,6.0,4.0,Manchester United,2023
2490,2023-02-04,15:00,Matchweek 22,Home,W,2,1,Crystal Palace,2.0,1.3,52.0,13.0,4.0,Manchester United,2023
2491,2023-02-08,20:00,Matchweek 8,Home,D,2,2,Leeds United,2.0,0.6,66.0,24.0,6.0,Manchester United,2023
2492,2023-02-12,14:00,Matchweek 23,Away,W,2,0,Leeds United,1.1,1.8,66.0,11.0,5.0,Manchester United,2023
2493,2023-02-19,14:00,Matchweek 24,Home,W,3,0,Leicester City,4.4,1.6,57.0,26.0,8.0,Manchester United,2023
2494,2023-03-05,16:30,Matchweek 26,Away,L,0,7,Liverpool,0.8,2.8,41.0,8.0,4.0,Manchester United,2023
2495,2023-03-12,14:00,Matchweek 27,Home,D,0,0,Southampton,0.8,1.0,47.0,10.0,4.0,Manchester United,2023
2496,2023-04-02,16:30,Matchweek 29,Away,L,0,2,Newcastle United,0.4,3.7,54.0,6.0,1.0,Manchester United,2023
2497,2023-04-05,20:00,Matchweek 25,Home,W,1,0,Brentford,1.2,0.7,64.0,18.0,3.0,Manchester United,2023
2498,2023-04-08,12:30,Matchweek 30,Home,W,2,0,Everton,3.4,1.0,63.0,29.0,11.0,Manchester United,2023
2499,2023-04-16,16:30,Matchweek 31,Away,W,2,0,Nottingham Forest,3.5,0.7,68.0,22.0,7.0,Manchester United,2023
2500,2023-04-27,20:15,Matchweek 33,Away,D,2,2,Tottenham Hotspur,2.0,2.5,60.0,17.0,7.0,Manchester United,2023
2501,2023-04-30,14:00,Matchweek 34,Home,W,1,0,Aston Villa,1.2,0.6,57.0,14.0,6.0,Manchester United,2023
2502,2023-05-04,20:00,Matchweek 28,Away,L,0,1,Brighton,1.4,2.3,41.0,16.0,5.0,Manchester United,2023
2503,2023-05-07,19:00,Matchweek 35,Away,L,0,1,West Ham,1.2,1.3,65.0,19.0,4.0,Manchester United,2023
2504,2023-05-13,15:00,Matchweek 36,Home,W,2,0,Wolverhampton Wanderers,3.2,0.3,48.0,27.0,9.0,Manchester United,2023
2505,2023-05-20,15:00,Matchweek 37,Away,W,1,0,Bournemouth,1.4,1.0,59.0,20.0,5.0,Manchester United,2023
2506,2023-05-25,20:00,Matchweek 32,Home,W,4,1,Chelsea,5.2,1.9,42.0,17.0,8.0,Manchester United,2023
2507,2023-05-28,16:30,Matchweek 38,Home,W,2,1,Fulham,2.9,1.8,53.0,21.0,8.0,Manchester United,2023
2508,2023-08-14,20:00,Matchweek 1,Home,W,1,0,Wolverhampton Wanderers,2.2,2.2,51.0,15.0,2.0,Manchester United,2024
2509,2023-08-19,17:30,Matchweek 2,Away,L,0,2,Tottenham Hotspur,2.1,1.7,45.0,22.0,6.0,Manchester United,2024
2510,2023-08-26,15:00,Matchweek 3,Home,W,3,2,Nottingham Forest,2.8,1.2,66.0,17.0,8.0,Manchester United,2024
2511,2023-09-03,16:30,Matchweek 4,Away,L,1,3,Arsenal,0.9,2.3,45.0,10.0,2.0,Manchester United,2024
2512,2023-09-16,15:00,Matchweek 5,Home,L,1,3,Brighton,1.0,1.7,44.0,14.0,4.0,Manchester United,2024
2513,2023-09-23,20:00,Matchweek 6,Away,W,1,0,Burnley,1.0,1.1,39.0,11.0,4.0,Manchester United,2024
2514,2023-09-30,15:00,Matchweek 7,Home,L,0,1,Crystal Palace,1.3,0.9,77.0,19.0,3.0,Manchester United,2024
2515,2023-10-07,15:00,Matchweek 8,Home,W,2,1,Brentford,1.4,0.9,64.0,21.0,8.0,Manchester United,2024
2516,2023-10-21,20:00,Matchweek 9,Away,W,2,1,Sheffield United,1.1,1.4,62.0,14.0,5.0,Manchester United,2024
2517,2023-10-29,15:30,Matchweek 10,Home,L,0,3,Manchester City,0.9,4.0,40.0,7.0,3.0,Manchester United,2024
2518,2023-11-04,12:30,Matchweek 11,Away,W,1,0,Fulham,0.7,1.0,55.0,12.0,5.0,Manchester United,2024
2519,2023-11-11,15:00,Matchweek 12,Home,W,1,0,Luton Town,2.2,0.4,64.0,15.0,4.0,Manchester United,2024
2520,2023-11-26,16:30,Matchweek 13,Away,W,3,0,Everton,2.2,2.4,49.0,8.0,3.0,Manchester United,2024
2521,2023-12-02,20:00,Matchweek 14,Away,L,0,1,Newcastle United,0.5,2.4,42.0,8.0,1.0,Manchester United,2024
2522,2023-12-06,20:15,Matchweek 15,Home,W,2,1,Chelsea,4.1,1.5,45.0,27.0,8.0,Manchester United,2024
2523,2023-12-09,15:00,Matchweek 16,Home,L,0,3,Bournemouth,1.1,1.5,68.0,20.0,3.0,Manchester United,2024
2524,2023-12-17,16:30,Matchweek 17,Away,D,0,0,Liverpool,0.8,2.3,32.0,6.0,1.0,Manchester United,2024
2525,2023-12-23,12:30,Matchweek 18,Away,L,0,2,West Ham,1.0,1.2,65.0,11.0,3.0,Manchester United,2024
2526,2023-12-26,20:00,Matchweek 19,Home,W,3,2,Aston Villa,1.1,1.7,46.0,13.0,7.0,Manchester United,2024
2527,2023-12-30,17:30,Matchweek 20,Away,L,1,2,Nottingham Forest,0.8,0.7,56.0,10.0,5.0,Manchester United,2024
2528,2024-01-14,16:30,Matchweek 21,Home,D,2,2,Tottenham Hotspur,0.8,1.2,37.0,9.0,2.0,Manchester United,2024
2529,2024-02-01,20:15,Matchweek 22,Away,W,4,3,Wolverhampton Wanderers,3.3,2.1,47.0,21.0,8.0,Manchester United,2024
2530,2024-02-04,14:00,Matchweek 23,Home,W,3,0,West Ham,0.7,1.4,51.0,12.0,5.0,Manchester United,2024
2531,2024-02-11,16:30,Matchweek 24,Away,W,2,1,Aston Villa,1.8,2.4,44.0,17.0,5.0,Manchester United,2024
2532,2024-02-18,16:30,Matchweek 25,Away,W,2,1,Luton Town,2.9,1.8,42.0,21.0,8.0,Manchester United,2024
2533,2024-02-24,15:00,Matchweek 26,Home,L,1,2,Fulham,1.7,1.2,57.0,21.0,8.0,Manchester United,2024
2534,2024-03-03,15:30,Matchweek 27,Away,L,1,3,Manchester City,0.2,3.3,27.0,3.0,1.0,Manchester United,2024
2535,2024-03-09,12:30,Matchweek 28,Home,W,2,0,Everton,2.7,1.6,51.0,13.0,6.0,Manchester United,2024
2536,2024-03-30,20:00,Matchweek 30,Away,D,1,1,Brentford,0.6,3.2,53.0,11.0,5.0,Manchester United,2024
2537,2024-04-04,20:15,Matchweek 31,Away,L,3,4,Chelsea,1.5,3.0,43.0,19.0,5.0,Manchester United,2024
2538,2024-04-07,15:30,Matchweek 32,Home,D,2,2,Liverpool,0.7,3.6,38.0,9.0,5.0,Manchester United,2024
2539,2024-04-13,17:30,Matchweek 33,Away,D,2,2,Bournemouth,1.2,1.6,57.0,7.0,1.0,Manchester United,2024
2540,2024-04-24,20:00,Matchweek 29,Home,W,4,2,Sheffield United,2.9,0.8,71.0,24.0,12.0,Manchester United,2024
2541,2024-04-27,15:00,Matchweek 35,Home,D,1,1,Burnley,2.7,2.1,48.0,27.0,10.0,Manchester United,2024
2542,2024-05-06,20:00,Matchweek 36,Away,L,0,4,Crystal Palace,0.4,1.7,57.0,7.0,2.0,Manchester United,2024
2543,2024-05-12,16:30,Matchweek 37,Home,L,0,1,Arsenal,0.5,1.5,54.0,14.0,2.0,Manchester United,2024
2544,2024-05-15,20:00,Matchweek 34,Home,W,3,2,Newcastle United,1.5,2.2,45.0,17.0,8.0,Manchester United,2024
2545,2024-05-19,16:00,Matchweek 38,Away,W,2,0,Brighton,1.3,1.7,45.0,11.0,4.0,Manchester United,2024
2546,2024-08-16,20:00,Matchweek 1,Home,W,1,0,Fulham,2.4,0.4,55.0,14.0,5.0,Manchester United,2025
2547,2024-08-24,12:30,Matchweek 2,Away,L,1,2,Brighton,1.4,2.1,52.0,11.0,3.0,Manchester United,2025
2548,2024-09-01,16:00,Matchweek 3,Home,L,0,3,Liverpool,1.4,1.8,53.0,8.0,3.0,Manchester United,2025
2549,2024-09-14,12:30,Matchweek 4,Away,W,3,0,Southampton,2.6,1.1,56.0,20.0,10.0,Manchester United,2025
2550,2024-09-21,17:30,Matchweek 5,Away,D,0,0,Crystal Palace,1.6,1.0,67.0,15.0,6.0,Manchester United,2025
2551,2024-09-29,16:30,Matchweek 6,Home,L,0,3,Tottenham Hotspur,1.0,4.4,39.0,11.0,2.0,Manchester United,2025
2552,2024-10-06,14:00,Matchweek 7,Away,D,0,0,Aston Villa,0.6,0.5,47.0,10.0,4.0,Manchester United,2025
2553,2024-10-19,15:00,Matchweek 8,Home,W,2,1,Brentford,1.3,0.9,50.0,23.0,11.0,Manchester United,2025
2554,2024-10-27,14:00,Matchweek 9,Away,L,1,2,West Ham,2.3,2.8,58.0,18.0,5.0,Manchester United,2025
2555,2024-11-03,16:30,Matchweek 10,Home,D,1,1,Chelsea,2.0,1.1,46.0,10.0,3.0,Manchester United,2025
2556,2024-11-10,14:00,Matchweek 11,Home,W,3,0,Leicester City,0.8,0.6,51.0,13.0,3.0,Manchester United,2025
2557,2024-11-24,16:30,Matchweek 12,Away,D,1,1,Ipswich Town,0.8,1.6,60.0,11.0,4.0,Manchester United,2025
2558,2024-12-01,13:30,Matchweek 13,Home,W,4,0,Everton,1.1,0.6,60.0,11.0,5.0,Manchester United,2025
2559,2024-12-04,20:15,Matchweek 14,Away,L,0,2,Arsenal,0.2,2.1,49.0,5.0,2.0,Manchester United,2025
2560,2024-12-07,17:30,Matchweek 15,Home,L,2,3,Nottingham Forest,1.6,0.8,71.0,17.0,7.0,Manchester United,2025
2561,2024-12-15,16:30,Matchweek 16,Away,W,2,1,Manchester City,2.1,0.9,48.0,9.0,2.0,Manchester United,2025
2562,2024-12-22,14:00,Matchweek 17,Home,L,0,3,Bournemouth,2.2,1.6,60.0,23.0,7.0,Manchester United,2025
2563,2024-12-26,17:30,Matchweek 18,Away,L,0,2,Wolverhampton Wanderers,0.4,0.9,49.0,11.0,4.0,Manchester United,2025
2564,2024-12-30,20:00,Matchweek 19,Home,L,0,2,Newcastle United,0.8,1.9,52.0,10.0,0.0,Manchester United,2025
2565,2025-01-05,16:30,Matchweek 20,Away,D,2,2,Liverpool,1.0,2.7,47.0,13.0,4.0,Manchester United,2025
2566,2025-01-16,20:00,Matchweek 21,Home,W,3,1,Southampton,3.4,1.4,60.0,23.0,9.0,Manchester United,2025
2567,2025-01-19,14:00,Matchweek 22,Home,L,1,3,Brighton,1.5,1.9,51.0,9.0,0.0,Manchester United,2025
2568,2025-01-26,19:00,Matchweek 23,Away,W,1,0,Fulham,0.3,0.7,49.0,4.0,1.0,Manchester United,2025
2569,2025-02-02,14:00,Matchweek 24,Home,L,0,2,Crystal Palace,1.1,2.6,66.0,17.0,2.0,Manchester United,2025
2570,2025-02-16,16:30,Matchweek 25,Away,L,0,1,Tottenham Hotspur,1.5,2.2,45.0,16.0,6.0,Manchester United,2025
2571,2025-02-22,12:30,Matchweek 26,Away,D,2,2,Everton,0.4,1.6,62.0,9.0,3.0,Manchester United,2025
2572,2025-02-26,19:30,Matchweek 27,Home,W,3,2,Ipswich Town,0.7,1.4,45.0,10.0,6.0,Manchester United,2025
2573,2025-03-09,16:30,Matchweek 28,Home,D,1,1,Arsenal,1.5,1.6,32.0,10.0,6.0,Manchester United,2025
2574,2025-03-16,19:00,Matchweek 29,Away,W,3,0,Leicester City,0.9,1.0,47.0,18.0,5.0,Manchester United,2025
2575,2025-04-01,20:00,Matchweek 30,Away,L,0,1,Nottingham Forest,1.6,0.5,68.0,23.0,5.0,Manchester United,2025
2576,2025-04-06,16:30,Matchweek 31,Home,D,0,0,Manchester City,0.9,0.5,42.0,13.0,2.0,Manchester United,2025
2577,2025-04-13,16:30,Matchweek 32,Away,L,1,4,Newcastle United,0.7,2.2,52.0,9.0,5.0,Manchester United,2025
2578,2025-04-20,14:00,Matchweek 33,Home,L,0,1,Wolverhampton Wanderers,1.3,0.2,59.0,12.0,2.0,Manchester United,2025
2579,2025-04-27,14:00,Matchweek 34,Away,D,1,1,Bournemouth,2.3,0.5,61.0,25.0,6.0,Manchester United,2025
2580,2025-05-04,14:00,Matchweek 35,Away,L,3,4,Brentford,1.5,2.8,53.0,14.0,5.0,Manchester United,2025
2581,2025-05-11,14:15,Matchweek 36,Home,L,0,2,West Ham,2.1,1.7,52.0,20.0,5.0,Manchester United,2025
2582,2025-05-16,20:15,Matchweek 37,Away,L,0,1,Chelsea,0.3,0.8,53.0,4.0,1.0,Manchester United,2025
2583,2025-05-25,16:00,Matchweek 38,Home,W,2,0,Aston Villa,2.9,0.4,67.0,25.0,9.0,Manchester United,2025
2584,2020-09-12,20:00,Matchweek 1,Away,W,2,0,West Ham,1.6,1.0,42.0,15.0,2.0,Newcastle United,2021
2585,2020-09-20,14:00,Matchweek 2,Home,L,0,3,Brighton,0.5,1.8,47.0,6.0,0.0,Newcastle United,2021
2586,2020-09-27,14:00,Matchweek 3,Away,D,1,1,Tottenham Hotspur,1.0,2.9,34.0,5.0,0.0,Newcastle United,2021
2587,2020-10-03,20:00,Matchweek 4,Home,W,3,1,Burnley,1.8,0.4,48.0,9.0,4.0,Newcastle United,2021
2588,2020-10-17,20:00,Matchweek 5,Home,L,1,4,Manchester United,0.9,2.3,37.0,7.0,4.0,Newcastle United,2021
2589,2020-10-25,16:30,Matchweek 6,Away,D,1,1,Wolverhampton Wanderers,0.3,0.7,37.0,5.0,2.0,Newcastle United,2021
2590,2020-11-01,14:00,Matchweek 7,Home,W,2,1,Everton,2.9,1.5,39.0,10.0,3.0,Newcastle United,2021
2591,2020-11-06,20:00,Matchweek 8,Away,L,0,2,Southampton,0.3,0.7,39.0,4.0,2.0,Newcastle United,2021
2592,2020-11-21,12:30,Matchweek 9,Home,L,0,2,Chelsea,0.3,1.5,30.0,8.0,1.0,Newcastle United,2021
2593,2020-11-27,20:00,Matchweek 10,Away,W,2,0,Crystal Palace,1.3,0.6,43.0,14.0,7.0,Newcastle United,2021
2594,2020-12-12,15:00,Matchweek 12,Home,W,2,1,West Brom,0.8,0.6,46.0,12.0,6.0,Newcastle United,2021
2595,2020-12-16,18:00,Matchweek 13,Away,L,2,5,Leeds United,1.5,2.7,32.0,10.0,4.0,Newcastle United,2021
2596,2020-12-19,20:00,Matchweek 14,Home,D,1,1,Fulham,1.4,1.0,49.0,11.0,4.0,Newcastle United,2021
2597,2020-12-26,20:00,Matchweek 15,Away,L,0,2,Manchester City,0.3,3.0,26.0,7.0,2.0,Newcastle United,2021
2598,2020-12-30,20:00,Matchweek 16,Home,D,0,0,Liverpool,0.5,1.4,28.0,8.0,2.0,Newcastle United,2021
2599,2021-01-03,14:15,Matchweek 17,Home,L,1,2,Leicester City,0.5,0.6,44.0,8.0,2.0,Newcastle United,2021
2600,2021-01-12,18:00,Matchweek 18,Away,L,0,1,Sheffield United,0.6,2.1,35.0,7.0,3.0,Newcastle United,2021
2601,2021-01-18,20:00,Matchweek 19,Away,L,0,3,Arsenal,0.2,2.4,34.0,4.0,1.0,Newcastle United,2021
2602,2021-01-23,20:00,Matchweek 11,Away,L,0,2,Aston Villa,0.5,2.3,42.0,7.0,1.0,Newcastle United,2021
2603,2021-01-26,18:00,Matchweek 20,Home,L,1,2,Leeds United,1.4,0.7,42.0,22.0,5.0,Newcastle United,2021
2604,2021-01-30,12:30,Matchweek 21,Away,W,2,0,Everton,1.7,0.8,40.0,13.0,3.0,Newcastle United,2021
2605,2021-02-02,20:15,Matchweek 22,Home,L,1,2,Crystal Palace,1.9,0.7,61.0,21.0,5.0,Newcastle United,2021
2606,2021-02-06,15:00,Matchweek 23,Home,W,3,2,Southampton,0.7,1.3,27.0,6.0,4.0,Newcastle United,2021
2607,2021-02-15,20:00,Matchweek 24,Away,L,0,2,Chelsea,0.6,2.2,36.0,10.0,4.0,Newcastle United,2021
2608,2021-02-21,19:00,Matchweek 25,Away,L,1,3,Manchester United,0.4,1.7,29.0,10.0,6.0,Newcastle United,2021
2609,2021-02-27,20:00,Matchweek 26,Home,D,1,1,Wolverhampton Wanderers,1.7,1.1,48.0,19.0,6.0,Newcastle United,2021
2610,2021-03-07,12:00,Matchweek 27,Away,D,0,0,West Brom,0.5,2.0,47.0,9.0,5.0,Newcastle United,2021
2611,2021-03-12,20:00,Matchweek 28,Home,D,1,1,Aston Villa,1.5,0.9,49.0,12.0,3.0,Newcastle United,2021
2612,2021-03-20,20:00,Matchweek 29,Away,L,0,3,Brighton,0.1,0.9,35.0,3.0,1.0,Newcastle United,2021
2613,2021-04-04,14:05,Matchweek 30,Home,D,2,2,Tottenham Hotspur,3.4,2.7,42.0,22.0,6.0,Newcastle United,2021
2614,2021-04-11,12:00,Matchweek 31,Away,W,2,1,Burnley,1.2,2.0,44.0,10.0,4.0,Newcastle United,2021
2615,2021-04-17,12:30,Matchweek 32,Home,W,3,2,West Ham,2.2,1.9,34.0,16.0,6.0,Newcastle United,2021
2616,2021-04-24,12:30,Matchweek 33,Away,D,1,1,Liverpool,1.0,2.4,32.0,7.0,4.0,Newcastle United,2021
2617,2021-05-02,14:00,Matchweek 34,Home,L,0,2,Arsenal,0.3,2.0,39.0,5.0,1.0,Newcastle United,2021
2618,2021-05-07,20:00,Matchweek 35,Away,W,4,2,Leicester City,2.7,2.2,32.0,14.0,6.0,Newcastle United,2021
2619,2021-05-14,20:00,Matchweek 36,Home,L,3,4,Manchester City,2.2,1.5,18.0,9.0,3.0,Newcastle United,2021
2620,2021-05-19,18:00,Matchweek 37,Home,W,1,0,Sheffield United,1.6,0.9,51.0,16.0,5.0,Newcastle United,2021
2621,2021-05-23,16:00,Matchweek 38,Away,W,2,0,Fulham,1.3,1.0,36.0,9.0,3.0,Newcastle United,2021
2622,2021-08-15,14:00,Matchweek 1,Home,L,2,4,West Ham,1.8,2.7,46.0,17.0,3.0,Newcastle United,2022
2623,2021-08-21,15:00,Matchweek 2,Away,L,0,2,Aston Villa,0.7,1.2,53.0,9.0,1.0,Newcastle United,2022
2624,2021-08-28,15:00,Matchweek 3,Home,D,2,2,Southampton,1.0,3.6,37.0,10.0,4.0,Newcastle United,2022
2625,2021-09-11,15:00,Matchweek 4,Away,L,1,4,Manchester United,0.4,2.5,37.0,12.0,3.0,Newcastle United,2022
2626,2021-09-17,20:00,Matchweek 5,Home,D,1,1,Leeds United,1.3,1.5,35.0,17.0,7.0,Newcastle United,2022
2627,2021-09-25,15:00,Matchweek 6,Away,D,1,1,Watford,1.9,0.9,47.0,20.0,6.0,Newcastle United,2022
2628,2021-10-02,15:00,Matchweek 7,Away,L,1,2,Wolverhampton Wanderers,0.6,1.0,48.0,8.0,2.0,Newcastle United,2022
2629,2021-10-17,16:30,Matchweek 8,Home,L,2,3,Tottenham Hotspur,0.4,1.7,36.0,7.0,1.0,Newcastle United,2022
2630,2021-10-23,15:00,Matchweek 9,Away,D,1,1,Crystal Palace,0.3,1.9,26.0,6.0,1.0,Newcastle United,2022
2631,2021-10-30,15:00,Matchweek 10,Home,L,0,3,Chelsea,0.2,2.2,21.0,6.0,1.0,Newcastle United,2022
2632,2021-11-06,17:30,Matchweek 11,Away,D,1,1,Brighton,0.3,1.5,35.0,6.0,1.0,Newcastle United,2022
2633,2021-11-20,15:00,Matchweek 12,Home,D,3,3,Brentford,1.5,0.9,53.0,23.0,8.0,Newcastle United,2022
2634,2021-11-27,12:30,Matchweek 13,Away,L,0,2,Arsenal,0.3,2.5,34.0,9.0,5.0,Newcastle United,2022
2635,2021-11-30,19:30,Matchweek 14,Home,D,1,1,Norwich City,1.1,1.2,32.0,8.0,0.0,Newcastle United,2022
2636,2021-12-04,15:00,Matchweek 15,Home,W,1,0,Burnley,1.0,0.6,48.0,19.0,4.0,Newcastle United,2022
2637,2021-12-12,14:00,Matchweek 16,Away,L,0,4,Leicester City,1.0,2.6,53.0,12.0,3.0,Newcastle United,2022
2638,2021-12-16,20:00,Matchweek 17,Away,L,1,3,Liverpool,0.3,2.7,26.0,5.0,3.0,Newcastle United,2022
2639,2021-12-19,14:15,Matchweek 18,Home,L,0,4,Manchester City,0.3,2.9,29.0,5.0,1.0,Newcastle United,2022
2640,2021-12-27,20:00,Matchweek 19,Home,D,1,1,Manchester United,1.3,1.6,32.0,13.0,8.0,Newcastle United,2022
2641,2022-01-15,15:00,Matchweek 22,Home,D,1,1,Watford,1.2,1.4,52.0,12.0,1.0,Newcastle United,2022
2642,2022-01-22,15:00,Matchweek 23,Away,W,1,0,Leeds United,0.9,0.7,38.0,15.0,3.0,Newcastle United,2022
2643,2022-02-08,19:45,Matchweek 24,Home,W,3,1,Everton,1.9,0.7,40.0,20.0,9.0,Newcastle United,2022
2644,2022-02-13,14:00,Matchweek 25,Home,W,1,0,Aston Villa,0.5,0.6,38.0,10.0,2.0,Newcastle United,2022
2645,2022-02-19,12:30,Matchweek 26,Away,D,1,1,West Ham,0.8,0.6,53.0,14.0,3.0,Newcastle United,2022
2646,2022-02-26,15:00,Matchweek 27,Away,W,2,0,Brentford,2.7,0.4,63.0,26.0,11.0,Newcastle United,2022
2647,2022-03-05,15:00,Matchweek 28,Home,W,2,1,Brighton,1.7,1.5,32.0,10.0,4.0,Newcastle United,2022
2648,2022-03-10,19:30,Matchweek 21,Away,W,2,1,Southampton,0.6,1.1,33.0,8.0,3.0,Newcastle United,2022
2649,2022-03-13,14:00,Matchweek 29,Away,L,0,1,Chelsea,0.3,1.1,29.0,7.0,2.0,Newcastle United,2022
2650,2022-03-17,19:45,Matchweek 20,Away,L,0,1,Everton,0.9,0.7,61.0,17.0,6.0,Newcastle United,2022
2651,2022-04-03,16:30,Matchweek 31,Away,L,1,5,Tottenham Hotspur,0.5,3.1,40.0,8.0,1.0,Newcastle United,2022
2652,2022-04-08,20:00,Matchweek 32,Home,W,1,0,Wolverhampton Wanderers,1.5,0.4,42.0,11.0,3.0,Newcastle United,2022
2653,2022-04-17,14:15,Matchweek 33,Home,W,2,1,Leicester City,1.8,0.6,32.0,16.0,7.0,Newcastle United,2022
2654,2022-04-20,19:45,Matchweek 30,Home,W,1,0,Crystal Palace,0.9,0.5,37.0,13.0,4.0,Newcastle United,2022
2655,2022-04-23,15:00,Matchweek 34,Away,W,3,0,Norwich City,1.9,0.6,54.0,13.0,7.0,Newcastle United,2022
2656,2022-04-30,12:30,Matchweek 35,Home,L,0,1,Liverpool,0.2,2.3,36.0,4.0,2.0,Newcastle United,2022
2657,2022-05-08,16:30,Matchweek 36,Away,L,0,5,Manchester City,0.8,3.1,29.0,7.0,3.0,Newcastle United,2022
2658,2022-05-16,20:00,Matchweek 37,Home,W,2,0,Arsenal,1.6,0.6,51.0,16.0,4.0,Newcastle United,2022
2659,2022-05-22,16:00,Matchweek 38,Away,W,2,1,Burnley,1.8,1.6,48.0,7.0,5.0,Newcastle United,2022
2660,2022-08-06,15:00,Matchweek 1,Home,W,2,0,Nottingham Forest,1.7,0.3,61.0,23.0,9.0,Newcastle United,2023
2661,2022-08-13,15:00,Matchweek 2,Away,D,0,0,Brighton,0.2,1.5,46.0,4.0,1.0,Newcastle United,2023
2662,2022-08-21,16:30,Matchweek 3,Home,D,3,3,Manchester City,1.8,2.1,31.0,12.0,5.0,Newcastle United,2023
2663,2022-08-28,14:00,Matchweek 4,Away,D,1,1,Wolverhampton Wanderers,1.7,0.7,63.0,21.0,6.0,Newcastle United,2023
2664,2022-08-31,20:00,Matchweek 5,Away,L,1,2,Liverpool,0.7,1.5,28.0,5.0,2.0,Newcastle United,2023
2665,2022-09-03,15:00,Matchweek 6,Home,D,0,0,Crystal Palace,2.8,1.0,52.0,23.0,5.0,Newcastle United,2023
2666,2022-09-17,15:00,Matchweek 8,Home,D,1,1,Bournemouth,1.9,0.7,72.0,19.0,6.0,Newcastle United,2023
2667,2022-10-01,15:00,Matchweek 9,Away,W,4,1,Fulham,3.3,0.5,67.0,19.0,10.0,Newcastle United,2023
2668,2022-10-08,15:00,Matchweek 10,Home,W,5,1,Brentford,1.5,1.2,54.0,16.0,6.0,Newcastle United,2023
2669,2022-10-16,14:00,Matchweek 11,Away,D,0,0,Manchester United,0.8,0.8,37.0,9.0,2.0,Newcastle United,2023
2670,2022-10-19,19:30,Matchweek 12,Home,W,1,0,Everton,1.5,0.2,49.0,16.0,4.0,Newcastle United,2023
2671,2022-10-23,16:30,Matchweek 13,Away,W,2,1,Tottenham Hotspur,1.2,1.6,47.0,13.0,5.0,Newcastle United,2023
2672,2022-10-29,15:00,Matchweek 14,Home,W,4,0,Aston Villa,3.4,0.4,59.0,19.0,6.0,Newcastle United,2023
2673,2022-11-06,14:00,Matchweek 15,Away,W,4,1,Southampton,0.9,1.7,45.0,7.0,4.0,Newcastle United,2023
2674,2022-11-12,17:30,Matchweek 16,Home,W,1,0,Chelsea,1.0,0.3,49.0,10.0,3.0,Newcastle United,2023
2675,2022-12-26,15:00,Matchweek 17,Away,W,3,0,Leicester City,1.9,0.5,40.0,11.0,4.0,Newcastle United,2023
2676,2022-12-31,15:00,Matchweek 18,Home,D,0,0,Leeds United,2.2,0.4,60.0,16.0,5.0,Newcastle United,2023
2677,2023-01-03,19:45,Matchweek 19,Away,D,0,0,Arsenal,1.0,1.1,34.0,8.0,1.0,Newcastle United,2023
2678,2023-01-15,14:00,Matchweek 20,Home,W,1,0,Fulham,2.2,1.1,62.0,20.0,5.0,Newcastle United,2023
2679,2023-01-21,17:30,Matchweek 21,Away,D,0,0,Crystal Palace,1.2,0.3,60.0,16.0,7.0,Newcastle United,2023
2680,2023-02-04,17:30,Matchweek 22,Home,D,1,1,West Ham,1.0,1.0,62.0,8.0,2.0,Newcastle United,2023
2681,2023-02-11,17:30,Matchweek 23,Away,D,1,1,Bournemouth,1.3,1.5,66.0,15.0,7.0,Newcastle United,2023
2682,2023-02-18,17:30,Matchweek 24,Home,L,0,2,Liverpool,2.0,1.9,38.0,14.0,4.0,Newcastle United,2023
2683,2023-03-04,12:30,Matchweek 26,Away,L,0,2,Manchester City,0.4,1.3,44.0,5.0,2.0,Newcastle United,2023
2684,2023-03-12,16:30,Matchweek 27,Home,W,2,1,Wolverhampton Wanderers,1.8,1.1,43.0,19.0,8.0,Newcastle United,2023
2685,2023-03-17,20:00,Matchweek 28,Away,W,2,1,Nottingham Forest,2.4,0.4,61.0,14.0,3.0,Newcastle United,2023
2686,2023-04-02,16:30,Matchweek 29,Home,W,2,0,Manchester United,3.7,0.4,46.0,22.0,6.0,Newcastle United,2023
2687,2023-04-05,20:00,Matchweek 7,Away,W,5,1,West Ham,3.3,1.0,58.0,15.0,7.0,Newcastle United,2023
2688,2023-04-08,15:00,Matchweek 30,Away,W,2,1,Brentford,1.3,2.6,58.0,10.0,4.0,Newcastle United,2023
2689,2023-04-15,12:30,Matchweek 31,Away,L,0,3,Aston Villa,0.5,1.9,48.0,8.0,2.0,Newcastle United,2023
2690,2023-04-23,14:00,Matchweek 32,Home,W,6,1,Tottenham Hotspur,3.7,1.0,56.0,25.0,8.0,Newcastle United,2023
2691,2023-04-27,19:45,Matchweek 33,Away,W,4,1,Everton,2.4,0.9,60.0,15.0,7.0,Newcastle United,2023
2692,2023-04-30,14:00,Matchweek 34,Home,W,3,1,Southampton,4.3,0.8,63.0,22.0,5.0,Newcastle United,2023
2693,2023-05-07,16:30,Matchweek 35,Home,L,0,2,Arsenal,1.3,1.3,55.0,12.0,5.0,Newcastle United,2023
2694,2023-05-13,12:30,Matchweek 36,Away,D,2,2,Leeds United,2.3,2.0,64.0,16.0,3.0,Newcastle United,2023
2695,2023-05-18,19:30,Matchweek 25,Home,W,4,1,Brighton,3.6,0.5,35.0,22.0,8.0,Newcastle United,2023
2696,2023-05-22,20:00,Matchweek 37,Home,D,0,0,Leicester City,2.1,0.1,77.0,23.0,3.0,Newcastle United,2023
2697,2023-05-28,16:30,Matchweek 38,Away,D,1,1,Chelsea,1.7,2.2,36.0,13.0,4.0,Newcastle United,2023
2698,2023-08-12,17:30,Matchweek 1,Home,W,5,1,Aston Villa,3.3,1.8,52.0,17.0,12.0,Newcastle United,2024
2699,2023-08-19,20:00,Matchweek 2,Away,L,0,1,Manchester City,0.3,1.0,41.0,7.0,1.0,Newcastle United,2024
2700,2023-08-27,16:30,Matchweek 3,Home,L,1,2,Liverpool,2.0,0.9,59.0,23.0,8.0,Newcastle United,2024
2701,2023-09-02,17:30,Matchweek 4,Away,L,1,3,Brighton,1.2,1.3,44.0,9.0,2.0,Newcastle United,2024
2702,2023-09-16,17:30,Matchweek 5,Home,W,1,0,Brentford,1.4,0.5,56.0,8.0,1.0,Newcastle United,2024
2703,2023-09-24,16:30,Matchweek 6,Away,W,8,0,Sheffield United,3.9,0.9,58.0,22.0,15.0,Newcastle United,2024
2704,2023-09-30,15:00,Matchweek 7,Home,W,2,0,Burnley,3.1,0.6,53.0,19.0,6.0,Newcastle United,2024
2705,2023-10-08,14:00,Matchweek 8,Away,D,2,2,West Ham,2.0,1.2,64.0,10.0,3.0,Newcastle United,2024
2706,2023-10-21,15:00,Matchweek 9,Home,W,4,0,Crystal Palace,2.4,1.2,59.0,10.0,7.0,Newcastle United,2024
2707,2023-10-28,17:30,Matchweek 10,Away,D,2,2,Wolverhampton Wanderers,2.2,0.9,57.0,12.0,3.0,Newcastle United,2024
2708,2023-11-04,17:30,Matchweek 11,Home,W,1,0,Arsenal,1.0,0.6,42.0,9.0,1.0,Newcastle United,2024
2709,2023-11-11,17:30,Matchweek 12,Away,L,0,2,Bournemouth,0.5,2.4,52.0,8.0,5.0,Newcastle United,2024
2710,2023-11-25,15:00,Matchweek 13,Home,W,4,1,Chelsea,2.4,0.5,54.0,14.0,5.0,Newcastle United,2024
2711,2023-12-02,20:00,Matchweek 14,Home,W,1,0,Manchester United,2.4,0.5,58.0,22.0,4.0,Newcastle United,2024
2712,2023-12-07,19:30,Matchweek 15,Away,L,0,3,Everton,1.5,3.3,62.0,13.0,3.0,Newcastle United,2024
2713,2023-12-10,16:30,Matchweek 16,Away,L,1,4,Tottenham Hotspur,1.7,3.8,44.0,9.0,3.0,Newcastle United,2024
2714,2023-12-16,15:00,Matchweek 17,Home,W,3,0,Fulham,3.5,0.3,70.0,27.0,10.0,Newcastle United,2024
2715,2023-12-23,15:00,Matchweek 18,Away,L,0,1,Luton Town,1.4,1.4,65.0,15.0,2.0,Newcastle United,2024
2716,2023-12-26,12:30,Matchweek 19,Home,L,1,3,Nottingham Forest,2.4,3.5,62.0,18.0,5.0,Newcastle United,2024
2717,2024-01-01,20:00,Matchweek 20,Away,L,2,4,Liverpool,0.6,7.0,39.0,5.0,3.0,Newcastle United,2024
2718,2024-01-13,17:30,Matchweek 21,Home,L,2,3,Manchester City,1.3,3.0,28.0,12.0,5.0,Newcastle United,2024
2719,2024-01-30,20:15,Matchweek 22,Away,W,3,1,Aston Villa,2.6,1.4,39.0,14.0,5.0,Newcastle United,2024
2720,2024-02-03,15:00,Matchweek 23,Home,D,4,4,Luton Town,2.3,2.4,55.0,19.0,6.0,Newcastle United,2024
2721,2024-02-10,17:30,Matchweek 24,Away,W,3,2,Nottingham Forest,0.5,1.5,61.0,7.0,5.0,Newcastle United,2024
2722,2024-02-17,15:00,Matchweek 25,Home,D,2,2,Bournemouth,2.2,2.2,62.0,16.0,4.0,Newcastle United,2024
2723,2024-02-24,20:00,Matchweek 26,Away,L,1,4,Arsenal,0.2,2.8,45.0,3.0,2.0,Newcastle United,2024
2724,2024-03-02,15:00,Matchweek 27,Home,W,3,0,Wolverhampton Wanderers,2.1,0.8,44.0,14.0,6.0,Newcastle United,2024
2725,2024-03-11,20:00,Matchweek 28,Away,L,2,3,Chelsea,0.7,1.6,56.0,11.0,3.0,Newcastle United,2024
2726,2024-03-30,12:30,Matchweek 30,Home,W,4,3,West Ham,4.1,1.4,60.0,22.0,7.0,Newcastle United,2024
2727,2024-04-02,19:30,Matchweek 31,Home,D,1,1,Everton,2.4,1.4,57.0,18.0,5.0,Newcastle United,2024
2728,2024-04-06,15:00,Matchweek 32,Away,W,1,0,Fulham,1.0,1.2,34.0,12.0,5.0,Newcastle United,2024
2729,2024-04-13,12:30,Matchweek 33,Home,W,4,0,Tottenham Hotspur,2.8,0.8,28.0,18.0,5.0,Newcastle United,2024
2730,2024-04-24,20:00,Matchweek 29,Away,L,0,2,Crystal Palace,0.4,0.9,53.0,7.0,2.0,Newcastle United,2024
2731,2024-04-27,15:00,Matchweek 35,Home,W,5,1,Sheffield United,3.1,1.5,60.0,19.0,6.0,Newcastle United,2024
2732,2024-05-04,15:00,Matchweek 36,Away,W,4,1,Burnley,3.4,1.0,53.0,22.0,10.0,Newcastle United,2024
2733,2024-05-11,15:00,Matchweek 37,Home,D,1,1,Brighton,2.2,1.4,57.0,18.0,7.0,Newcastle United,2024
2734,2024-05-15,20:00,Matchweek 34,Away,L,2,3,Manchester United,2.2,1.5,55.0,21.0,7.0,Newcastle United,2024
2735,2024-05-19,16:00,Matchweek 38,Away,W,4,2,Brentford,3.4,1.1,46.0,12.0,7.0,Newcastle United,2024
2736,2024-08-17,15:00,Matchweek 1,Home,W,1,0,Southampton,0.3,1.8,23.0,3.0,1.0,Newcastle United,2025
2737,2024-08-25,14:00,Matchweek 2,Away,D,1,1,Bournemouth,1.6,2.2,61.0,14.0,5.0,Newcastle United,2025
2738,2024-09-01,13:30,Matchweek 3,Home,W,2,1,Tottenham Hotspur,1.8,1.2,35.0,9.0,3.0,Newcastle United,2025
2739,2024-09-15,16:30,Matchweek 4,Away,W,2,1,Wolverhampton Wanderers,1.5,1.2,51.0,14.0,6.0,Newcastle United,2025
2740,2024-09-21,15:00,Matchweek 5,Away,L,1,3,Fulham,1.5,2.2,61.0,16.0,5.0,Newcastle United,2025
2741,2024-09-28,12:30,Matchweek 6,Home,D,1,1,Manchester City,1.6,0.9,38.0,10.0,3.0,Newcastle United,2025
2742,2024-10-05,17:30,Matchweek 7,Away,D,0,0,Everton,2.1,0.7,67.0,13.0,1.0,Newcastle United,2025
2743,2024-10-19,15:00,Matchweek 8,Home,L,0,1,Brighton,2.0,1.1,60.0,21.0,6.0,Newcastle United,2025
2744,2024-10-27,14:00,Matchweek 9,Away,L,1,2,Chelsea,1.8,1.6,50.0,11.0,2.0,Newcastle United,2025
2745,2024-11-02,12:30,Matchweek 10,Home,W,1,0,Arsenal,0.5,1.1,37.0,9.0,4.0,Newcastle United,2025
2746,2024-11-10,14:00,Matchweek 11,Away,W,3,1,Nottingham Forest,1.6,0.6,56.0,17.0,6.0,Newcastle United,2025
2747,2024-11-25,20:00,Matchweek 12,Home,L,0,2,West Ham,1.6,0.9,53.0,18.0,2.0,Newcastle United,2025
2748,2024-11-30,15:00,Matchweek 13,Away,D,1,1,Crystal Palace,0.0,1.7,51.0,1.0,0.0,Newcastle United,2025
2749,2024-12-04,19:30,Matchweek 14,Home,D,3,3,Liverpool,2.1,1.9,42.0,17.0,6.0,Newcastle United,2025
2750,2024-12-07,15:00,Matchweek 15,Away,L,2,4,Brentford,1.5,1.2,57.0,16.0,3.0,Newcastle United,2025
2751,2024-12-14,15:00,Matchweek 16,Home,W,4,0,Leicester City,3.8,0.2,59.0,27.0,11.0,Newcastle United,2025
2752,2024-12-21,15:00,Matchweek 17,Away,W,4,0,Ipswich Town,2.3,0.7,58.0,15.0,7.0,Newcastle United,2025
2753,2024-12-26,15:00,Matchweek 18,Home,W,3,0,Aston Villa,2.7,0.3,62.0,22.0,7.0,Newcastle United,2025
2754,2024-12-30,20:00,Matchweek 19,Away,W,2,0,Manchester United,1.9,0.8,48.0,12.0,4.0,Newcastle United,2025
2755,2025-01-04,12:30,Matchweek 20,Away,W,2,1,Tottenham Hotspur,2.5,0.9,44.0,14.0,4.0,Newcastle United,2025
2756,2025-01-15,19:30,Matchweek 21,Home,W,3,0,Wolverhampton Wanderers,2.1,1.6,60.0,17.0,5.0,Newcastle United,2025
2757,2025-01-18,12:30,Matchweek 22,Home,L,1,4,Bournemouth,0.8,2.0,56.0,13.0,4.0,Newcastle United,2025
2758,2025-01-25,15:00,Matchweek 23,Away,W,3,1,Southampton,2.9,0.8,47.0,16.0,7.0,Newcastle United,2025
2759,2025-02-01,15:00,Matchweek 24,Home,L,1,2,Fulham,0.8,1.6,49.0,11.0,4.0,Newcastle United,2025
2760,2025-02-15,15:00,Matchweek 25,Away,L,0,4,Manchester City,0.5,1.9,39.0,3.0,1.0,Newcastle United,2025
2761,2025-02-23,14:00,Matchweek 26,Home,W,4,3,Nottingham Forest,2.9,1.7,57.0,12.0,4.0,Newcastle United,2025
2762,2025-02-26,20:15,Matchweek 27,Away,L,0,2,Liverpool,0.2,1.7,39.0,3.0,0.0,Newcastle United,2025
2763,2025-03-10,20:00,Matchweek 28,Away,W,1,0,West Ham,1.4,0.7,49.0,9.0,3.0,Newcastle United,2025
2764,2025-04-02,19:45,Matchweek 30,Home,W,2,1,Brentford,1.3,1.5,49.0,21.0,4.0,Newcastle United,2025
2765,2025-04-07,20:00,Matchweek 31,Away,W,3,0,Leicester City,3.2,0.5,42.0,16.0,5.0,Newcastle United,2025
2766,2025-04-13,16:30,Matchweek 32,Home,W,4,1,Manchester United,2.2,0.7,48.0,13.0,6.0,Newcastle United,2025
2767,2025-04-16,19:30,Matchweek 29,Home,W,5,0,Crystal Palace,1.5,2.0,59.0,14.0,7.0,Newcastle United,2025
2768,2025-04-19,17:30,Matchweek 33,Away,L,1,4,Aston Villa,1.0,2.2,52.0,10.0,3.0,Newcastle United,2025
2769,2025-04-26,15:00,Matchweek 34,Home,W,3,0,Ipswich Town,2.4,0.1,77.0,24.0,3.0,Newcastle United,2025
2770,2025-05-04,14:00,Matchweek 35,Away,D,1,1,Brighton,1.7,0.7,55.0,12.0,4.0,Newcastle United,2025
2771,2025-05-11,12:00,Matchweek 36,Home,W,2,0,Chelsea,1.6,0.7,45.0,15.0,6.0,Newcastle United,2025
2772,2025-05-18,16:30,Matchweek 37,Away,L,0,1,Arsenal,1.5,0.6,49.0,14.0,5.0,Newcastle United,2025
2773,2025-05-25,16:00,Matchweek 38,Home,L,0,1,Everton,1.2,1.2,65.0,17.0,6.0,Newcastle United,2025
2774,2021-08-14,17:30,Matchweek 1,Home,L,0,3,Liverpool,1.4,1.6,50.0,14.0,3.0,Norwich City,2022
2775,2021-08-21,15:00,Matchweek 2,Away,L,0,5,Manchester City,0.1,2.6,33.0,1.0,0.0,Norwich City,2022
2776,2021-08-28,15:00,Matchweek 3,Home,L,1,2,Leicester City,1.5,1.5,45.0,13.0,3.0,Norwich City,2022
2777,2021-09-11,15:00,Matchweek 4,Away,L,0,1,Arsenal,0.7,2.7,49.0,10.0,1.0,Norwich City,2022
2778,2021-09-18,15:00,Matchweek 5,Home,L,1,3,Watford,1.0,2.4,49.0,12.0,5.0,Norwich City,2022
2779,2021-09-25,15:00,Matchweek 6,Away,L,0,2,Everton,0.5,1.9,53.0,10.0,2.0,Norwich City,2022
2780,2021-10-02,15:00,Matchweek 7,Away,D,0,0,Burnley,0.6,1.2,44.0,10.0,2.0,Norwich City,2022
2781,2021-10-16,15:00,Matchweek 8,Home,D,0,0,Brighton,1.2,0.8,36.0,15.0,2.0,Norwich City,2022
2782,2021-10-23,12:30,Matchweek 9,Away,L,0,7,Chelsea,0.1,3.1,38.0,3.0,1.0,Norwich City,2022
2783,2021-10-31,14:00,Matchweek 10,Home,L,1,2,Leeds United,0.8,0.7,48.0,14.0,3.0,Norwich City,2022
2784,2021-11-06,15:00,Matchweek 11,Away,W,2,1,Brentford,1.2,2.5,36.0,8.0,4.0,Norwich City,2022
2785,2021-11-20,15:00,Matchweek 12,Home,W,2,1,Southampton,0.5,1.0,38.0,8.0,4.0,Norwich City,2022
2786,2021-11-27,15:00,Matchweek 13,Home,D,0,0,Wolverhampton Wanderers,1.6,0.3,43.0,14.0,4.0,Norwich City,2022
2787,2021-11-30,19:30,Matchweek 14,Away,D,1,1,Newcastle United,1.2,1.1,68.0,16.0,6.0,Norwich City,2022
2788,2021-12-05,14:00,Matchweek 15,Away,L,0,3,Tottenham Hotspur,1.2,1.6,59.0,10.0,1.0,Norwich City,2022
2789,2021-12-11,17:30,Matchweek 16,Home,L,0,1,Manchester United,1.2,2.0,48.0,11.0,5.0,Norwich City,2022
2790,2021-12-14,19:45,Matchweek 17,Home,L,0,2,Aston Villa,0.5,2.0,50.0,7.0,3.0,Norwich City,2022
2791,2021-12-26,15:00,Matchweek 19,Home,L,0,5,Arsenal,0.1,2.5,36.0,4.0,2.0,Norwich City,2022
2792,2021-12-28,15:00,Matchweek 20,Away,L,0,3,Crystal Palace,0.9,1.9,49.0,12.0,2.0,Norwich City,2022
2793,2022-01-12,19:45,Matchweek 18,Away,L,0,2,West Ham,0.3,2.5,38.0,7.0,3.0,Norwich City,2022
2794,2022-01-15,15:00,Matchweek 22,Home,W,2,1,Everton,1.0,0.6,41.0,14.0,3.0,Norwich City,2022
2795,2022-01-21,20:00,Matchweek 23,Away,W,3,0,Watford,1.1,1.2,33.0,7.0,2.0,Norwich City,2022
2796,2022-02-09,19:45,Matchweek 24,Home,D,1,1,Crystal Palace,0.4,1.3,30.0,5.0,1.0,Norwich City,2022
2797,2022-02-12,17:30,Matchweek 25,Home,L,0,4,Manchester City,0.4,4.6,29.0,8.0,3.0,Norwich City,2022
2798,2022-02-19,15:00,Matchweek 26,Away,L,1,3,Liverpool,0.6,3.6,31.0,6.0,1.0,Norwich City,2022
2799,2022-02-25,20:00,Matchweek 27,Away,L,0,2,Southampton,0.6,2.6,42.0,8.0,1.0,Norwich City,2022
2800,2022-03-05,15:00,Matchweek 28,Home,L,1,3,Brentford,1.0,2.0,60.0,15.0,7.0,Norwich City,2022
2801,2022-03-10,19:30,Matchweek 30,Home,L,1,3,Chelsea,1.0,1.8,34.0,7.0,2.0,Norwich City,2022
2802,2022-03-13,14:00,Matchweek 29,Away,L,1,2,Leeds United,1.5,2.5,48.0,12.0,4.0,Norwich City,2022
2803,2022-04-02,15:00,Matchweek 31,Away,D,0,0,Brighton,0.4,2.8,37.0,6.0,0.0,Norwich City,2022
2804,2022-04-10,14:00,Matchweek 32,Home,W,2,0,Burnley,1.7,1.7,45.0,17.0,6.0,Norwich City,2022
2805,2022-04-16,15:00,Matchweek 33,Away,L,2,3,Manchester United,1.5,1.9,39.0,15.0,4.0,Norwich City,2022
2806,2022-04-23,15:00,Matchweek 34,Home,L,0,3,Newcastle United,0.6,1.9,46.0,5.0,2.0,Norwich City,2022
2807,2022-04-30,15:00,Matchweek 35,Away,L,0,2,Aston Villa,0.5,1.8,55.0,9.0,3.0,Norwich City,2022
2808,2022-05-08,14:00,Matchweek 36,Home,L,0,4,West Ham,0.8,3.0,37.0,8.0,2.0,Norwich City,2022
2809,2022-05-11,19:45,Matchweek 21,Away,L,0,3,Leicester City,1.1,2.0,35.0,9.0,5.0,Norwich City,2022
2810,2022-05-15,14:00,Matchweek 37,Away,D,1,1,Wolverhampton Wanderers,1.1,0.9,36.0,11.0,2.0,Norwich City,2022
2811,2022-05-22,16:00,Matchweek 38,Home,L,0,5,Tottenham Hotspur,0.5,3.4,41.0,9.0,0.0,Norwich City,2022
2812,2022-08-06,15:00,Matchweek 1,Away,L,0,2,Newcastle United,0.3,1.7,39.0,5.0,0.0,Nottingham Forest,2023
2813,2022-08-14,14:00,Matchweek 2,Home,W,1,0,West Ham,1.3,2.1,43.0,13.0,6.0,Nottingham Forest,2023
2814,2022-08-20,15:00,Matchweek 3,Away,D,1,1,Everton,1.0,1.5,51.0,14.0,5.0,Nottingham Forest,2023
2815,2022-08-28,16:30,Matchweek 4,Home,L,0,2,Tottenham Hotspur,0.9,2.4,55.0,17.0,1.0,Nottingham Forest,2023
2816,2022-08-31,19:30,Matchweek 5,Away,L,0,6,Manchester City,0.7,3.3,26.0,8.0,1.0,Nottingham Forest,2023
2817,2022-09-03,15:00,Matchweek 6,Home,L,2,3,Bournemouth,1.9,0.8,52.0,10.0,2.0,Nottingham Forest,2023
2818,2022-09-16,20:00,Matchweek 8,Home,L,2,3,Fulham,1.4,0.9,41.0,11.0,3.0,Nottingham Forest,2023
2819,2022-10-03,20:00,Matchweek 9,Away,L,0,4,Leicester City,1.1,1.3,49.0,10.0,3.0,Nottingham Forest,2023
2820,2022-10-10,20:00,Matchweek 10,Home,D,1,1,Aston Villa,0.3,0.7,40.0,6.0,3.0,Nottingham Forest,2023
2821,2022-10-15,15:00,Matchweek 11,Away,L,0,1,Wolverhampton Wanderers,1.5,1.3,42.0,9.0,1.0,Nottingham Forest,2023
2822,2022-10-18,19:30,Matchweek 12,Away,D,0,0,Brighton,0.1,1.7,30.0,3.0,0.0,Nottingham Forest,2023
2823,2022-10-22,12:30,Matchweek 13,Home,W,1,0,Liverpool,1.9,1.6,25.0,10.0,7.0,Nottingham Forest,2023
2824,2022-10-30,14:00,Matchweek 14,Away,L,0,5,Arsenal,0.4,2.3,31.0,5.0,2.0,Nottingham Forest,2023
2825,2022-11-05,15:00,Matchweek 15,Home,D,2,2,Brentford,1.5,1.5,48.0,15.0,6.0,Nottingham Forest,2023
2826,2022-11-12,15:00,Matchweek 16,Home,W,1,0,Crystal Palace,1.1,1.2,32.0,9.0,2.0,Nottingham Forest,2023
2827,2022-12-27,20:00,Matchweek 17,Away,L,0,3,Manchester United,0.7,2.4,35.0,8.0,3.0,Nottingham Forest,2023
2828,2023-01-01,16:30,Matchweek 18,Home,D,1,1,Chelsea,1.4,0.9,29.0,12.0,5.0,Nottingham Forest,2023
2829,2023-01-04,19:30,Matchweek 19,Away,W,1,0,Southampton,1.4,0.5,37.0,11.0,1.0,Nottingham Forest,2023
2830,2023-01-14,15:00,Matchweek 20,Home,W,2,0,Leicester City,2.4,1.0,39.0,15.0,5.0,Nottingham Forest,2023
2831,2023-01-21,15:00,Matchweek 21,Away,D,1,1,Bournemouth,1.9,1.4,57.0,20.0,5.0,Nottingham Forest,2023
2832,2023-02-05,14:00,Matchweek 22,Home,W,1,0,Leeds United,0.4,0.9,30.0,6.0,2.0,Nottingham Forest,2023
2833,2023-02-11,15:00,Matchweek 23,Away,L,0,2,Fulham,0.7,1.5,50.0,10.0,1.0,Nottingham Forest,2023
2834,2023-02-18,15:00,Matchweek 24,Home,D,1,1,Manchester City,0.9,2.4,27.0,4.0,1.0,Nottingham Forest,2023
2835,2023-02-25,15:00,Matchweek 25,Away,L,0,4,West Ham,0.4,2.7,51.0,8.0,3.0,Nottingham Forest,2023
2836,2023-03-05,14:00,Matchweek 26,Home,D,2,2,Everton,0.8,1.7,57.0,10.0,4.0,Nottingham Forest,2023
2837,2023-03-11,15:00,Matchweek 27,Away,L,1,3,Tottenham Hotspur,1.5,2.0,45.0,8.0,4.0,Nottingham Forest,2023
2838,2023-03-17,20:00,Matchweek 28,Home,L,1,2,Newcastle United,0.4,2.4,39.0,5.0,3.0,Nottingham Forest,2023
2839,2023-04-01,15:00,Matchweek 29,Home,D,1,1,Wolverhampton Wanderers,1.3,0.5,29.0,17.0,7.0,Nottingham Forest,2023
2840,2023-04-04,19:45,Matchweek 7,Away,L,1,2,Leeds United,0.8,1.8,39.0,13.0,1.0,Nottingham Forest,2023
2841,2023-04-08,15:00,Matchweek 30,Away,L,0,2,Aston Villa,0.2,1.3,37.0,6.0,2.0,Nottingham Forest,2023
2842,2023-04-16,16:30,Matchweek 31,Home,L,0,2,Manchester United,0.7,3.5,32.0,6.0,0.0,Nottingham Forest,2023
2843,2023-04-22,15:00,Matchweek 32,Away,L,2,3,Liverpool,0.9,2.8,20.0,11.0,5.0,Nottingham Forest,2023
2844,2023-04-26,19:30,Matchweek 33,Home,W,3,1,Brighton,2.4,2.3,26.0,10.0,3.0,Nottingham Forest,2023
2845,2023-04-29,15:00,Matchweek 34,Away,L,1,2,Brentford,0.7,1.6,32.0,5.0,3.0,Nottingham Forest,2023
2846,2023-05-08,20:00,Matchweek 35,Home,W,4,3,Southampton,1.8,3.1,36.0,8.0,3.0,Nottingham Forest,2023
2847,2023-05-13,15:00,Matchweek 36,Away,D,2,2,Chelsea,1.3,1.2,25.0,11.0,2.0,Nottingham Forest,2023
2848,2023-05-20,17:30,Matchweek 37,Home,W,1,0,Arsenal,0.6,0.6,19.0,6.0,2.0,Nottingham Forest,2023
2849,2023-05-28,16:30,Matchweek 38,Away,D,1,1,Crystal Palace,0.5,1.4,34.0,7.0,4.0,Nottingham Forest,2023
2850,2023-08-12,12:30,Matchweek 1,Away,L,1,2,Arsenal,1.2,0.8,22.0,6.0,2.0,Nottingham Forest,2024
2851,2023-08-18,19:45,Matchweek 2,Home,W,2,1,Sheffield United,1.4,0.5,50.0,16.0,4.0,Nottingham Forest,2024
2852,2023-08-26,15:00,Matchweek 3,Away,L,2,3,Manchester United,1.2,2.8,34.0,9.0,4.0,Nottingham Forest,2024
2853,2023-09-02,15:00,Matchweek 4,Away,W,1,0,Chelsea,0.8,2.3,25.0,7.0,3.0,Nottingham Forest,2024
2854,2023-09-18,19:45,Matchweek 5,Home,D,1,1,Burnley,0.7,0.5,46.0,14.0,4.0,Nottingham Forest,2024
2855,2023-09-23,15:00,Matchweek 6,Away,L,0,2,Manchester City,1.0,1.3,43.0,10.0,3.0,Nottingham Forest,2024
2856,2023-10-01,14:00,Matchweek 7,Home,D,1,1,Brentford,0.5,1.6,41.0,6.0,1.0,Nottingham Forest,2024
2857,2023-10-07,17:30,Matchweek 8,Away,D,0,0,Crystal Palace,1.0,0.8,48.0,16.0,5.0,Nottingham Forest,2024
2858,2023-10-21,15:00,Matchweek 9,Home,D,2,2,Luton Town,2.9,1.7,57.0,19.0,8.0,Nottingham Forest,2024
2859,2023-10-29,14:00,Matchweek 10,Away,L,0,3,Liverpool,0.4,3.2,28.0,9.0,1.0,Nottingham Forest,2024
2860,2023-11-05,14:00,Matchweek 11,Home,W,2,0,Aston Villa,0.4,1.2,27.0,5.0,3.0,Nottingham Forest,2024
2861,2023-11-12,14:00,Matchweek 12,Away,L,2,3,West Ham,1.7,1.8,46.0,10.0,5.0,Nottingham Forest,2024
2862,2023-11-25,15:00,Matchweek 13,Home,L,2,3,Brighton,1.9,1.3,47.0,17.0,4.0,Nottingham Forest,2024
2863,2023-12-02,17:30,Matchweek 14,Home,L,0,1,Everton,0.7,0.7,61.0,13.0,2.0,Nottingham Forest,2024
2864,2023-12-06,19:30,Matchweek 15,Away,L,0,5,Fulham,0.3,2.5,37.0,4.0,1.0,Nottingham Forest,2024
2865,2023-12-09,15:00,Matchweek 16,Away,D,1,1,Wolverhampton Wanderers,1.3,1.2,32.0,8.0,2.0,Nottingham Forest,2024
2866,2023-12-15,20:00,Matchweek 17,Home,L,0,2,Tottenham Hotspur,1.3,1.5,34.0,15.0,1.0,Nottingham Forest,2024
2867,2023-12-23,15:00,Matchweek 18,Home,L,2,3,Bournemouth,1.0,1.6,34.0,11.0,4.0,Nottingham Forest,2024
2868,2023-12-26,12:30,Matchweek 19,Away,W,3,1,Newcastle United,3.5,2.4,38.0,15.0,6.0,Nottingham Forest,2024
2869,2023-12-30,17:30,Matchweek 20,Home,W,2,1,Manchester United,0.7,0.8,44.0,8.0,2.0,Nottingham Forest,2024
2870,2024-01-20,17:30,Matchweek 21,Away,L,2,3,Brentford,1.2,1.2,52.0,12.0,3.0,Nottingham Forest,2024
2871,2024-01-30,19:30,Matchweek 22,Home,L,1,2,Arsenal,0.5,1.2,27.0,9.0,3.0,Nottingham Forest,2024
2872,2024-02-04,14:00,Matchweek 23,Away,D,1,1,Bournemouth,0.5,1.3,55.0,8.0,6.0,Nottingham Forest,2024
2873,2024-02-10,17:30,Matchweek 24,Home,L,2,3,Newcastle United,1.5,0.5,39.0,13.0,3.0,Nottingham Forest,2024
2874,2024-02-17,15:00,Matchweek 25,Home,W,2,0,West Ham,2.8,0.5,49.0,19.0,8.0,Nottingham Forest,2024
2875,2024-02-24,15:00,Matchweek 26,Away,L,2,4,Aston Villa,2.6,3.6,42.0,10.0,3.0,Nottingham Forest,2024
2876,2024-03-02,15:00,Matchweek 27,Home,L,0,1,Liverpool,1.0,2.0,31.0,8.0,2.0,Nottingham Forest,2024
2877,2024-03-10,14:00,Matchweek 28,Away,L,0,1,Brighton,0.7,0.4,37.0,9.0,4.0,Nottingham Forest,2024
2878,2024-03-16,15:00,Matchweek 29,Away,D,1,1,Luton Town,2.0,0.6,40.0,16.0,3.0,Nottingham Forest,2024
2879,2024-03-30,15:00,Matchweek 30,Home,D,1,1,Crystal Palace,0.9,1.2,59.0,12.0,5.0,Nottingham Forest,2024
2880,2024-04-02,19:30,Matchweek 31,Home,W,3,1,Fulham,1.5,1.5,34.0,16.0,4.0,Nottingham Forest,2024
2881,2024-04-07,18:00,Matchweek 32,Away,L,1,3,Tottenham Hotspur,1.5,1.5,37.0,13.0,6.0,Nottingham Forest,2024
2882,2024-04-13,15:00,Matchweek 33,Home,D,2,2,Wolverhampton Wanderers,1.9,1.0,46.0,18.0,9.0,Nottingham Forest,2024
2883,2024-04-21,13:30,Matchweek 34,Away,L,0,2,Everton,0.9,0.3,59.0,8.0,3.0,Nottingham Forest,2024
2884,2024-04-28,16:30,Matchweek 35,Home,L,0,2,Manchester City,1.9,0.9,34.0,14.0,2.0,Nottingham Forest,2024
2885,2024-05-04,15:00,Matchweek 36,Away,W,3,1,Sheffield United,1.4,2.2,46.0,15.0,4.0,Nottingham Forest,2024
2886,2024-05-11,17:30,Matchweek 37,Home,L,2,3,Chelsea,1.5,1.6,33.0,20.0,4.0,Nottingham Forest,2024
2887,2024-05-19,16:00,Matchweek 38,Away,W,2,1,Burnley,1.7,1.2,28.0,12.0,6.0,Nottingham Forest,2024
2888,2024-08-17,15:00,Matchweek 1,Home,D,1,1,Bournemouth,1.3,1.2,53.0,14.0,8.0,Nottingham Forest,2025
2889,2024-08-24,15:00,Matchweek 2,Away,W,1,0,Southampton,2.2,0.1,36.0,23.0,8.0,Nottingham Forest,2025
2890,2024-08-31,15:00,Matchweek 3,Home,D,1,1,Wolverhampton Wanderers,1.0,0.7,52.0,16.0,5.0,Nottingham Forest,2025
2891,2024-09-14,15:00,Matchweek 4,Away,W,1,0,Liverpool,0.4,0.9,32.0,5.0,3.0,Nottingham Forest,2025
2892,2024-09-22,14:00,Matchweek 5,Away,D,2,2,Brighton,1.4,1.0,30.0,3.0,2.0,Nottingham Forest,2025
2893,2024-09-28,15:00,Matchweek 6,Home,L,0,1,Fulham,0.8,1.3,41.0,11.0,1.0,Nottingham Forest,2025
2894,2024-10-06,14:00,Matchweek 7,Away,D,1,1,Chelsea,0.9,2.3,35.0,16.0,9.0,Nottingham Forest,2025
2895,2024-10-21,20:00,Matchweek 8,Home,W,1,0,Crystal Palace,1.7,1.0,51.0,20.0,6.0,Nottingham Forest,2025
2896,2024-10-25,20:00,Matchweek 9,Away,W,3,1,Leicester City,1.7,0.8,35.0,20.0,5.0,Nottingham Forest,2025
2897,2024-11-02,15:00,Matchweek 10,Home,W,3,0,West Ham,2.2,0.1,54.0,19.0,6.0,Nottingham Forest,2025
2898,2024-11-10,14:00,Matchweek 11,Home,L,1,3,Newcastle United,0.6,1.6,44.0,9.0,3.0,Nottingham Forest,2025
2899,2024-11-23,15:00,Matchweek 12,Away,L,0,3,Arsenal,0.3,1.2,34.0,7.0,0.0,Nottingham Forest,2025
2900,2024-11-30,15:00,Matchweek 13,Home,W,1,0,Ipswich Town,1.6,0.6,45.0,11.0,4.0,Nottingham Forest,2025
2901,2024-12-04,19:30,Matchweek 14,Away,L,0,3,Manchester City,1.0,2.4,34.0,12.0,3.0,Nottingham Forest,2025
2902,2024-12-07,17:30,Matchweek 15,Away,W,3,2,Manchester United,0.8,1.6,29.0,11.0,3.0,Nottingham Forest,2025
2903,2024-12-14,17:30,Matchweek 16,Home,W,2,1,Aston Villa,1.7,0.4,50.0,17.0,6.0,Nottingham Forest,2025
2904,2024-12-21,15:00,Matchweek 17,Away,W,2,0,Brentford,0.9,0.7,36.0,10.0,6.0,Nottingham Forest,2025
2905,2024-12-26,15:00,Matchweek 18,Home,W,1,0,Tottenham Hotspur,1.1,0.9,30.0,10.0,3.0,Nottingham Forest,2025
2906,2024-12-29,15:00,Matchweek 19,Away,W,2,0,Everton,1.5,0.9,36.0,11.0,7.0,Nottingham Forest,2025
2907,2025-01-06,20:00,Matchweek 20,Away,W,3,0,Wolverhampton Wanderers,2.1,1.5,40.0,11.0,3.0,Nottingham Forest,2025
2908,2025-01-14,20:00,Matchweek 21,Home,D,1,1,Liverpool,0.3,2.0,30.0,6.0,3.0,Nottingham Forest,2025
2909,2025-01-19,14:00,Matchweek 22,Home,W,3,2,Southampton,1.8,0.9,45.0,14.0,4.0,Nottingham Forest,2025
2910,2025-01-25,15:00,Matchweek 23,Away,L,0,5,Bournemouth,1.0,1.7,50.0,18.0,4.0,Nottingham Forest,2025
2911,2025-02-01,12:30,Matchweek 24,Home,W,7,0,Brighton,3.3,0.9,38.0,13.0,8.0,Nottingham Forest,2025
2912,2025-02-15,15:00,Matchweek 25,Away,L,1,2,Fulham,0.4,2.1,45.0,8.0,2.0,Nottingham Forest,2025
2913,2025-02-23,14:00,Matchweek 26,Away,L,3,4,Newcastle United,1.7,2.9,43.0,17.0,5.0,Nottingham Forest,2025
2914,2025-02-26,19:30,Matchweek 27,Home,D,0,0,Arsenal,0.4,1.0,36.0,6.0,2.0,Nottingham Forest,2025
2915,2025-03-08,12:30,Matchweek 28,Home,W,1,0,Manchester City,0.7,0.9,31.0,9.0,4.0,Nottingham Forest,2025
2916,2025-03-15,15:00,Matchweek 29,Away,W,4,2,Ipswich Town,1.5,0.4,45.0,11.0,6.0,Nottingham Forest,2025
2917,2025-04-01,20:00,Matchweek 30,Home,W,1,0,Manchester United,0.5,1.6,32.0,8.0,2.0,Nottingham Forest,2025
2918,2025-04-05,17:30,Matchweek 31,Away,L,1,2,Aston Villa,1.5,3.0,48.0,19.0,3.0,Nottingham Forest,2025
2919,2025-04-12,15:00,Matchweek 32,Home,L,0,1,Everton,0.5,1.4,43.0,10.0,5.0,Nottingham Forest,2025
2920,2025-04-21,20:00,Matchweek 33,Away,W,2,1,Tottenham Hotspur,0.5,2.1,31.0,4.0,3.0,Nottingham Forest,2025
2921,2025-05-01,19:30,Matchweek 34,Home,L,0,2,Brentford,0.9,1.3,55.0,14.0,5.0,Nottingham Forest,2025
2922,2025-05-05,20:00,Matchweek 35,Away,D,1,1,Crystal Palace,0.7,2.3,50.0,12.0,4.0,Nottingham Forest,2025
2923,2025-05-11,14:15,Matchweek 36,Home,D,2,2,Leicester City,1.3,1.1,55.0,15.0,4.0,Nottingham Forest,2025
2924,2025-05-18,14:15,Matchweek 37,Away,W,2,1,West Ham,1.9,1.1,40.0,10.0,5.0,Nottingham Forest,2025
2925,2025-05-25,16:00,Matchweek 38,Home,L,0,1,Chelsea,1.2,1.1,52.0,10.0,2.0,Nottingham Forest,2025
2926,2020-09-14,18:00,Matchweek 1,Home,L,0,2,Wolverhampton Wanderers,1.0,1.4,55.0,9.0,1.0,Sheffield United,2021
2927,2020-09-21,18:00,Matchweek 2,Away,L,0,1,Aston Villa,0.9,1.0,29.0,3.0,0.0,Sheffield United,2021
2928,2020-09-27,12:00,Matchweek 3,Home,L,0,1,Leeds United,1.4,1.2,36.0,14.0,4.0,Sheffield United,2021
2929,2020-10-04,14:00,Matchweek 4,Away,L,1,2,Arsenal,0.2,0.6,36.0,6.0,2.0,Sheffield United,2021
2930,2020-10-18,12:00,Matchweek 5,Home,D,1,1,Fulham,1.7,1.5,42.0,9.0,5.0,Sheffield United,2021
2931,2020-10-24,20:00,Matchweek 6,Away,L,1,2,Liverpool,1.6,2.3,38.0,12.0,1.0,Sheffield United,2021
2932,2020-10-31,12:30,Matchweek 7,Home,L,0,1,Manchester City,0.5,1.6,35.0,3.0,1.0,Sheffield United,2021
2933,2020-11-07,17:30,Matchweek 8,Away,L,1,4,Chelsea,0.4,2.2,31.0,6.0,3.0,Sheffield United,2021
2934,2020-11-22,14:00,Matchweek 9,Home,L,0,1,West Ham,0.9,2.1,51.0,9.0,5.0,Sheffield United,2021
2935,2020-11-28,20:00,Matchweek 10,Away,L,0,1,West Brom,2.9,1.2,51.0,21.0,5.0,Sheffield United,2021
2936,2020-12-06,14:15,Matchweek 11,Home,L,1,2,Leicester City,0.2,1.4,31.0,4.0,1.0,Sheffield United,2021
2937,2020-12-13,12:00,Matchweek 12,Away,L,0,3,Southampton,0.3,2.0,33.0,3.0,0.0,Sheffield United,2021
2938,2020-12-17,20:00,Matchweek 13,Home,L,2,3,Manchester United,1.5,1.9,40.0,12.0,6.0,Sheffield United,2021
2939,2020-12-20,12:00,Matchweek 14,Away,D,1,1,Brighton,0.5,2.8,27.0,5.0,3.0,Sheffield United,2021
2940,2020-12-26,20:00,Matchweek 15,Home,L,0,1,Everton,1.4,0.7,44.0,10.0,1.0,Sheffield United,2021
2941,2020-12-29,18:00,Matchweek 16,Away,L,0,1,Burnley,0.7,1.0,63.0,7.0,2.0,Sheffield United,2021
2942,2021-01-02,15:00,Matchweek 17,Away,L,0,2,Crystal Palace,0.4,0.6,56.0,7.0,2.0,Sheffield United,2021
2943,2021-01-12,18:00,Matchweek 18,Home,W,1,0,Newcastle United,2.1,0.6,65.0,16.0,3.0,Sheffield United,2021
2944,2021-01-17,14:00,Matchweek 19,Home,L,1,3,Tottenham Hotspur,0.9,1.0,43.0,15.0,5.0,Sheffield United,2021
2945,2021-01-27,20:15,Matchweek 20,Away,W,2,1,Manchester United,1.0,1.1,25.0,5.0,3.0,Sheffield United,2021
2946,2021-01-30,15:00,Matchweek 21,Away,L,0,1,Manchester City,0.2,1.5,25.0,4.0,1.0,Sheffield United,2021
2947,2021-02-02,18:00,Matchweek 22,Home,W,2,1,West Brom,1.3,1.6,68.0,14.0,6.0,Sheffield United,2021
2948,2021-02-07,19:15,Matchweek 23,Home,L,1,2,Chelsea,0.6,1.6,32.0,8.0,3.0,Sheffield United,2021
2949,2021-02-15,18:00,Matchweek 24,Away,L,0,3,West Ham,0.7,1.9,54.0,8.0,5.0,Sheffield United,2021
2950,2021-02-20,20:00,Matchweek 25,Away,L,0,1,Fulham,0.9,1.2,36.0,4.0,2.0,Sheffield United,2021
2951,2021-02-28,19:15,Matchweek 26,Home,L,0,2,Liverpool,0.7,2.7,40.0,8.0,2.0,Sheffield United,2021
2952,2021-03-03,18:00,Matchweek 29,Home,W,1,0,Aston Villa,0.9,2.3,28.0,9.0,2.0,Sheffield United,2021
2953,2021-03-06,15:00,Matchweek 27,Home,L,0,2,Southampton,0.7,1.9,51.0,8.0,2.0,Sheffield United,2021
2954,2021-03-14,14:00,Matchweek 28,Away,L,0,5,Leicester City,0.1,4.0,29.0,1.0,0.0,Sheffield United,2021
2955,2021-04-03,15:00,Matchweek 30,Away,L,1,2,Leeds United,1.1,2.4,46.0,9.0,1.0,Sheffield United,2021
2956,2021-04-11,19:00,Matchweek 31,Home,L,0,3,Arsenal,0.3,1.7,45.0,7.0,2.0,Sheffield United,2021
2957,2021-04-17,20:15,Matchweek 32,Away,L,0,1,Wolverhampton Wanderers,0.5,1.1,52.0,8.0,2.0,Sheffield United,2021
2958,2021-04-24,20:00,Matchweek 33,Home,W,1,0,Brighton,0.7,2.0,32.0,7.0,3.0,Sheffield United,2021
2959,2021-05-02,19:15,Matchweek 34,Away,L,0,4,Tottenham Hotspur,0.5,2.2,34.0,8.0,1.0,Sheffield United,2021
2960,2021-05-08,15:00,Matchweek 35,Home,L,0,2,Crystal Palace,0.7,2.0,50.0,7.0,0.0,Sheffield United,2021
2961,2021-05-16,19:00,Matchweek 36,Away,W,1,0,Everton,1.2,1.4,38.0,10.0,3.0,Sheffield United,2021
2962,2021-05-19,18:00,Matchweek 37,Away,L,0,1,Newcastle United,0.9,1.6,49.0,11.0,1.0,Sheffield United,2021
2963,2021-05-23,16:00,Matchweek 38,Home,W,1,0,Burnley,0.5,1.1,43.0,12.0,3.0,Sheffield United,2021
2964,2023-08-12,15:00,Matchweek 1,Home,L,0,1,Crystal Palace,0.5,1.9,32.0,8.0,1.0,Sheffield United,2024
2965,2023-08-18,19:45,Matchweek 2,Away,L,1,2,Nottingham Forest,0.5,1.4,50.0,7.0,3.0,Sheffield United,2024
2966,2023-08-27,14:00,Matchweek 3,Home,L,1,2,Manchester City,0.7,3.5,21.0,6.0,1.0,Sheffield United,2024
2967,2023-09-02,12:30,Matchweek 4,Home,D,2,2,Everton,1.2,2.5,46.0,13.0,7.0,Sheffield United,2024
2968,2023-09-16,15:00,Matchweek 5,Away,L,1,2,Tottenham Hotspur,0.7,2.1,30.0,7.0,5.0,Sheffield United,2024
2969,2023-09-24,16:30,Matchweek 6,Home,L,0,8,Newcastle United,0.9,3.9,42.0,9.0,1.0,Sheffield United,2024
2970,2023-09-30,15:00,Matchweek 7,Away,L,0,2,West Ham,1.1,2.1,48.0,16.0,2.0,Sheffield United,2024
2971,2023-10-07,15:00,Matchweek 8,Away,L,1,3,Fulham,0.6,2.2,40.0,5.0,2.0,Sheffield United,2024
2972,2023-10-21,20:00,Matchweek 9,Home,L,1,2,Manchester United,1.4,1.1,38.0,11.0,5.0,Sheffield United,2024
2973,2023-10-28,15:00,Matchweek 10,Away,L,0,5,Arsenal,0.0,2.8,33.0,2.0,0.0,Sheffield United,2024
2974,2023-11-04,15:00,Matchweek 11,Home,W,2,1,Wolverhampton Wanderers,1.0,1.2,39.0,10.0,1.0,Sheffield United,2024
2975,2023-11-12,14:00,Matchweek 12,Away,D,1,1,Brighton,1.1,1.5,39.0,9.0,1.0,Sheffield United,2024
2976,2023-11-25,15:00,Matchweek 13,Home,L,1,3,Bournemouth,0.8,2.9,46.0,10.0,2.0,Sheffield United,2024
2977,2023-12-02,15:00,Matchweek 14,Away,L,0,5,Burnley,0.4,1.8,37.0,6.0,3.0,Sheffield United,2024
2978,2023-12-06,19:30,Matchweek 15,Home,L,0,2,Liverpool,1.0,1.7,25.0,6.0,1.0,Sheffield United,2024
2979,2023-12-09,15:00,Matchweek 16,Home,W,1,0,Brentford,0.8,0.6,41.0,9.0,4.0,Sheffield United,2024
2980,2023-12-16,15:00,Matchweek 17,Away,L,0,2,Chelsea,0.4,3.1,22.0,6.0,1.0,Sheffield United,2024
2981,2023-12-22,20:00,Matchweek 18,Away,D,1,1,Aston Villa,0.6,0.9,23.0,5.0,2.0,Sheffield United,2024
2982,2023-12-26,15:00,Matchweek 19,Home,L,2,3,Luton Town,2.4,0.6,51.0,21.0,4.0,Sheffield United,2024
2983,2023-12-30,15:00,Matchweek 20,Away,L,0,2,Manchester City,0.3,2.2,20.0,4.0,2.0,Sheffield United,2024
2984,2024-01-21,14:00,Matchweek 21,Home,D,2,2,West Ham,2.5,2.3,57.0,20.0,5.0,Sheffield United,2024
2985,2024-01-30,20:00,Matchweek 22,Away,L,2,3,Crystal Palace,0.8,1.1,47.0,9.0,5.0,Sheffield United,2024
2986,2024-02-03,17:30,Matchweek 23,Home,L,0,5,Aston Villa,1.4,2.2,37.0,10.0,4.0,Sheffield United,2024
2987,2024-02-10,15:00,Matchweek 24,Away,W,3,1,Luton Town,1.7,1.8,26.0,6.0,2.0,Sheffield United,2024
2988,2024-02-18,14:00,Matchweek 25,Home,L,0,5,Brighton,0.6,2.9,21.0,6.0,1.0,Sheffield United,2024
2989,2024-02-25,13:30,Matchweek 26,Away,L,0,1,Wolverhampton Wanderers,0.6,1.3,37.0,12.0,4.0,Sheffield United,2024
2990,2024-03-04,20:00,Matchweek 27,Home,L,0,6,Arsenal,0.2,2.3,20.0,4.0,0.0,Sheffield United,2024
2991,2024-03-09,15:00,Matchweek 28,Away,D,2,2,Bournemouth,1.2,3.3,31.0,13.0,9.0,Sheffield United,2024
2992,2024-03-30,15:00,Matchweek 30,Home,D,3,3,Fulham,1.9,1.3,27.0,8.0,4.0,Sheffield United,2024
2993,2024-04-04,19:30,Matchweek 31,Away,L,1,3,Liverpool,0.6,1.8,18.0,5.0,3.0,Sheffield United,2024
2994,2024-04-07,17:30,Matchweek 32,Home,D,2,2,Chelsea,1.4,0.3,32.0,11.0,5.0,Sheffield United,2024
2995,2024-04-13,15:00,Matchweek 33,Away,L,0,2,Brentford,0.8,1.0,47.0,8.0,2.0,Sheffield United,2024
2996,2024-04-20,15:00,Matchweek 34,Home,L,1,4,Burnley,2.4,2.2,49.0,18.0,11.0,Sheffield United,2024
2997,2024-04-24,20:00,Matchweek 29,Away,L,2,4,Manchester United,0.8,2.9,29.0,10.0,4.0,Sheffield United,2024
2998,2024-04-27,15:00,Matchweek 35,Away,L,1,5,Newcastle United,1.5,3.1,40.0,15.0,4.0,Sheffield United,2024
2999,2024-05-04,15:00,Matchweek 36,Home,L,1,3,Nottingham Forest,2.2,1.4,54.0,16.0,4.0,Sheffield United,2024
3000,2024-05-11,15:00,Matchweek 37,Away,L,0,1,Everton,0.6,2.3,42.0,13.0,1.0,Sheffield United,2024
3001,2024-05-19,16:00,Matchweek 38,Home,L,0,3,Tottenham Hotspur,1.0,3.1,25.0,6.0,1.0,Sheffield United,2024
3002,2020-09-12,15:00,Matchweek 1,Away,L,0,1,Crystal Palace,0.9,1.1,69.0,9.0,5.0,Southampton,2021
3003,2020-09-20,12:00,Matchweek 2,Home,L,2,5,Tottenham Hotspur,2.0,2.1,51.0,13.0,6.0,Southampton,2021
3004,2020-09-26,20:00,Matchweek 3,Away,W,1,0,Burnley,0.6,0.5,47.0,5.0,1.0,Southampton,2021
3005,2020-10-04,12:00,Matchweek 4,Home,W,2,0,West Brom,1.2,0.2,62.0,13.0,7.0,Southampton,2021
3006,2020-10-17,15:00,Matchweek 5,Away,D,3,3,Chelsea,1.9,1.8,47.0,13.0,6.0,Southampton,2021
3007,2020-10-25,14:00,Matchweek 6,Home,W,2,0,Everton,0.7,0.4,54.0,13.0,6.0,Southampton,2021
3008,2020-11-01,12:00,Matchweek 7,Away,W,4,3,Aston Villa,0.7,1.9,44.0,9.0,4.0,Southampton,2021
3009,2020-11-06,20:00,Matchweek 8,Home,W,2,0,Newcastle United,0.7,0.3,61.0,15.0,7.0,Southampton,2021
3010,2020-11-23,20:00,Matchweek 9,Away,D,1,1,Wolverhampton Wanderers,1.0,1.5,54.0,7.0,2.0,Southampton,2021
3011,2020-11-29,14:00,Matchweek 10,Home,L,2,3,Manchester United,0.5,2.1,50.0,10.0,5.0,Southampton,2021
3012,2020-12-07,20:00,Matchweek 11,Away,W,2,1,Brighton,1.4,1.9,52.0,9.0,2.0,Southampton,2021
3013,2020-12-13,12:00,Matchweek 12,Home,W,3,0,Sheffield United,2.0,0.3,67.0,16.0,6.0,Southampton,2021
3014,2020-12-16,18:00,Matchweek 13,Away,D,1,1,Arsenal,1.2,0.6,64.0,13.0,3.0,Southampton,2021
3015,2020-12-19,15:00,Matchweek 14,Home,L,0,1,Manchester City,0.7,0.9,48.0,9.0,3.0,Southampton,2021
3016,2020-12-26,15:00,Matchweek 15,Away,D,0,0,Fulham,0.2,0.7,53.0,3.0,2.0,Southampton,2021
3017,2020-12-29,18:00,Matchweek 16,Home,D,0,0,West Ham,0.6,1.2,62.0,8.0,3.0,Southampton,2021
3018,2021-01-04,20:00,Matchweek 17,Home,W,1,0,Liverpool,0.4,1.5,34.0,7.0,2.0,Southampton,2021
3019,2021-01-16,20:00,Matchweek 19,Away,L,0,2,Leicester City,0.6,2.2,53.0,8.0,3.0,Southampton,2021
3020,2021-01-26,20:15,Matchweek 20,Home,L,1,3,Arsenal,0.8,2.2,58.0,13.0,5.0,Southampton,2021
3021,2021-01-30,20:00,Matchweek 21,Home,L,0,1,Aston Villa,1.9,0.6,59.0,20.0,4.0,Southampton,2021
3022,2021-02-02,20:15,Matchweek 22,Away,L,0,9,Manchester United,0.5,4.7,26.0,3.0,1.0,Southampton,2021
3023,2021-02-06,15:00,Matchweek 23,Away,L,2,3,Newcastle United,1.3,0.7,73.0,14.0,5.0,Southampton,2021
3024,2021-02-14,12:00,Matchweek 24,Home,L,1,2,Wolverhampton Wanderers,0.8,1.1,51.0,7.0,3.0,Southampton,2021
3025,2021-02-20,12:30,Matchweek 25,Home,D,1,1,Chelsea,0.6,1.2,30.0,4.0,1.0,Southampton,2021
3026,2021-02-23,18:00,Matchweek 18,Away,L,0,3,Leeds United,0.9,1.3,54.0,13.0,5.0,Southampton,2021
3027,2021-03-01,20:00,Matchweek 26,Away,L,0,1,Everton,0.6,1.2,53.0,9.0,1.0,Southampton,2021
3028,2021-03-06,15:00,Matchweek 27,Away,W,2,0,Sheffield United,1.9,0.7,49.0,14.0,6.0,Southampton,2021
3029,2021-03-10,18:00,Matchweek 33,Away,L,2,5,Manchester City,1.6,2.6,42.0,10.0,5.0,Southampton,2021
3030,2021-03-14,12:00,Matchweek 28,Home,L,1,2,Brighton,0.6,0.8,59.0,9.0,4.0,Southampton,2021
3031,2021-04-04,12:00,Matchweek 30,Home,W,3,2,Burnley,2.2,1.5,53.0,24.0,8.0,Southampton,2021
3032,2021-04-12,18:00,Matchweek 31,Away,L,0,3,West Brom,1.5,3.0,60.0,13.0,3.0,Southampton,2021
3033,2021-04-21,18:00,Matchweek 29,Away,L,1,2,Tottenham Hotspur,0.8,1.4,38.0,10.0,5.0,Southampton,2021
3034,2021-04-30,20:00,Matchweek 34,Home,D,1,1,Leicester City,0.9,1.9,30.0,4.0,2.0,Southampton,2021
3035,2021-05-08,20:15,Matchweek 35,Away,L,0,2,Liverpool,1.1,1.7,46.0,12.0,6.0,Southampton,2021
3036,2021-05-11,20:15,Matchweek 32,Home,W,3,1,Crystal Palace,1.2,1.5,62.0,13.0,6.0,Southampton,2021
3037,2021-05-15,15:00,Matchweek 36,Home,W,3,1,Fulham,1.6,0.8,47.0,11.0,6.0,Southampton,2021
3038,2021-05-18,18:00,Matchweek 37,Home,L,0,2,Leeds United,1.6,1.7,51.0,18.0,3.0,Southampton,2021
3039,2021-05-23,16:00,Matchweek 38,Away,L,0,3,West Ham,1.5,1.3,62.0,17.0,5.0,Southampton,2021
3040,2021-08-14,15:00,Matchweek 1,Away,L,1,3,Everton,0.8,2.4,52.0,6.0,3.0,Southampton,2022
3041,2021-08-22,14:00,Matchweek 2,Home,D,1,1,Manchester United,0.7,1.8,37.0,8.0,3.0,Southampton,2022
3042,2021-08-28,15:00,Matchweek 3,Away,D,2,2,Newcastle United,3.6,1.0,63.0,21.0,5.0,Southampton,2022
3043,2021-09-11,15:00,Matchweek 4,Home,D,0,0,West Ham,0.7,0.7,42.0,11.0,2.0,Southampton,2022
3044,2021-09-18,15:00,Matchweek 5,Away,D,0,0,Manchester City,0.4,1.0,36.0,10.0,2.0,Southampton,2022
3045,2021-09-26,14:00,Matchweek 6,Home,L,0,1,Wolverhampton Wanderers,1.0,1.0,57.0,18.0,6.0,Southampton,2022
3046,2021-10-02,15:00,Matchweek 7,Away,L,1,3,Chelsea,1.3,3.3,38.0,5.0,1.0,Southampton,2022
3047,2021-10-16,15:00,Matchweek 8,Home,W,1,0,Leeds United,1.9,0.2,46.0,19.0,4.0,Southampton,2022
3048,2021-10-23,15:00,Matchweek 9,Home,D,2,2,Burnley,1.6,0.7,61.0,16.0,4.0,Southampton,2022
3049,2021-10-30,15:00,Matchweek 10,Away,W,1,0,Watford,1.8,1.0,60.0,12.0,1.0,Southampton,2022
3050,2021-11-05,20:00,Matchweek 11,Home,W,1,0,Aston Villa,0.6,0.6,56.0,9.0,3.0,Southampton,2022
3051,2021-11-20,15:00,Matchweek 12,Away,L,1,2,Norwich City,1.0,0.5,62.0,17.0,5.0,Southampton,2022
3052,2021-11-27,15:00,Matchweek 13,Away,L,0,4,Liverpool,1.0,2.9,36.0,7.0,3.0,Southampton,2022
3053,2021-12-01,19:30,Matchweek 14,Home,D,2,2,Leicester City,1.5,1.5,45.0,15.0,7.0,Southampton,2022
3054,2021-12-04,15:00,Matchweek 15,Home,D,1,1,Brighton,1.6,1.6,44.0,14.0,4.0,Southampton,2022
3055,2021-12-11,15:00,Matchweek 16,Away,L,0,3,Arsenal,0.6,1.8,39.0,11.0,6.0,Southampton,2022
3056,2021-12-15,19:30,Matchweek 17,Away,D,2,2,Crystal Palace,0.6,1.2,41.0,15.0,4.0,Southampton,2022
3057,2021-12-26,15:00,Matchweek 19,Away,W,3,2,West Ham,1.2,1.6,44.0,10.0,5.0,Southampton,2022
3058,2021-12-28,15:00,Matchweek 20,Home,D,1,1,Tottenham Hotspur,0.4,2.3,35.0,9.0,2.0,Southampton,2022
3059,2022-01-11,19:45,Matchweek 18,Home,W,4,1,Brentford,1.4,0.5,48.0,12.0,6.0,Southampton,2022
3060,2022-01-15,15:00,Matchweek 22,Away,L,1,3,Wolverhampton Wanderers,0.8,2.5,57.0,13.0,10.0,Southampton,2022
3061,2022-01-22,17:30,Matchweek 23,Home,D,1,1,Manchester City,0.8,1.8,26.0,7.0,3.0,Southampton,2022
3062,2022-02-09,19:45,Matchweek 24,Away,W,3,2,Tottenham Hotspur,2.2,1.4,52.0,23.0,9.0,Southampton,2022
3063,2022-02-12,12:30,Matchweek 25,Away,D,1,1,Manchester United,0.8,2.1,47.0,13.0,4.0,Southampton,2022
3064,2022-02-19,15:00,Matchweek 26,Home,W,2,0,Everton,2.5,0.3,55.0,19.0,11.0,Southampton,2022
3065,2022-02-25,20:00,Matchweek 27,Home,W,2,0,Norwich City,2.6,0.6,58.0,27.0,9.0,Southampton,2022
3066,2022-03-05,15:00,Matchweek 28,Away,L,0,4,Aston Villa,1.1,2.5,62.0,11.0,1.0,Southampton,2022
3067,2022-03-10,19:30,Matchweek 21,Home,L,1,2,Newcastle United,1.1,0.6,67.0,14.0,5.0,Southampton,2022
3068,2022-03-13,14:00,Matchweek 29,Home,L,1,2,Watford,1.4,1.7,63.0,13.0,6.0,Southampton,2022
3069,2022-04-02,15:00,Matchweek 31,Away,D,1,1,Leeds United,1.4,1.2,44.0,14.0,5.0,Southampton,2022
3070,2022-04-09,15:00,Matchweek 32,Home,L,0,6,Chelsea,0.5,4.2,30.0,4.0,1.0,Southampton,2022
3071,2022-04-16,15:00,Matchweek 33,Home,W,1,0,Arsenal,0.8,1.7,25.0,9.0,3.0,Southampton,2022
3072,2022-04-21,19:45,Matchweek 30,Away,L,0,2,Burnley,0.9,1.5,56.0,11.0,3.0,Southampton,2022
3073,2022-04-24,14:00,Matchweek 34,Away,D,2,2,Brighton,0.9,1.7,52.0,18.0,5.0,Southampton,2022
3074,2022-04-30,15:00,Matchweek 35,Home,L,1,2,Crystal Palace,0.6,1.1,38.0,8.0,3.0,Southampton,2022
3075,2022-05-07,15:00,Matchweek 36,Away,L,0,3,Brentford,1.4,2.6,59.0,19.0,4.0,Southampton,2022
3076,2022-05-17,19:45,Matchweek 37,Home,L,1,2,Liverpool,0.1,1.3,30.0,4.0,2.0,Southampton,2022
3077,2022-05-22,16:00,Matchweek 38,Away,L,1,4,Leicester City,1.1,3.4,49.0,6.0,1.0,Southampton,2022
3078,2022-08-06,15:00,Matchweek 1,Away,L,1,4,Tottenham Hotspur,0.5,1.5,42.0,10.0,2.0,Southampton,2023
3079,2022-08-13,15:00,Matchweek 2,Home,D,2,2,Leeds United,1.2,1.8,43.0,14.0,4.0,Southampton,2023
3080,2022-08-20,15:00,Matchweek 3,Away,W,2,1,Leicester City,0.9,0.3,38.0,9.0,3.0,Southampton,2023
3081,2022-08-27,12:30,Matchweek 4,Home,L,0,1,Manchester United,1.4,1.1,49.0,17.0,4.0,Southampton,2023
3082,2022-08-30,19:45,Matchweek 5,Home,W,2,1,Chelsea,1.1,1.1,33.0,9.0,5.0,Southampton,2023
3083,2022-09-03,15:00,Matchweek 6,Away,L,0,1,Wolverhampton Wanderers,1.2,0.8,49.0,12.0,1.0,Southampton,2023
3084,2022-09-16,20:00,Matchweek 8,Away,L,0,1,Aston Villa,0.3,1.5,47.0,7.0,1.0,Southampton,2023
3085,2022-10-01,15:00,Matchweek 9,Home,L,1,2,Everton,1.7,2.0,55.0,22.0,6.0,Southampton,2023
3086,2022-10-08,15:00,Matchweek 10,Away,L,0,4,Manchester City,0.2,2.4,35.0,5.0,0.0,Southampton,2023
3087,2022-10-16,14:00,Matchweek 11,Home,D,1,1,West Ham,0.5,1.7,39.0,10.0,8.0,Southampton,2023
3088,2022-10-19,19:30,Matchweek 12,Away,W,1,0,Bournemouth,1.0,1.0,46.0,9.0,3.0,Southampton,2023
3089,2022-10-23,14:00,Matchweek 13,Home,D,1,1,Arsenal,0.7,1.0,41.0,10.0,3.0,Southampton,2023
3090,2022-10-29,15:00,Matchweek 14,Away,L,0,1,Crystal Palace,1.3,0.9,56.0,14.0,4.0,Southampton,2023
3091,2022-11-06,14:00,Matchweek 15,Home,L,1,4,Newcastle United,1.7,0.9,55.0,16.0,5.0,Southampton,2023
3092,2022-11-12,15:00,Matchweek 16,Away,L,1,3,Liverpool,1.1,1.9,40.0,9.0,5.0,Southampton,2023
3093,2022-12-26,15:00,Matchweek 17,Home,L,1,3,Brighton,1.9,0.6,34.0,13.0,3.0,Southampton,2023
3094,2022-12-31,15:00,Matchweek 18,Away,L,1,2,Fulham,0.8,1.5,38.0,9.0,3.0,Southampton,2023
3095,2023-01-04,19:30,Matchweek 19,Home,L,0,1,Nottingham Forest,0.5,1.4,63.0,8.0,0.0,Southampton,2023
3096,2023-01-14,15:00,Matchweek 20,Away,W,2,1,Everton,1.2,1.4,48.0,13.0,5.0,Southampton,2023
3097,2023-01-21,15:00,Matchweek 21,Home,L,0,1,Aston Villa,0.6,1.4,37.0,8.0,5.0,Southampton,2023
3098,2023-02-04,15:00,Matchweek 22,Away,L,0,3,Brentford,0.7,2.0,51.0,14.0,5.0,Southampton,2023
3099,2023-02-11,15:00,Matchweek 23,Home,L,1,2,Wolverhampton Wanderers,1.1,0.8,41.0,17.0,2.0,Southampton,2023
3100,2023-02-18,15:00,Matchweek 24,Away,W,1,0,Chelsea,0.6,1.6,38.0,8.0,4.0,Southampton,2023
3101,2023-02-25,15:00,Matchweek 25,Away,L,0,1,Leeds United,0.4,0.9,39.0,8.0,2.0,Southampton,2023
3102,2023-03-04,17:30,Matchweek 26,Home,W,1,0,Leicester City,1.4,1.9,35.0,10.0,4.0,Southampton,2023
3103,2023-03-12,14:00,Matchweek 27,Away,D,0,0,Manchester United,1.0,0.8,53.0,17.0,4.0,Southampton,2023
3104,2023-03-15,19:30,Matchweek 7,Home,L,0,2,Brentford,0.5,1.9,66.0,7.0,0.0,Southampton,2023
3105,2023-03-18,15:00,Matchweek 28,Home,D,3,3,Tottenham Hotspur,2.4,2.3,51.0,18.0,6.0,Southampton,2023
3106,2023-04-02,14:00,Matchweek 29,Away,L,0,1,West Ham,0.3,1.4,57.0,9.0,3.0,Southampton,2023
3107,2023-04-08,17:30,Matchweek 30,Home,L,1,4,Manchester City,0.4,2.9,27.0,4.0,1.0,Southampton,2023
3108,2023-04-15,15:00,Matchweek 31,Home,L,0,2,Crystal Palace,0.8,0.9,58.0,11.0,4.0,Southampton,2023
3109,2023-04-21,20:00,Matchweek 32,Away,D,3,3,Arsenal,1.3,2.4,26.0,8.0,6.0,Southampton,2023
3110,2023-04-27,19:45,Matchweek 33,Home,L,0,1,Bournemouth,0.5,0.9,57.0,11.0,2.0,Southampton,2023
3111,2023-04-30,14:00,Matchweek 34,Away,L,1,3,Newcastle United,0.8,4.3,37.0,4.0,3.0,Southampton,2023
3112,2023-05-08,20:00,Matchweek 35,Away,L,3,4,Nottingham Forest,3.1,1.8,64.0,18.0,4.0,Southampton,2023
3113,2023-05-13,15:00,Matchweek 36,Home,L,0,2,Fulham,0.4,1.4,36.0,5.0,1.0,Southampton,2023
3114,2023-05-21,14:00,Matchweek 37,Away,L,1,3,Brighton,0.6,2.5,37.0,5.0,1.0,Southampton,2023
3115,2023-05-28,16:30,Matchweek 38,Home,D,4,4,Liverpool,1.8,4.0,31.0,15.0,10.0,Southampton,2023
3116,2024-08-17,15:00,Matchweek 1,Away,L,0,1,Newcastle United,1.8,0.3,77.0,19.0,3.0,Southampton,2025
3117,2024-08-24,15:00,Matchweek 2,Home,L,0,1,Nottingham Forest,0.1,2.2,64.0,5.0,1.0,Southampton,2025
3118,2024-08-31,15:00,Matchweek 3,Away,L,1,3,Brentford,1.5,2.8,63.0,18.0,6.0,Southampton,2025
3119,2024-09-14,12:30,Matchweek 4,Home,L,0,3,Manchester United,1.1,2.6,44.0,5.0,2.0,Southampton,2025
3120,2024-09-21,15:00,Matchweek 5,Home,D,1,1,Ipswich Town,2.4,1.6,53.0,11.0,3.0,Southampton,2025
3121,2024-09-30,20:00,Matchweek 6,Away,L,1,3,Bournemouth,0.6,1.3,60.0,9.0,3.0,Southampton,2025
3122,2024-10-05,15:00,Matchweek 7,Away,L,1,3,Arsenal,0.6,2.8,41.0,8.0,2.0,Southampton,2025
3123,2024-10-19,15:00,Matchweek 8,Home,L,2,3,Leicester City,2.1,3.1,42.0,14.0,7.0,Southampton,2025
3124,2024-10-26,15:00,Matchweek 9,Away,L,0,1,Manchester City,0.2,2.9,43.0,5.0,2.0,Southampton,2025
3125,2024-11-02,15:00,Matchweek 10,Home,W,1,0,Everton,0.7,1.6,65.0,9.0,2.0,Southampton,2025
3126,2024-11-09,15:00,Matchweek 11,Away,L,0,2,Wolverhampton Wanderers,0.6,1.3,71.0,9.0,0.0,Southampton,2025
3127,2024-11-24,14:00,Matchweek 12,Home,L,2,3,Liverpool,1.3,3.1,38.0,6.0,4.0,Southampton,2025
3128,2024-11-29,20:00,Matchweek 13,Away,D,1,1,Brighton,1.0,1.7,47.0,10.0,2.0,Southampton,2025
3129,2024-12-04,19:30,Matchweek 14,Home,L,1,5,Chelsea,1.6,5.2,45.0,6.0,4.0,Southampton,2025
3130,2024-12-07,15:00,Matchweek 15,Away,L,0,1,Aston Villa,0.3,2.3,53.0,4.0,0.0,Southampton,2025
3131,2024-12-15,19:00,Matchweek 16,Home,L,0,5,Tottenham Hotspur,0.8,2.3,42.0,9.0,3.0,Southampton,2025
3132,2024-12-22,14:00,Matchweek 17,Away,D,0,0,Fulham,0.3,0.9,43.0,5.0,1.0,Southampton,2025
3133,2024-12-26,15:00,Matchweek 18,Home,L,0,1,West Ham,1.4,1.7,54.0,18.0,5.0,Southampton,2025
3134,2024-12-29,15:00,Matchweek 19,Away,L,1,2,Crystal Palace,0.9,2.0,53.0,7.0,3.0,Southampton,2025
3135,2025-01-04,15:00,Matchweek 20,Home,L,0,5,Brentford,0.3,4.4,50.0,8.0,1.0,Southampton,2025
3136,2025-01-16,20:00,Matchweek 21,Away,L,1,3,Manchester United,1.4,3.4,40.0,13.0,5.0,Southampton,2025
3137,2025-01-19,14:00,Matchweek 22,Away,L,2,3,Nottingham Forest,0.9,1.8,55.0,10.0,3.0,Southampton,2025
3138,2025-01-25,15:00,Matchweek 23,Home,L,1,3,Newcastle United,0.8,2.9,53.0,12.0,5.0,Southampton,2025
3139,2025-02-01,15:00,Matchweek 24,Away,W,2,1,Ipswich Town,0.9,1.8,43.0,9.0,4.0,Southampton,2025
3140,2025-02-15,15:00,Matchweek 25,Home,L,1,3,Bournemouth,0.8,1.2,44.0,11.0,4.0,Southampton,2025
3141,2025-02-22,15:00,Matchweek 26,Home,L,0,4,Brighton,0.1,3.9,50.0,6.0,1.0,Southampton,2025
3142,2025-02-25,20:15,Matchweek 27,Away,L,0,4,Chelsea,0.7,2.4,40.0,7.0,2.0,Southampton,2025
3143,2025-03-08,15:00,Matchweek 28,Away,L,1,3,Liverpool,0.4,3.9,29.0,6.0,4.0,Southampton,2025
3144,2025-03-15,15:00,Matchweek 29,Home,L,1,2,Wolverhampton Wanderers,1.3,0.4,60.0,10.0,3.0,Southampton,2025
3145,2025-04-02,19:45,Matchweek 30,Home,D,1,1,Crystal Palace,0.7,0.7,43.0,8.0,2.0,Southampton,2025
3146,2025-04-06,14:00,Matchweek 31,Away,L,1,3,Tottenham Hotspur,1.0,2.1,49.0,12.0,4.0,Southampton,2025
3147,2025-04-12,15:00,Matchweek 32,Home,L,0,3,Aston Villa,0.3,3.0,40.0,7.0,2.0,Southampton,2025
3148,2025-04-19,15:00,Matchweek 33,Away,D,1,1,West Ham,0.6,0.9,48.0,15.0,4.0,Southampton,2025
3149,2025-04-26,15:00,Matchweek 34,Home,L,1,2,Fulham,0.6,2.4,35.0,7.0,3.0,Southampton,2025
3150,2025-05-03,15:00,Matchweek 35,Away,L,0,2,Leicester City,0.5,1.4,51.0,8.0,2.0,Southampton,2025
3151,2025-05-10,15:00,Matchweek 36,Home,D,0,0,Manchester City,0.1,1.7,28.0,2.0,0.0,Southampton,2025
3152,2025-05-18,12:00,Matchweek 37,Away,L,0,2,Everton,1.2,2.7,50.0,6.0,2.0,Southampton,2025
3153,2025-05-25,16:00,Matchweek 38,Home,L,1,2,Arsenal,0.6,2.3,38.0,7.0,2.0,Southampton,2025
3154,2020-09-13,16:30,Matchweek 1,Home,L,0,1,Everton,1.1,1.2,52.0,9.0,5.0,Tottenham Hotspur,2021
3155,2020-09-20,12:00,Matchweek 2,Away,W,5,2,Southampton,2.1,2.0,49.0,9.0,6.0,Tottenham Hotspur,2021
3156,2020-09-27,14:00,Matchweek 3,Home,D,1,1,Newcastle United,2.9,1.0,66.0,23.0,12.0,Tottenham Hotspur,2021
3157,2020-10-04,16:30,Matchweek 4,Away,W,6,1,Manchester United,3.4,0.9,61.0,21.0,7.0,Tottenham Hotspur,2021
3158,2020-10-18,16:30,Matchweek 5,Home,D,3,3,West Ham,1.7,1.9,50.0,11.0,6.0,Tottenham Hotspur,2021
3159,2020-10-26,20:00,Matchweek 6,Away,W,1,0,Burnley,0.6,1.0,61.0,9.0,3.0,Tottenham Hotspur,2021
3160,2020-11-01,19:15,Matchweek 7,Home,W,2,1,Brighton,1.7,0.3,44.0,8.0,2.0,Tottenham Hotspur,2021
3161,2020-11-08,12:00,Matchweek 8,Away,W,1,0,West Brom,1.9,0.8,58.0,19.0,5.0,Tottenham Hotspur,2021
3162,2020-11-21,17:30,Matchweek 9,Home,W,2,0,Manchester City,0.7,1.4,34.0,4.0,2.0,Tottenham Hotspur,2021
3163,2020-11-29,16:30,Matchweek 10,Away,D,0,0,Chelsea,0.2,0.8,40.0,5.0,1.0,Tottenham Hotspur,2021
3164,2020-12-06,16:30,Matchweek 11,Home,W,2,0,Arsenal,0.3,0.6,31.0,5.0,3.0,Tottenham Hotspur,2021
3165,2020-12-13,14:15,Matchweek 12,Away,D,1,1,Crystal Palace,0.9,1.6,56.0,14.0,6.0,Tottenham Hotspur,2021
3166,2020-12-16,20:00,Matchweek 13,Away,L,1,2,Liverpool,1.1,1.0,25.0,8.0,2.0,Tottenham Hotspur,2021
3167,2020-12-20,14:15,Matchweek 14,Home,L,0,2,Leicester City,0.7,1.7,56.0,8.0,3.0,Tottenham Hotspur,2021
3168,2020-12-27,19:15,Matchweek 15,Away,D,1,1,Wolverhampton Wanderers,0.4,0.9,45.0,6.0,3.0,Tottenham Hotspur,2021
3169,2021-01-02,12:30,Matchweek 17,Home,W,3,0,Leeds United,2.6,1.1,37.0,19.0,6.0,Tottenham Hotspur,2021
3170,2021-01-13,20:15,Matchweek 16,Home,D,1,1,Fulham,2.4,1.1,53.0,15.0,6.0,Tottenham Hotspur,2021
3171,2021-01-17,14:00,Matchweek 19,Away,W,3,1,Sheffield United,1.0,0.9,57.0,14.0,5.0,Tottenham Hotspur,2021
3172,2021-01-28,20:00,Matchweek 20,Home,L,1,3,Liverpool,0.1,2.5,50.0,3.0,2.0,Tottenham Hotspur,2021
3173,2021-01-31,19:15,Matchweek 21,Away,L,0,1,Brighton,0.4,1.6,57.0,8.0,4.0,Tottenham Hotspur,2021
3174,2021-02-04,20:00,Matchweek 22,Home,L,0,1,Chelsea,0.6,1.6,43.0,7.0,2.0,Tottenham Hotspur,2021
3175,2021-02-07,12:00,Matchweek 23,Home,W,2,0,West Brom,1.5,0.6,65.0,13.0,6.0,Tottenham Hotspur,2021
3176,2021-02-13,17:30,Matchweek 24,Away,L,0,3,Manchester City,0.3,2.2,40.0,7.0,3.0,Tottenham Hotspur,2021
3177,2021-02-21,12:00,Matchweek 25,Away,L,1,2,West Ham,1.1,1.1,68.0,20.0,4.0,Tottenham Hotspur,2021
3178,2021-02-28,14:00,Matchweek 26,Home,W,4,0,Burnley,2.1,0.7,58.0,16.0,7.0,Tottenham Hotspur,2021
3179,2021-03-04,18:00,Matchweek 33,Away,W,1,0,Fulham,1.6,0.7,40.0,9.0,2.0,Tottenham Hotspur,2021
3180,2021-03-07,19:15,Matchweek 27,Home,W,4,1,Crystal Palace,2.7,0.5,63.0,12.0,5.0,Tottenham Hotspur,2021
3181,2021-03-14,16:30,Matchweek 28,Away,L,1,2,Arsenal,0.4,1.7,48.0,6.0,3.0,Tottenham Hotspur,2021
3182,2021-03-21,19:30,Matchweek 18,Away,W,2,0,Aston Villa,1.8,0.4,50.0,8.0,2.0,Tottenham Hotspur,2021
3183,2021-04-04,14:05,Matchweek 30,Away,D,2,2,Newcastle United,2.7,3.4,58.0,11.0,4.0,Tottenham Hotspur,2021
3184,2021-04-11,16:30,Matchweek 31,Home,L,1,3,Manchester United,0.9,2.1,47.0,12.0,3.0,Tottenham Hotspur,2021
3185,2021-04-16,20:00,Matchweek 32,Away,D,2,2,Everton,1.4,1.8,47.0,12.0,3.0,Tottenham Hotspur,2021
3186,2021-04-21,18:00,Matchweek 29,Home,W,2,1,Southampton,1.4,0.8,62.0,11.0,2.0,Tottenham Hotspur,2021
3187,2021-05-02,19:15,Matchweek 34,Home,W,4,0,Sheffield United,2.2,0.5,66.0,20.0,10.0,Tottenham Hotspur,2021
3188,2021-05-08,12:30,Matchweek 35,Away,L,1,3,Leeds United,0.9,2.5,47.0,11.0,3.0,Tottenham Hotspur,2021
3189,2021-05-16,14:05,Matchweek 36,Home,W,2,0,Wolverhampton Wanderers,3.2,0.9,62.0,24.0,11.0,Tottenham Hotspur,2021
3190,2021-05-19,18:00,Matchweek 37,Home,L,1,2,Aston Villa,0.8,1.4,60.0,10.0,4.0,Tottenham Hotspur,2021
3191,2021-05-23,16:00,Matchweek 38,Away,W,4,2,Leicester City,1.5,1.9,53.0,11.0,4.0,Tottenham Hotspur,2021
3192,2021-08-15,16:30,Matchweek 1,Home,W,1,0,Manchester City,1.0,1.8,35.0,13.0,2.0,Tottenham Hotspur,2022
3193,2021-08-22,14:00,Matchweek 2,Away,W,1,0,Wolverhampton Wanderers,1.7,1.7,42.0,7.0,5.0,Tottenham Hotspur,2022
3194,2021-08-29,14:00,Matchweek 3,Home,W,1,0,Watford,1.0,0.8,57.0,15.0,8.0,Tottenham Hotspur,2022
3195,2021-09-11,12:30,Matchweek 4,Away,L,0,3,Crystal Palace,0.1,2.1,38.0,2.0,1.0,Tottenham Hotspur,2022
3196,2021-09-19,16:30,Matchweek 5,Home,L,0,3,Chelsea,0.5,2.1,47.0,8.0,2.0,Tottenham Hotspur,2022
3197,2021-09-26,16:30,Matchweek 6,Away,L,1,3,Arsenal,1.0,1.1,54.0,10.0,4.0,Tottenham Hotspur,2022
3198,2021-10-03,14:00,Matchweek 7,Home,W,2,1,Aston Villa,1.3,1.2,56.0,17.0,7.0,Tottenham Hotspur,2022
3199,2021-10-17,16:30,Matchweek 8,Away,W,3,2,Newcastle United,1.7,0.4,64.0,14.0,4.0,Tottenham Hotspur,2022
3200,2021-10-24,14:00,Matchweek 9,Away,L,0,1,West Ham,0.7,1.3,62.0,7.0,4.0,Tottenham Hotspur,2022
3201,2021-10-30,17:30,Matchweek 10,Home,L,0,3,Manchester United,1.0,1.5,58.0,9.0,0.0,Tottenham Hotspur,2022
3202,2021-11-07,14:00,Matchweek 11,Away,D,0,0,Everton,0.7,0.6,55.0,8.0,0.0,Tottenham Hotspur,2022
3203,2021-11-21,16:30,Matchweek 12,Home,W,2,1,Leeds United,2.1,1.4,43.0,13.0,4.0,Tottenham Hotspur,2022
3204,2021-12-02,19:30,Matchweek 14,Home,W,2,0,Brentford,1.9,0.3,47.0,11.0,6.0,Tottenham Hotspur,2022
3205,2021-12-05,14:00,Matchweek 15,Home,W,3,0,Norwich City,1.6,1.2,41.0,17.0,7.0,Tottenham Hotspur,2022
3206,2021-12-19,16:30,Matchweek 18,Home,D,2,2,Liverpool,3.0,1.1,44.0,10.0,5.0,Tottenham Hotspur,2022
3207,2021-12-26,15:00,Matchweek 19,Home,W,3,0,Crystal Palace,2.3,0.2,60.0,17.0,6.0,Tottenham Hotspur,2022
3208,2021-12-28,15:00,Matchweek 20,Away,D,1,1,Southampton,2.3,0.4,65.0,20.0,10.0,Tottenham Hotspur,2022
3209,2022-01-01,15:00,Matchweek 21,Away,W,1,0,Watford,2.2,0.3,74.0,21.0,9.0,Tottenham Hotspur,2022
3210,2022-01-19,19:30,Matchweek 17,Away,W,3,2,Leicester City,3.1,1.2,51.0,27.0,8.0,Tottenham Hotspur,2022
3211,2022-01-23,16:30,Matchweek 23,Away,L,0,2,Chelsea,0.5,1.2,36.0,6.0,3.0,Tottenham Hotspur,2022
3212,2022-02-09,19:45,Matchweek 24,Home,L,2,3,Southampton,1.4,2.2,48.0,8.0,3.0,Tottenham Hotspur,2022
3213,2022-02-13,14:00,Matchweek 25,Home,L,0,2,Wolverhampton Wanderers,1.2,1.3,58.0,17.0,7.0,Tottenham Hotspur,2022
3214,2022-02-19,17:30,Matchweek 26,Away,W,3,2,Manchester City,1.4,2.1,29.0,6.0,5.0,Tottenham Hotspur,2022
3215,2022-02-23,19:30,Matchweek 13,Away,L,0,1,Burnley,0.7,0.9,66.0,12.0,2.0,Tottenham Hotspur,2022
3216,2022-02-26,12:30,Matchweek 27,Away,W,4,0,Leeds United,1.9,1.5,50.0,15.0,10.0,Tottenham Hotspur,2022
3217,2022-03-07,20:00,Matchweek 28,Home,W,5,0,Everton,2.5,0.2,55.0,14.0,7.0,Tottenham Hotspur,2022
3218,2022-03-12,17:30,Matchweek 29,Away,L,2,3,Manchester United,1.5,1.0,57.0,9.0,1.0,Tottenham Hotspur,2022
3219,2022-03-16,19:30,Matchweek 16,Away,W,2,0,Brighton,2.2,0.7,52.0,17.0,7.0,Tottenham Hotspur,2022
3220,2022-03-20,16:30,Matchweek 30,Home,W,3,1,West Ham,3.0,0.6,53.0,17.0,4.0,Tottenham Hotspur,2022
3221,2022-04-03,16:30,Matchweek 31,Home,W,5,1,Newcastle United,3.1,0.5,60.0,19.0,6.0,Tottenham Hotspur,2022
3222,2022-04-09,17:30,Matchweek 32,Away,W,4,0,Aston Villa,1.1,1.6,48.0,11.0,5.0,Tottenham Hotspur,2022
3223,2022-04-16,12:30,Matchweek 33,Home,L,0,1,Brighton,0.5,0.6,49.0,5.0,0.0,Tottenham Hotspur,2022
3224,2022-04-23,17:30,Matchweek 34,Away,D,0,0,Brentford,0.6,0.9,56.0,9.0,0.0,Tottenham Hotspur,2022
3225,2022-05-01,14:00,Matchweek 35,Home,W,3,1,Leicester City,1.2,0.5,40.0,13.0,7.0,Tottenham Hotspur,2022
3226,2022-05-07,19:45,Matchweek 36,Away,D,1,1,Liverpool,0.9,1.3,36.0,8.0,3.0,Tottenham Hotspur,2022
3227,2022-05-12,19:45,Matchweek 22,Home,W,3,0,Arsenal,2.7,0.5,57.0,15.0,5.0,Tottenham Hotspur,2022
3228,2022-05-15,12:00,Matchweek 37,Home,W,1,0,Burnley,2.2,0.7,68.0,20.0,6.0,Tottenham Hotspur,2022
3229,2022-05-22,16:00,Matchweek 38,Away,W,5,0,Norwich City,3.4,0.5,59.0,19.0,12.0,Tottenham Hotspur,2022
3230,2022-08-06,15:00,Matchweek 1,Home,W,4,1,Southampton,1.5,0.5,58.0,18.0,8.0,Tottenham Hotspur,2023
3231,2022-08-14,16:30,Matchweek 2,Away,D,2,2,Chelsea,1.0,1.6,37.0,10.0,5.0,Tottenham Hotspur,2023
3232,2022-08-20,12:30,Matchweek 3,Home,W,1,0,Wolverhampton Wanderers,1.7,0.7,50.0,11.0,4.0,Tottenham Hotspur,2023
3233,2022-08-28,16:30,Matchweek 4,Away,W,2,0,Nottingham Forest,2.4,0.9,45.0,17.0,5.0,Tottenham Hotspur,2023
3234,2022-08-31,19:45,Matchweek 5,Away,D,1,1,West Ham,0.6,1.2,61.0,12.0,3.0,Tottenham Hotspur,2023
3235,2022-09-03,15:00,Matchweek 6,Home,W,2,1,Fulham,2.9,0.7,52.0,23.0,10.0,Tottenham Hotspur,2023
3236,2022-09-17,17:30,Matchweek 8,Home,W,6,2,Leicester City,2.2,1.8,44.0,16.0,11.0,Tottenham Hotspur,2023
3237,2022-10-01,12:30,Matchweek 9,Away,L,1,3,Arsenal,1.6,2.4,36.0,6.0,2.0,Tottenham Hotspur,2023
3238,2022-10-08,17:30,Matchweek 10,Away,W,1,0,Brighton,0.8,0.7,41.0,8.0,3.0,Tottenham Hotspur,2023
3239,2022-10-15,17:30,Matchweek 11,Home,W,2,0,Everton,2.2,0.4,62.0,20.0,6.0,Tottenham Hotspur,2023
3240,2022-10-19,20:15,Matchweek 12,Away,L,0,2,Manchester United,0.6,1.5,48.0,9.0,2.0,Tottenham Hotspur,2023
3241,2022-10-23,16:30,Matchweek 13,Home,L,1,2,Newcastle United,1.6,1.2,53.0,17.0,4.0,Tottenham Hotspur,2023
3242,2022-10-29,15:00,Matchweek 14,Away,W,3,2,Bournemouth,2.0,0.5,69.0,23.0,7.0,Tottenham Hotspur,2023
3243,2022-11-06,16:30,Matchweek 15,Home,L,1,2,Liverpool,1.2,1.2,47.0,14.0,5.0,Tottenham Hotspur,2023
3244,2022-11-12,15:00,Matchweek 16,Home,W,4,3,Leeds United,1.8,1.1,55.0,14.0,7.0,Tottenham Hotspur,2023
3245,2022-12-26,12:30,Matchweek 17,Away,D,2,2,Brentford,1.1,2.0,61.0,15.0,8.0,Tottenham Hotspur,2023
3246,2023-01-01,14:00,Matchweek 18,Home,L,0,2,Aston Villa,0.7,1.0,59.0,6.0,1.0,Tottenham Hotspur,2023
3247,2023-01-04,20:00,Matchweek 19,Away,W,4,0,Crystal Palace,1.4,0.8,53.0,14.0,6.0,Tottenham Hotspur,2023
3248,2023-01-15,16:30,Matchweek 20,Home,L,0,2,Arsenal,1.6,1.8,51.0,17.0,7.0,Tottenham Hotspur,2023
3249,2023-01-19,20:00,Matchweek 7,Away,L,2,4,Manchester City,0.8,2.3,42.0,9.0,3.0,Tottenham Hotspur,2023
3250,2023-01-23,20:00,Matchweek 21,Away,W,1,0,Fulham,0.9,1.0,46.0,10.0,3.0,Tottenham Hotspur,2023
3251,2023-02-05,16:30,Matchweek 22,Home,W,1,0,Manchester City,1.4,1.3,36.0,12.0,3.0,Tottenham Hotspur,2023
3252,2023-02-11,15:00,Matchweek 23,Away,L,1,4,Leicester City,1.3,1.7,51.0,11.0,4.0,Tottenham Hotspur,2023
3253,2023-02-19,16:30,Matchweek 24,Home,W,2,0,West Ham,1.5,0.5,57.0,16.0,6.0,Tottenham Hotspur,2023
3254,2023-02-26,13:30,Matchweek 25,Home,W,2,0,Chelsea,0.8,0.4,41.0,8.0,3.0,Tottenham Hotspur,2023
3255,2023-03-04,15:00,Matchweek 26,Away,L,0,1,Wolverhampton Wanderers,1.2,0.5,54.0,21.0,6.0,Tottenham Hotspur,2023
3256,2023-03-11,15:00,Matchweek 27,Home,W,3,1,Nottingham Forest,2.0,1.5,55.0,14.0,6.0,Tottenham Hotspur,2023
3257,2023-03-18,15:00,Matchweek 28,Away,D,3,3,Southampton,2.3,2.4,49.0,17.0,3.0,Tottenham Hotspur,2023
3258,2023-04-03,20:00,Matchweek 29,Away,D,1,1,Everton,1.4,0.9,61.0,7.0,0.0,Tottenham Hotspur,2023
3259,2023-04-08,15:00,Matchweek 30,Home,W,2,1,Brighton,0.8,1.4,35.0,9.0,3.0,Tottenham Hotspur,2023
3260,2023-04-15,15:00,Matchweek 31,Home,L,2,3,Bournemouth,2.2,1.3,58.0,24.0,8.0,Tottenham Hotspur,2023
3261,2023-04-23,14:00,Matchweek 32,Away,L,1,6,Newcastle United,1.0,3.7,44.0,11.0,3.0,Tottenham Hotspur,2023
3262,2023-04-27,20:15,Matchweek 33,Home,D,2,2,Manchester United,2.5,2.0,40.0,18.0,7.0,Tottenham Hotspur,2023
3263,2023-04-30,16:30,Matchweek 34,Away,L,3,4,Liverpool,2.0,2.2,33.0,10.0,6.0,Tottenham Hotspur,2023
3264,2023-05-06,15:00,Matchweek 35,Home,W,1,0,Crystal Palace,0.9,0.4,56.0,8.0,3.0,Tottenham Hotspur,2023
3265,2023-05-13,15:00,Matchweek 36,Away,L,1,2,Aston Villa,1.4,1.2,52.0,4.0,1.0,Tottenham Hotspur,2023
3266,2023-05-20,12:30,Matchweek 37,Home,L,1,3,Brentford,1.7,1.2,61.0,22.0,7.0,Tottenham Hotspur,2023
3267,2023-05-28,16:30,Matchweek 38,Away,W,4,1,Leeds United,2.2,1.5,48.0,11.0,7.0,Tottenham Hotspur,2023
3268,2023-08-13,14:00,Matchweek 1,Away,D,2,2,Brentford,1.3,2.2,69.0,18.0,6.0,Tottenham Hotspur,2024
3269,2023-08-19,17:30,Matchweek 2,Home,W,2,0,Manchester United,1.7,2.1,55.0,17.0,6.0,Tottenham Hotspur,2024
3270,2023-08-26,12:30,Matchweek 3,Away,W,2,0,Bournemouth,2.1,0.7,56.0,17.0,6.0,Tottenham Hotspur,2024
3271,2023-09-02,15:00,Matchweek 4,Away,W,5,2,Burnley,2.2,1.3,53.0,21.0,11.0,Tottenham Hotspur,2024
3272,2023-09-16,15:00,Matchweek 5,Home,W,2,1,Sheffield United,2.1,0.7,70.0,28.0,10.0,Tottenham Hotspur,2024
3273,2023-09-24,14:00,Matchweek 6,Away,D,2,2,Arsenal,1.4,1.8,53.0,13.0,5.0,Tottenham Hotspur,2024
3274,2023-09-30,17:30,Matchweek 7,Home,W,2,1,Liverpool,2.2,1.3,64.0,24.0,8.0,Tottenham Hotspur,2024
3275,2023-10-07,12:30,Matchweek 8,Away,W,1,0,Luton Town,1.9,0.8,66.0,15.0,4.0,Tottenham Hotspur,2024
3276,2023-10-23,20:00,Matchweek 9,Home,W,2,0,Fulham,1.5,1.0,55.0,15.0,5.0,Tottenham Hotspur,2024
3277,2023-10-27,20:00,Matchweek 10,Away,W,2,1,Crystal Palace,1.1,0.6,75.0,10.0,1.0,Tottenham Hotspur,2024
3278,2023-11-06,20:00,Matchweek 11,Home,L,1,4,Chelsea,0.9,4.1,40.0,8.0,5.0,Tottenham Hotspur,2024
3279,2023-11-11,12:30,Matchweek 12,Away,L,1,2,Wolverhampton Wanderers,0.7,2.1,58.0,6.0,2.0,Tottenham Hotspur,2024
3280,2023-11-26,14:00,Matchweek 13,Home,L,1,2,Aston Villa,2.3,1.7,62.0,18.0,7.0,Tottenham Hotspur,2024
3281,2023-12-03,16:30,Matchweek 14,Away,D,3,3,Manchester City,0.5,2.6,45.0,8.0,4.0,Tottenham Hotspur,2024
3282,2023-12-07,20:15,Matchweek 15,Home,L,1,2,West Ham,1.8,2.2,74.0,23.0,6.0,Tottenham Hotspur,2024
3283,2023-12-10,16:30,Matchweek 16,Home,W,4,1,Newcastle United,3.8,1.7,56.0,22.0,10.0,Tottenham Hotspur,2024
3284,2023-12-15,20:00,Matchweek 17,Away,W,2,0,Nottingham Forest,1.5,1.3,66.0,12.0,6.0,Tottenham Hotspur,2024
3285,2023-12-23,15:00,Matchweek 18,Home,W,2,1,Everton,1.5,1.8,61.0,13.0,6.0,Tottenham Hotspur,2024
3286,2023-12-28,19:30,Matchweek 19,Away,L,2,4,Brighton,2.3,3.2,55.0,19.0,3.0,Tottenham Hotspur,2024
3287,2023-12-31,14:00,Matchweek 20,Home,W,3,1,Bournemouth,2.3,1.7,50.0,12.0,6.0,Tottenham Hotspur,2024
3288,2024-01-14,16:30,Matchweek 21,Away,D,2,2,Manchester United,1.2,0.8,63.0,16.0,5.0,Tottenham Hotspur,2024
3289,2024-01-31,19:30,Matchweek 22,Home,W,3,2,Brentford,2.9,1.6,67.0,19.0,5.0,Tottenham Hotspur,2024
3290,2024-02-03,12:30,Matchweek 23,Away,D,2,2,Everton,1.0,2.6,57.0,9.0,6.0,Tottenham Hotspur,2024
3291,2024-02-10,15:00,Matchweek 24,Home,W,2,1,Brighton,1.6,1.2,52.0,16.0,6.0,Tottenham Hotspur,2024
3292,2024-02-17,15:00,Matchweek 25,Home,L,1,2,Wolverhampton Wanderers,1.6,1.8,71.0,15.0,4.0,Tottenham Hotspur,2024
3293,2024-03-02,15:00,Matchweek 27,Home,W,3,1,Crystal Palace,1.9,0.3,78.0,14.0,6.0,Tottenham Hotspur,2024
3294,2024-03-10,13:00,Matchweek 28,Away,W,4,0,Aston Villa,1.5,0.8,68.0,9.0,5.0,Tottenham Hotspur,2024
3295,2024-03-16,17:30,Matchweek 29,Away,L,0,3,Fulham,2.4,2.6,57.0,14.0,5.0,Tottenham Hotspur,2024
3296,2024-03-30,15:00,Matchweek 30,Home,W,2,1,Luton Town,2.9,0.5,70.0,17.0,2.0,Tottenham Hotspur,2024
3297,2024-04-02,20:15,Matchweek 31,Away,D,1,1,West Ham,1.0,1.5,67.0,13.0,4.0,Tottenham Hotspur,2024
3298,2024-04-07,18:00,Matchweek 32,Home,W,3,1,Nottingham Forest,1.5,1.5,63.0,17.0,7.0,Tottenham Hotspur,2024
3299,2024-04-13,12:30,Matchweek 33,Away,L,0,4,Newcastle United,0.8,2.8,72.0,11.0,2.0,Tottenham Hotspur,2024
3300,2024-04-28,14:00,Matchweek 35,Home,L,2,3,Arsenal,2.3,1.0,62.0,14.0,1.0,Tottenham Hotspur,2024
3301,2024-05-02,19:30,Matchweek 26,Away,L,0,2,Chelsea,1.6,2.2,63.0,19.0,3.0,Tottenham Hotspur,2024
3302,2024-05-05,16:30,Matchweek 36,Away,L,2,4,Liverpool,1.2,3.3,56.0,11.0,6.0,Tottenham Hotspur,2024
3303,2024-05-11,15:00,Matchweek 37,Home,W,2,1,Burnley,2.7,0.7,63.0,21.0,9.0,Tottenham Hotspur,2024
3304,2024-05-14,20:00,Matchweek 34,Home,L,0,2,Manchester City,1.7,2.4,53.0,10.0,5.0,Tottenham Hotspur,2024
3305,2024-05-19,16:00,Matchweek 38,Away,W,3,0,Sheffield United,3.1,1.0,75.0,18.0,9.0,Tottenham Hotspur,2024
3306,2024-08-19,20:00,Matchweek 1,Away,D,1,1,Leicester City,1.2,1.0,70.0,15.0,6.0,Tottenham Hotspur,2025
3307,2024-08-24,15:00,Matchweek 2,Home,W,4,0,Everton,2.4,1.0,70.0,13.0,7.0,Tottenham Hotspur,2025
3308,2024-09-01,13:30,Matchweek 3,Away,L,1,2,Newcastle United,1.2,1.8,65.0,20.0,6.0,Tottenham Hotspur,2025
3309,2024-09-15,14:00,Matchweek 4,Home,L,0,1,Arsenal,0.7,0.7,63.0,15.0,5.0,Tottenham Hotspur,2025
3310,2024-09-21,15:00,Matchweek 5,Home,W,3,1,Brentford,3.5,0.8,48.0,23.0,9.0,Tottenham Hotspur,2025
3311,2024-09-29,16:30,Matchweek 6,Away,W,3,0,Manchester United,4.4,1.0,61.0,24.0,10.0,Tottenham Hotspur,2025
3312,2024-10-06,16:30,Matchweek 7,Away,L,2,3,Brighton,1.3,1.8,59.0,13.0,3.0,Tottenham Hotspur,2025
3313,2024-10-19,12:30,Matchweek 8,Home,W,4,1,West Ham,1.9,0.8,57.0,22.0,7.0,Tottenham Hotspur,2025
3314,2024-10-27,14:00,Matchweek 9,Away,L,0,1,Crystal Palace,0.7,0.8,66.0,11.0,3.0,Tottenham Hotspur,2025
3315,2024-11-03,14:00,Matchweek 10,Home,W,4,1,Aston Villa,2.4,1.8,51.0,16.0,6.0,Tottenham Hotspur,2025
3316,2024-11-10,14:00,Matchweek 11,Home,L,1,2,Ipswich Town,1.5,1.6,66.0,17.0,5.0,Tottenham Hotspur,2025
3317,2024-11-23,17:30,Matchweek 12,Away,W,4,0,Manchester City,2.5,2.1,42.0,9.0,7.0,Tottenham Hotspur,2025
3318,2024-12-01,13:30,Matchweek 13,Home,D,1,1,Fulham,0.8,1.5,51.0,8.0,3.0,Tottenham Hotspur,2025
3319,2024-12-05,20:15,Matchweek 14,Away,L,0,1,Bournemouth,0.9,3.5,65.0,12.0,4.0,Tottenham Hotspur,2025
3320,2024-12-08,16:30,Matchweek 15,Home,L,3,4,Chelsea,2.8,2.8,39.0,13.0,5.0,Tottenham Hotspur,2025
3321,2024-12-15,19:00,Matchweek 16,Away,W,5,0,Southampton,2.3,0.8,58.0,18.0,9.0,Tottenham Hotspur,2025
3322,2024-12-22,16:30,Matchweek 17,Home,L,3,6,Liverpool,1.3,5.6,52.0,9.0,5.0,Tottenham Hotspur,2025
3323,2024-12-26,15:00,Matchweek 18,Away,L,0,1,Nottingham Forest,0.9,1.1,70.0,13.0,4.0,Tottenham Hotspur,2025
3324,2024-12-29,15:00,Matchweek 19,Home,D,2,2,Wolverhampton Wanderers,2.2,0.7,48.0,12.0,2.0,Tottenham Hotspur,2025
3325,2025-01-04,12:30,Matchweek 20,Home,L,1,2,Newcastle United,0.9,2.5,56.0,13.0,4.0,Tottenham Hotspur,2025
3326,2025-01-15,20:00,Matchweek 21,Away,L,1,2,Arsenal,0.8,1.4,47.0,10.0,2.0,Tottenham Hotspur,2025
3327,2025-01-19,14:00,Matchweek 22,Away,L,2,3,Everton,1.1,1.8,64.0,11.0,5.0,Tottenham Hotspur,2025
3328,2025-01-26,14:00,Matchweek 23,Home,L,1,2,Leicester City,1.0,1.6,61.0,15.0,6.0,Tottenham Hotspur,2025
3329,2025-02-02,14:00,Matchweek 24,Away,W,2,0,Brentford,0.8,2.1,46.0,13.0,2.0,Tottenham Hotspur,2025
3330,2025-02-16,16:30,Matchweek 25,Home,W,1,0,Manchester United,2.2,1.5,55.0,22.0,7.0,Tottenham Hotspur,2025
3331,2025-02-22,15:00,Matchweek 26,Away,W,4,1,Ipswich Town,1.7,1.1,58.0,10.0,6.0,Tottenham Hotspur,2025
3332,2025-02-26,19:30,Matchweek 27,Home,L,0,1,Manchester City,1.3,2.1,55.0,11.0,6.0,Tottenham Hotspur,2025
3333,2025-03-09,14:00,Matchweek 28,Home,D,2,2,Bournemouth,1.5,2.2,61.0,11.0,3.0,Tottenham Hotspur,2025
3334,2025-03-16,13:30,Matchweek 29,Away,L,0,2,Fulham,0.9,1.0,43.0,12.0,4.0,Tottenham Hotspur,2025
3335,2025-04-03,20:00,Matchweek 30,Away,L,0,1,Chelsea,0.9,1.0,49.0,8.0,2.0,Tottenham Hotspur,2025
3336,2025-04-06,14:00,Matchweek 31,Home,W,3,1,Southampton,2.1,1.0,51.0,12.0,7.0,Tottenham Hotspur,2025
3337,2025-04-13,14:00,Matchweek 32,Away,L,2,4,Wolverhampton Wanderers,2.0,2.4,63.0,11.0,4.0,Tottenham Hotspur,2025
3338,2025-04-21,20:00,Matchweek 33,Home,L,1,2,Nottingham Forest,2.1,0.5,69.0,22.0,5.0,Tottenham Hotspur,2025
3339,2025-04-27,16:30,Matchweek 34,Away,L,1,5,Liverpool,0.5,2.2,39.0,8.0,3.0,Tottenham Hotspur,2025
3340,2025-05-04,14:00,Matchweek 35,Away,D,1,1,West Ham,0.8,0.8,45.0,7.0,2.0,Tottenham Hotspur,2025
3341,2025-05-11,14:15,Matchweek 36,Home,L,0,2,Crystal Palace,0.7,3.3,48.0,8.0,1.0,Tottenham Hotspur,2025
3342,2025-05-16,19:30,Matchweek 37,Away,L,0,2,Aston Villa,0.5,1.4,33.0,3.0,1.0,Tottenham Hotspur,2025
3343,2025-05-25,16:00,Matchweek 38,Home,L,1,4,Brighton,2.0,2.2,34.0,3.0,1.0,Tottenham Hotspur,2025
3344,2021-08-14,15:00,Matchweek 1,Home,W,3,2,Aston Villa,1.2,1.2,38.0,13.0,7.0,Watford,2022
3345,2021-08-21,17:30,Matchweek 2,Away,L,0,2,Brighton,0.5,1.3,44.0,10.0,1.0,Watford,2022
3346,2021-08-29,14:00,Matchweek 3,Away,L,0,1,Tottenham Hotspur,0.8,1.0,43.0,9.0,2.0,Watford,2022
3347,2021-09-11,15:00,Matchweek 4,Home,L,0,2,Wolverhampton Wanderers,0.2,2.2,45.0,6.0,2.0,Watford,2022
3348,2021-09-18,15:00,Matchweek 5,Away,W,3,1,Norwich City,2.4,1.0,51.0,12.0,8.0,Watford,2022
3349,2021-09-25,15:00,Matchweek 6,Home,D,1,1,Newcastle United,0.9,1.9,53.0,15.0,4.0,Watford,2022
3350,2021-10-02,15:00,Matchweek 7,Away,L,0,1,Leeds United,0.2,1.3,34.0,5.0,1.0,Watford,2022
3351,2021-10-16,12:30,Matchweek 8,Home,L,0,5,Liverpool,0.5,3.3,25.0,6.0,2.0,Watford,2022
3352,2021-10-23,15:00,Matchweek 9,Away,W,5,2,Everton,3.7,1.5,51.0,20.0,8.0,Watford,2022
3353,2021-10-30,15:00,Matchweek 10,Home,L,0,1,Southampton,1.0,1.8,40.0,10.0,3.0,Watford,2022
3354,2021-11-07,14:00,Matchweek 11,Away,L,0,1,Arsenal,0.5,1.6,40.0,7.0,1.0,Watford,2022
3355,2021-11-20,15:00,Matchweek 12,Home,W,4,1,Manchester United,2.7,1.4,39.0,19.0,6.0,Watford,2022
3356,2021-11-28,14:00,Matchweek 13,Away,L,2,4,Leicester City,2.8,2.1,44.0,16.0,4.0,Watford,2022
3357,2021-12-01,19:30,Matchweek 14,Home,L,1,2,Chelsea,1.0,0.9,51.0,14.0,6.0,Watford,2022
3358,2021-12-04,17:30,Matchweek 15,Home,L,1,3,Manchester City,0.8,3.1,23.0,11.0,4.0,Watford,2022
3359,2021-12-10,20:00,Matchweek 16,Away,L,1,2,Brentford,0.5,1.6,37.0,6.0,2.0,Watford,2022
3360,2021-12-28,15:00,Matchweek 20,Home,L,1,4,West Ham,1.6,3.6,43.0,14.0,5.0,Watford,2022
3361,2022-01-01,15:00,Matchweek 21,Home,L,0,1,Tottenham Hotspur,0.3,2.2,26.0,6.0,4.0,Watford,2022
3362,2022-01-15,15:00,Matchweek 22,Away,D,1,1,Newcastle United,1.4,1.2,48.0,18.0,5.0,Watford,2022
3363,2022-01-21,20:00,Matchweek 23,Home,L,0,3,Norwich City,1.2,1.1,67.0,15.0,3.0,Watford,2022
3364,2022-02-05,18:00,Matchweek 17,Away,D,0,0,Burnley,0.8,0.6,47.0,11.0,5.0,Watford,2022
3365,2022-02-08,19:45,Matchweek 24,Away,L,0,1,West Ham,0.3,0.8,36.0,6.0,1.0,Watford,2022
3366,2022-02-12,15:00,Matchweek 25,Home,L,0,2,Brighton,0.5,1.6,36.0,9.0,1.0,Watford,2022
3367,2022-02-19,15:00,Matchweek 26,Away,W,1,0,Aston Villa,1.2,1.3,41.0,8.0,4.0,Watford,2022
3368,2022-02-23,19:30,Matchweek 18,Home,L,1,4,Crystal Palace,1.4,1.1,46.0,8.0,1.0,Watford,2022
3369,2022-02-26,15:00,Matchweek 27,Away,D,0,0,Manchester United,0.6,2.8,33.0,10.0,2.0,Watford,2022
3370,2022-03-06,14:00,Matchweek 28,Home,L,2,3,Arsenal,1.0,1.0,44.0,13.0,7.0,Watford,2022
3371,2022-03-10,19:30,Matchweek 19,Away,L,0,4,Wolverhampton Wanderers,0.6,0.7,34.0,9.0,0.0,Watford,2022
3372,2022-03-13,14:00,Matchweek 29,Away,W,2,1,Southampton,1.7,1.4,37.0,9.0,5.0,Watford,2022
3373,2022-04-02,12:30,Matchweek 31,Away,L,0,2,Liverpool,0.6,2.2,27.0,5.0,2.0,Watford,2022
3374,2022-04-09,15:00,Matchweek 32,Home,L,0,3,Leeds United,1.1,0.7,49.0,8.0,1.0,Watford,2022
3375,2022-04-16,15:00,Matchweek 33,Home,L,1,2,Brentford,1.7,1.9,50.0,18.0,4.0,Watford,2022
3376,2022-04-23,15:00,Matchweek 34,Away,L,1,5,Manchester City,0.5,3.6,27.0,5.0,2.0,Watford,2022
3377,2022-04-30,15:00,Matchweek 35,Home,L,1,2,Burnley,1.0,1.6,47.0,13.0,1.0,Watford,2022
3378,2022-05-07,15:00,Matchweek 36,Away,L,0,1,Crystal Palace,0.4,2.2,33.0,6.0,1.0,Watford,2022
3379,2022-05-11,19:45,Matchweek 30,Home,D,0,0,Everton,0.3,0.7,48.0,6.0,0.0,Watford,2022
3380,2022-05-15,14:00,Matchweek 37,Home,L,1,5,Leicester City,1.4,2.5,41.0,13.0,5.0,Watford,2022
3381,2022-05-22,16:00,Matchweek 38,Away,L,1,2,Chelsea,0.6,2.2,29.0,8.0,3.0,Watford,2022
3382,2020-09-13,14:00,Matchweek 1,Home,L,0,3,Leicester City,0.4,2.8,36.0,7.0,1.0,West Brom,2021
3383,2020-09-19,12:30,Matchweek 2,Away,L,2,5,Everton,0.3,3.9,29.0,6.0,4.0,West Brom,2021
3384,2020-09-26,17:30,Matchweek 3,Home,D,3,3,Chelsea,0.6,2.0,25.0,9.0,3.0,West Brom,2021
3385,2020-10-04,12:00,Matchweek 4,Away,L,0,2,Southampton,0.2,1.2,38.0,5.0,2.0,West Brom,2021
3386,2020-10-19,17:30,Matchweek 5,Home,D,0,0,Burnley,0.8,1.1,57.0,13.0,6.0,West Brom,2021
3387,2020-10-26,17:30,Matchweek 6,Away,D,1,1,Brighton,0.4,0.5,50.0,9.0,3.0,West Brom,2021
3388,2020-11-02,17:30,Matchweek 7,Away,L,0,2,Fulham,0.5,1.5,53.0,10.0,1.0,West Brom,2021
3389,2020-11-08,12:00,Matchweek 8,Home,L,0,1,Tottenham Hotspur,0.8,1.9,42.0,12.0,2.0,West Brom,2021
3390,2020-11-21,20:00,Matchweek 9,Away,L,0,1,Manchester United,0.6,2.4,37.0,7.0,2.0,West Brom,2021
3391,2020-11-28,20:00,Matchweek 10,Home,W,1,0,Sheffield United,1.2,2.9,49.0,17.0,6.0,West Brom,2021
3392,2020-12-06,12:00,Matchweek 11,Home,L,1,5,Crystal Palace,0.7,1.6,50.0,9.0,4.0,West Brom,2021
3393,2020-12-12,15:00,Matchweek 12,Away,L,1,2,Newcastle United,0.6,0.8,54.0,13.0,3.0,West Brom,2021
3394,2020-12-15,20:00,Matchweek 13,Away,D,1,1,Manchester City,0.4,2.2,23.0,5.0,1.0,West Brom,2021
3395,2020-12-20,19:15,Matchweek 14,Home,L,0,3,Aston Villa,0.0,2.4,33.0,1.0,1.0,West Brom,2021
3396,2020-12-27,16:30,Matchweek 15,Away,D,1,1,Liverpool,0.6,1.5,23.0,5.0,3.0,West Brom,2021
3397,2020-12-29,18:00,Matchweek 16,Home,L,0,5,Leeds United,0.5,1.2,25.0,4.0,1.0,West Brom,2021
3398,2021-01-02,20:00,Matchweek 17,Home,L,0,4,Arsenal,1.0,3.7,39.0,7.0,3.0,West Brom,2021
3399,2021-01-16,12:30,Matchweek 19,Away,W,3,2,Wolverhampton Wanderers,2.4,1.5,33.0,10.0,3.0,West Brom,2021
3400,2021-01-19,18:00,Matchweek 18,Away,L,1,2,West Ham,0.5,2.0,41.0,6.0,2.0,West Brom,2021
3401,2021-01-26,20:15,Matchweek 20,Home,L,0,5,Manchester City,0.5,1.8,23.0,4.0,1.0,West Brom,2021
3402,2021-01-30,15:00,Matchweek 21,Home,D,2,2,Fulham,1.0,1.3,38.0,5.0,3.0,West Brom,2021
3403,2021-02-02,18:00,Matchweek 22,Away,L,1,2,Sheffield United,1.6,1.3,32.0,8.0,4.0,West Brom,2021
3404,2021-02-07,12:00,Matchweek 23,Away,L,0,2,Tottenham Hotspur,0.6,1.5,35.0,4.0,1.0,West Brom,2021
3405,2021-02-14,14:00,Matchweek 24,Home,D,1,1,Manchester United,1.0,0.5,27.0,7.0,3.0,West Brom,2021
3406,2021-02-20,15:00,Matchweek 25,Away,D,0,0,Burnley,1.6,0.5,38.0,10.0,2.0,West Brom,2021
3407,2021-02-27,15:00,Matchweek 26,Home,W,1,0,Brighton,0.8,2.9,32.0,6.0,2.0,West Brom,2021
3408,2021-03-04,18:00,Matchweek 29,Home,L,0,1,Everton,1.0,1.0,49.0,11.0,3.0,West Brom,2021
3409,2021-03-07,12:00,Matchweek 27,Home,D,0,0,Newcastle United,2.0,0.5,53.0,13.0,3.0,West Brom,2021
3410,2021-03-13,15:00,Matchweek 28,Away,L,0,1,Crystal Palace,0.8,1.2,55.0,12.0,1.0,West Brom,2021
3411,2021-04-03,12:30,Matchweek 30,Away,W,5,2,Chelsea,1.6,2.1,35.0,14.0,7.0,West Brom,2021
3412,2021-04-12,18:00,Matchweek 31,Home,W,3,0,Southampton,3.0,1.5,40.0,14.0,5.0,West Brom,2021
3413,2021-04-22,20:00,Matchweek 32,Away,L,0,3,Leicester City,0.5,2.1,28.0,4.0,1.0,West Brom,2021
3414,2021-04-25,19:00,Matchweek 33,Away,D,2,2,Aston Villa,1.5,3.2,30.0,9.0,3.0,West Brom,2021
3415,2021-05-03,18:00,Matchweek 34,Home,D,1,1,Wolverhampton Wanderers,1.1,1.0,43.0,10.0,3.0,West Brom,2021
3416,2021-05-09,19:00,Matchweek 35,Away,L,1,3,Arsenal,1.8,0.9,35.0,12.0,1.0,West Brom,2021
3417,2021-05-16,16:30,Matchweek 36,Home,L,1,2,Liverpool,1.0,1.9,24.0,9.0,3.0,West Brom,2021
3418,2021-05-19,20:15,Matchweek 37,Home,L,1,3,West Ham,1.1,3.4,52.0,14.0,4.0,West Brom,2021
3419,2021-05-23,16:00,Matchweek 38,Away,L,1,3,Leeds United,1.0,2.3,36.0,14.0,5.0,West Brom,2021
3420,2020-09-12,20:00,Matchweek 1,Home,L,0,2,Newcastle United,1.0,1.6,58.0,15.0,3.0,West Ham,2021
3421,2020-09-19,20:00,Matchweek 2,Away,L,1,2,Arsenal,2.0,1.1,38.0,14.0,2.0,West Ham,2021
3422,2020-09-27,19:00,Matchweek 3,Home,W,4,0,Wolverhampton Wanderers,2.4,0.5,37.0,15.0,7.0,West Ham,2021
3423,2020-10-04,12:00,Matchweek 4,Away,W,3,0,Leicester City,2.0,0.6,31.0,14.0,6.0,West Ham,2021
3424,2020-10-18,16:30,Matchweek 5,Away,D,3,3,Tottenham Hotspur,1.9,1.7,50.0,13.0,4.0,West Ham,2021
3425,2020-10-24,12:30,Matchweek 6,Home,D,1,1,Manchester City,0.3,1.0,31.0,6.0,2.0,West Ham,2021
3426,2020-10-31,17:30,Matchweek 7,Away,L,1,2,Liverpool,0.3,1.7,28.0,4.0,3.0,West Ham,2021
3427,2020-11-07,20:00,Matchweek 8,Home,W,1,0,Fulham,1.3,1.7,53.0,16.0,7.0,West Ham,2021
3428,2020-11-22,14:00,Matchweek 9,Away,W,1,0,Sheffield United,2.1,0.9,49.0,15.0,3.0,West Ham,2021
3429,2020-11-30,20:00,Matchweek 10,Home,W,2,1,Aston Villa,0.4,2.5,34.0,6.0,2.0,West Ham,2021
3430,2020-12-05,17:30,Matchweek 11,Home,L,1,3,Manchester United,2.0,1.7,40.0,19.0,6.0,West Ham,2021
3431,2020-12-11,20:00,Matchweek 12,Away,W,2,1,Leeds United,1.3,1.6,37.0,19.0,8.0,West Ham,2021
3432,2020-12-16,20:00,Matchweek 13,Home,D,1,1,Crystal Palace,0.4,1.1,52.0,9.0,2.0,West Ham,2021
3433,2020-12-21,20:00,Matchweek 14,Away,L,0,3,Chelsea,0.4,2.0,47.0,6.0,0.0,West Ham,2021
3434,2020-12-27,14:15,Matchweek 15,Home,D,2,2,Brighton,1.3,1.1,44.0,11.0,4.0,West Ham,2021
3435,2020-12-29,18:00,Matchweek 16,Away,D,0,0,Southampton,1.2,0.6,38.0,8.0,3.0,West Ham,2021
3436,2021-01-01,17:30,Matchweek 17,Away,W,1,0,Everton,1.3,0.4,40.0,11.0,5.0,West Ham,2021
3437,2021-01-16,15:00,Matchweek 19,Home,W,1,0,Burnley,1.7,0.5,45.0,15.0,3.0,West Ham,2021
3438,2021-01-19,18:00,Matchweek 18,Home,W,2,1,West Brom,2.0,0.5,59.0,14.0,6.0,West Ham,2021
3439,2021-01-26,18:00,Matchweek 20,Away,W,3,2,Crystal Palace,2.8,0.7,46.0,17.0,7.0,West Ham,2021
3440,2021-01-31,16:30,Matchweek 21,Home,L,1,3,Liverpool,0.8,2.0,33.0,8.0,2.0,West Ham,2021
3441,2021-02-03,20:15,Matchweek 22,Away,W,3,1,Aston Villa,1.7,0.7,44.0,20.0,9.0,West Ham,2021
3442,2021-02-06,17:30,Matchweek 23,Away,D,0,0,Fulham,1.0,1.5,40.0,8.0,1.0,West Ham,2021
3443,2021-02-15,18:00,Matchweek 24,Home,W,3,0,Sheffield United,1.9,0.7,46.0,12.0,8.0,West Ham,2021
3444,2021-02-21,12:00,Matchweek 25,Home,W,2,1,Tottenham Hotspur,1.1,1.1,32.0,4.0,4.0,West Ham,2021
3445,2021-02-27,12:30,Matchweek 26,Away,L,1,2,Manchester City,1.5,0.5,37.0,9.0,3.0,West Ham,2021
3446,2021-03-08,20:00,Matchweek 27,Home,W,2,0,Leeds United,1.8,1.4,35.0,15.0,4.0,West Ham,2021
3447,2021-03-14,19:15,Matchweek 28,Away,L,0,1,Manchester United,0.6,1.5,39.0,7.0,0.0,West Ham,2021
3448,2021-03-21,15:00,Matchweek 29,Home,D,3,3,Arsenal,2.4,1.4,38.0,15.0,5.0,West Ham,2021
3449,2021-04-05,20:15,Matchweek 30,Away,W,3,2,Wolverhampton Wanderers,1.2,2.1,35.0,9.0,6.0,West Ham,2021
3450,2021-04-11,14:05,Matchweek 31,Home,W,3,2,Leicester City,0.8,0.9,37.0,4.0,4.0,West Ham,2021
3451,2021-04-17,12:30,Matchweek 32,Away,L,2,3,Newcastle United,1.9,2.2,66.0,15.0,5.0,West Ham,2021
3452,2021-04-24,17:30,Matchweek 33,Home,L,0,1,Chelsea,0.4,2.5,45.0,9.0,2.0,West Ham,2021
3453,2021-05-03,20:15,Matchweek 34,Away,W,2,1,Burnley,2.3,2.0,55.0,22.0,4.0,West Ham,2021
3454,2021-05-09,16:30,Matchweek 35,Home,L,0,1,Everton,1.3,1.5,68.0,11.0,0.0,West Ham,2021
3455,2021-05-15,20:00,Matchweek 36,Away,D,1,1,Brighton,1.7,0.8,49.0,15.0,2.0,West Ham,2021
3456,2021-05-19,20:15,Matchweek 37,Away,W,3,1,West Brom,3.4,1.1,48.0,20.0,9.0,West Ham,2021
3457,2021-05-23,16:00,Matchweek 38,Home,W,3,0,Southampton,1.3,1.5,38.0,14.0,7.0,West Ham,2021
3458,2021-08-15,14:00,Matchweek 1,Away,W,4,2,Newcastle United,2.7,1.8,54.0,17.0,7.0,West Ham,2022
3459,2021-08-23,20:00,Matchweek 2,Home,W,4,1,Leicester City,2.3,0.6,52.0,19.0,7.0,West Ham,2022
3460,2021-08-28,15:00,Matchweek 3,Home,D,2,2,Crystal Palace,1.3,1.1,47.0,14.0,4.0,West Ham,2022
3461,2021-09-11,15:00,Matchweek 4,Away,D,0,0,Southampton,0.7,0.7,58.0,13.0,3.0,West Ham,2022
3462,2021-09-19,14:00,Matchweek 5,Home,L,1,2,Manchester United,1.6,2.0,40.0,12.0,3.0,West Ham,2022
3463,2021-09-25,15:00,Matchweek 6,Away,W,2,1,Leeds United,1.6,1.2,47.0,20.0,6.0,West Ham,2022
3464,2021-10-03,14:00,Matchweek 7,Home,L,1,2,Brentford,1.5,1.2,59.0,18.0,5.0,West Ham,2022
3465,2021-10-17,14:00,Matchweek 8,Away,W,1,0,Everton,1.2,0.9,61.0,16.0,4.0,West Ham,2022
3466,2021-10-24,14:00,Matchweek 9,Home,W,1,0,Tottenham Hotspur,1.3,0.7,38.0,13.0,4.0,West Ham,2022
3467,2021-10-31,16:30,Matchweek 10,Away,W,4,1,Aston Villa,2.3,0.7,57.0,21.0,8.0,West Ham,2022
3468,2021-11-07,16:30,Matchweek 11,Home,W,3,2,Liverpool,1.0,1.2,31.0,7.0,3.0,West Ham,2022
3469,2021-11-20,15:00,Matchweek 12,Away,L,0,1,Wolverhampton Wanderers,0.4,1.4,48.0,8.0,3.0,West Ham,2022
3470,2021-11-28,14:00,Matchweek 13,Away,L,1,2,Manchester City,0.2,2.1,32.0,5.0,3.0,West Ham,2022
3471,2021-12-01,19:30,Matchweek 14,Home,D,1,1,Brighton,1.3,1.3,35.0,14.0,5.0,West Ham,2022
3472,2021-12-04,12:30,Matchweek 15,Home,W,3,2,Chelsea,1.8,1.1,37.0,10.0,3.0,West Ham,2022
3473,2021-12-12,14:00,Matchweek 16,Away,D,0,0,Burnley,0.8,0.8,60.0,16.0,3.0,West Ham,2022
3474,2021-12-15,20:00,Matchweek 17,Away,L,0,2,Arsenal,0.4,2.8,45.0,7.0,1.0,West Ham,2022
3475,2021-12-26,15:00,Matchweek 19,Home,L,2,3,Southampton,1.6,1.2,56.0,11.0,4.0,West Ham,2022
3476,2021-12-28,15:00,Matchweek 20,Away,W,4,1,Watford,3.6,1.6,57.0,12.0,5.0,West Ham,2022
3477,2022-01-01,17:30,Matchweek 21,Away,W,3,2,Crystal Palace,2.2,2.4,38.0,9.0,4.0,West Ham,2022
3478,2022-01-12,19:45,Matchweek 18,Home,W,2,0,Norwich City,2.5,0.3,62.0,13.0,5.0,West Ham,2022
3479,2022-01-16,14:00,Matchweek 22,Home,L,2,3,Leeds United,2.4,2.2,48.0,15.0,5.0,West Ham,2022
3480,2022-01-22,15:00,Matchweek 23,Away,L,0,1,Manchester United,0.3,1.9,43.0,6.0,1.0,West Ham,2022
3481,2022-02-08,19:45,Matchweek 24,Home,W,1,0,Watford,0.8,0.3,64.0,9.0,2.0,West Ham,2022
3482,2022-02-13,16:30,Matchweek 25,Away,D,2,2,Leicester City,1.1,1.4,45.0,8.0,3.0,West Ham,2022
3483,2022-02-19,12:30,Matchweek 26,Home,D,1,1,Newcastle United,0.6,0.8,47.0,11.0,3.0,West Ham,2022
3484,2022-02-27,14:00,Matchweek 27,Home,W,1,0,Wolverhampton Wanderers,1.8,0.7,39.0,13.0,4.0,West Ham,2022
3485,2022-03-05,17:30,Matchweek 28,Away,L,0,1,Liverpool,1.3,2.4,32.0,13.0,4.0,West Ham,2022
3486,2022-03-13,14:00,Matchweek 29,Home,W,2,1,Aston Villa,1.2,1.1,47.0,11.0,4.0,West Ham,2022
3487,2022-03-20,16:30,Matchweek 30,Away,L,1,3,Tottenham Hotspur,0.6,3.0,47.0,6.0,1.0,West Ham,2022
3488,2022-04-03,14:00,Matchweek 31,Home,W,2,1,Everton,1.2,0.7,55.0,11.0,5.0,West Ham,2022
3489,2022-04-10,14:00,Matchweek 32,Away,L,0,2,Brentford,0.3,1.4,53.0,5.0,1.0,West Ham,2022
3490,2022-04-17,14:15,Matchweek 33,Home,D,1,1,Burnley,2.2,1.8,61.0,21.0,6.0,West Ham,2022
3491,2022-04-24,14:00,Matchweek 34,Away,L,0,1,Chelsea,0.5,3.0,34.0,6.0,2.0,West Ham,2022
3492,2022-05-01,16:30,Matchweek 35,Home,L,1,2,Arsenal,0.5,0.9,57.0,8.0,3.0,West Ham,2022
3493,2022-05-08,14:00,Matchweek 36,Away,W,4,0,Norwich City,3.0,0.8,63.0,12.0,4.0,West Ham,2022
3494,2022-05-15,14:00,Matchweek 37,Home,D,2,2,Manchester City,1.1,2.4,22.0,6.0,2.0,West Ham,2022
3495,2022-05-22,16:00,Matchweek 38,Away,L,1,3,Brighton,0.2,1.6,50.0,7.0,2.0,West Ham,2022
3496,2022-08-07,16:30,Matchweek 1,Home,L,0,2,Manchester City,0.5,2.2,25.0,6.0,1.0,West Ham,2023
3497,2022-08-14,14:00,Matchweek 2,Away,L,0,1,Nottingham Forest,2.1,1.3,57.0,18.0,3.0,West Ham,2023
3498,2022-08-21,14:00,Matchweek 3,Home,L,0,2,Brighton,0.8,1.7,50.0,13.0,3.0,West Ham,2023
3499,2022-08-28,14:00,Matchweek 4,Away,W,1,0,Aston Villa,0.6,0.5,42.0,7.0,2.0,West Ham,2023
3500,2022-08-31,19:45,Matchweek 5,Home,D,1,1,Tottenham Hotspur,1.2,0.6,39.0,14.0,4.0,West Ham,2023
3501,2022-09-03,15:00,Matchweek 6,Away,L,1,2,Chelsea,1.1,0.9,33.0,6.0,3.0,West Ham,2023
3502,2022-09-18,14:15,Matchweek 8,Away,L,0,1,Everton,1.0,0.4,47.0,14.0,4.0,West Ham,2023
3503,2022-10-01,17:30,Matchweek 9,Home,W,2,0,Wolverhampton Wanderers,0.9,0.7,39.0,18.0,5.0,West Ham,2023
3504,2022-10-09,14:00,Matchweek 10,Home,W,3,1,Fulham,2.4,0.7,50.0,16.0,7.0,West Ham,2023
3505,2022-10-16,14:00,Matchweek 11,Away,D,1,1,Southampton,1.7,0.5,61.0,25.0,4.0,West Ham,2023
3506,2022-10-19,19:30,Matchweek 12,Away,L,0,1,Liverpool,1.7,1.7,46.0,7.0,2.0,West Ham,2023
3507,2022-10-24,20:00,Matchweek 13,Home,W,2,0,Bournemouth,1.9,0.4,55.0,19.0,3.0,West Ham,2023
3508,2022-10-30,16:15,Matchweek 14,Away,L,0,1,Manchester United,1.1,1.2,47.0,13.0,4.0,West Ham,2023
3509,2022-11-06,14:00,Matchweek 15,Home,L,1,2,Crystal Palace,0.3,1.0,42.0,5.0,2.0,West Ham,2023
3510,2022-11-12,15:00,Matchweek 16,Home,L,0,2,Leicester City,1.4,1.8,54.0,18.0,6.0,West Ham,2023
3511,2022-12-26,20:00,Matchweek 17,Away,L,1,3,Arsenal,1.0,2.1,34.0,7.0,3.0,West Ham,2023
3512,2022-12-30,19:45,Matchweek 18,Home,L,0,2,Brentford,1.3,1.6,63.0,20.0,5.0,West Ham,2023
3513,2023-01-04,19:45,Matchweek 19,Away,D,2,2,Leeds United,1.4,1.6,38.0,14.0,1.0,West Ham,2023
3514,2023-01-14,15:00,Matchweek 20,Away,L,0,1,Wolverhampton Wanderers,1.1,0.9,42.0,16.0,3.0,West Ham,2023
3515,2023-01-21,15:00,Matchweek 21,Home,W,2,0,Everton,2.2,0.5,33.0,11.0,4.0,West Ham,2023
3516,2023-02-04,17:30,Matchweek 22,Away,D,1,1,Newcastle United,1.0,1.0,38.0,10.0,1.0,West Ham,2023
3517,2023-02-11,12:30,Matchweek 23,Home,D,1,1,Chelsea,1.3,1.1,29.0,10.0,2.0,West Ham,2023
3518,2023-02-19,16:30,Matchweek 24,Away,L,0,2,Tottenham Hotspur,0.5,1.5,43.0,6.0,1.0,West Ham,2023
3519,2023-02-25,15:00,Matchweek 25,Home,W,4,0,Nottingham Forest,2.7,0.4,49.0,18.0,5.0,West Ham,2023
3520,2023-03-04,15:00,Matchweek 26,Away,L,0,4,Brighton,0.3,3.5,35.0,3.0,2.0,West Ham,2023
3521,2023-03-12,14:00,Matchweek 27,Home,D,1,1,Aston Villa,2.1,1.5,41.0,16.0,4.0,West Ham,2023
3522,2023-04-02,14:00,Matchweek 29,Home,W,1,0,Southampton,1.4,0.3,43.0,12.0,2.0,West Ham,2023
3523,2023-04-05,20:00,Matchweek 7,Home,L,1,5,Newcastle United,1.0,3.3,42.0,7.0,2.0,West Ham,2023
3524,2023-04-08,15:00,Matchweek 30,Away,W,1,0,Fulham,1.1,0.7,24.0,9.0,5.0,West Ham,2023
3525,2023-04-16,14:00,Matchweek 31,Home,D,2,2,Arsenal,1.8,2.7,30.0,15.0,2.0,West Ham,2023
3526,2023-04-23,14:00,Matchweek 32,Away,W,4,0,Bournemouth,2.4,1.5,36.0,18.0,10.0,West Ham,2023
3527,2023-04-26,19:45,Matchweek 33,Home,L,1,2,Liverpool,0.8,1.9,28.0,7.0,2.0,West Ham,2023
3528,2023-04-29,12:30,Matchweek 34,Away,L,3,4,Crystal Palace,1.7,2.1,41.0,8.0,4.0,West Ham,2023
3529,2023-05-03,20:00,Matchweek 28,Away,L,0,3,Manchester City,0.4,2.3,31.0,6.0,2.0,West Ham,2023
3530,2023-05-07,19:00,Matchweek 35,Home,W,1,0,Manchester United,1.3,1.2,35.0,15.0,4.0,West Ham,2023
3531,2023-05-14,14:00,Matchweek 36,Away,L,0,2,Brentford,0.2,3.4,47.0,4.0,4.0,West Ham,2023
3532,2023-05-21,13:30,Matchweek 37,Home,W,3,1,Leeds United,2.1,0.9,59.0,19.0,9.0,West Ham,2023
3533,2023-05-28,16:30,Matchweek 38,Away,L,1,2,Leicester City,1.4,1.4,52.0,16.0,3.0,West Ham,2023
3534,2023-08-12,15:00,Matchweek 1,Away,D,1,1,Bournemouth,1.1,1.3,38.0,16.0,2.0,West Ham,2024
3535,2023-08-20,16:30,Matchweek 2,Home,W,3,1,Chelsea,1.8,2.5,25.0,11.0,5.0,West Ham,2024
3536,2023-08-26,17:30,Matchweek 3,Away,W,3,1,Brighton,3.0,1.5,22.0,12.0,7.0,West Ham,2024
3537,2023-09-01,20:00,Matchweek 4,Away,W,2,1,Luton Town,1.0,1.4,61.0,9.0,3.0,West Ham,2024
3538,2023-09-16,15:00,Matchweek 5,Home,L,1,3,Manchester City,0.9,3.6,32.0,6.0,3.0,West Ham,2024
3539,2023-09-24,14:00,Matchweek 6,Away,L,1,3,Liverpool,1.1,3.0,37.0,11.0,4.0,West Ham,2024
3540,2023-09-30,15:00,Matchweek 7,Home,W,2,0,Sheffield United,2.1,1.1,52.0,20.0,8.0,West Ham,2024
3541,2023-10-08,14:00,Matchweek 8,Home,D,2,2,Newcastle United,1.2,2.0,36.0,5.0,3.0,West Ham,2024
3542,2023-10-22,16:30,Matchweek 9,Away,L,1,4,Aston Villa,1.1,1.9,42.0,14.0,4.0,West Ham,2024
3543,2023-10-29,13:00,Matchweek 10,Home,L,0,1,Everton,0.7,0.8,64.0,12.0,2.0,West Ham,2024
3544,2023-11-04,15:00,Matchweek 11,Away,L,2,3,Brentford,1.8,1.5,42.0,12.0,2.0,West Ham,2024
3545,2023-11-12,14:00,Matchweek 12,Home,W,3,2,Nottingham Forest,1.8,1.7,54.0,16.0,6.0,West Ham,2024
3546,2023-11-25,15:00,Matchweek 13,Away,W,2,1,Burnley,0.9,1.3,50.0,11.0,3.0,West Ham,2024
3547,2023-12-03,14:00,Matchweek 14,Home,D,1,1,Crystal Palace,1.1,0.9,55.0,9.0,3.0,West Ham,2024
3548,2023-12-07,20:15,Matchweek 15,Away,W,2,1,Tottenham Hotspur,2.2,1.8,26.0,11.0,5.0,West Ham,2024
3549,2023-12-10,14:00,Matchweek 16,Away,L,0,5,Fulham,1.3,2.3,37.0,9.0,5.0,West Ham,2024
3550,2023-12-17,14:00,Matchweek 17,Home,W,3,0,Wolverhampton Wanderers,1.1,0.7,45.0,13.0,4.0,West Ham,2024
3551,2023-12-23,12:30,Matchweek 18,Home,W,2,0,Manchester United,1.2,1.0,35.0,12.0,5.0,West Ham,2024
3552,2023-12-28,20:15,Matchweek 19,Away,W,2,0,Arsenal,1.4,2.7,27.0,5.0,2.0,West Ham,2024
3553,2024-01-02,19:30,Matchweek 20,Home,D,0,0,Brighton,0.7,2.3,32.0,6.0,2.0,West Ham,2024
3554,2024-01-21,14:00,Matchweek 21,Away,D,2,2,Sheffield United,2.3,2.5,43.0,15.0,4.0,West Ham,2024
3555,2024-02-01,19:30,Matchweek 22,Home,D,1,1,Bournemouth,1.4,1.2,48.0,8.0,2.0,West Ham,2024
3556,2024-02-04,14:00,Matchweek 23,Away,L,0,3,Manchester United,1.4,0.7,49.0,22.0,3.0,West Ham,2024
3557,2024-02-11,14:00,Matchweek 24,Home,L,0,6,Arsenal,0.2,3.6,30.0,5.0,1.0,West Ham,2024
3558,2024-02-17,15:00,Matchweek 25,Away,L,0,2,Nottingham Forest,0.5,2.8,51.0,10.0,3.0,West Ham,2024
3559,2024-02-26,20:00,Matchweek 26,Home,W,4,2,Brentford,1.7,0.9,41.0,17.0,6.0,West Ham,2024
3560,2024-03-02,15:00,Matchweek 27,Away,W,3,1,Everton,1.9,2.7,45.0,12.0,5.0,West Ham,2024
3561,2024-03-10,14:00,Matchweek 28,Home,D,2,2,Burnley,2.1,0.7,52.0,22.0,4.0,West Ham,2024
3562,2024-03-17,14:00,Matchweek 29,Home,D,1,1,Aston Villa,2.0,0.7,31.0,13.0,4.0,West Ham,2024
3563,2024-03-30,12:30,Matchweek 30,Away,L,3,4,Newcastle United,1.4,4.1,40.0,10.0,4.0,West Ham,2024
3564,2024-04-02,20:15,Matchweek 31,Home,D,1,1,Tottenham Hotspur,1.5,1.0,33.0,11.0,4.0,West Ham,2024
3565,2024-04-06,15:00,Matchweek 32,Away,W,2,1,Wolverhampton Wanderers,1.2,1.5,42.0,10.0,3.0,West Ham,2024
3566,2024-04-14,14:00,Matchweek 33,Home,L,0,2,Fulham,0.9,3.2,58.0,15.0,4.0,West Ham,2024
3567,2024-04-21,15:00,Matchweek 34,Away,L,2,5,Crystal Palace,1.3,2.4,40.0,4.0,1.0,West Ham,2024
3568,2024-04-27,12:30,Matchweek 35,Home,D,2,2,Liverpool,0.7,1.7,29.0,11.0,8.0,West Ham,2024
3569,2024-05-05,14:00,Matchweek 36,Away,L,0,5,Chelsea,0.9,4.1,31.0,13.0,2.0,West Ham,2024
3570,2024-05-11,15:00,Matchweek 37,Home,W,3,1,Luton Town,3.2,0.3,58.0,24.0,8.0,West Ham,2024
3571,2024-05-19,16:00,Matchweek 38,Away,L,1,3,Manchester City,0.4,1.9,29.0,3.0,2.0,West Ham,2024
3572,2024-08-17,17:30,Matchweek 1,Home,L,1,2,Aston Villa,2.3,2.0,52.0,13.0,2.0,West Ham,2025
3573,2024-08-24,15:00,Matchweek 2,Away,W,2,0,Crystal Palace,1.4,1.3,42.0,18.0,3.0,West Ham,2025
3574,2024-08-31,17:30,Matchweek 3,Home,L,1,3,Manchester City,0.7,3.0,33.0,10.0,2.0,West Ham,2025
3575,2024-09-14,15:00,Matchweek 4,Away,D,1,1,Fulham,0.8,1.5,46.0,11.0,3.0,West Ham,2025
3576,2024-09-21,12:30,Matchweek 5,Home,L,0,3,Chelsea,0.9,2.2,53.0,15.0,7.0,West Ham,2025
3577,2024-09-28,15:00,Matchweek 6,Away,D,1,1,Brentford,1.0,0.4,43.0,19.0,3.0,West Ham,2025
3578,2024-10-05,15:00,Matchweek 7,Home,W,4,1,Ipswich Town,3.6,0.6,52.0,23.0,12.0,West Ham,2025
3579,2024-10-19,12:30,Matchweek 8,Away,L,1,4,Tottenham Hotspur,0.8,1.9,43.0,11.0,3.0,West Ham,2025
3580,2024-10-27,14:00,Matchweek 9,Home,W,2,1,Manchester United,2.8,2.3,42.0,11.0,2.0,West Ham,2025
3581,2024-11-02,15:00,Matchweek 10,Away,L,0,3,Nottingham Forest,0.1,2.2,46.0,4.0,1.0,West Ham,2025
3582,2024-11-09,15:00,Matchweek 11,Home,D,0,0,Everton,0.8,1.1,49.0,11.0,6.0,West Ham,2025
3583,2024-11-25,20:00,Matchweek 12,Away,W,2,0,Newcastle United,0.9,1.6,47.0,15.0,6.0,West Ham,2025
3584,2024-11-30,17:30,Matchweek 13,Home,L,2,5,Arsenal,1.5,3.5,40.0,12.0,5.0,West Ham,2025
3585,2024-12-03,20:15,Matchweek 14,Away,L,1,3,Leicester City,3.0,1.7,61.0,31.0,8.0,West Ham,2025
3586,2024-12-09,20:00,Matchweek 15,Home,W,2,1,Wolverhampton Wanderers,1.0,1.4,54.0,19.0,4.0,West Ham,2025
3587,2024-12-16,20:00,Matchweek 16,Away,D,1,1,Bournemouth,2.1,1.9,48.0,15.0,2.0,West Ham,2025
3588,2024-12-21,15:00,Matchweek 17,Home,D,1,1,Brighton,1.2,0.9,47.0,11.0,4.0,West Ham,2025
3589,2024-12-26,15:00,Matchweek 18,Away,W,1,0,Southampton,1.7,1.4,46.0,16.0,2.0,West Ham,2025
3590,2024-12-29,17:15,Matchweek 19,Home,L,0,5,Liverpool,0.4,3.1,46.0,7.0,0.0,West Ham,2025
3591,2025-01-04,15:00,Matchweek 20,Away,L,1,4,Manchester City,1.4,1.9,44.0,17.0,4.0,West Ham,2025
3592,2025-01-14,19:30,Matchweek 21,Home,W,3,2,Fulham,1.0,1.7,44.0,4.0,3.0,West Ham,2025
3593,2025-01-18,15:00,Matchweek 22,Home,L,0,2,Crystal Palace,0.3,1.3,53.0,7.0,0.0,West Ham,2025
3594,2025-01-26,16:30,Matchweek 23,Away,D,1,1,Aston Villa,1.3,0.9,54.0,14.0,3.0,West Ham,2025
3595,2025-02-03,20:00,Matchweek 24,Away,L,1,2,Chelsea,1.2,1.6,32.0,14.0,5.0,West Ham,2025
3596,2025-02-15,15:00,Matchweek 25,Home,L,0,1,Brentford,0.8,1.6,58.0,13.0,3.0,West Ham,2025
3597,2025-02-22,15:00,Matchweek 26,Away,W,1,0,Arsenal,1.1,1.2,32.0,5.0,2.0,West Ham,2025
3598,2025-02-27,20:00,Matchweek 27,Home,W,2,0,Leicester City,1.3,0.4,58.0,8.0,2.0,West Ham,2025
3599,2025-03-10,20:00,Matchweek 28,Home,L,0,1,Newcastle United,0.7,1.4,51.0,9.0,2.0,West Ham,2025
3600,2025-03-15,15:00,Matchweek 29,Away,D,1,1,Everton,0.8,1.0,46.0,10.0,5.0,West Ham,2025
3601,2025-04-01,19:45,Matchweek 30,Away,L,0,1,Wolverhampton Wanderers,1.3,1.2,58.0,10.0,1.0,West Ham,2025
3602,2025-04-05,15:00,Matchweek 31,Home,D,2,2,Bournemouth,0.7,2.1,56.0,9.0,3.0,West Ham,2025
3603,2025-04-13,14:00,Matchweek 32,Away,L,1,2,Liverpool,1.4,1.8,45.0,11.0,4.0,West Ham,2025
3604,2025-04-19,15:00,Matchweek 33,Home,D,1,1,Southampton,0.9,0.6,52.0,12.0,4.0,West Ham,2025
3605,2025-04-26,15:00,Matchweek 34,Away,L,2,3,Brighton,1.3,1.3,47.0,12.0,4.0,West Ham,2025
3606,2025-05-04,14:00,Matchweek 35,Home,D,1,1,Tottenham Hotspur,0.8,0.8,55.0,11.0,2.0,West Ham,2025
3607,2025-05-11,14:15,Matchweek 36,Away,W,2,0,Manchester United,1.7,2.1,48.0,9.0,4.0,West Ham,2025
3608,2025-05-18,14:15,Matchweek 37,Home,L,1,2,Nottingham Forest,1.1,1.9,60.0,16.0,5.0,West Ham,2025
3609,2025-05-25,16:00,Matchweek 38,Away,W,3,1,Ipswich Town,1.1,0.7,58.0,10.0,6.0,West Ham,2025
3610,2020-09-14,18:00,Matchweek 1,Away,W,2,0,Sheffield United,1.4,1.0,45.0,11.0,4.0,Wolverhampton Wanderers,2021
3611,2020-09-21,20:15,Matchweek 2,Home,L,1,3,Manchester City,0.6,1.9,35.0,10.0,1.0,Wolverhampton Wanderers,2021
3612,2020-09-27,19:00,Matchweek 3,Away,L,0,4,West Ham,0.5,2.4,63.0,11.0,2.0,Wolverhampton Wanderers,2021
3613,2020-10-04,14:00,Matchweek 4,Home,W,1,0,Fulham,1.2,0.9,48.0,14.0,5.0,Wolverhampton Wanderers,2021
3614,2020-10-19,20:00,Matchweek 5,Away,W,1,0,Leeds United,0.4,1.0,34.0,7.0,3.0,Wolverhampton Wanderers,2021
3615,2020-10-25,16:30,Matchweek 6,Home,D,1,1,Newcastle United,0.7,0.3,63.0,16.0,3.0,Wolverhampton Wanderers,2021
3616,2020-10-30,20:00,Matchweek 7,Home,W,2,0,Crystal Palace,1.3,0.7,45.0,15.0,5.0,Wolverhampton Wanderers,2021
3617,2020-11-08,14:00,Matchweek 8,Away,L,0,1,Leicester City,0.8,2.0,51.0,8.0,2.0,Wolverhampton Wanderers,2021
3618,2020-11-23,20:00,Matchweek 9,Home,D,1,1,Southampton,1.5,1.0,46.0,20.0,9.0,Wolverhampton Wanderers,2021
3619,2020-11-29,19:15,Matchweek 10,Away,W,2,1,Arsenal,1.8,1.5,44.0,11.0,5.0,Wolverhampton Wanderers,2021
3620,2020-12-06,19:15,Matchweek 11,Away,L,0,4,Liverpool,0.4,1.2,40.0,9.0,3.0,Wolverhampton Wanderers,2021
3621,2020-12-12,12:30,Matchweek 12,Home,L,0,1,Aston Villa,1.1,1.4,50.0,16.0,7.0,Wolverhampton Wanderers,2021
3622,2020-12-15,18:00,Matchweek 13,Home,W,2,1,Chelsea,0.5,1.0,45.0,12.0,4.0,Wolverhampton Wanderers,2021
3623,2020-12-21,17:30,Matchweek 14,Away,L,1,2,Burnley,1.5,1.7,63.0,14.0,2.0,Wolverhampton Wanderers,2021
3624,2020-12-27,19:15,Matchweek 15,Home,D,1,1,Tottenham Hotspur,0.9,0.4,55.0,11.0,6.0,Wolverhampton Wanderers,2021
3625,2020-12-29,20:00,Matchweek 16,Away,L,0,1,Manchester United,0.5,1.5,42.0,9.0,5.0,Wolverhampton Wanderers,2021
3626,2021-01-02,17:30,Matchweek 17,Away,D,3,3,Brighton,1.6,2.2,46.0,10.0,3.0,Wolverhampton Wanderers,2021
3627,2021-01-12,20:15,Matchweek 18,Home,L,1,2,Everton,0.7,0.6,52.0,12.0,3.0,Wolverhampton Wanderers,2021
3628,2021-01-16,12:30,Matchweek 19,Home,L,2,3,West Brom,1.5,2.4,67.0,23.0,6.0,Wolverhampton Wanderers,2021
3629,2021-01-27,18:00,Matchweek 20,Away,D,0,0,Chelsea,0.5,0.7,22.0,4.0,0.0,Wolverhampton Wanderers,2021
3630,2021-01-30,15:00,Matchweek 21,Away,L,0,1,Crystal Palace,0.4,1.4,52.0,6.0,4.0,Wolverhampton Wanderers,2021
3631,2021-02-02,18:00,Matchweek 22,Home,W,2,1,Arsenal,1.5,0.8,55.0,10.0,6.0,Wolverhampton Wanderers,2021
3632,2021-02-07,14:00,Matchweek 23,Home,D,0,0,Leicester City,1.1,0.8,44.0,13.0,1.0,Wolverhampton Wanderers,2021
3633,2021-02-14,12:00,Matchweek 24,Away,W,2,1,Southampton,1.1,0.8,49.0,9.0,3.0,Wolverhampton Wanderers,2021
3634,2021-02-19,20:00,Matchweek 25,Home,W,1,0,Leeds United,0.6,1.7,42.0,15.0,5.0,Wolverhampton Wanderers,2021
3635,2021-02-27,20:00,Matchweek 26,Away,D,1,1,Newcastle United,1.1,1.7,52.0,14.0,4.0,Wolverhampton Wanderers,2021
3636,2021-03-02,20:00,Matchweek 29,Away,L,1,4,Manchester City,0.3,3.3,28.0,6.0,1.0,Wolverhampton Wanderers,2021
3637,2021-03-06,17:30,Matchweek 27,Away,D,0,0,Aston Villa,1.6,0.6,51.0,10.0,2.0,Wolverhampton Wanderers,2021
3638,2021-03-15,20:00,Matchweek 28,Home,L,0,1,Liverpool,1.1,0.9,53.0,10.0,5.0,Wolverhampton Wanderers,2021
3639,2021-04-05,20:15,Matchweek 30,Home,L,2,3,West Ham,2.1,1.2,65.0,20.0,5.0,Wolverhampton Wanderers,2021
3640,2021-04-09,20:00,Matchweek 31,Away,W,1,0,Fulham,0.5,0.9,50.0,7.0,3.0,Wolverhampton Wanderers,2021
3641,2021-04-17,20:15,Matchweek 32,Home,W,1,0,Sheffield United,1.1,0.5,48.0,10.0,4.0,Wolverhampton Wanderers,2021
3642,2021-04-25,12:00,Matchweek 33,Home,L,0,4,Burnley,0.4,2.0,58.0,12.0,2.0,Wolverhampton Wanderers,2021
3643,2021-05-03,18:00,Matchweek 34,Away,D,1,1,West Brom,1.0,1.1,57.0,20.0,10.0,Wolverhampton Wanderers,2021
3644,2021-05-09,12:00,Matchweek 35,Home,W,2,1,Brighton,1.1,0.3,61.0,16.0,6.0,Wolverhampton Wanderers,2021
3645,2021-05-16,14:05,Matchweek 36,Away,L,0,2,Tottenham Hotspur,0.9,3.2,38.0,15.0,3.0,Wolverhampton Wanderers,2021
3646,2021-05-19,18:00,Matchweek 37,Away,L,0,1,Everton,0.3,0.7,59.0,9.0,3.0,Wolverhampton Wanderers,2021
3647,2021-05-23,16:00,Matchweek 38,Home,L,1,2,Manchester United,0.9,2.0,57.0,14.0,4.0,Wolverhampton Wanderers,2021
3648,2021-08-14,15:00,Matchweek 1,Away,L,0,1,Leicester City,1.3,0.5,44.0,17.0,3.0,Wolverhampton Wanderers,2022
3649,2021-08-22,14:00,Matchweek 2,Home,L,0,1,Tottenham Hotspur,1.7,1.7,58.0,25.0,6.0,Wolverhampton Wanderers,2022
3650,2021-08-29,16:30,Matchweek 3,Home,L,0,1,Manchester United,2.1,0.6,44.0,15.0,5.0,Wolverhampton Wanderers,2022
3651,2021-09-11,15:00,Matchweek 4,Away,W,2,0,Watford,2.2,0.2,55.0,14.0,5.0,Wolverhampton Wanderers,2022
3652,2021-09-18,12:30,Matchweek 5,Home,L,0,2,Brentford,0.6,2.5,62.0,11.0,0.0,Wolverhampton Wanderers,2022
3653,2021-09-26,14:00,Matchweek 6,Away,W,1,0,Southampton,1.0,1.0,43.0,5.0,3.0,Wolverhampton Wanderers,2022
3654,2021-10-02,15:00,Matchweek 7,Home,W,2,1,Newcastle United,1.0,0.6,52.0,7.0,3.0,Wolverhampton Wanderers,2022
3655,2021-10-16,15:00,Matchweek 8,Away,W,3,2,Aston Villa,2.0,1.0,52.0,9.0,4.0,Wolverhampton Wanderers,2022
3656,2021-10-23,15:00,Matchweek 9,Away,D,1,1,Leeds United,0.9,1.6,38.0,8.0,4.0,Wolverhampton Wanderers,2022
3657,2021-11-01,20:00,Matchweek 10,Home,W,2,1,Everton,1.7,1.5,61.0,10.0,4.0,Wolverhampton Wanderers,2022
3658,2021-11-06,15:00,Matchweek 11,Away,L,0,2,Crystal Palace,0.3,1.9,40.0,4.0,2.0,Wolverhampton Wanderers,2022
3659,2021-11-20,15:00,Matchweek 12,Home,W,1,0,West Ham,1.4,0.4,52.0,15.0,5.0,Wolverhampton Wanderers,2022
3660,2021-11-27,15:00,Matchweek 13,Away,D,0,0,Norwich City,0.3,1.6,57.0,5.0,2.0,Wolverhampton Wanderers,2022
3661,2021-12-01,19:30,Matchweek 14,Home,D,0,0,Burnley,0.7,0.2,65.0,16.0,2.0,Wolverhampton Wanderers,2022
3662,2021-12-04,15:00,Matchweek 15,Home,L,0,1,Liverpool,0.1,2.7,34.0,3.0,1.0,Wolverhampton Wanderers,2022
3663,2021-12-11,12:30,Matchweek 16,Away,L,0,1,Manchester City,0.2,3.2,29.0,2.0,1.0,Wolverhampton Wanderers,2022
3664,2021-12-15,19:30,Matchweek 17,Away,W,1,0,Brighton,1.0,1.2,41.0,8.0,5.0,Wolverhampton Wanderers,2022
3665,2021-12-19,14:00,Matchweek 18,Home,D,0,0,Chelsea,0.2,0.9,37.0,4.0,1.0,Wolverhampton Wanderers,2022
3666,2022-01-03,17:30,Matchweek 21,Away,W,1,0,Manchester United,0.7,0.8,49.0,19.0,6.0,Wolverhampton Wanderers,2022
3667,2022-01-15,15:00,Matchweek 22,Home,W,3,1,Southampton,2.5,0.8,43.0,8.0,4.0,Wolverhampton Wanderers,2022
3668,2022-01-22,15:00,Matchweek 23,Away,W,2,1,Brentford,0.2,1.1,50.0,7.0,2.0,Wolverhampton Wanderers,2022
3669,2022-02-10,19:45,Matchweek 24,Home,L,0,1,Arsenal,0.8,1.8,58.0,15.0,4.0,Wolverhampton Wanderers,2022
3670,2022-02-13,14:00,Matchweek 25,Away,W,2,0,Tottenham Hotspur,1.3,1.2,42.0,11.0,7.0,Wolverhampton Wanderers,2022
3671,2022-02-20,16:30,Matchweek 26,Home,W,2,1,Leicester City,0.5,1.7,37.0,11.0,3.0,Wolverhampton Wanderers,2022
3672,2022-02-24,19:45,Matchweek 20,Away,L,1,2,Arsenal,1.0,3.1,44.0,6.0,2.0,Wolverhampton Wanderers,2022
3673,2022-02-27,14:00,Matchweek 27,Away,L,0,1,West Ham,0.7,1.8,61.0,14.0,1.0,Wolverhampton Wanderers,2022
3674,2022-03-05,15:00,Matchweek 28,Home,L,0,2,Crystal Palace,0.7,2.7,63.0,12.0,5.0,Wolverhampton Wanderers,2022
3675,2022-03-10,19:30,Matchweek 19,Home,W,4,0,Watford,0.7,0.6,66.0,10.0,5.0,Wolverhampton Wanderers,2022
3676,2022-03-13,14:00,Matchweek 29,Away,W,1,0,Everton,0.8,0.4,61.0,14.0,3.0,Wolverhampton Wanderers,2022
3677,2022-03-18,20:00,Matchweek 30,Home,L,2,3,Leeds United,1.2,2.0,48.0,14.0,8.0,Wolverhampton Wanderers,2022
3678,2022-04-02,15:00,Matchweek 31,Home,W,2,1,Aston Villa,1.3,2.1,49.0,11.0,4.0,Wolverhampton Wanderers,2022
3679,2022-04-08,20:00,Matchweek 32,Away,L,0,1,Newcastle United,0.4,1.5,58.0,5.0,2.0,Wolverhampton Wanderers,2022
3680,2022-04-24,14:00,Matchweek 34,Away,L,0,1,Burnley,0.6,1.4,64.0,10.0,4.0,Wolverhampton Wanderers,2022
3681,2022-04-30,15:00,Matchweek 35,Home,L,0,3,Brighton,0.7,2.6,49.0,11.0,1.0,Wolverhampton Wanderers,2022
3682,2022-05-07,15:00,Matchweek 36,Away,D,2,2,Chelsea,2.0,1.7,41.0,14.0,4.0,Wolverhampton Wanderers,2022
3683,2022-05-11,20:15,Matchweek 33,Home,L,1,5,Manchester City,0.5,2.3,34.0,7.0,3.0,Wolverhampton Wanderers,2022
3684,2022-05-15,14:00,Matchweek 37,Home,D,1,1,Norwich City,0.9,1.1,64.0,17.0,4.0,Wolverhampton Wanderers,2022
3685,2022-05-22,16:00,Matchweek 38,Away,L,1,3,Liverpool,1.3,2.7,37.0,7.0,5.0,Wolverhampton Wanderers,2022
3686,2022-08-06,15:00,Matchweek 1,Away,L,1,2,Leeds United,1.3,0.8,60.0,15.0,6.0,Wolverhampton Wanderers,2023
3687,2022-08-13,15:00,Matchweek 2,Home,D,0,0,Fulham,0.9,1.5,59.0,7.0,1.0,Wolverhampton Wanderers,2023
3688,2022-08-20,12:30,Matchweek 3,Away,L,0,1,Tottenham Hotspur,0.7,1.7,50.0,20.0,3.0,Wolverhampton Wanderers,2023
3689,2022-08-28,14:00,Matchweek 4,Home,D,1,1,Newcastle United,0.7,1.7,37.0,10.0,4.0,Wolverhampton Wanderers,2023
3690,2022-08-31,19:30,Matchweek 5,Away,D,0,0,Bournemouth,1.5,0.4,65.0,17.0,3.0,Wolverhampton Wanderers,2023
3691,2022-09-03,15:00,Matchweek 6,Home,W,1,0,Southampton,0.8,1.2,51.0,7.0,2.0,Wolverhampton Wanderers,2023
3692,2022-09-17,12:30,Matchweek 8,Home,L,0,3,Manchester City,0.4,1.1,41.0,6.0,1.0,Wolverhampton Wanderers,2023
3693,2022-10-01,17:30,Matchweek 9,Away,L,0,2,West Ham,0.7,0.9,61.0,15.0,4.0,Wolverhampton Wanderers,2023
3694,2022-10-08,15:00,Matchweek 10,Away,L,0,3,Chelsea,1.1,1.9,43.0,8.0,2.0,Wolverhampton Wanderers,2023
3695,2022-10-15,15:00,Matchweek 11,Home,W,1,0,Nottingham Forest,1.3,1.5,58.0,8.0,1.0,Wolverhampton Wanderers,2023
3696,2022-10-18,20:15,Matchweek 12,Away,L,1,2,Crystal Palace,0.8,1.2,49.0,10.0,4.0,Wolverhampton Wanderers,2023
3697,2022-10-23,14:00,Matchweek 13,Home,L,0,4,Leicester City,2.1,0.9,60.0,21.0,5.0,Wolverhampton Wanderers,2023
3698,2022-10-29,15:00,Matchweek 14,Away,D,1,1,Brentford,0.6,1.4,42.0,13.0,4.0,Wolverhampton Wanderers,2023
3699,2022-11-05,15:00,Matchweek 15,Home,L,2,3,Brighton,1.2,1.5,29.0,7.0,4.0,Wolverhampton Wanderers,2023
3700,2022-11-12,19:45,Matchweek 16,Home,L,0,2,Arsenal,0.7,2.1,38.0,11.0,2.0,Wolverhampton Wanderers,2023
3701,2022-12-26,15:00,Matchweek 17,Away,W,2,1,Everton,0.8,1.7,42.0,7.0,4.0,Wolverhampton Wanderers,2023
3702,2022-12-31,12:30,Matchweek 18,Home,L,0,1,Manchester United,0.7,2.0,46.0,10.0,3.0,Wolverhampton Wanderers,2023
3703,2023-01-04,20:00,Matchweek 19,Away,D,1,1,Aston Villa,0.9,1.8,44.0,10.0,3.0,Wolverhampton Wanderers,2023
3704,2023-01-14,15:00,Matchweek 20,Home,W,1,0,West Ham,0.9,1.1,58.0,17.0,4.0,Wolverhampton Wanderers,2023
3705,2023-01-22,14:00,Matchweek 21,Away,L,0,3,Manchester City,0.8,2.8,45.0,10.0,1.0,Wolverhampton Wanderers,2023
3706,2023-02-04,15:00,Matchweek 22,Home,W,3,0,Liverpool,2.0,1.8,41.0,12.0,5.0,Wolverhampton Wanderers,2023
3707,2023-02-11,15:00,Matchweek 23,Away,W,2,1,Southampton,0.8,1.1,59.0,11.0,1.0,Wolverhampton Wanderers,2023
3708,2023-02-18,15:00,Matchweek 24,Home,L,0,1,Bournemouth,1.3,1.1,68.0,15.0,4.0,Wolverhampton Wanderers,2023
3709,2023-02-24,20:00,Matchweek 25,Away,D,1,1,Fulham,0.8,0.5,49.0,8.0,2.0,Wolverhampton Wanderers,2023
3710,2023-03-01,20:00,Matchweek 7,Away,L,0,2,Liverpool,0.8,2.6,43.0,4.0,1.0,Wolverhampton Wanderers,2023
3711,2023-03-04,15:00,Matchweek 26,Home,W,1,0,Tottenham Hotspur,0.5,1.2,46.0,8.0,5.0,Wolverhampton Wanderers,2023
3712,2023-03-12,16:30,Matchweek 27,Away,L,1,2,Newcastle United,1.1,1.8,57.0,7.0,4.0,Wolverhampton Wanderers,2023
3713,2023-03-18,15:00,Matchweek 28,Home,L,2,4,Leeds United,2.7,1.6,65.0,23.0,8.0,Wolverhampton Wanderers,2023
3714,2023-04-01,15:00,Matchweek 29,Away,D,1,1,Nottingham Forest,0.5,1.3,71.0,8.0,1.0,Wolverhampton Wanderers,2023
3715,2023-04-08,15:00,Matchweek 30,Home,W,1,0,Chelsea,0.6,1.1,38.0,9.0,4.0,Wolverhampton Wanderers,2023
3716,2023-04-15,15:00,Matchweek 31,Home,W,2,0,Brentford,0.8,1.1,50.0,11.0,9.0,Wolverhampton Wanderers,2023
3717,2023-04-22,15:00,Matchweek 32,Away,L,1,2,Leicester City,0.9,2.4,58.0,16.0,3.0,Wolverhampton Wanderers,2023
3718,2023-04-25,19:30,Matchweek 33,Home,W,2,0,Crystal Palace,1.4,0.8,41.0,8.0,2.0,Wolverhampton Wanderers,2023
3719,2023-04-29,15:00,Matchweek 34,Away,L,0,6,Brighton,0.8,3.3,43.0,10.0,2.0,Wolverhampton Wanderers,2023
3720,2023-05-06,15:00,Matchweek 35,Home,W,1,0,Aston Villa,0.8,1.5,38.0,6.0,2.0,Wolverhampton Wanderers,2023
3721,2023-05-13,15:00,Matchweek 36,Away,L,0,2,Manchester United,0.3,3.2,52.0,5.0,0.0,Wolverhampton Wanderers,2023
3722,2023-05-20,15:00,Matchweek 37,Home,D,1,1,Everton,1.6,2.0,52.0,13.0,5.0,Wolverhampton Wanderers,2023
3723,2023-05-28,16:30,Matchweek 38,Away,L,0,5,Arsenal,0.5,2.8,49.0,6.0,0.0,Wolverhampton Wanderers,2023
3724,2023-08-14,20:00,Matchweek 1,Away,L,0,1,Manchester United,2.2,2.2,49.0,23.0,6.0,Wolverhampton Wanderers,2024
3725,2023-08-19,15:00,Matchweek 2,Home,L,1,4,Brighton,2.1,2.2,47.0,16.0,5.0,Wolverhampton Wanderers,2024
3726,2023-08-26,15:00,Matchweek 3,Away,W,1,0,Everton,1.1,1.3,53.0,11.0,2.0,Wolverhampton Wanderers,2024
3727,2023-09-03,14:00,Matchweek 4,Away,L,2,3,Crystal Palace,1.2,2.1,57.0,12.0,4.0,Wolverhampton Wanderers,2024
3728,2023-09-16,12:30,Matchweek 5,Home,L,1,3,Liverpool,0.6,2.5,35.0,11.0,2.0,Wolverhampton Wanderers,2024
3729,2023-09-23,15:00,Matchweek 6,Away,D,1,1,Luton Town,0.6,2.1,43.0,3.0,3.0,Wolverhampton Wanderers,2024
3730,2023-09-30,15:00,Matchweek 7,Home,W,2,1,Manchester City,0.4,0.9,32.0,3.0,1.0,Wolverhampton Wanderers,2024
3731,2023-10-08,14:00,Matchweek 8,Home,D,1,1,Aston Villa,1.7,1.6,47.0,8.0,3.0,Wolverhampton Wanderers,2024
3732,2023-10-21,15:00,Matchweek 9,Away,W,2,1,Bournemouth,2.4,0.6,65.0,21.0,7.0,Wolverhampton Wanderers,2024
3733,2023-10-28,17:30,Matchweek 10,Home,D,2,2,Newcastle United,0.9,2.2,43.0,11.0,6.0,Wolverhampton Wanderers,2024
3734,2023-11-04,15:00,Matchweek 11,Away,L,1,2,Sheffield United,1.2,1.0,61.0,10.0,3.0,Wolverhampton Wanderers,2024
3735,2023-11-11,12:30,Matchweek 12,Home,W,2,1,Tottenham Hotspur,2.1,0.7,42.0,17.0,4.0,Wolverhampton Wanderers,2024
3736,2023-11-27,20:00,Matchweek 13,Away,L,2,3,Fulham,1.4,2.9,40.0,9.0,5.0,Wolverhampton Wanderers,2024
3737,2023-12-02,15:00,Matchweek 14,Away,L,1,2,Arsenal,0.7,2.8,43.0,6.0,3.0,Wolverhampton Wanderers,2024
3738,2023-12-05,19:30,Matchweek 15,Home,W,1,0,Burnley,0.8,0.9,51.0,7.0,4.0,Wolverhampton Wanderers,2024
3739,2023-12-09,15:00,Matchweek 16,Home,D,1,1,Nottingham Forest,1.2,1.3,68.0,10.0,4.0,Wolverhampton Wanderers,2024
3740,2023-12-17,14:00,Matchweek 17,Away,L,0,3,West Ham,0.7,1.1,55.0,14.0,3.0,Wolverhampton Wanderers,2024
3741,2023-12-24,13:00,Matchweek 18,Home,W,2,1,Chelsea,1.3,2.0,32.0,14.0,6.0,Wolverhampton Wanderers,2024
3742,2023-12-27,19:30,Matchweek 19,Away,W,4,1,Brentford,2.4,2.2,40.0,11.0,5.0,Wolverhampton Wanderers,2024
3743,2023-12-30,15:00,Matchweek 20,Home,W,3,0,Everton,1.9,0.4,53.0,12.0,6.0,Wolverhampton Wanderers,2024
3744,2024-01-22,19:45,Matchweek 21,Away,D,0,0,Brighton,1.1,1.0,28.0,8.0,3.0,Wolverhampton Wanderers,2024
3745,2024-02-01,20:15,Matchweek 22,Home,L,3,4,Manchester United,2.1,3.3,53.0,15.0,5.0,Wolverhampton Wanderers,2024
3746,2024-02-04,14:00,Matchweek 23,Away,W,4,2,Chelsea,2.0,1.7,36.0,13.0,6.0,Wolverhampton Wanderers,2024
3747,2024-02-10,15:00,Matchweek 24,Home,L,0,2,Brentford,1.0,1.9,71.0,17.0,5.0,Wolverhampton Wanderers,2024
3748,2024-02-17,15:00,Matchweek 25,Away,W,2,1,Tottenham Hotspur,1.8,1.6,29.0,12.0,7.0,Wolverhampton Wanderers,2024
3749,2024-02-25,13:30,Matchweek 26,Home,W,1,0,Sheffield United,1.3,0.6,63.0,13.0,2.0,Wolverhampton Wanderers,2024
3750,2024-03-02,15:00,Matchweek 27,Away,L,0,3,Newcastle United,0.8,2.1,56.0,12.0,3.0,Wolverhampton Wanderers,2024
3751,2024-03-09,15:00,Matchweek 28,Home,W,2,1,Fulham,0.8,2.6,48.0,8.0,3.0,Wolverhampton Wanderers,2024
3752,2024-03-30,17:30,Matchweek 30,Away,L,0,2,Aston Villa,1.5,1.0,52.0,13.0,3.0,Wolverhampton Wanderers,2024
3753,2024-04-02,19:45,Matchweek 31,Away,D,1,1,Burnley,0.9,1.3,49.0,8.0,2.0,Wolverhampton Wanderers,2024
3754,2024-04-06,15:00,Matchweek 32,Home,L,1,2,West Ham,1.5,1.2,58.0,13.0,6.0,Wolverhampton Wanderers,2024
3755,2024-04-13,15:00,Matchweek 33,Away,D,2,2,Nottingham Forest,1.0,1.9,54.0,11.0,3.0,Wolverhampton Wanderers,2024
3756,2024-04-20,19:30,Matchweek 34,Home,L,0,2,Arsenal,0.2,1.2,46.0,5.0,3.0,Wolverhampton Wanderers,2024
3757,2024-04-24,19:45,Matchweek 29,Home,L,0,1,Bournemouth,0.5,1.9,63.0,15.0,4.0,Wolverhampton Wanderers,2024
3758,2024-04-27,15:00,Matchweek 35,Home,W,2,1,Luton Town,1.2,0.6,58.0,13.0,5.0,Wolverhampton Wanderers,2024
3759,2024-05-04,17:30,Matchweek 36,Away,L,1,5,Manchester City,0.3,3.7,42.0,2.0,1.0,Wolverhampton Wanderers,2024
3760,2024-05-11,15:00,Matchweek 37,Home,L,1,3,Crystal Palace,1.6,2.6,62.0,14.0,8.0,Wolverhampton Wanderers,2024
3761,2024-05-19,16:00,Matchweek 38,Away,L,0,2,Liverpool,0.5,4.5,33.0,4.0,2.0,Wolverhampton Wanderers,2024
3762,2024-08-17,15:00,Matchweek 1,Away,L,0,2,Arsenal,0.5,1.2,47.0,9.0,3.0,Wolverhampton Wanderers,2025
3763,2024-08-25,14:00,Matchweek 2,Home,L,2,6,Chelsea,1.9,1.6,40.0,12.0,4.0,Wolverhampton Wanderers,2025
3764,2024-08-31,15:00,Matchweek 3,Away,D,1,1,Nottingham Forest,0.7,1.0,48.0,11.0,2.0,Wolverhampton Wanderers,2025
3765,2024-09-15,16:30,Matchweek 4,Home,L,1,2,Newcastle United,1.2,1.5,49.0,12.0,5.0,Wolverhampton Wanderers,2025
3766,2024-09-21,15:00,Matchweek 5,Away,L,1,3,Aston Villa,0.5,1.7,47.0,10.0,4.0,Wolverhampton Wanderers,2025
3767,2024-09-28,17:30,Matchweek 6,Home,L,1,2,Liverpool,0.6,2.5,45.0,8.0,3.0,Wolverhampton Wanderers,2025
3768,2024-10-05,15:00,Matchweek 7,Away,L,3,5,Brentford,1.0,4.2,56.0,17.0,6.0,Wolverhampton Wanderers,2025
3769,2024-10-20,14:00,Matchweek 8,Home,L,1,2,Manchester City,0.8,1.6,23.0,3.0,2.0,Wolverhampton Wanderers,2025
3770,2024-10-26,15:00,Matchweek 9,Away,D,2,2,Brighton,1.3,1.3,49.0,14.0,7.0,Wolverhampton Wanderers,2025
3771,2024-11-02,17:30,Matchweek 10,Home,D,2,2,Crystal Palace,1.5,2.4,57.0,11.0,6.0,Wolverhampton Wanderers,2025
3772,2024-11-09,15:00,Matchweek 11,Home,W,2,0,Southampton,1.3,0.6,29.0,8.0,4.0,Wolverhampton Wanderers,2025
3773,2024-11-23,15:00,Matchweek 12,Away,W,4,1,Fulham,1.3,1.0,41.0,10.0,5.0,Wolverhampton Wanderers,2025
3774,2024-11-30,15:00,Matchweek 13,Home,L,2,4,Bournemouth,0.5,3.3,60.0,10.0,3.0,Wolverhampton Wanderers,2025
3775,2024-12-04,19:30,Matchweek 14,Away,L,0,4,Everton,0.8,1.0,56.0,6.0,2.0,Wolverhampton Wanderers,2025
3776,2024-12-09,20:00,Matchweek 15,Away,L,1,2,West Ham,1.4,1.0,46.0,19.0,5.0,Wolverhampton Wanderers,2025
3777,2024-12-14,15:00,Matchweek 16,Home,L,1,2,Ipswich Town,1.3,1.1,54.0,16.0,6.0,Wolverhampton Wanderers,2025
3778,2024-12-22,14:00,Matchweek 17,Away,W,3,0,Leicester City,1.1,0.8,46.0,8.0,4.0,Wolverhampton Wanderers,2025
3779,2024-12-26,17:30,Matchweek 18,Home,W,2,0,Manchester United,0.9,0.4,51.0,7.0,4.0,Wolverhampton Wanderers,2025
3780,2024-12-29,15:00,Matchweek 19,Away,D,2,2,Tottenham Hotspur,0.7,2.2,52.0,11.0,3.0,Wolverhampton Wanderers,2025
3781,2025-01-06,20:00,Matchweek 20,Home,L,0,3,Nottingham Forest,1.5,2.1,60.0,13.0,5.0,Wolverhampton Wanderers,2025
3782,2025-01-15,19:30,Matchweek 21,Away,L,0,3,Newcastle United,1.6,2.1,40.0,13.0,7.0,Wolverhampton Wanderers,2025
3783,2025-01-20,20:00,Matchweek 22,Away,L,1,3,Chelsea,0.8,3.1,37.0,9.0,4.0,Wolverhampton Wanderers,2025
3784,2025-01-25,15:00,Matchweek 23,Home,L,0,1,Arsenal,0.7,1.0,51.0,9.0,4.0,Wolverhampton Wanderers,2025
3785,2025-02-01,17:30,Matchweek 24,Home,W,2,0,Aston Villa,1.6,0.4,32.0,8.0,5.0,Wolverhampton Wanderers,2025
3786,2025-02-16,14:00,Matchweek 25,Away,L,1,2,Liverpool,1.5,1.7,50.0,16.0,4.0,Wolverhampton Wanderers,2025
3787,2025-02-22,15:00,Matchweek 26,Away,W,1,0,Bournemouth,2.0,0.9,54.0,13.0,5.0,Wolverhampton Wanderers,2025
3788,2025-02-25,19:30,Matchweek 27,Home,L,1,2,Fulham,1.3,1.7,60.0,18.0,5.0,Wolverhampton Wanderers,2025
3789,2025-03-08,20:00,Matchweek 28,Home,D,1,1,Everton,0.8,1.2,66.0,11.0,3.0,Wolverhampton Wanderers,2025
3790,2025-03-15,15:00,Matchweek 29,Away,W,2,1,Southampton,0.4,1.3,40.0,5.0,3.0,Wolverhampton Wanderers,2025
3791,2025-04-01,19:45,Matchweek 30,Home,W,1,0,West Ham,1.2,1.3,42.0,9.0,2.0,Wolverhampton Wanderers,2025
3792,2025-04-05,15:00,Matchweek 31,Away,W,2,1,Ipswich Town,2.6,0.8,55.0,22.0,6.0,Wolverhampton Wanderers,2025
3793,2025-04-13,14:00,Matchweek 32,Home,W,4,2,Tottenham Hotspur,2.4,2.0,37.0,13.0,5.0,Wolverhampton Wanderers,2025
3794,2025-04-20,14:00,Matchweek 33,Away,W,1,0,Manchester United,0.2,1.3,41.0,4.0,2.0,Wolverhampton Wanderers,2025
3795,2025-04-26,15:00,Matchweek 34,Home,W,3,0,Leicester City,2.0,1.1,56.0,20.0,5.0,Wolverhampton Wanderers,2025
3796,2025-05-02,20:00,Matchweek 35,Away,L,0,1,Manchester City,0.4,0.7,37.0,6.0,0.0,Wolverhampton Wanderers,2025
3797,2025-05-10,15:00,Matchweek 36,Home,L,0,2,Brighton,0.9,1.6,56.0,10.0,3.0,Wolverhampton Wanderers,2025
3798,2025-05-20,20:00,Matchweek 37,Away,L,2,4,Crystal Palace,1.4,1.7,69.0,12.0,3.0,Wolverhampton Wanderers,2025
3799,2025-05-25,16:00,Matchweek 38,Home,D,1,1,Brentford,1.0,1.4,49.0,18.0,6.0,Wolverhampton Wanderers,2025
