,date,time,round,venue,result,gf,ga,opponent,xg,xga,poss,sh,sot,team,season,team_id
0,2020-09-12,12:30,Matchweek 1,Away,W,3,0,Fulham,1.9,0.1,54.0,13.0,5.0,Arsenal,2021,0
1,2020-09-19,20:00,Matchweek 2,Home,W,2,1,West Ham,1.1,2.0,62.0,7.0,3.0,Arsenal,2021,0
2,2020-09-28,20:00,Matchweek 3,Away,L,1,3,Liverpool,1.3,2.7,34.0,4.0,3.0,Arsenal,2021,0
3,2020-10-04,14:00,Matchweek 4,Home,W,2,1,Sheffield United,0.6,0.2,64.0,6.0,5.0,Arsenal,2021,0
4,2020-10-17,17:30,Matchweek 5,Away,L,0,1,Manchester City,0.9,1.3,42.0,11.0,3.0,Arsenal,2021,0
5,2020-10-25,19:15,Matchweek 6,Home,L,0,1,Leicester City,0.7,0.7,56.0,12.0,4.0,Arsenal,2021,0
6,2020-11-01,16:30,Matchweek 7,Away,W,1,0,Manchester United,1.0,0.4,46.0,6.0,1.0,Arsenal,2021,0
7,2020-11-08,19:15,Matchweek 8,Home,L,0,3,Aston Villa,1.5,1.8,59.0,13.0,2.0,Arsenal,2021,0
8,2020-11-22,16:30,Matchweek 9,Away,D,0,0,Leeds United,0.9,1.8,34.0,9.0,2.0,Arsenal,2021,0
9,2020-11-29,19:15,Matchweek 10,Home,L,1,2,Wolverhampton Wanderers,1.5,1.8,56.0,13.0,2.0,Arsenal,2021,0
10,2020-12-06,16:30,Matchweek 11,Away,L,0,2,Tottenham Hotspur,0.6,0.3,69.0,11.0,2.0,Arsenal,2021,0
11,2020-12-13,19:15,Matchweek 12,Home,L,0,1,Burnley,1.6,1.4,65.0,18.0,6.0,Arsenal,2021,0
12,2020-12-16,18:00,Matchweek 13,Home,D,1,1,Southampton,0.6,1.2,36.0,9.0,4.0,Arsenal,2021,0
13,2020-12-19,17:30,Matchweek 14,Away,L,1,2,Everton,1.4,0.6,57.0,12.0,1.0,Arsenal,2021,0
14,2020-12-26,17:30,Matchweek 15,Home,W,3,1,Chelsea,2.0,2.6,40.0,14.0,6.0,Arsenal,2021,0
15,2020-12-29,18:00,Matchweek 16,Away,W,1,0,Brighton,1.1,0.8,50.0,11.0,3.0,Arsenal,2021,0
16,2021-01-02,20:00,Matchweek 17,Away,W,4,0,West Brom,3.7,1.0,61.0,21.0,11.0,Arsenal,2021,0
17,2021-01-14,20:00,Matchweek 18,Home,D,0,0,Crystal Palace,0.4,0.8,67.0,11.0,4.0,Arsenal,2021,0
18,2021-01-18,20:00,Matchweek 19,Home,W,3,0,Newcastle United,2.4,0.2,66.0,20.0,6.0,Arsenal,2021,0
19,2021-01-26,20:15,Matchweek 20,Away,W,3,1,Southampton,2.2,0.8,42.0,9.0,4.0,Arsenal,2021,0
20,2021-01-30,17:30,Matchweek 21,Home,D,0,0,Manchester United,0.9,1.6,43.0,17.0,3.0,Arsenal,2021,0
21,2021-02-02,18:00,Matchweek 22,Away,L,1,2,Wolverhampton Wanderers,0.8,1.5,45.0,9.0,3.0,Arsenal,2021,0
22,2021-02-06,12:30,Matchweek 23,Away,L,0,1,Aston Villa,0.8,1.2,65.0,14.0,3.0,Arsenal,2021,0
23,2021-02-14,16:30,Matchweek 24,Home,W,4,2,Leeds United,2.3,0.9,46.0,12.0,4.0,Arsenal,2021,0
24,2021-02-21,16:30,Matchweek 25,Home,L,0,1,Manchester City,0.3,1.8,45.0,7.0,1.0,Arsenal,2021,0
25,2021-02-28,12:00,Matchweek 26,Away,W,3,1,Leicester City,2.3,0.4,56.0,11.0,3.0,Arsenal,2021,0
26,2021-03-06,12:30,Matchweek 27,Away,D,1,1,Burnley,2.5,1.1,59.0,15.0,2.0,Arsenal,2021,0
27,2021-03-14,16:30,Matchweek 28,Home,W,2,1,Tottenham Hotspur,1.7,0.4,52.0,12.0,2.0,Arsenal,2021,0
28,2021-03-21,15:00,Matchweek 29,Away,D,3,3,West Ham,1.4,2.4,62.0,16.0,6.0,Arsenal,2021,0
29,2021-04-03,20:00,Matchweek 30,Home,L,0,3,Liverpool,0.1,2.4,36.0,3.0,2.0,Arsenal,2021,0
30,2021-04-11,19:00,Matchweek 31,Away,W,3,0,Sheffield United,1.7,0.3,55.0,14.0,5.0,Arsenal,2021,0
31,2021-04-18,13:30,Matchweek 32,Home,D,1,1,Fulham,2.7,0.9,69.0,18.0,5.0,Arsenal,2021,0
32,2021-04-23,20:00,Matchweek 33,Home,L,0,1,Everton,0.8,0.5,59.0,14.0,3.0,Arsenal,2021,0
33,2021-05-02,14:00,Matchweek 34,Away,W,2,0,Newcastle United,2.0,0.3,61.0,19.0,4.0,Arsenal,2021,0
34,2021-05-09,19:00,Matchweek 35,Home,W,3,1,West Brom,0.9,1.8,65.0,15.0,7.0,Arsenal,2021,0
35,2021-05-12,20:15,Matchweek 36,Away,W,1,0,Chelsea,0.6,1.8,33.0,5.0,2.0,Arsenal,2021,0
36,2021-05-19,19:00,Matchweek 37,Away,W,3,1,Crystal Palace,1.8,1.0,68.0,6.0,3.0,Arsenal,2021,0
37,2021-05-23,16:00,Matchweek 38,Home,W,2,0,Brighton,0.8,0.2,54.0,16.0,5.0,Arsenal,2021,0
38,2021-08-13,20:00,Matchweek 1,Away,L,0,2,Brentford,1.3,1.2,64.0,22.0,4.0,Arsenal,2022,0
39,2021-08-22,16:30,Matchweek 2,Home,L,0,2,Chelsea,0.3,3.1,35.0,6.0,3.0,Arsenal,2022,0
40,2021-08-28,12:30,Matchweek 3,Away,L,0,5,Manchester City,0.2,4.4,20.0,1.0,0.0,Arsenal,2022,0
41,2021-09-11,15:00,Matchweek 4,Home,W,1,0,Norwich City,2.7,0.7,51.0,30.0,6.0,Arsenal,2022,0
42,2021-09-18,15:00,Matchweek 5,Away,W,1,0,Burnley,1.1,1.0,54.0,13.0,3.0,Arsenal,2022,0
43,2021-09-26,16:30,Matchweek 6,Home,W,3,1,Tottenham Hotspur,1.1,1.0,46.0,12.0,7.0,Arsenal,2022,0
44,2021-10-02,17:30,Matchweek 7,Away,D,0,0,Brighton,0.4,1.1,42.0,8.0,2.0,Arsenal,2022,0
45,2021-10-18,20:00,Matchweek 8,Home,D,2,2,Crystal Palace,1.7,0.7,54.0,17.0,6.0,Arsenal,2022,0
46,2021-10-22,20:00,Matchweek 9,Home,W,3,1,Aston Villa,2.7,1.4,53.0,21.0,8.0,Arsenal,2022,0
47,2021-10-30,12:30,Matchweek 10,Away,W,2,0,Leicester City,0.7,1.3,36.0,9.0,5.0,Arsenal,2022,0
48,2021-11-07,14:00,Matchweek 11,Home,W,1,0,Watford,1.6,0.5,60.0,13.0,5.0,Arsenal,2022,0
49,2021-11-20,17:30,Matchweek 12,Away,L,0,4,Liverpool,0.4,4.3,38.0,5.0,3.0,Arsenal,2022,0
50,2021-11-27,12:30,Matchweek 13,Home,W,2,0,Newcastle United,2.5,0.3,66.0,24.0,6.0,Arsenal,2022,0
51,2021-12-02,20:15,Matchweek 14,Away,L,2,3,Manchester United,1.4,1.9,56.0,17.0,7.0,Arsenal,2022,0
52,2021-12-06,20:00,Matchweek 15,Away,L,1,2,Everton,1.0,0.9,63.0,10.0,3.0,Arsenal,2022,0
53,2021-12-11,15:00,Matchweek 16,Home,W,3,0,Southampton,1.8,0.6,61.0,15.0,5.0,Arsenal,2022,0
54,2021-12-15,20:00,Matchweek 17,Home,W,2,0,West Ham,2.8,0.4,55.0,20.0,7.0,Arsenal,2022,0
55,2021-12-18,17:30,Matchweek 18,Away,W,4,1,Leeds United,3.5,1.6,49.0,21.0,12.0,Arsenal,2022,0
56,2021-12-26,15:00,Matchweek 19,Away,W,5,0,Norwich City,2.5,0.1,64.0,15.0,5.0,Arsenal,2022,0
57,2022-01-01,12:30,Matchweek 21,Home,L,1,2,Manchester City,0.8,2.0,29.0,7.0,2.0,Arsenal,2022,0
58,2022-01-23,14:00,Matchweek 23,Home,D,0,0,Burnley,1.2,0.4,75.0,20.0,5.0,Arsenal,2022,0
59,2022-02-10,19:45,Matchweek 24,Away,W,1,0,Wolverhampton Wanderers,1.8,0.8,42.0,12.0,2.0,Arsenal,2022,0
60,2022-02-19,15:00,Matchweek 26,Home,W,2,1,Brentford,1.7,0.6,66.0,24.0,7.0,Arsenal,2022,0
61,2022-02-24,19:45,Matchweek 20,Home,W,2,1,Wolverhampton Wanderers,3.1,1.0,56.0,26.0,5.0,Arsenal,2022,0
62,2022-03-06,14:00,Matchweek 28,Away,W,3,2,Watford,1.0,1.0,56.0,16.0,4.0,Arsenal,2022,0
63,2022-03-13,16:30,Matchweek 29,Home,W,2,0,Leicester City,2.4,0.4,46.0,20.0,6.0,Arsenal,2022,0
64,2022-03-16,20:15,Matchweek 27,Home,L,0,2,Liverpool,0.5,0.8,49.0,9.0,2.0,Arsenal,2022,0
65,2022-03-19,12:30,Matchweek 30,Away,W,1,0,Aston Villa,1.3,0.5,53.0,10.0,3.0,Arsenal,2022,0
66,2022-04-04,20:00,Matchweek 31,Away,L,0,3,Crystal Palace,0.8,1.5,68.0,12.0,3.0,Arsenal,2022,0
67,2022-04-09,15:00,Matchweek 32,Home,L,1,2,Brighton,1.9,0.6,64.0,20.0,4.0,Arsenal,2022,0
68,2022-04-16,15:00,Matchweek 33,Away,L,0,1,Southampton,1.7,0.8,75.0,23.0,6.0,Arsenal,2022,0
69,2022-04-20,19:45,Matchweek 25,Away,W,4,2,Chelsea,2.0,0.7,33.0,13.0,3.0,Arsenal,2022,0
70,2022-04-23,12:30,Matchweek 34,Home,W,3,1,Manchester United,2.3,1.8,54.0,13.0,6.0,Arsenal,2022,0
71,2022-05-01,16:30,Matchweek 35,Away,W,2,1,West Ham,0.9,0.5,43.0,13.0,7.0,Arsenal,2022,0
72,2022-05-08,14:00,Matchweek 36,Home,W,2,1,Leeds United,2.0,0.3,64.0,19.0,9.0,Arsenal,2022,0
73,2022-05-12,19:45,Matchweek 22,Away,L,0,3,Tottenham Hotspur,0.5,2.7,43.0,9.0,5.0,Arsenal,2022,0
74,2022-05-16,20:00,Matchweek 37,Away,L,0,2,Newcastle United,0.6,1.6,49.0,11.0,2.0,Arsenal,2022,0
75,2022-05-22,16:00,Matchweek 38,Home,W,5,1,Everton,4.2,1.1,73.0,25.0,8.0,Arsenal,2022,0
76,2022-08-05,20:00,Matchweek 1,Away,W,2,0,Crystal Palace,1.0,1.2,44.0,10.0,2.0,Arsenal,2023,0
77,2022-08-13,15:00,Matchweek 2,Home,W,4,2,Leicester City,2.7,0.5,50.0,19.0,7.0,Arsenal,2023,0
78,2022-08-20,17:30,Matchweek 3,Away,W,3,0,Bournemouth,1.3,0.3,57.0,14.0,6.0,Arsenal,2023,0
79,2022-08-27,17:30,Matchweek 4,Home,W,2,1,Fulham,2.6,0.8,71.0,22.0,8.0,Arsenal,2023,0
80,2022-08-31,19:30,Matchweek 5,Home,W,2,1,Aston Villa,2.4,0.4,59.0,22.0,8.0,Arsenal,2023,0
81,2022-09-04,16:30,Matchweek 6,Away,L,1,3,Manchester United,1.3,1.5,60.0,16.0,3.0,Arsenal,2023,0
82,2022-09-18,12:00,Matchweek 8,Away,W,3,0,Brentford,1.5,0.5,63.0,13.0,7.0,Arsenal,2023,0
83,2022-10-01,12:30,Matchweek 9,Home,W,3,1,Tottenham Hotspur,2.4,1.6,64.0,22.0,9.0,Arsenal,2023,0
84,2022-10-09,16:30,Matchweek 10,Home,W,3,2,Liverpool,2.7,1.1,43.0,10.0,6.0,Arsenal,2023,0
85,2022-10-16,14:00,Matchweek 11,Away,W,1,0,Leeds United,0.5,1.8,53.0,9.0,4.0,Arsenal,2023,0
86,2022-10-23,14:00,Matchweek 13,Away,D,1,1,Southampton,1.0,0.7,59.0,12.0,3.0,Arsenal,2023,0
87,2022-10-30,14:00,Matchweek 14,Home,W,5,0,Nottingham Forest,2.3,0.4,69.0,24.0,9.0,Arsenal,2023,0
88,2022-11-06,12:00,Matchweek 15,Away,W,1,0,Chelsea,2.1,0.3,55.0,14.0,2.0,Arsenal,2023,0
89,2022-11-12,19:45,Matchweek 16,Away,W,2,0,Wolverhampton Wanderers,2.1,0.7,62.0,14.0,3.0,Arsenal,2023,0
90,2022-12-26,20:00,Matchweek 17,Home,W,3,1,West Ham,2.1,1.0,66.0,16.0,5.0,Arsenal,2023,0
91,2022-12-31,17:30,Matchweek 18,Away,W,4,2,Brighton,2.9,1.2,32.0,14.0,7.0,Arsenal,2023,0
92,2023-01-03,19:45,Matchweek 19,Home,D,0,0,Newcastle United,1.1,1.0,66.0,17.0,4.0,Arsenal,2023,0
93,2023-01-15,16:30,Matchweek 20,Away,W,2,0,Tottenham Hotspur,1.8,1.6,49.0,14.0,5.0,Arsenal,2023,0
94,2023-01-22,16:30,Matchweek 21,Home,W,3,2,Manchester United,3.1,0.4,57.0,25.0,5.0,Arsenal,2023,0
95,2023-02-04,12:30,Matchweek 22,Away,L,0,1,Everton,0.9,1.7,70.0,15.0,2.0,Arsenal,2023,0
96,2023-02-11,15:00,Matchweek 23,Home,D,1,1,Brentford,1.6,2.0,69.0,23.0,7.0,Arsenal,2023,0
97,2023-02-15,19:30,Matchweek 12,Home,L,1,3,Manchester City,1.6,1.8,63.0,9.0,0.0,Arsenal,2023,0
98,2023-02-18,12:30,Matchweek 24,Away,W,4,2,Aston Villa,3.2,0.5,67.0,20.0,5.0,Arsenal,2023,0
99,2023-02-25,15:00,Matchweek 25,Away,W,1,0,Leicester City,0.7,0.0,65.0,10.0,2.0,Arsenal,2023,0
100,2023-03-01,19:45,Matchweek 7,Home,W,4,0,Everton,2.4,1.2,73.0,15.0,5.0,Arsenal,2023,0
101,2023-03-04,15:00,Matchweek 26,Home,W,3,2,Bournemouth,2.1,1.3,79.0,31.0,9.0,Arsenal,2023,0
102,2023-03-12,14:00,Matchweek 27,Away,W,3,0,Fulham,2.3,0.8,55.0,15.0,7.0,Arsenal,2023,0
103,2023-03-19,14:00,Matchweek 28,Home,W,4,1,Crystal Palace,1.6,0.8,62.0,15.0,5.0,Arsenal,2023,0
104,2023-04-01,15:00,Matchweek 29,Home,W,4,1,Leeds United,3.8,0.7,66.0,12.0,4.0,Arsenal,2023,0
105,2023-04-09,16:30,Matchweek 30,Away,D,2,2,Liverpool,1.4,3.9,41.0,9.0,5.0,Arsenal,2023,0
106,2023-04-16,14:00,Matchweek 31,Away,D,2,2,West Ham,2.7,1.8,70.0,10.0,5.0,Arsenal,2023,0
107,2023-04-21,20:00,Matchweek 32,Home,D,3,3,Southampton,2.4,1.3,74.0,25.0,5.0,Arsenal,2023,0
108,2023-04-26,20:00,Matchweek 33,Away,L,1,4,Manchester City,0.5,2.5,48.0,8.0,2.0,Arsenal,2023,0
109,2023-05-02,20:00,Matchweek 34,Home,W,3,1,Chelsea,1.7,0.8,55.0,16.0,9.0,Arsenal,2023,0
110,2023-05-07,16:30,Matchweek 35,Away,W,2,0,Newcastle United,1.3,1.3,45.0,10.0,6.0,Arsenal,2023,0
111,2023-05-14,16:30,Matchweek 36,Home,L,0,3,Brighton,0.9,1.7,41.0,14.0,2.0,Arsenal,2023,0
112,2023-05-20,17:30,Matchweek 37,Away,L,0,1,Nottingham Forest,0.6,0.6,81.0,11.0,3.0,Arsenal,2023,0
113,2023-05-28,16:30,Matchweek 38,Home,W,5,0,Wolverhampton Wanderers,2.8,0.5,51.0,14.0,8.0,Arsenal,2023,0
114,2023-08-12,12:30,Matchweek 1,Home,W,2,1,Nottingham Forest,0.8,1.2,78.0,15.0,7.0,Arsenal,2024,0
115,2023-08-21,20:00,Matchweek 2,Away,W,1,0,Crystal Palace,2.0,1.0,53.0,13.0,2.0,Arsenal,2024,0
116,2023-08-26,15:00,Matchweek 3,Home,D,2,2,Fulham,3.2,0.6,71.0,18.0,9.0,Arsenal,2024,0
117,2023-09-03,16:30,Matchweek 4,Home,W,3,1,Manchester United,2.3,0.9,55.0,17.0,5.0,Arsenal,2024,0
118,2023-09-17,16:30,Matchweek 5,Away,W,1,0,Everton,1.0,0.3,74.0,13.0,4.0,Arsenal,2024,0
119,2023-09-24,14:00,Matchweek 6,Home,D,2,2,Tottenham Hotspur,1.8,1.4,47.0,12.0,4.0,Arsenal,2024,0
120,2023-09-30,15:00,Matchweek 7,Away,W,4,0,Bournemouth,3.4,0.6,57.0,13.0,6.0,Arsenal,2024,0
121,2023-10-08,16:30,Matchweek 8,Home,W,1,0,Manchester City,0.4,0.5,49.0,12.0,2.0,Arsenal,2024,0
122,2023-10-21,17:30,Matchweek 9,Away,D,2,2,Chelsea,1.0,1.3,56.0,13.0,3.0,Arsenal,2024,0
123,2023-10-28,15:00,Matchweek 10,Home,W,5,0,Sheffield United,2.8,0.0,67.0,12.0,6.0,Arsenal,2024,0
124,2023-11-04,17:30,Matchweek 11,Away,L,0,1,Newcastle United,0.6,1.0,58.0,14.0,1.0,Arsenal,2024,0
125,2023-11-11,15:00,Matchweek 12,Home,W,3,1,Burnley,1.8,0.3,63.0,16.0,6.0,Arsenal,2024,0
126,2023-11-25,17:30,Matchweek 13,Away,W,1,0,Brentford,1.6,1.1,63.0,15.0,4.0,Arsenal,2024,0
127,2023-12-02,15:00,Matchweek 14,Home,W,2,1,Wolverhampton Wanderers,2.8,0.7,57.0,19.0,6.0,Arsenal,2024,0
128,2023-12-05,20:15,Matchweek 15,Away,W,4,3,Luton Town,2.2,0.5,66.0,23.0,9.0,Arsenal,2024,0
129,2023-12-09,17:30,Matchweek 16,Away,L,0,1,Aston Villa,1.4,0.6,61.0,12.0,3.0,Arsenal,2024,0
130,2023-12-17,14:00,Matchweek 17,Home,W,2,0,Brighton,2.3,0.7,49.0,26.0,8.0,Arsenal,2024,0
131,2023-12-23,17:30,Matchweek 18,Away,D,1,1,Liverpool,0.7,1.0,48.0,13.0,2.0,Arsenal,2024,0
132,2023-12-28,20:15,Matchweek 19,Home,L,0,2,West Ham,2.7,1.4,73.0,30.0,8.0,Arsenal,2024,0
133,2023-12-31,14:00,Matchweek 20,Away,L,1,2,Fulham,1.6,1.2,60.0,13.0,3.0,Arsenal,2024,0
134,2024-01-20,12:30,Matchweek 21,Home,W,5,0,Crystal Palace,3.3,0.3,60.0,21.0,7.0,Arsenal,2024,0
135,2024-01-30,19:30,Matchweek 22,Away,W,2,1,Nottingham Forest,1.2,0.5,73.0,19.0,3.0,Arsenal,2024,0
136,2024-02-04,16:30,Matchweek 23,Home,W,3,1,Liverpool,3.5,0.4,43.0,15.0,7.0,Arsenal,2024,0
137,2024-02-11,14:00,Matchweek 24,Away,W,6,0,West Ham,3.6,0.2,70.0,24.0,11.0,Arsenal,2024,0
138,2024-02-17,15:00,Matchweek 25,Away,W,5,0,Burnley,2.3,0.3,64.0,15.0,6.0,Arsenal,2024,0
139,2024-02-24,20:00,Matchweek 26,Home,W,4,1,Newcastle United,2.8,0.2,55.0,18.0,7.0,Arsenal,2024,0
140,2024-03-04,20:00,Matchweek 27,Away,W,6,0,Sheffield United,2.3,0.2,80.0,22.0,9.0,Arsenal,2024,0
141,2024-03-09,17:30,Matchweek 28,Home,W,2,1,Brentford,1.3,1.0,71.0,17.0,5.0,Arsenal,2024,0
142,2024-03-31,16:30,Matchweek 30,Away,D,0,0,Manchester City,0.7,1.0,28.0,6.0,2.0,Arsenal,2024,0
143,2024-04-03,19:30,Matchweek 31,Home,W,2,0,Luton Town,0.7,0.3,58.0,13.0,4.0,Arsenal,2024,0
144,2024-04-06,17:30,Matchweek 32,Away,W,3,0,Brighton,3.4,0.5,46.0,19.0,6.0,Arsenal,2024,0
145,2024-04-14,16:30,Matchweek 33,Home,L,0,2,Aston Villa,1.6,0.9,52.0,18.0,4.0,Arsenal,2024,0
146,2024-04-20,19:30,Matchweek 34,Away,W,2,0,Wolverhampton Wanderers,1.2,0.2,54.0,24.0,9.0,Arsenal,2024,0
147,2024-04-23,20:00,Matchweek 29,Home,W,5,0,Chelsea,3.3,1.6,45.0,27.0,10.0,Arsenal,2024,0
148,2024-04-28,14:00,Matchweek 35,Away,W,3,2,Tottenham Hotspur,1.0,2.3,38.0,9.0,3.0,Arsenal,2024,0
149,2024-05-04,12:30,Matchweek 36,Home,W,3,0,Bournemouth,3.3,0.5,55.0,24.0,8.0,Arsenal,2024,0
150,2024-05-12,16:30,Matchweek 37,Away,W,1,0,Manchester United,1.5,0.5,46.0,11.0,5.0,Arsenal,2024,0
151,2024-05-19,16:00,Matchweek 38,Home,W,2,1,Everton,2.9,0.6,68.0,26.0,5.0,Arsenal,2024,0
152,2024-08-17,15:00,Matchweek 1,Home,W,2,0,Wolverhampton Wanderers,1.2,0.5,53.0,18.0,6.0,Arsenal,2025,0
153,2024-08-24,17:30,Matchweek 2,Away,W,2,0,Aston Villa,0.9,1.2,60.0,9.0,4.0,Arsenal,2025,0
154,2024-08-31,12:30,Matchweek 3,Home,D,1,1,Brighton,2.1,1.7,36.0,11.0,7.0,Arsenal,2025,0
155,2024-09-15,14:00,Matchweek 4,Away,W,1,0,Tottenham Hotspur,0.7,0.7,37.0,7.0,4.0,Arsenal,2025,0
156,2024-09-22,16:30,Matchweek 5,Away,D,2,2,Manchester City,0.7,2.1,23.0,5.0,3.0,Arsenal,2025,0
157,2024-09-28,15:00,Matchweek 6,Home,W,4,2,Leicester City,4.4,0.3,74.0,35.0,16.0,Arsenal,2025,0
158,2024-10-05,15:00,Matchweek 7,Home,W,3,1,Southampton,2.8,0.6,59.0,29.0,6.0,Arsenal,2025,0
159,2024-10-19,17:30,Matchweek 8,Away,L,0,2,Bournemouth,0.7,1.8,51.0,6.0,1.0,Arsenal,2025,0
160,2024-10-27,16:30,Matchweek 9,Home,D,2,2,Liverpool,0.9,0.8,45.0,9.0,3.0,Arsenal,2025,0
161,2024-11-02,12:30,Matchweek 10,Away,L,0,1,Newcastle United,1.1,0.5,63.0,10.0,0.0,Arsenal,2025,0
162,2024-11-10,16:30,Matchweek 11,Away,D,1,1,Chelsea,1.5,1.5,51.0,13.0,3.0,Arsenal,2025,0
163,2024-11-23,15:00,Matchweek 12,Home,W,3,0,Nottingham Forest,1.2,0.3,66.0,19.0,6.0,Arsenal,2025,0
164,2024-11-30,17:30,Matchweek 13,Away,W,5,2,West Ham,3.5,1.5,60.0,14.0,5.0,Arsenal,2025,0
165,2024-12-04,20:15,Matchweek 14,Home,W,2,0,Manchester United,2.1,0.2,51.0,14.0,6.0,Arsenal,2025,0
166,2024-12-08,14:00,Matchweek 15,Away,D,1,1,Fulham,1.8,0.2,66.0,12.0,4.0,Arsenal,2025,0
167,2024-12-14,15:00,Matchweek 16,Home,D,0,0,Everton,1.2,0.1,76.0,13.0,5.0,Arsenal,2025,0
168,2024-12-21,17:30,Matchweek 17,Away,W,5,1,Crystal Palace,2.5,1.6,58.0,14.0,6.0,Arsenal,2025,0
169,2024-12-27,20:15,Matchweek 18,Home,W,1,0,Ipswich Town,1.8,0.2,68.0,13.0,5.0,Arsenal,2025,0
170,2025-01-01,17:30,Matchweek 19,Away,W,3,1,Brentford,1.9,0.3,50.0,14.0,4.0,Arsenal,2025,0
171,2025-01-04,17:30,Matchweek 20,Away,D,1,1,Brighton,0.9,1.5,55.0,9.0,3.0,Arsenal,2025,0
172,2025-01-15,20:00,Matchweek 21,Home,W,2,1,Tottenham Hotspur,1.4,0.8,53.0,14.0,4.0,Arsenal,2025,0
173,2025-01-18,17:30,Matchweek 22,Home,D,2,2,Aston Villa,1.3,1.0,66.0,18.0,6.0,Arsenal,2025,0
174,2025-01-25,15:00,Matchweek 23,Away,W,1,0,Wolverhampton Wanderers,1.0,0.7,49.0,9.0,3.0,Arsenal,2025,0
175,2025-02-02,16:30,Matchweek 24,Home,W,5,1,Manchester City,1.0,0.8,46.0,12.0,7.0,Arsenal,2025,0
176,2025-02-15,12:30,Matchweek 25,Away,W,2,0,Leicester City,1.4,0.2,60.0,11.0,5.0,Arsenal,2025,0
177,2025-02-22,15:00,Matchweek 26,Home,L,0,1,West Ham,1.2,1.1,68.0,20.0,2.0,Arsenal,2025,0
178,2025-02-26,19:30,Matchweek 27,Away,D,0,0,Nottingham Forest,1.0,0.4,64.0,13.0,1.0,Arsenal,2025,0
179,2025-03-09,16:30,Matchweek 28,Away,D,1,1,Manchester United,1.6,1.5,68.0,17.0,6.0,Arsenal,2025,0
180,2025-03-16,13:30,Matchweek 29,Home,W,1,0,Chelsea,0.7,0.4,42.0,12.0,4.0,Arsenal,2025,0
181,2025-04-01,19:45,Matchweek 30,Home,W,2,1,Fulham,2.2,1.0,51.0,17.0,4.0,Arsenal,2025,0
182,2025-04-05,12:30,Matchweek 31,Away,D,1,1,Everton,1.8,1.1,69.0,14.0,4.0,Arsenal,2025,0
183,2025-04-12,17:30,Matchweek 32,Home,D,1,1,Brentford,1.0,0.2,63.0,14.0,3.0,Arsenal,2025,0
184,2025-04-20,14:00,Matchweek 33,Away,W,4,0,Ipswich Town,2.4,0.2,75.0,24.0,7.0,Arsenal,2025,0
185,2025-04-23,20:00,Matchweek 34,Home,D,2,2,Crystal Palace,1.2,1.7,67.0,12.0,4.0,Arsenal,2025,0
186,2025-05-03,17:30,Matchweek 35,Home,L,1,2,Bournemouth,1.4,0.9,51.0,13.0,4.0,Arsenal,2025,0
187,2025-05-11,16:30,Matchweek 36,Away,D,2,2,Liverpool,2.6,2.4,55.0,15.0,6.0,Arsenal,2025,0
188,2025-05-18,16:30,Matchweek 37,Home,W,1,0,Newcastle United,0.6,1.5,51.0,12.0,4.0,Arsenal,2025,0
189,2025-05-25,16:00,Matchweek 38,Away,W,2,1,Southampton,2.3,0.6,62.0,23.0,7.0,Arsenal,2025,0
190,2020-09-21,18:00,Matchweek 2,Home,W,1,0,Sheffield United,1.0,0.9,71.0,18.0,2.0,Aston Villa,2021,1
191,2020-09-28,17:45,Matchweek 3,Away,W,3,0,Fulham,1.4,0.7,36.0,12.0,5.0,Aston Villa,2021,1
192,2020-10-04,19:15,Matchweek 4,Home,W,7,2,Liverpool,2.7,1.8,31.0,18.0,11.0,Aston Villa,2021,1
193,2020-10-18,19:15,Matchweek 5,Away,W,1,0,Leicester City,0.7,0.6,50.0,10.0,4.0,Aston Villa,2021,1
194,2020-10-23,20:00,Matchweek 6,Home,L,0,3,Leeds United,1.4,2.7,41.0,12.0,3.0,Aston Villa,2021,1
195,2020-11-01,12:00,Matchweek 7,Home,L,3,4,Southampton,1.9,0.7,56.0,18.0,9.0,Aston Villa,2021,1
196,2020-11-08,19:15,Matchweek 8,Away,W,3,0,Arsenal,1.8,1.5,41.0,15.0,5.0,Aston Villa,2021,1
197,2020-11-21,15:00,Matchweek 9,Home,L,1,2,Brighton,1.5,1.4,56.0,15.0,4.0,Aston Villa,2021,1
198,2020-11-30,20:00,Matchweek 10,Away,L,1,2,West Ham,2.5,0.4,66.0,15.0,6.0,Aston Villa,2021,1
199,2020-12-12,12:30,Matchweek 12,Away,W,1,0,Wolverhampton Wanderers,1.4,1.1,50.0,12.0,1.0,Aston Villa,2021,1
200,2020-12-17,18:00,Matchweek 13,Home,D,0,0,Burnley,1.5,0.3,59.0,27.0,6.0,Aston Villa,2021,1
201,2020-12-20,19:15,Matchweek 14,Away,W,3,0,West Brom,2.4,0.0,67.0,18.0,9.0,Aston Villa,2021,1
202,2020-12-26,15:00,Matchweek 15,Home,W,3,0,Crystal Palace,3.9,0.9,39.0,20.0,9.0,Aston Villa,2021,1
203,2020-12-28,17:30,Matchweek 16,Away,D,1,1,Chelsea,0.7,1.7,37.0,10.0,2.0,Aston Villa,2021,1
204,2021-01-01,20:00,Matchweek 17,Away,L,1,2,Manchester United,1.4,2.1,52.0,15.0,5.0,Aston Villa,2021,1
205,2021-01-20,18:00,Matchweek 1,Away,L,0,2,Manchester City,0.6,3.4,31.0,11.0,4.0,Aston Villa,2021,1
206,2021-01-23,20:00,Matchweek 11,Home,W,2,0,Newcastle United,2.3,0.5,58.0,14.0,5.0,Aston Villa,2021,1
207,2021-01-27,18:00,Matchweek 20,Away,L,2,3,Burnley,2.2,0.5,61.0,18.0,10.0,Aston Villa,2021,1
208,2021-01-30,20:00,Matchweek 21,Away,W,1,0,Southampton,0.6,1.9,41.0,8.0,4.0,Aston Villa,2021,1
209,2021-02-03,20:15,Matchweek 22,Home,L,1,3,West Ham,0.7,1.7,56.0,9.0,2.0,Aston Villa,2021,1
210,2021-02-06,12:30,Matchweek 23,Home,W,1,0,Arsenal,1.2,0.8,35.0,12.0,8.0,Aston Villa,2021,1
211,2021-02-13,20:00,Matchweek 24,Away,D,0,0,Brighton,0.1,2.2,42.0,4.0,1.0,Aston Villa,2021,1
212,2021-02-21,14:05,Matchweek 25,Home,L,1,2,Leicester City,1.4,1.1,51.0,11.0,2.0,Aston Villa,2021,1
213,2021-02-27,17:30,Matchweek 26,Away,W,1,0,Leeds United,0.7,0.9,31.0,9.0,4.0,Aston Villa,2021,1
214,2021-03-03,18:00,Matchweek 29,Away,L,0,1,Sheffield United,2.3,0.9,72.0,16.0,4.0,Aston Villa,2021,1
215,2021-03-06,17:30,Matchweek 27,Home,D,0,0,Wolverhampton Wanderers,0.6,1.6,49.0,9.0,1.0,Aston Villa,2021,1
216,2021-03-12,20:00,Matchweek 28,Away,D,1,1,Newcastle United,0.9,1.5,51.0,15.0,6.0,Aston Villa,2021,1
217,2021-03-21,19:30,Matchweek 18,Home,L,0,2,Tottenham Hotspur,0.4,1.8,50.0,8.0,1.0,Aston Villa,2021,1
218,2021-04-04,16:30,Matchweek 30,Home,W,3,1,Fulham,1.5,1.0,53.0,14.0,4.0,Aston Villa,2021,1
219,2021-04-10,15:00,Matchweek 31,Away,L,1,2,Liverpool,0.5,2.3,35.0,9.0,5.0,Aston Villa,2021,1
220,2021-04-21,20:15,Matchweek 32,Home,L,1,2,Manchester City,0.7,1.2,28.0,8.0,3.0,Aston Villa,2021,1
221,2021-04-25,19:00,Matchweek 33,Home,D,2,2,West Brom,3.2,1.5,70.0,23.0,10.0,Aston Villa,2021,1
222,2021-05-01,20:00,Matchweek 34,Away,W,2,1,Everton,1.6,1.0,53.0,13.0,5.0,Aston Villa,2021,1
223,2021-05-09,14:05,Matchweek 35,Home,L,1,3,Manchester United,0.5,1.7,41.0,11.0,5.0,Aston Villa,2021,1
224,2021-05-13,18:00,Matchweek 19,Home,D,0,0,Everton,0.6,1.0,58.0,13.0,2.0,Aston Villa,2021,1
225,2021-05-16,12:00,Matchweek 36,Away,L,2,3,Crystal Palace,1.4,1.9,55.0,19.0,5.0,Aston Villa,2021,1
226,2021-05-19,18:00,Matchweek 37,Away,W,2,1,Tottenham Hotspur,1.4,0.8,40.0,20.0,4.0,Aston Villa,2021,1
227,2021-05-23,16:00,Matchweek 38,Home,W,2,1,Chelsea,1.1,3.3,29.0,5.0,2.0,Aston Villa,2021,1
228,2021-08-14,15:00,Matchweek 1,Away,L,2,3,Watford,1.2,1.2,62.0,10.0,1.0,Aston Villa,2022,1
229,2021-08-21,15:00,Matchweek 2,Home,W,2,0,Newcastle United,1.2,0.7,47.0,9.0,1.0,Aston Villa,2022,1
230,2021-08-28,15:00,Matchweek 3,Home,D,1,1,Brentford,0.7,0.9,46.0,7.0,5.0,Aston Villa,2022,1
231,2021-09-11,17:30,Matchweek 4,Away,L,0,3,Chelsea,1.2,1.3,43.0,18.0,6.0,Aston Villa,2022,1
232,2021-09-18,17:30,Matchweek 5,Home,W,3,0,Everton,0.8,0.7,55.0,15.0,3.0,Aston Villa,2022,1
233,2021-09-25,12:30,Matchweek 6,Away,W,1,0,Manchester United,1.0,2.2,41.0,7.0,3.0,Aston Villa,2022,1
234,2021-10-03,14:00,Matchweek 7,Away,L,1,2,Tottenham Hotspur,1.2,1.3,44.0,14.0,3.0,Aston Villa,2022,1
235,2021-10-16,15:00,Matchweek 8,Home,L,2,3,Wolverhampton Wanderers,1.0,2.0,48.0,14.0,5.0,Aston Villa,2022,1
236,2021-10-22,20:00,Matchweek 9,Away,L,1,3,Arsenal,1.4,2.7,47.0,10.0,4.0,Aston Villa,2022,1
237,2021-10-31,16:30,Matchweek 10,Home,L,1,4,West Ham,0.7,2.3,43.0,9.0,3.0,Aston Villa,2022,1
238,2021-11-05,20:00,Matchweek 11,Away,L,0,1,Southampton,0.6,0.6,44.0,14.0,3.0,Aston Villa,2022,1
239,2021-11-20,15:00,Matchweek 12,Home,W,2,0,Brighton,0.7,0.4,38.0,9.0,5.0,Aston Villa,2022,1
240,2021-11-27,15:00,Matchweek 13,Away,W,2,1,Crystal Palace,0.5,1.0,36.0,10.0,3.0,Aston Villa,2022,1
241,2021-12-01,20:15,Matchweek 14,Home,L,1,2,Manchester City,0.8,1.0,36.0,9.0,3.0,Aston Villa,2022,1
242,2021-12-05,16:30,Matchweek 15,Home,W,2,1,Leicester City,2.1,1.1,41.0,13.0,4.0,Aston Villa,2022,1
243,2021-12-11,15:00,Matchweek 16,Away,L,0,1,Liverpool,0.2,2.2,38.0,4.0,0.0,Aston Villa,2022,1
244,2021-12-14,19:45,Matchweek 17,Away,W,2,0,Norwich City,2.0,0.5,50.0,17.0,6.0,Aston Villa,2022,1
245,2021-12-26,17:30,Matchweek 19,Home,L,1,3,Chelsea,0.4,2.6,42.0,8.0,1.0,Aston Villa,2022,1
246,2022-01-02,14:00,Matchweek 21,Away,L,1,2,Brentford,0.8,0.6,55.0,16.0,5.0,Aston Villa,2022,1
247,2022-01-15,17:30,Matchweek 22,Home,D,2,2,Manchester United,1.9,1.0,54.0,13.0,9.0,Aston Villa,2022,1
248,2022-01-22,12:30,Matchweek 23,Away,W,1,0,Everton,0.8,1.6,50.0,8.0,3.0,Aston Villa,2022,1
249,2022-02-09,20:00,Matchweek 24,Home,D,3,3,Leeds United,1.6,1.8,40.0,12.0,4.0,Aston Villa,2022,1
250,2022-02-13,14:00,Matchweek 25,Away,L,0,1,Newcastle United,0.6,0.5,62.0,11.0,1.0,Aston Villa,2022,1
251,2022-02-19,15:00,Matchweek 26,Home,L,0,1,Watford,1.3,1.2,59.0,20.0,1.0,Aston Villa,2022,1
252,2022-02-26,15:00,Matchweek 27,Away,W,2,0,Brighton,1.0,0.7,34.0,9.0,4.0,Aston Villa,2022,1
253,2022-03-05,15:00,Matchweek 28,Home,W,4,0,Southampton,2.5,1.1,38.0,14.0,9.0,Aston Villa,2022,1
254,2022-03-10,19:45,Matchweek 20,Away,W,3,0,Leeds United,1.5,0.2,49.0,15.0,9.0,Aston Villa,2022,1
255,2022-03-13,14:00,Matchweek 29,Away,L,1,2,West Ham,1.1,1.2,53.0,13.0,7.0,Aston Villa,2022,1
256,2022-03-19,12:30,Matchweek 30,Home,L,0,1,Arsenal,0.5,1.3,47.0,8.0,1.0,Aston Villa,2022,1
257,2022-04-02,15:00,Matchweek 31,Away,L,1,2,Wolverhampton Wanderers,2.1,1.3,51.0,14.0,4.0,Aston Villa,2022,1
258,2022-04-09,17:30,Matchweek 32,Home,L,0,4,Tottenham Hotspur,1.6,1.1,52.0,19.0,8.0,Aston Villa,2022,1
259,2022-04-23,15:00,Matchweek 34,Away,D,0,0,Leicester City,0.9,0.3,36.0,11.0,3.0,Aston Villa,2022,1
260,2022-04-30,15:00,Matchweek 35,Home,W,2,0,Norwich City,1.8,0.5,45.0,21.0,6.0,Aston Villa,2022,1
261,2022-05-07,15:00,Matchweek 36,Away,W,3,1,Burnley,2.1,1.9,51.0,12.0,7.0,Aston Villa,2022,1
262,2022-05-10,20:00,Matchweek 33,Home,L,1,2,Liverpool,1.4,1.8,40.0,9.0,4.0,Aston Villa,2022,1
263,2022-05-15,14:00,Matchweek 37,Home,D,1,1,Crystal Palace,1.0,1.4,49.0,13.0,4.0,Aston Villa,2022,1
264,2022-05-19,20:00,Matchweek 18,Home,D,1,1,Burnley,1.5,1.6,71.0,22.0,9.0,Aston Villa,2022,1
265,2022-05-22,16:00,Matchweek 38,Away,L,2,3,Manchester City,0.2,3.4,29.0,4.0,2.0,Aston Villa,2022,1
266,2022-08-06,15:00,Matchweek 1,Away,L,0,2,Bournemouth,0.7,0.6,65.0,15.0,2.0,Aston Villa,2023,1
267,2022-08-13,12:30,Matchweek 2,Home,W,2,1,Everton,2.3,1.6,57.0,12.0,3.0,Aston Villa,2023,1
268,2022-08-20,15:00,Matchweek 3,Away,L,1,3,Crystal Palace,0.9,2.6,49.0,13.0,5.0,Aston Villa,2023,1
269,2022-08-28,14:00,Matchweek 4,Home,L,0,1,West Ham,0.5,0.6,58.0,9.0,3.0,Aston Villa,2023,1
270,2022-08-31,19:30,Matchweek 5,Away,L,1,2,Arsenal,0.4,2.4,41.0,4.0,3.0,Aston Villa,2023,1
271,2022-09-03,17:30,Matchweek 6,Home,D,1,1,Manchester City,0.3,2.1,29.0,3.0,1.0,Aston Villa,2023,1
272,2022-09-16,20:00,Matchweek 8,Home,W,1,0,Southampton,1.5,0.3,53.0,11.0,3.0,Aston Villa,2023,1
273,2022-10-02,16:30,Matchweek 9,Away,D,0,0,Leeds United,2.2,0.4,56.0,19.0,6.0,Aston Villa,2023,1
274,2022-10-10,20:00,Matchweek 10,Away,D,1,1,Nottingham Forest,0.7,0.3,60.0,12.0,2.0,Aston Villa,2023,1
275,2022-10-16,14:00,Matchweek 11,Home,L,0,2,Chelsea,1.8,0.9,42.0,18.0,7.0,Aston Villa,2023,1
276,2022-10-20,19:30,Matchweek 12,Away,L,0,3,Fulham,1.2,2.1,40.0,12.0,6.0,Aston Villa,2023,1
277,2022-10-23,14:00,Matchweek 13,Home,W,4,0,Brentford,2.8,0.9,45.0,18.0,10.0,Aston Villa,2023,1
278,2022-10-29,15:00,Matchweek 14,Away,L,0,4,Newcastle United,0.4,3.4,41.0,3.0,0.0,Aston Villa,2023,1
279,2022-11-06,14:00,Matchweek 15,Home,W,3,1,Manchester United,0.6,0.5,42.0,6.0,4.0,Aston Villa,2023,1
280,2022-11-13,14:00,Matchweek 16,Away,W,2,1,Brighton,1.5,0.6,35.0,7.0,1.0,Aston Villa,2023,1
281,2022-12-26,17:30,Matchweek 17,Home,L,1,3,Liverpool,1.4,2.7,48.0,12.0,6.0,Aston Villa,2023,1
282,2023-01-01,14:00,Matchweek 18,Away,W,2,0,Tottenham Hotspur,1.0,0.7,41.0,13.0,4.0,Aston Villa,2023,1
283,2023-01-04,20:00,Matchweek 19,Home,D,1,1,Wolverhampton Wanderers,1.8,0.9,56.0,13.0,3.0,Aston Villa,2023,1
284,2023-01-13,20:00,Matchweek 20,Home,W,2,1,Leeds United,1.2,2.4,52.0,11.0,5.0,Aston Villa,2023,1
285,2023-01-21,15:00,Matchweek 21,Away,W,1,0,Southampton,1.4,0.6,63.0,16.0,5.0,Aston Villa,2023,1
286,2023-02-04,15:00,Matchweek 22,Home,L,2,4,Leicester City,1.7,2.6,62.0,19.0,4.0,Aston Villa,2023,1
287,2023-02-12,16:30,Matchweek 23,Away,L,1,3,Manchester City,0.3,3.3,33.0,6.0,2.0,Aston Villa,2023,1
288,2023-02-18,12:30,Matchweek 24,Home,L,2,4,Arsenal,0.5,3.2,33.0,7.0,5.0,Aston Villa,2023,1
289,2023-02-25,15:00,Matchweek 25,Away,W,2,0,Everton,1.9,1.6,53.0,8.0,4.0,Aston Villa,2023,1
290,2023-03-04,15:00,Matchweek 26,Home,W,1,0,Crystal Palace,1.2,0.2,58.0,8.0,1.0,Aston Villa,2023,1
291,2023-03-12,14:00,Matchweek 27,Away,D,1,1,West Ham,1.5,2.1,59.0,12.0,4.0,Aston Villa,2023,1
292,2023-03-18,15:00,Matchweek 28,Home,W,3,0,Bournemouth,3.5,1.3,56.0,20.0,9.0,Aston Villa,2023,1
293,2023-04-01,17:30,Matchweek 29,Away,W,2,0,Chelsea,0.9,2.1,31.0,5.0,2.0,Aston Villa,2023,1
294,2023-04-04,19:45,Matchweek 7,Away,W,2,1,Leicester City,1.0,0.5,64.0,15.0,5.0,Aston Villa,2023,1
295,2023-04-08,15:00,Matchweek 30,Home,W,2,0,Nottingham Forest,1.3,0.2,63.0,8.0,3.0,Aston Villa,2023,1
296,2023-04-15,12:30,Matchweek 31,Home,W,3,0,Newcastle United,1.9,0.5,52.0,16.0,6.0,Aston Villa,2023,1
297,2023-04-22,15:00,Matchweek 32,Away,D,1,1,Brentford,1.5,2.7,56.0,14.0,2.0,Aston Villa,2023,1
298,2023-04-25,19:45,Matchweek 33,Home,W,1,0,Fulham,1.0,0.1,51.0,14.0,3.0,Aston Villa,2023,1
299,2023-04-30,14:00,Matchweek 34,Away,L,0,1,Manchester United,0.6,1.2,43.0,7.0,1.0,Aston Villa,2023,1
300,2023-05-06,15:00,Matchweek 35,Away,L,0,1,Wolverhampton Wanderers,1.5,0.8,62.0,16.0,3.0,Aston Villa,2023,1
301,2023-05-13,15:00,Matchweek 36,Home,W,2,1,Tottenham Hotspur,1.2,1.4,48.0,8.0,4.0,Aston Villa,2023,1
302,2023-05-20,15:00,Matchweek 37,Away,D,1,1,Liverpool,1.3,0.7,34.0,5.0,3.0,Aston Villa,2023,1
303,2023-05-28,16:30,Matchweek 38,Home,W,2,1,Brighton,2.8,1.4,41.0,12.0,5.0,Aston Villa,2023,1
304,2023-08-12,17:30,Matchweek 1,Away,L,1,5,Newcastle United,1.8,3.3,48.0,16.0,6.0,Aston Villa,2024,1
305,2023-08-20,14:00,Matchweek 2,Home,W,4,0,Everton,2.9,0.6,60.0,12.0,6.0,Aston Villa,2024,1
306,2023-08-27,14:00,Matchweek 3,Away,W,3,1,Burnley,2.5,0.7,43.0,16.0,6.0,Aston Villa,2024,1
307,2023-09-03,14:00,Matchweek 4,Away,L,0,3,Liverpool,0.7,2.5,37.0,9.0,3.0,Aston Villa,2024,1
308,2023-09-16,15:00,Matchweek 5,Home,W,3,1,Crystal Palace,3.0,1.2,66.0,15.0,4.0,Aston Villa,2024,1
309,2023-09-24,14:00,Matchweek 6,Away,W,1,0,Chelsea,1.0,1.3,47.0,15.0,7.0,Aston Villa,2024,1
310,2023-09-30,12:30,Matchweek 7,Home,W,6,1,Brighton,1.6,1.7,39.0,19.0,9.0,Aston Villa,2024,1
311,2023-10-08,14:00,Matchweek 8,Away,D,1,1,Wolverhampton Wanderers,1.6,1.7,53.0,18.0,4.0,Aston Villa,2024,1
312,2023-10-22,16:30,Matchweek 9,Home,W,4,1,West Ham,1.9,1.1,58.0,14.0,6.0,Aston Villa,2024,1
313,2023-10-29,14:00,Matchweek 10,Home,W,3,1,Luton Town,2.3,0.5,70.0,17.0,6.0,Aston Villa,2024,1
314,2023-11-05,14:00,Matchweek 11,Away,L,0,2,Nottingham Forest,1.2,0.4,73.0,13.0,3.0,Aston Villa,2024,1
315,2023-11-12,14:00,Matchweek 12,Home,W,3,1,Fulham,3.0,0.9,51.0,12.0,6.0,Aston Villa,2024,1
316,2023-11-26,14:00,Matchweek 13,Away,W,2,1,Tottenham Hotspur,1.7,2.3,38.0,15.0,5.0,Aston Villa,2024,1
317,2023-12-03,14:00,Matchweek 14,Away,D,2,2,Bournemouth,0.7,2.0,62.0,11.0,3.0,Aston Villa,2024,1
318,2023-12-06,20:15,Matchweek 15,Home,W,1,0,Manchester City,2.3,0.6,46.0,22.0,7.0,Aston Villa,2024,1
319,2023-12-09,17:30,Matchweek 16,Home,W,1,0,Arsenal,0.6,1.4,39.0,10.0,3.0,Aston Villa,2024,1
320,2023-12-17,14:00,Matchweek 17,Away,W,2,1,Brentford,1.4,0.5,66.0,15.0,5.0,Aston Villa,2024,1
321,2023-12-22,20:00,Matchweek 18,Home,D,1,1,Sheffield United,0.9,0.6,77.0,12.0,4.0,Aston Villa,2024,1
322,2023-12-26,20:00,Matchweek 19,Away,L,2,3,Manchester United,1.7,1.1,54.0,10.0,3.0,Aston Villa,2024,1
323,2023-12-30,15:00,Matchweek 20,Home,W,3,2,Burnley,3.2,1.2,64.0,18.0,6.0,Aston Villa,2024,1
324,2024-01-14,14:00,Matchweek 21,Away,D,0,0,Everton,1.2,1.1,68.0,16.0,4.0,Aston Villa,2024,1
325,2024-01-30,20:15,Matchweek 22,Home,L,1,3,Newcastle United,1.4,2.6,61.0,12.0,5.0,Aston Villa,2024,1
326,2024-02-03,17:30,Matchweek 23,Away,W,5,0,Sheffield United,2.2,1.4,63.0,14.0,9.0,Aston Villa,2024,1
327,2024-02-11,16:30,Matchweek 24,Home,L,1,2,Manchester United,2.4,1.8,56.0,23.0,9.0,Aston Villa,2024,1
328,2024-02-17,15:00,Matchweek 25,Away,W,2,1,Fulham,1.5,1.5,48.0,12.0,3.0,Aston Villa,2024,1
329,2024-02-24,15:00,Matchweek 26,Home,W,4,2,Nottingham Forest,3.6,2.6,58.0,16.0,6.0,Aston Villa,2024,1
330,2024-03-02,17:30,Matchweek 27,Away,W,3,2,Luton Town,1.9,1.8,54.0,12.0,8.0,Aston Villa,2024,1
331,2024-03-10,13:00,Matchweek 28,Home,L,0,4,Tottenham Hotspur,0.8,1.5,32.0,10.0,1.0,Aston Villa,2024,1
332,2024-03-17,14:00,Matchweek 29,Away,D,1,1,West Ham,0.7,2.0,69.0,13.0,5.0,Aston Villa,2024,1
333,2024-03-30,17:30,Matchweek 30,Home,W,2,0,Wolverhampton Wanderers,1.0,1.5,48.0,11.0,5.0,Aston Villa,2024,1
334,2024-04-03,20:15,Matchweek 31,Away,L,1,4,Manchester City,0.8,3.4,33.0,8.0,3.0,Aston Villa,2024,1
335,2024-04-06,15:00,Matchweek 32,Home,D,3,3,Brentford,1.5,1.5,69.0,11.0,3.0,Aston Villa,2024,1
336,2024-04-14,16:30,Matchweek 33,Away,W,2,0,Arsenal,0.9,1.6,48.0,11.0,2.0,Aston Villa,2024,1
337,2024-04-21,15:00,Matchweek 34,Home,W,3,1,Bournemouth,2.4,1.8,56.0,15.0,5.0,Aston Villa,2024,1
338,2024-04-27,20:00,Matchweek 35,Home,D,2,2,Chelsea,1.1,1.6,29.0,9.0,4.0,Aston Villa,2024,1
339,2024-05-05,14:00,Matchweek 36,Away,L,0,1,Brighton,0.1,2.5,48.0,2.0,1.0,Aston Villa,2024,1
340,2024-05-13,20:00,Matchweek 37,Home,D,3,3,Liverpool,3.1,1.7,41.0,19.0,5.0,Aston Villa,2024,1
341,2024-05-19,16:00,Matchweek 38,Away,L,0,5,Crystal Palace,0.9,2.5,46.0,8.0,2.0,Aston Villa,2024,1
342,2024-08-17,17:30,Matchweek 1,Away,W,2,1,West Ham,2.0,2.3,48.0,15.0,3.0,Aston Villa,2025,1
343,2024-08-24,17:30,Matchweek 2,Home,L,0,2,Arsenal,1.2,0.9,40.0,11.0,3.0,Aston Villa,2025,1
344,2024-08-31,15:00,Matchweek 3,Away,W,2,1,Leicester City,1.4,0.4,43.0,10.0,5.0,Aston Villa,2025,1
345,2024-09-14,17:30,Matchweek 4,Home,W,3,2,Everton,2.1,0.9,72.0,17.0,7.0,Aston Villa,2025,1
346,2024-09-21,15:00,Matchweek 5,Home,W,3,1,Wolverhampton Wanderers,1.7,0.5,53.0,9.0,3.0,Aston Villa,2025,1
347,2024-09-29,14:00,Matchweek 6,Away,D,2,2,Ipswich Town,0.8,1.2,56.0,7.0,3.0,Aston Villa,2025,1
348,2024-10-06,14:00,Matchweek 7,Home,D,0,0,Manchester United,0.5,0.6,53.0,11.0,1.0,Aston Villa,2025,1
349,2024-10-19,15:00,Matchweek 8,Away,W,3,1,Fulham,1.6,1.8,48.0,14.0,5.0,Aston Villa,2025,1
350,2024-10-26,15:00,Matchweek 9,Home,D,1,1,Bournemouth,1.8,0.3,57.0,18.0,8.0,Aston Villa,2025,1
351,2024-11-03,14:00,Matchweek 10,Away,L,1,4,Tottenham Hotspur,1.8,2.4,49.0,12.0,1.0,Aston Villa,2025,1
352,2024-11-09,20:00,Matchweek 11,Away,L,0,2,Liverpool,1.2,2.0,38.0,12.0,2.0,Aston Villa,2025,1
353,2024-11-23,15:00,Matchweek 12,Home,D,2,2,Crystal Palace,3.0,1.3,69.0,16.0,4.0,Aston Villa,2025,1
354,2024-12-01,13:30,Matchweek 13,Away,L,0,3,Chelsea,1.2,1.6,36.0,10.0,3.0,Aston Villa,2025,1
355,2024-12-04,20:15,Matchweek 14,Home,W,3,1,Brentford,2.4,0.9,49.0,19.0,9.0,Aston Villa,2025,1
356,2024-12-07,15:00,Matchweek 15,Home,W,1,0,Southampton,2.3,0.3,47.0,18.0,4.0,Aston Villa,2025,1
357,2024-12-14,17:30,Matchweek 16,Away,L,1,2,Nottingham Forest,0.4,1.7,50.0,8.0,2.0,Aston Villa,2025,1
358,2024-12-21,12:30,Matchweek 17,Home,W,2,1,Manchester City,1.6,1.0,44.0,11.0,6.0,Aston Villa,2025,1
359,2024-12-26,15:00,Matchweek 18,Away,L,0,3,Newcastle United,0.3,2.7,38.0,4.0,1.0,Aston Villa,2025,1
360,2024-12-30,19:45,Matchweek 19,Home,D,2,2,Brighton,1.8,1.1,59.0,19.0,3.0,Aston Villa,2025,1
361,2025-01-04,15:00,Matchweek 20,Home,W,2,1,Leicester City,1.4,0.4,60.0,13.0,5.0,Aston Villa,2025,1
362,2025-01-15,19:30,Matchweek 21,Away,W,1,0,Everton,1.2,1.1,50.0,11.0,3.0,Aston Villa,2025,1
363,2025-01-18,17:30,Matchweek 22,Away,D,2,2,Arsenal,1.0,1.3,34.0,8.0,4.0,Aston Villa,2025,1
364,2025-01-26,16:30,Matchweek 23,Home,D,1,1,West Ham,0.9,1.3,46.0,14.0,4.0,Aston Villa,2025,1
365,2025-02-01,17:30,Matchweek 24,Away,L,0,2,Wolverhampton Wanderers,0.4,1.6,68.0,10.0,3.0,Aston Villa,2025,1
366,2025-02-15,15:00,Matchweek 25,Home,D,1,1,Ipswich Town,2.4,0.4,75.0,25.0,6.0,Aston Villa,2025,1
367,2025-02-19,19:30,Matchweek 29,Home,D,2,2,Liverpool,0.6,2.5,52.0,9.0,3.0,Aston Villa,2025,1
368,2025-02-22,17:30,Matchweek 26,Home,W,2,1,Chelsea,2.3,2.3,52.0,12.0,6.0,Aston Villa,2025,1
369,2025-02-25,19:30,Matchweek 27,Away,L,1,4,Crystal Palace,0.4,4.3,64.0,6.0,2.0,Aston Villa,2025,1
370,2025-03-08,17:30,Matchweek 28,Away,W,1,0,Brentford,1.3,0.8,41.0,12.0,4.0,Aston Villa,2025,1
371,2025-04-02,19:45,Matchweek 30,Away,W,3,0,Brighton,1.2,0.9,44.0,8.0,5.0,Aston Villa,2025,1
372,2025-04-05,17:30,Matchweek 31,Home,W,2,1,Nottingham Forest,3.0,1.5,52.0,17.0,8.0,Aston Villa,2025,1
373,2025-04-12,15:00,Matchweek 32,Away,W,3,0,Southampton,3.0,0.3,60.0,23.0,8.0,Aston Villa,2025,1
374,2025-04-19,17:30,Matchweek 33,Home,W,4,1,Newcastle United,2.2,1.0,48.0,23.0,9.0,Aston Villa,2025,1
375,2025-04-22,20:00,Matchweek 34,Away,L,1,2,Manchester City,1.8,1.3,39.0,6.0,2.0,Aston Villa,2025,1
376,2025-05-03,12:30,Matchweek 35,Home,W,1,0,Fulham,1.0,0.9,52.0,10.0,3.0,Aston Villa,2025,1
377,2025-05-10,17:30,Matchweek 36,Away,W,1,0,Bournemouth,1.0,0.8,34.0,6.0,3.0,Aston Villa,2025,1
378,2025-05-16,19:30,Matchweek 37,Home,W,2,0,Tottenham Hotspur,1.4,0.5,67.0,18.0,7.0,Aston Villa,2025,1
379,2025-05-25,16:00,Matchweek 38,Away,L,0,2,Manchester United,0.4,2.9,33.0,6.0,1.0,Aston Villa,2025,1
380,2022-08-06,15:00,Matchweek 1,Home,W,2,0,Aston Villa,0.6,0.7,35.0,7.0,3.0,Bournemouth,2023,2
381,2022-08-13,15:00,Matchweek 2,Away,L,0,4,Manchester City,0.1,1.7,33.0,3.0,1.0,Bournemouth,2023,2
382,2022-08-20,17:30,Matchweek 3,Home,L,0,3,Arsenal,0.3,1.3,43.0,6.0,1.0,Bournemouth,2023,2
383,2022-08-27,15:00,Matchweek 4,Away,L,0,9,Liverpool,0.3,3.3,31.0,5.0,2.0,Bournemouth,2023,2
384,2022-08-31,19:30,Matchweek 5,Home,D,0,0,Wolverhampton Wanderers,0.4,1.5,35.0,5.0,2.0,Bournemouth,2023,2
385,2022-09-03,15:00,Matchweek 6,Away,W,3,2,Nottingham Forest,0.8,1.9,48.0,8.0,3.0,Bournemouth,2023,2
386,2022-09-17,15:00,Matchweek 8,Away,D,1,1,Newcastle United,0.7,1.9,28.0,10.0,3.0,Bournemouth,2023,2
387,2022-10-01,15:00,Matchweek 9,Home,D,0,0,Brentford,0.4,0.9,42.0,7.0,0.0,Bournemouth,2023,2
388,2022-10-08,15:00,Matchweek 10,Home,W,2,1,Leicester City,1.1,1.0,45.0,10.0,4.0,Bournemouth,2023,2
389,2022-10-15,15:00,Matchweek 11,Away,D,2,2,Fulham,1.0,2.1,31.0,10.0,6.0,Bournemouth,2023,2
390,2022-10-19,19:30,Matchweek 12,Home,L,0,1,Southampton,1.0,1.0,54.0,15.0,3.0,Bournemouth,2023,2
391,2022-10-24,20:00,Matchweek 13,Away,L,0,2,West Ham,0.4,1.9,45.0,5.0,3.0,Bournemouth,2023,2
392,2022-10-29,15:00,Matchweek 14,Home,L,2,3,Tottenham Hotspur,0.5,2.0,31.0,6.0,4.0,Bournemouth,2023,2
393,2022-11-05,15:00,Matchweek 15,Away,L,3,4,Leeds United,1.5,2.2,40.0,9.0,5.0,Bournemouth,2023,2
394,2022-11-12,15:00,Matchweek 16,Home,W,3,0,Everton,2.4,0.8,36.0,16.0,8.0,Bournemouth,2023,2
395,2022-12-27,17:30,Matchweek 17,Away,L,0,2,Chelsea,0.5,1.8,40.0,9.0,4.0,Bournemouth,2023,2
396,2022-12-31,15:00,Matchweek 18,Home,L,0,2,Crystal Palace,0.6,1.6,59.0,6.0,2.0,Bournemouth,2023,2
397,2023-01-03,20:00,Matchweek 19,Away,L,0,3,Manchester United,0.6,2.2,42.0,7.0,4.0,Bournemouth,2023,2
398,2023-01-14,17:30,Matchweek 20,Away,L,0,2,Brentford,0.6,1.4,50.0,7.0,2.0,Bournemouth,2023,2
399,2023-01-21,15:00,Matchweek 21,Home,D,1,1,Nottingham Forest,1.4,1.9,43.0,16.0,3.0,Bournemouth,2023,2
400,2023-02-04,15:00,Matchweek 22,Away,L,0,1,Brighton,1.1,2.2,29.0,12.0,2.0,Bournemouth,2023,2
401,2023-02-11,17:30,Matchweek 23,Home,D,1,1,Newcastle United,1.5,1.3,34.0,11.0,4.0,Bournemouth,2023,2
402,2023-02-18,15:00,Matchweek 24,Away,W,1,0,Wolverhampton Wanderers,1.1,1.3,32.0,5.0,1.0,Bournemouth,2023,2
403,2023-02-25,17:30,Matchweek 25,Home,L,1,4,Manchester City,1.0,2.4,35.0,13.0,2.0,Bournemouth,2023,2
404,2023-03-04,15:00,Matchweek 26,Away,L,2,3,Arsenal,1.3,2.1,21.0,4.0,4.0,Bournemouth,2023,2
405,2023-03-11,12:30,Matchweek 27,Home,W,1,0,Liverpool,0.9,1.7,31.0,5.0,2.0,Bournemouth,2023,2
406,2023-03-18,15:00,Matchweek 28,Away,L,0,3,Aston Villa,1.3,3.5,44.0,10.0,3.0,Bournemouth,2023,2
407,2023-04-01,15:00,Matchweek 29,Home,W,2,1,Fulham,2.6,0.8,43.0,12.0,6.0,Bournemouth,2023,2
408,2023-04-04,19:45,Matchweek 7,Home,L,0,2,Brighton,1.7,2.7,37.0,14.0,3.0,Bournemouth,2023,2
409,2023-04-08,15:00,Matchweek 30,Away,W,1,0,Leicester City,1.9,0.6,49.0,19.0,7.0,Bournemouth,2023,2
410,2023-04-15,15:00,Matchweek 31,Away,W,3,2,Tottenham Hotspur,1.3,2.2,42.0,9.0,6.0,Bournemouth,2023,2
411,2023-04-23,14:00,Matchweek 32,Home,L,0,4,West Ham,1.5,2.4,64.0,17.0,5.0,Bournemouth,2023,2
412,2023-04-27,19:45,Matchweek 33,Away,W,1,0,Southampton,0.9,0.5,43.0,16.0,2.0,Bournemouth,2023,2
413,2023-04-30,14:00,Matchweek 34,Home,W,4,1,Leeds United,1.9,1.6,42.0,12.0,7.0,Bournemouth,2023,2
414,2023-05-06,15:00,Matchweek 35,Home,L,1,3,Chelsea,1.2,1.3,35.0,10.0,4.0,Bournemouth,2023,2
415,2023-05-13,15:00,Matchweek 36,Away,L,0,2,Crystal Palace,0.3,1.5,41.0,5.0,0.0,Bournemouth,2023,2
416,2023-05-20,15:00,Matchweek 37,Home,L,0,1,Manchester United,1.0,1.4,41.0,10.0,4.0,Bournemouth,2023,2
417,2023-05-28,16:30,Matchweek 38,Away,L,0,1,Everton,0.5,1.0,62.0,7.0,1.0,Bournemouth,2023,2
418,2023-08-12,15:00,Matchweek 1,Home,D,1,1,West Ham,1.3,1.1,62.0,14.0,5.0,Bournemouth,2024,2
419,2023-08-19,15:00,Matchweek 2,Away,L,1,3,Liverpool,1.3,3.0,36.0,13.0,5.0,Bournemouth,2024,2
420,2023-08-26,12:30,Matchweek 3,Home,L,0,2,Tottenham Hotspur,0.7,2.1,44.0,11.0,3.0,Bournemouth,2024,2
421,2023-09-02,15:00,Matchweek 4,Away,D,2,2,Brentford,2.1,2.9,40.0,12.0,5.0,Bournemouth,2024,2
422,2023-09-17,14:00,Matchweek 5,Home,D,0,0,Chelsea,1.0,1.8,36.0,13.0,4.0,Bournemouth,2024,2
423,2023-09-24,14:00,Matchweek 6,Away,L,1,3,Brighton,1.1,1.9,39.0,12.0,3.0,Bournemouth,2024,2
424,2023-09-30,15:00,Matchweek 7,Home,L,0,4,Arsenal,0.6,3.4,43.0,8.0,1.0,Bournemouth,2024,2
425,2023-10-07,15:00,Matchweek 8,Away,L,0,3,Everton,0.7,2.4,52.0,11.0,3.0,Bournemouth,2024,2
426,2023-10-21,15:00,Matchweek 9,Home,L,1,2,Wolverhampton Wanderers,0.6,2.4,35.0,7.0,4.0,Bournemouth,2024,2
427,2023-10-28,15:00,Matchweek 10,Home,W,2,1,Burnley,1.1,0.8,45.0,13.0,6.0,Bournemouth,2024,2
428,2023-11-04,15:00,Matchweek 11,Away,L,1,6,Manchester City,0.9,1.9,35.0,5.0,1.0,Bournemouth,2024,2
429,2023-11-11,17:30,Matchweek 12,Home,W,2,0,Newcastle United,2.4,0.5,48.0,19.0,10.0,Bournemouth,2024,2
430,2023-11-25,15:00,Matchweek 13,Away,W,3,1,Sheffield United,2.9,0.8,54.0,23.0,11.0,Bournemouth,2024,2
431,2023-12-03,14:00,Matchweek 14,Home,D,2,2,Aston Villa,2.0,0.7,38.0,15.0,7.0,Bournemouth,2024,2
432,2023-12-06,19:30,Matchweek 15,Away,W,2,0,Crystal Palace,1.8,1.0,41.0,11.0,4.0,Bournemouth,2024,2
433,2023-12-09,15:00,Matchweek 16,Away,W,3,0,Manchester United,1.5,1.1,32.0,10.0,4.0,Bournemouth,2024,2
434,2023-12-23,15:00,Matchweek 18,Away,W,3,2,Nottingham Forest,1.6,1.0,66.0,18.0,6.0,Bournemouth,2024,2
435,2023-12-26,15:00,Matchweek 19,Home,W,3,0,Fulham,1.8,0.3,43.0,15.0,3.0,Bournemouth,2024,2
436,2023-12-31,14:00,Matchweek 20,Away,L,1,3,Tottenham Hotspur,1.7,2.3,50.0,24.0,4.0,Bournemouth,2024,2
437,2024-01-21,16:30,Matchweek 21,Home,L,0,4,Liverpool,1.4,1.5,40.0,11.0,1.0,Bournemouth,2024,2
438,2024-02-01,19:30,Matchweek 22,Away,D,1,1,West Ham,1.2,1.4,52.0,9.0,4.0,Bournemouth,2024,2
439,2024-02-04,14:00,Matchweek 23,Home,D,1,1,Nottingham Forest,1.3,0.5,45.0,9.0,1.0,Bournemouth,2024,2
440,2024-02-10,15:00,Matchweek 24,Away,L,1,3,Fulham,1.8,1.6,51.0,25.0,4.0,Bournemouth,2024,2
441,2024-02-17,15:00,Matchweek 25,Away,D,2,2,Newcastle United,2.2,2.2,38.0,12.0,6.0,Bournemouth,2024,2
442,2024-02-24,17:30,Matchweek 26,Home,L,0,1,Manchester City,0.9,1.6,38.0,13.0,4.0,Bournemouth,2024,2
443,2024-03-03,13:00,Matchweek 27,Away,W,2,0,Burnley,1.1,1.5,26.0,10.0,3.0,Bournemouth,2024,2
444,2024-03-09,15:00,Matchweek 28,Home,D,2,2,Sheffield United,3.3,1.2,69.0,31.0,11.0,Bournemouth,2024,2
445,2024-03-13,19:30,Matchweek 17,Home,W,4,3,Luton Town,2.3,2.0,59.0,24.0,9.0,Bournemouth,2024,2
446,2024-03-30,15:00,Matchweek 30,Home,W,2,1,Everton,1.3,1.0,48.0,11.0,4.0,Bournemouth,2024,2
447,2024-04-02,19:45,Matchweek 31,Home,W,1,0,Crystal Palace,1.1,0.2,50.0,11.0,6.0,Bournemouth,2024,2
448,2024-04-06,15:00,Matchweek 32,Away,L,1,2,Luton Town,0.4,1.5,45.0,8.0,1.0,Bournemouth,2024,2
449,2024-04-13,17:30,Matchweek 33,Home,D,2,2,Manchester United,1.6,1.2,43.0,20.0,5.0,Bournemouth,2024,2
450,2024-04-21,15:00,Matchweek 34,Away,L,1,3,Aston Villa,1.8,2.4,44.0,13.0,4.0,Bournemouth,2024,2
451,2024-04-24,19:45,Matchweek 29,Away,W,1,0,Wolverhampton Wanderers,1.9,0.5,37.0,21.0,6.0,Bournemouth,2024,2
452,2024-04-28,14:00,Matchweek 35,Home,W,3,0,Brighton,1.9,0.9,31.0,15.0,6.0,Bournemouth,2024,2
453,2024-05-04,12:30,Matchweek 36,Away,L,0,3,Arsenal,0.5,3.3,45.0,7.0,2.0,Bournemouth,2024,2
454,2024-05-11,15:00,Matchweek 37,Home,L,1,2,Brentford,0.7,1.1,48.0,13.0,4.0,Bournemouth,2024,2
455,2024-05-19,16:00,Matchweek 38,Away,L,1,2,Chelsea,2.2,1.1,39.0,22.0,5.0,Bournemouth,2024,2
456,2024-08-17,15:00,Matchweek 1,Away,D,1,1,Nottingham Forest,1.2,1.3,47.0,13.0,4.0,Bournemouth,2025,2
457,2024-08-25,14:00,Matchweek 2,Home,D,1,1,Newcastle United,2.2,1.6,39.0,16.0,4.0,Bournemouth,2025,2
458,2024-08-31,15:00,Matchweek 3,Away,W,3,2,Everton,2.4,1.8,53.0,17.0,7.0,Bournemouth,2025,2
459,2024-09-14,20:00,Matchweek 4,Home,L,0,1,Chelsea,1.7,0.8,34.0,18.0,6.0,Bournemouth,2025,2
460,2024-09-21,15:00,Matchweek 5,Away,L,0,3,Liverpool,1.1,2.0,42.0,19.0,6.0,Bournemouth,2025,2
461,2024-09-30,20:00,Matchweek 6,Home,W,3,1,Southampton,1.3,0.6,40.0,14.0,6.0,Bournemouth,2025,2
462,2024-10-05,15:00,Matchweek 7,Away,L,0,1,Leicester City,2.1,0.8,55.0,19.0,2.0,Bournemouth,2025,2
463,2024-10-19,17:30,Matchweek 8,Home,W,2,0,Arsenal,1.8,0.7,49.0,12.0,3.0,Bournemouth,2025,2
464,2024-10-26,15:00,Matchweek 9,Away,D,1,1,Aston Villa,0.3,1.8,43.0,10.0,3.0,Bournemouth,2025,2
465,2024-11-02,15:00,Matchweek 10,Home,W,2,1,Manchester City,2.0,1.6,36.0,12.0,6.0,Bournemouth,2025,2
466,2024-11-09,15:00,Matchweek 11,Away,L,2,3,Brentford,2.6,1.5,49.0,15.0,3.0,Bournemouth,2025,2
467,2024-11-23,15:00,Matchweek 12,Home,L,1,2,Brighton,1.6,0.9,55.0,19.0,5.0,Bournemouth,2025,2
468,2024-11-30,15:00,Matchweek 13,Away,W,4,2,Wolverhampton Wanderers,3.3,0.5,40.0,9.0,5.0,Bournemouth,2025,2
469,2024-12-05,20:15,Matchweek 14,Home,W,1,0,Tottenham Hotspur,3.5,0.9,35.0,21.0,8.0,Bournemouth,2025,2
470,2024-12-08,14:00,Matchweek 15,Away,W,2,1,Ipswich Town,3.2,1.3,56.0,22.0,6.0,Bournemouth,2025,2
471,2024-12-16,20:00,Matchweek 16,Home,D,1,1,West Ham,1.9,2.1,52.0,29.0,9.0,Bournemouth,2025,2
472,2024-12-22,14:00,Matchweek 17,Away,W,3,0,Manchester United,1.6,2.2,40.0,9.0,4.0,Bournemouth,2025,2
473,2024-12-26,15:00,Matchweek 18,Home,D,0,0,Crystal Palace,1.4,0.4,52.0,18.0,3.0,Bournemouth,2025,2
474,2024-12-29,15:00,Matchweek 19,Away,D,2,2,Fulham,2.0,1.1,48.0,16.0,8.0,Bournemouth,2025,2
475,2025-01-04,15:00,Matchweek 20,Home,W,1,0,Everton,1.8,0.7,58.0,19.0,8.0,Bournemouth,2025,2
476,2025-01-14,19:30,Matchweek 21,Away,D,2,2,Chelsea,1.2,2.5,43.0,6.0,2.0,Bournemouth,2025,2
477,2025-01-18,12:30,Matchweek 22,Away,W,4,1,Newcastle United,2.0,0.8,44.0,19.0,10.0,Bournemouth,2025,2
478,2025-01-25,15:00,Matchweek 23,Home,W,5,0,Nottingham Forest,1.7,1.0,50.0,16.0,10.0,Bournemouth,2025,2
479,2025-02-01,15:00,Matchweek 24,Home,L,0,2,Liverpool,1.6,2.5,49.0,14.0,3.0,Bournemouth,2025,2
480,2025-02-15,15:00,Matchweek 25,Away,W,3,1,Southampton,1.2,0.8,56.0,14.0,7.0,Bournemouth,2025,2
481,2025-02-22,15:00,Matchweek 26,Home,L,0,1,Wolverhampton Wanderers,0.9,2.0,46.0,8.0,3.0,Bournemouth,2025,2
482,2025-02-25,19:30,Matchweek 27,Away,L,1,2,Brighton,1.5,2.4,56.0,19.0,5.0,Bournemouth,2025,2
483,2025-03-09,14:00,Matchweek 28,Away,D,2,2,Tottenham Hotspur,2.2,1.5,39.0,17.0,8.0,Bournemouth,2025,2
484,2025-03-15,17:30,Matchweek 29,Home,L,1,2,Brentford,1.6,0.8,58.0,17.0,5.0,Bournemouth,2025,2
485,2025-04-02,19:45,Matchweek 30,Home,L,1,2,Ipswich Town,1.8,1.2,63.0,24.0,6.0,Bournemouth,2025,2
486,2025-04-05,15:00,Matchweek 31,Away,D,2,2,West Ham,2.1,0.7,44.0,11.0,4.0,Bournemouth,2025,2
487,2025-04-14,20:00,Matchweek 32,Home,W,1,0,Fulham,1.4,1.0,41.0,12.0,3.0,Bournemouth,2025,2
488,2025-04-19,15:00,Matchweek 33,Away,D,0,0,Crystal Palace,0.7,0.4,71.0,15.0,4.0,Bournemouth,2025,2
489,2025-04-27,14:00,Matchweek 34,Home,D,1,1,Manchester United,0.5,2.3,39.0,8.0,1.0,Bournemouth,2025,2
490,2025-05-03,17:30,Matchweek 35,Away,W,2,1,Arsenal,0.9,1.4,49.0,9.0,2.0,Bournemouth,2025,2
491,2025-05-10,17:30,Matchweek 36,Home,L,0,1,Aston Villa,0.8,1.0,66.0,10.0,4.0,Bournemouth,2025,2
492,2025-05-20,20:00,Matchweek 37,Away,L,1,3,Manchester City,1.1,1.5,43.0,8.0,2.0,Bournemouth,2025,2
493,2025-05-25,16:00,Matchweek 38,Home,W,2,0,Leicester City,1.6,0.3,63.0,20.0,7.0,Bournemouth,2025,2
494,2021-08-13,20:00,Matchweek 1,Home,W,2,0,Arsenal,1.2,1.3,36.0,8.0,3.0,Brentford,2022,3
495,2021-08-21,15:00,Matchweek 2,Away,D,0,0,Crystal Palace,0.9,0.5,47.0,14.0,3.0,Brentford,2022,3
496,2021-08-28,15:00,Matchweek 3,Away,D,1,1,Aston Villa,0.9,0.7,54.0,9.0,2.0,Brentford,2022,3
497,2021-09-11,15:00,Matchweek 4,Home,L,0,1,Brighton,0.4,0.3,41.0,7.0,1.0,Brentford,2022,3
498,2021-09-18,12:30,Matchweek 5,Away,W,2,0,Wolverhampton Wanderers,2.5,0.6,38.0,8.0,2.0,Brentford,2022,3
499,2021-09-25,17:30,Matchweek 6,Home,D,3,3,Liverpool,2.1,2.8,33.0,12.0,3.0,Brentford,2022,3
500,2021-10-03,14:00,Matchweek 7,Away,W,2,1,West Ham,1.2,1.5,41.0,13.0,6.0,Brentford,2022,3
501,2021-10-16,17:30,Matchweek 8,Home,L,0,1,Chelsea,1.4,0.3,45.0,17.0,6.0,Brentford,2022,3
502,2021-10-24,14:00,Matchweek 9,Home,L,1,2,Leicester City,1.0,1.5,54.0,15.0,5.0,Brentford,2022,3
503,2021-10-30,15:00,Matchweek 10,Away,L,1,3,Burnley,0.8,2.3,59.0,12.0,4.0,Brentford,2022,3
504,2021-11-06,15:00,Matchweek 11,Home,L,1,2,Norwich City,2.5,1.2,64.0,19.0,7.0,Brentford,2022,3
505,2021-11-20,15:00,Matchweek 12,Away,D,3,3,Newcastle United,0.9,1.5,47.0,10.0,3.0,Brentford,2022,3
506,2021-11-28,14:00,Matchweek 13,Home,W,1,0,Everton,1.2,1.0,40.0,5.0,3.0,Brentford,2022,3
507,2021-12-02,19:30,Matchweek 14,Away,L,0,2,Tottenham Hotspur,0.3,1.9,53.0,6.0,2.0,Brentford,2022,3
508,2021-12-05,14:00,Matchweek 15,Away,D,2,2,Leeds United,1.0,1.2,37.0,9.0,3.0,Brentford,2022,3
509,2021-12-10,20:00,Matchweek 16,Home,W,2,1,Watford,1.6,0.5,63.0,13.0,4.0,Brentford,2022,3
510,2021-12-26,20:00,Matchweek 19,Away,L,0,2,Brighton,0.7,0.8,50.0,16.0,5.0,Brentford,2022,3
511,2021-12-29,20:15,Matchweek 20,Home,L,0,1,Manchester City,0.4,1.1,24.0,6.0,2.0,Brentford,2022,3
512,2022-01-02,14:00,Matchweek 21,Home,W,2,1,Aston Villa,0.6,0.8,45.0,10.0,4.0,Brentford,2022,3
513,2022-01-11,19:45,Matchweek 18,Away,L,1,4,Southampton,0.5,1.4,52.0,5.0,4.0,Brentford,2022,3
514,2022-01-16,14:00,Matchweek 22,Away,L,0,3,Liverpool,0.7,2.7,32.0,6.0,1.0,Brentford,2022,3
515,2022-01-19,20:00,Matchweek 17,Home,L,1,3,Manchester United,2.3,2.3,44.0,18.0,9.0,Brentford,2022,3
516,2022-01-22,15:00,Matchweek 23,Home,L,1,2,Wolverhampton Wanderers,1.1,0.2,50.0,11.0,1.0,Brentford,2022,3
517,2022-02-09,19:45,Matchweek 24,Away,L,0,2,Manchester City,0.4,1.9,26.0,6.0,2.0,Brentford,2022,3
518,2022-02-12,15:00,Matchweek 25,Home,D,0,0,Crystal Palace,1.6,0.3,42.0,9.0,2.0,Brentford,2022,3
519,2022-02-19,15:00,Matchweek 26,Away,L,1,2,Arsenal,0.6,1.7,34.0,6.0,2.0,Brentford,2022,3
520,2022-02-26,15:00,Matchweek 27,Home,L,0,2,Newcastle United,0.4,2.7,37.0,6.0,1.0,Brentford,2022,3
521,2022-03-05,15:00,Matchweek 28,Away,W,3,1,Norwich City,2.0,1.0,40.0,8.0,4.0,Brentford,2022,3
522,2022-03-12,15:00,Matchweek 29,Home,W,2,0,Burnley,1.9,0.7,55.0,12.0,2.0,Brentford,2022,3
523,2022-03-20,14:00,Matchweek 30,Away,L,1,2,Leicester City,1.3,1.0,48.0,15.0,6.0,Brentford,2022,3
524,2022-04-02,15:00,Matchweek 31,Away,W,4,1,Chelsea,1.8,1.3,30.0,17.0,6.0,Brentford,2022,3
525,2022-04-10,14:00,Matchweek 32,Home,W,2,0,West Ham,1.4,0.3,47.0,15.0,7.0,Brentford,2022,3
526,2022-04-16,15:00,Matchweek 33,Away,W,2,1,Watford,1.9,1.7,50.0,16.0,5.0,Brentford,2022,3
527,2022-04-23,17:30,Matchweek 34,Home,D,0,0,Tottenham Hotspur,0.9,0.6,44.0,15.0,1.0,Brentford,2022,3
528,2022-05-02,20:00,Matchweek 35,Away,L,0,3,Manchester United,0.6,2.0,37.0,12.0,4.0,Brentford,2022,3
529,2022-05-07,15:00,Matchweek 36,Home,W,3,0,Southampton,2.6,1.4,41.0,18.0,5.0,Brentford,2022,3
530,2022-05-15,16:30,Matchweek 37,Away,W,3,2,Everton,1.4,2.1,72.0,18.0,6.0,Brentford,2022,3
531,2022-05-22,16:00,Matchweek 38,Home,L,1,2,Leeds United,0.8,1.3,49.0,14.0,5.0,Brentford,2022,3
532,2022-08-07,14:00,Matchweek 1,Away,D,2,2,Leicester City,0.8,0.6,44.0,8.0,3.0,Brentford,2023,3
533,2022-08-13,17:30,Matchweek 2,Home,W,4,0,Manchester United,1.6,0.9,34.0,13.0,7.0,Brentford,2023,3
534,2022-08-20,15:00,Matchweek 3,Away,L,2,3,Fulham,1.8,2.4,57.0,13.0,5.0,Brentford,2023,3
535,2022-08-27,15:00,Matchweek 4,Home,D,1,1,Everton,2.1,1.1,58.0,20.0,5.0,Brentford,2023,3
536,2022-08-30,19:30,Matchweek 5,Away,D,1,1,Crystal Palace,1.4,1.0,51.0,9.0,3.0,Brentford,2023,3
537,2022-09-03,15:00,Matchweek 6,Home,W,5,2,Leeds United,2.3,1.7,32.0,13.0,7.0,Brentford,2023,3
538,2022-09-18,12:00,Matchweek 8,Home,L,0,3,Arsenal,0.5,1.5,37.0,5.0,2.0,Brentford,2023,3
539,2022-10-01,15:00,Matchweek 9,Away,D,0,0,Bournemouth,0.9,0.4,58.0,13.0,4.0,Brentford,2023,3
540,2022-10-08,15:00,Matchweek 10,Away,L,1,5,Newcastle United,1.2,1.5,46.0,5.0,2.0,Brentford,2023,3
541,2022-10-14,20:00,Matchweek 11,Home,W,2,0,Brighton,1.5,1.9,28.0,6.0,1.0,Brentford,2023,3
542,2022-10-19,19:30,Matchweek 12,Home,D,0,0,Chelsea,1.3,0.9,34.0,8.0,5.0,Brentford,2023,3
543,2022-10-23,14:00,Matchweek 13,Away,L,0,4,Aston Villa,0.9,2.8,55.0,12.0,3.0,Brentford,2023,3
544,2022-10-29,15:00,Matchweek 14,Home,D,1,1,Wolverhampton Wanderers,1.4,0.6,58.0,12.0,3.0,Brentford,2023,3
545,2022-11-05,15:00,Matchweek 15,Away,D,2,2,Nottingham Forest,1.5,1.5,52.0,5.0,1.0,Brentford,2023,3
546,2022-11-12,12:30,Matchweek 16,Away,W,2,1,Manchester City,1.3,1.6,26.0,10.0,7.0,Brentford,2023,3
547,2022-12-26,12:30,Matchweek 17,Home,D,2,2,Tottenham Hotspur,2.0,1.1,39.0,9.0,4.0,Brentford,2023,3
548,2022-12-30,19:45,Matchweek 18,Away,W,2,0,West Ham,1.6,1.3,37.0,9.0,6.0,Brentford,2023,3
549,2023-01-02,17:30,Matchweek 19,Home,W,3,1,Liverpool,1.6,0.9,28.0,10.0,7.0,Brentford,2023,3
550,2023-01-14,17:30,Matchweek 20,Home,W,2,0,Bournemouth,1.4,0.6,50.0,11.0,3.0,Brentford,2023,3
551,2023-01-22,14:00,Matchweek 21,Away,D,0,0,Leeds United,0.4,0.5,42.0,6.0,0.0,Brentford,2023,3
552,2023-02-04,15:00,Matchweek 22,Home,W,3,0,Southampton,2.0,0.7,49.0,14.0,3.0,Brentford,2023,3
553,2023-02-11,15:00,Matchweek 23,Away,D,1,1,Arsenal,2.0,1.6,31.0,9.0,2.0,Brentford,2023,3
554,2023-02-18,15:00,Matchweek 24,Home,D,1,1,Crystal Palace,0.9,1.1,59.0,12.0,5.0,Brentford,2023,3
555,2023-03-06,20:00,Matchweek 26,Home,W,3,2,Fulham,2.1,1.4,37.0,13.0,5.0,Brentford,2023,3
556,2023-03-11,15:00,Matchweek 27,Away,L,0,1,Everton,2.0,1.0,67.0,12.0,3.0,Brentford,2023,3
557,2023-03-15,19:30,Matchweek 7,Away,W,2,0,Southampton,1.9,0.5,34.0,11.0,4.0,Brentford,2023,3
558,2023-03-18,15:00,Matchweek 28,Home,D,1,1,Leicester City,0.6,1.3,53.0,11.0,2.0,Brentford,2023,3
559,2023-04-01,15:00,Matchweek 29,Away,D,3,3,Brighton,1.6,4.2,28.0,7.0,5.0,Brentford,2023,3
560,2023-04-05,20:00,Matchweek 25,Away,L,0,1,Manchester United,0.7,1.2,36.0,6.0,1.0,Brentford,2023,3
561,2023-04-08,15:00,Matchweek 30,Home,L,1,2,Newcastle United,2.6,1.3,42.0,10.0,4.0,Brentford,2023,3
562,2023-04-15,15:00,Matchweek 31,Away,L,0,2,Wolverhampton Wanderers,1.1,0.8,50.0,10.0,3.0,Brentford,2023,3
563,2023-04-22,15:00,Matchweek 32,Home,D,1,1,Aston Villa,2.7,1.5,44.0,16.0,5.0,Brentford,2023,3
564,2023-04-26,19:45,Matchweek 33,Away,W,2,0,Chelsea,1.1,1.3,29.0,7.0,1.0,Brentford,2023,3
565,2023-04-29,15:00,Matchweek 34,Home,W,2,1,Nottingham Forest,1.6,0.7,68.0,14.0,8.0,Brentford,2023,3
566,2023-05-06,17:30,Matchweek 35,Away,L,0,1,Liverpool,0.2,2.2,46.0,5.0,1.0,Brentford,2023,3
567,2023-05-14,14:00,Matchweek 36,Home,W,2,0,West Ham,3.4,0.2,53.0,24.0,9.0,Brentford,2023,3
568,2023-05-20,12:30,Matchweek 37,Away,W,3,1,Tottenham Hotspur,1.2,1.7,39.0,11.0,4.0,Brentford,2023,3
569,2023-05-28,16:30,Matchweek 38,Home,W,1,0,Manchester City,1.3,1.6,35.0,11.0,4.0,Brentford,2023,3
570,2023-08-13,14:00,Matchweek 1,Home,D,2,2,Tottenham Hotspur,2.2,1.3,31.0,10.0,5.0,Brentford,2024,3
571,2023-08-19,15:00,Matchweek 2,Away,W,3,0,Fulham,3.7,0.5,45.0,16.0,7.0,Brentford,2024,3
572,2023-08-26,15:00,Matchweek 3,Home,D,1,1,Crystal Palace,1.0,0.8,60.0,12.0,1.0,Brentford,2024,3
573,2023-09-02,15:00,Matchweek 4,Home,D,2,2,Bournemouth,2.9,2.1,60.0,21.0,7.0,Brentford,2024,3
574,2023-09-16,17:30,Matchweek 5,Away,L,0,1,Newcastle United,0.5,1.4,44.0,11.0,2.0,Brentford,2024,3
575,2023-09-23,17:30,Matchweek 6,Home,L,1,3,Everton,1.0,1.9,57.0,12.0,2.0,Brentford,2024,3
576,2023-10-01,14:00,Matchweek 7,Away,D,1,1,Nottingham Forest,1.6,0.5,59.0,18.0,3.0,Brentford,2024,3
577,2023-10-07,15:00,Matchweek 8,Away,L,1,2,Manchester United,0.9,1.4,36.0,11.0,3.0,Brentford,2024,3
578,2023-10-21,15:00,Matchweek 9,Home,W,3,0,Burnley,3.1,1.1,50.0,23.0,9.0,Brentford,2024,3
579,2023-10-28,12:30,Matchweek 10,Away,W,2,0,Chelsea,2.2,1.9,32.0,7.0,5.0,Brentford,2024,3
580,2023-11-04,15:00,Matchweek 11,Home,W,3,2,West Ham,1.5,1.8,58.0,16.0,4.0,Brentford,2024,3
581,2023-11-12,14:00,Matchweek 12,Away,L,0,3,Liverpool,1.6,1.7,42.0,16.0,3.0,Brentford,2024,3
582,2023-11-25,17:30,Matchweek 13,Home,L,0,1,Arsenal,1.1,1.6,37.0,9.0,1.0,Brentford,2024,3
583,2023-12-02,15:00,Matchweek 14,Home,W,3,1,Luton Town,3.1,0.2,68.0,27.0,6.0,Brentford,2024,3
584,2023-12-06,19:30,Matchweek 15,Away,L,1,2,Brighton,1.5,1.5,39.0,7.0,0.0,Brentford,2024,3
585,2023-12-09,15:00,Matchweek 16,Away,L,0,1,Sheffield United,0.6,0.8,59.0,10.0,4.0,Brentford,2024,3
586,2023-12-17,14:00,Matchweek 17,Home,L,1,2,Aston Villa,0.5,1.4,34.0,4.0,3.0,Brentford,2024,3
587,2023-12-27,19:30,Matchweek 19,Home,L,1,4,Wolverhampton Wanderers,2.2,2.4,60.0,14.0,4.0,Brentford,2024,3
588,2023-12-30,15:00,Matchweek 20,Away,L,1,3,Crystal Palace,1.4,1.0,54.0,9.0,4.0,Brentford,2024,3
589,2024-01-20,17:30,Matchweek 21,Home,W,3,2,Nottingham Forest,1.2,1.2,48.0,11.0,5.0,Brentford,2024,3
590,2024-01-31,19:30,Matchweek 22,Away,L,2,3,Tottenham Hotspur,1.6,2.9,33.0,9.0,5.0,Brentford,2024,3
591,2024-02-05,20:00,Matchweek 23,Home,L,1,3,Manchester City,1.0,2.1,28.0,9.0,2.0,Brentford,2024,3
592,2024-02-10,15:00,Matchweek 24,Away,W,2,0,Wolverhampton Wanderers,1.9,1.0,29.0,9.0,6.0,Brentford,2024,3
593,2024-02-17,12:30,Matchweek 25,Home,L,1,4,Liverpool,1.6,2.8,38.0,15.0,6.0,Brentford,2024,3
594,2024-02-20,19:30,Matchweek 18,Away,L,0,1,Manchester City,0.4,2.3,30.0,6.0,2.0,Brentford,2024,3
595,2024-02-26,20:00,Matchweek 26,Away,L,2,4,West Ham,0.9,1.7,59.0,14.0,7.0,Brentford,2024,3
596,2024-03-02,15:00,Matchweek 27,Home,D,2,2,Chelsea,1.8,1.8,33.0,14.0,5.0,Brentford,2024,3
597,2024-03-09,17:30,Matchweek 28,Away,L,1,2,Arsenal,1.0,1.3,29.0,9.0,4.0,Brentford,2024,3
598,2024-03-16,15:00,Matchweek 29,Away,L,1,2,Burnley,1.1,2.8,40.0,9.0,5.0,Brentford,2024,3
599,2024-03-30,20:00,Matchweek 30,Home,D,1,1,Manchester United,3.2,0.6,47.0,31.0,5.0,Brentford,2024,3
600,2024-04-03,19:30,Matchweek 31,Home,D,0,0,Brighton,0.6,1.1,34.0,5.0,2.0,Brentford,2024,3
601,2024-04-06,15:00,Matchweek 32,Away,D,3,3,Aston Villa,1.5,1.5,31.0,8.0,3.0,Brentford,2024,3
602,2024-04-13,15:00,Matchweek 33,Home,W,2,0,Sheffield United,1.0,0.8,53.0,9.0,5.0,Brentford,2024,3
603,2024-04-20,15:00,Matchweek 34,Away,W,5,1,Luton Town,3.1,0.6,47.0,21.0,9.0,Brentford,2024,3
604,2024-04-27,17:30,Matchweek 35,Away,L,0,1,Everton,0.9,0.8,52.0,10.0,4.0,Brentford,2024,3
605,2024-05-04,15:00,Matchweek 36,Home,D,0,0,Fulham,0.6,1.3,54.0,7.0,2.0,Brentford,2024,3
606,2024-05-11,15:00,Matchweek 37,Away,W,2,1,Bournemouth,1.1,0.7,52.0,11.0,4.0,Brentford,2024,3
607,2024-05-19,16:00,Matchweek 38,Home,L,2,4,Newcastle United,1.1,3.4,54.0,10.0,5.0,Brentford,2024,3
608,2024-08-18,14:00,Matchweek 1,Home,W,2,1,Crystal Palace,1.6,1.2,46.0,9.0,5.0,Brentford,2025,3
609,2024-08-25,16:30,Matchweek 2,Away,L,0,2,Liverpool,0.5,2.5,38.0,8.0,2.0,Brentford,2025,3
610,2024-08-31,15:00,Matchweek 3,Home,W,3,1,Southampton,2.8,1.5,37.0,20.0,7.0,Brentford,2025,3
611,2024-09-14,15:00,Matchweek 4,Away,L,1,2,Manchester City,1.0,2.1,46.0,8.0,5.0,Brentford,2025,3
612,2024-09-21,15:00,Matchweek 5,Away,L,1,3,Tottenham Hotspur,0.8,3.5,52.0,6.0,6.0,Brentford,2025,3
613,2024-09-28,15:00,Matchweek 6,Home,D,1,1,West Ham,0.4,1.0,57.0,8.0,3.0,Brentford,2025,3
614,2024-10-05,15:00,Matchweek 7,Home,W,5,3,Wolverhampton Wanderers,4.2,1.0,44.0,18.0,11.0,Brentford,2025,3
615,2024-10-19,15:00,Matchweek 8,Away,L,1,2,Manchester United,0.9,1.3,50.0,8.0,2.0,Brentford,2025,3
616,2024-10-26,15:00,Matchweek 9,Home,W,4,3,Ipswich Town,4.0,1.3,65.0,19.0,8.0,Brentford,2025,3
617,2024-11-04,20:00,Matchweek 10,Away,L,1,2,Fulham,0.6,1.3,32.0,5.0,2.0,Brentford,2025,3
618,2024-11-09,15:00,Matchweek 11,Home,W,3,2,Bournemouth,1.5,2.6,51.0,12.0,6.0,Brentford,2025,3
619,2024-11-23,15:00,Matchweek 12,Away,D,0,0,Everton,1.1,1.2,41.0,9.0,2.0,Brentford,2025,3
620,2024-11-30,15:00,Matchweek 13,Home,W,4,1,Leicester City,2.4,1.1,60.0,13.0,6.0,Brentford,2025,3
621,2024-12-04,20:15,Matchweek 14,Away,L,1,3,Aston Villa,0.9,2.4,51.0,9.0,1.0,Brentford,2025,3
622,2024-12-07,15:00,Matchweek 15,Home,W,4,2,Newcastle United,1.2,1.5,43.0,11.0,7.0,Brentford,2025,3
623,2024-12-15,19:00,Matchweek 16,Away,L,1,2,Chelsea,1.6,2.2,38.0,9.0,4.0,Brentford,2025,3
624,2024-12-21,15:00,Matchweek 17,Home,L,0,2,Nottingham Forest,0.7,0.9,64.0,7.0,3.0,Brentford,2025,3
625,2024-12-27,19:30,Matchweek 18,Away,D,0,0,Brighton,1.1,1.3,43.0,8.0,3.0,Brentford,2025,3
626,2025-01-01,17:30,Matchweek 19,Home,L,1,3,Arsenal,0.3,1.9,50.0,5.0,2.0,Brentford,2025,3
627,2025-01-04,15:00,Matchweek 20,Away,W,5,0,Southampton,4.4,0.3,50.0,19.0,9.0,Brentford,2025,3
628,2025-01-14,19:30,Matchweek 21,Home,D,2,2,Manchester City,2.5,2.2,45.0,18.0,5.0,Brentford,2025,3
629,2025-01-18,15:00,Matchweek 22,Home,L,0,2,Liverpool,0.7,3.4,40.0,11.0,6.0,Brentford,2025,3
630,2025-01-26,14:00,Matchweek 23,Away,W,2,1,Crystal Palace,1.3,1.1,53.0,11.0,5.0,Brentford,2025,3
631,2025-02-02,14:00,Matchweek 24,Home,L,0,2,Tottenham Hotspur,2.1,0.8,54.0,20.0,3.0,Brentford,2025,3
632,2025-02-15,15:00,Matchweek 25,Away,W,1,0,West Ham,1.6,0.8,42.0,14.0,5.0,Brentford,2025,3
633,2025-02-21,20:00,Matchweek 26,Away,W,4,0,Leicester City,1.5,0.5,52.0,14.0,6.0,Brentford,2025,3
634,2025-02-26,19:30,Matchweek 27,Home,D,1,1,Everton,1.4,1.5,52.0,12.0,3.0,Brentford,2025,3
635,2025-03-08,17:30,Matchweek 28,Home,L,0,1,Aston Villa,0.8,1.3,59.0,13.0,3.0,Brentford,2025,3
636,2025-03-15,17:30,Matchweek 29,Away,W,2,1,Bournemouth,0.8,1.6,42.0,10.0,4.0,Brentford,2025,3
637,2025-04-02,19:45,Matchweek 30,Away,L,1,2,Newcastle United,1.5,1.3,51.0,11.0,2.0,Brentford,2025,3
638,2025-04-06,14:00,Matchweek 31,Home,D,0,0,Chelsea,1.1,1.2,42.0,9.0,2.0,Brentford,2025,3
639,2025-04-12,17:30,Matchweek 32,Away,D,1,1,Arsenal,0.2,1.0,37.0,3.0,2.0,Brentford,2025,3
640,2025-04-19,15:00,Matchweek 33,Home,W,4,2,Brighton,2.1,1.4,47.0,16.0,8.0,Brentford,2025,3
641,2025-05-01,19:30,Matchweek 34,Away,W,2,0,Nottingham Forest,1.3,0.9,45.0,11.0,3.0,Brentford,2025,3
642,2025-05-04,14:00,Matchweek 35,Home,W,4,3,Manchester United,2.8,1.5,47.0,12.0,6.0,Brentford,2025,3
643,2025-05-10,15:00,Matchweek 36,Away,W,1,0,Ipswich Town,1.4,0.9,51.0,15.0,5.0,Brentford,2025,3
644,2025-05-18,15:00,Matchweek 37,Home,L,2,3,Fulham,2.5,1.0,51.0,10.0,4.0,Brentford,2025,3
645,2025-05-25,16:00,Matchweek 38,Away,D,1,1,Wolverhampton Wanderers,1.4,1.0,51.0,13.0,7.0,Brentford,2025,3
646,2020-09-14,20:15,Matchweek 1,Home,L,1,3,Chelsea,1.1,1.2,52.0,13.0,3.0,Brighton,2021,4
647,2020-09-20,14:00,Matchweek 2,Away,W,3,0,Newcastle United,1.8,0.5,53.0,12.0,5.0,Brighton,2021,4
648,2020-09-26,12:30,Matchweek 3,Home,L,2,3,Manchester United,2.5,1.5,53.0,17.0,4.0,Brighton,2021,4
649,2020-10-03,15:00,Matchweek 4,Away,L,2,4,Everton,1.3,1.6,57.0,11.0,3.0,Brighton,2021,4
650,2020-10-18,14:00,Matchweek 5,Away,D,1,1,Crystal Palace,1.7,0.8,66.0,20.0,3.0,Brighton,2021,4
651,2020-10-26,17:30,Matchweek 6,Home,D,1,1,West Brom,0.5,0.4,50.0,5.0,3.0,Brighton,2021,4
652,2020-11-01,19:15,Matchweek 7,Away,L,1,2,Tottenham Hotspur,0.3,1.7,56.0,6.0,2.0,Brighton,2021,4
653,2020-11-06,17:30,Matchweek 8,Home,D,0,0,Burnley,1.5,0.5,59.0,19.0,3.0,Brighton,2021,4
654,2020-11-21,15:00,Matchweek 9,Away,W,2,1,Aston Villa,1.4,1.5,44.0,7.0,3.0,Brighton,2021,4
655,2020-11-28,12:30,Matchweek 10,Home,D,1,1,Liverpool,2.3,0.2,40.0,9.0,2.0,Brighton,2021,4
656,2020-12-07,20:00,Matchweek 11,Home,L,1,2,Southampton,1.9,1.4,48.0,11.0,3.0,Brighton,2021,4
657,2020-12-13,19:15,Matchweek 12,Away,L,0,3,Leicester City,0.9,1.5,46.0,12.0,4.0,Brighton,2021,4
658,2020-12-16,20:00,Matchweek 13,Away,D,0,0,Fulham,0.5,1.0,54.0,9.0,4.0,Brighton,2021,4
659,2020-12-20,12:00,Matchweek 14,Home,D,1,1,Sheffield United,2.8,0.5,73.0,21.0,4.0,Brighton,2021,4
660,2020-12-27,14:15,Matchweek 15,Away,D,2,2,West Ham,1.1,1.3,56.0,13.0,4.0,Brighton,2021,4
661,2020-12-29,18:00,Matchweek 16,Home,L,0,1,Arsenal,0.8,1.1,50.0,13.0,2.0,Brighton,2021,4
662,2021-01-02,17:30,Matchweek 17,Home,D,3,3,Wolverhampton Wanderers,2.2,1.6,54.0,12.0,3.0,Brighton,2021,4
663,2021-01-13,18:00,Matchweek 18,Away,L,0,1,Manchester City,0.2,2.0,35.0,5.0,1.0,Brighton,2021,4
664,2021-01-16,15:00,Matchweek 19,Away,W,1,0,Leeds United,1.4,0.3,34.0,7.0,2.0,Brighton,2021,4
665,2021-01-27,19:30,Matchweek 20,Home,D,0,0,Fulham,1.8,0.5,50.0,16.0,5.0,Brighton,2021,4
666,2021-01-31,19:15,Matchweek 21,Home,W,1,0,Tottenham Hotspur,1.6,0.4,43.0,16.0,3.0,Brighton,2021,4
667,2021-02-03,20:15,Matchweek 22,Away,W,1,0,Liverpool,1.3,1.0,37.0,13.0,4.0,Brighton,2021,4
668,2021-02-06,15:00,Matchweek 23,Away,D,1,1,Burnley,0.5,1.8,45.0,10.0,2.0,Brighton,2021,4
669,2021-02-13,20:00,Matchweek 24,Home,D,0,0,Aston Villa,2.2,0.1,58.0,26.0,9.0,Brighton,2021,4
670,2021-02-22,20:00,Matchweek 25,Home,L,1,2,Crystal Palace,2.4,0.2,74.0,25.0,5.0,Brighton,2021,4
671,2021-02-27,15:00,Matchweek 26,Away,L,0,1,West Brom,2.9,0.8,68.0,13.0,6.0,Brighton,2021,4
672,2021-03-06,20:00,Matchweek 27,Home,L,1,2,Leicester City,0.8,0.9,37.0,7.0,2.0,Brighton,2021,4
673,2021-03-14,12:00,Matchweek 28,Away,W,2,1,Southampton,0.8,0.6,41.0,8.0,6.0,Brighton,2021,4
674,2021-03-20,20:00,Matchweek 29,Home,W,3,0,Newcastle United,0.9,0.1,65.0,11.0,6.0,Brighton,2021,4
675,2021-04-04,19:30,Matchweek 30,Away,L,1,2,Manchester United,1.2,1.5,43.0,5.0,3.0,Brighton,2021,4
676,2021-04-12,20:15,Matchweek 31,Home,D,0,0,Everton,1.2,0.4,55.0,23.0,3.0,Brighton,2021,4
677,2021-04-20,20:15,Matchweek 32,Away,D,0,0,Chelsea,0.5,0.7,36.0,11.0,2.0,Brighton,2021,4
678,2021-04-24,20:00,Matchweek 33,Away,L,0,1,Sheffield United,2.0,0.7,68.0,17.0,4.0,Brighton,2021,4
679,2021-05-01,15:00,Matchweek 34,Home,W,2,0,Leeds United,2.3,0.6,42.0,16.0,4.0,Brighton,2021,4
680,2021-05-09,12:00,Matchweek 35,Away,L,1,2,Wolverhampton Wanderers,0.3,1.1,39.0,5.0,3.0,Brighton,2021,4
681,2021-05-15,20:00,Matchweek 36,Home,D,1,1,West Ham,0.8,1.7,51.0,10.0,2.0,Brighton,2021,4
682,2021-05-18,19:00,Matchweek 37,Home,W,3,2,Manchester City,1.1,0.9,63.0,19.0,6.0,Brighton,2021,4
683,2021-05-23,16:00,Matchweek 38,Away,L,0,2,Arsenal,0.2,0.8,46.0,5.0,1.0,Brighton,2021,4
684,2021-08-14,15:00,Matchweek 1,Away,W,2,1,Burnley,1.0,1.5,63.0,14.0,6.0,Brighton,2022,4
685,2021-08-21,17:30,Matchweek 2,Home,W,2,0,Watford,1.3,0.5,56.0,13.0,3.0,Brighton,2022,4
686,2021-08-28,15:00,Matchweek 3,Home,L,0,2,Everton,0.7,1.4,65.0,14.0,3.0,Brighton,2022,4
687,2021-09-11,15:00,Matchweek 4,Away,W,1,0,Brentford,0.3,0.4,59.0,4.0,2.0,Brighton,2022,4
688,2021-09-19,14:00,Matchweek 5,Home,W,2,1,Leicester City,1.7,1.6,37.0,11.0,4.0,Brighton,2022,4
689,2021-09-27,20:00,Matchweek 6,Away,D,1,1,Crystal Palace,0.8,1.4,53.0,8.0,4.0,Brighton,2022,4
690,2021-10-02,17:30,Matchweek 7,Home,D,0,0,Arsenal,1.1,0.4,58.0,21.0,2.0,Brighton,2022,4
691,2021-10-16,15:00,Matchweek 8,Away,D,0,0,Norwich City,0.8,1.2,64.0,11.0,3.0,Brighton,2022,4
692,2021-10-23,17:30,Matchweek 9,Home,L,1,4,Manchester City,1.3,3.8,48.0,9.0,4.0,Brighton,2022,4
693,2021-10-30,15:00,Matchweek 10,Away,D,2,2,Liverpool,1.0,1.5,42.0,9.0,6.0,Brighton,2022,4
694,2021-11-06,17:30,Matchweek 11,Home,D,1,1,Newcastle United,1.5,0.3,65.0,13.0,4.0,Brighton,2022,4
695,2021-11-20,15:00,Matchweek 12,Away,L,0,2,Aston Villa,0.4,0.7,62.0,6.0,2.0,Brighton,2022,4
696,2021-11-27,17:30,Matchweek 13,Home,D,0,0,Leeds United,2.1,0.6,57.0,20.0,4.0,Brighton,2022,4
697,2021-12-01,19:30,Matchweek 14,Away,D,1,1,West Ham,1.3,1.3,65.0,9.0,3.0,Brighton,2022,4
698,2021-12-04,15:00,Matchweek 15,Away,D,1,1,Southampton,1.6,1.6,56.0,14.0,4.0,Brighton,2022,4
699,2021-12-15,19:30,Matchweek 17,Home,L,0,1,Wolverhampton Wanderers,1.2,1.0,59.0,12.0,2.0,Brighton,2022,4
700,2021-12-26,20:00,Matchweek 19,Home,W,2,0,Brentford,0.8,0.7,50.0,15.0,5.0,Brighton,2022,4
701,2021-12-29,19:30,Matchweek 20,Away,D,1,1,Chelsea,0.9,0.7,53.0,18.0,6.0,Brighton,2022,4
702,2022-01-02,14:00,Matchweek 21,Away,W,3,2,Everton,1.7,1.6,50.0,12.0,5.0,Brighton,2022,4
703,2022-01-14,20:00,Matchweek 22,Home,D,1,1,Crystal Palace,2.0,0.2,63.0,18.0,3.0,Brighton,2022,4
704,2022-01-18,20:00,Matchweek 24,Home,D,1,1,Chelsea,0.7,0.7,44.0,10.0,2.0,Brighton,2022,4
705,2022-01-23,14:00,Matchweek 23,Away,D,1,1,Leicester City,1.1,1.4,56.0,14.0,4.0,Brighton,2022,4
706,2022-02-12,15:00,Matchweek 25,Away,W,2,0,Watford,1.6,0.5,64.0,11.0,5.0,Brighton,2022,4
707,2022-02-15,20:15,Matchweek 18,Away,L,0,2,Manchester United,0.7,1.7,50.0,10.0,3.0,Brighton,2022,4
708,2022-02-19,15:00,Matchweek 26,Home,L,0,3,Burnley,0.6,0.7,68.0,11.0,1.0,Brighton,2022,4
709,2022-02-26,15:00,Matchweek 27,Home,L,0,2,Aston Villa,0.7,1.0,66.0,12.0,1.0,Brighton,2022,4
710,2022-03-05,15:00,Matchweek 28,Away,L,1,2,Newcastle United,1.5,1.7,68.0,15.0,4.0,Brighton,2022,4
711,2022-03-12,12:30,Matchweek 29,Home,L,0,2,Liverpool,0.5,2.2,52.0,8.0,3.0,Brighton,2022,4
712,2022-03-16,19:30,Matchweek 16,Home,L,0,2,Tottenham Hotspur,0.7,2.2,48.0,15.0,0.0,Brighton,2022,4
713,2022-04-02,15:00,Matchweek 31,Home,D,0,0,Norwich City,2.8,0.4,63.0,30.0,4.0,Brighton,2022,4
714,2022-04-09,15:00,Matchweek 32,Away,W,2,1,Arsenal,0.6,1.9,36.0,8.0,3.0,Brighton,2022,4
715,2022-04-16,12:30,Matchweek 33,Away,W,1,0,Tottenham Hotspur,0.6,0.5,51.0,12.0,4.0,Brighton,2022,4
716,2022-04-20,20:00,Matchweek 30,Away,L,0,3,Manchester City,0.2,1.3,35.0,2.0,1.0,Brighton,2022,4
717,2022-04-24,14:00,Matchweek 34,Home,D,2,2,Southampton,1.7,0.9,48.0,8.0,5.0,Brighton,2022,4
718,2022-04-30,15:00,Matchweek 35,Away,W,3,0,Wolverhampton Wanderers,2.6,0.7,51.0,15.0,8.0,Brighton,2022,4
719,2022-05-07,17:30,Matchweek 36,Home,W,4,0,Manchester United,2.3,0.9,42.0,17.0,5.0,Brighton,2022,4
720,2022-05-15,14:00,Matchweek 37,Away,D,1,1,Leeds United,2.2,1.6,50.0,15.0,6.0,Brighton,2022,4
721,2022-05-22,16:00,Matchweek 38,Home,W,3,1,West Ham,1.6,0.2,50.0,18.0,7.0,Brighton,2022,4
722,2022-08-07,14:00,Matchweek 1,Away,W,2,1,Manchester United,1.5,1.4,38.0,15.0,4.0,Brighton,2023,4
723,2022-08-13,15:00,Matchweek 2,Home,D,0,0,Newcastle United,1.5,0.2,54.0,13.0,5.0,Brighton,2023,4
724,2022-08-21,14:00,Matchweek 3,Away,W,2,0,West Ham,1.7,0.8,50.0,10.0,1.0,Brighton,2023,4
725,2022-08-27,15:00,Matchweek 4,Home,W,1,0,Leeds United,2.0,1.8,44.0,13.0,4.0,Brighton,2023,4
726,2022-08-30,19:30,Matchweek 5,Away,L,1,2,Fulham,1.4,0.7,61.0,6.0,2.0,Brighton,2023,4
727,2022-09-04,14:00,Matchweek 6,Home,W,5,2,Leicester City,2.6,1.4,53.0,22.0,10.0,Brighton,2023,4
728,2022-10-01,15:00,Matchweek 9,Away,D,3,3,Liverpool,1.4,1.5,46.0,6.0,6.0,Brighton,2023,4
729,2022-10-08,17:30,Matchweek 10,Home,L,0,1,Tottenham Hotspur,0.7,0.8,59.0,14.0,4.0,Brighton,2023,4
730,2022-10-14,20:00,Matchweek 11,Away,L,0,2,Brentford,1.9,1.5,72.0,21.0,7.0,Brighton,2023,4
731,2022-10-18,19:30,Matchweek 12,Home,D,0,0,Nottingham Forest,1.7,0.1,70.0,19.0,7.0,Brighton,2023,4
732,2022-10-22,15:00,Matchweek 13,Away,L,1,3,Manchester City,0.5,1.6,52.0,8.0,2.0,Brighton,2023,4
733,2022-10-29,15:00,Matchweek 14,Home,W,4,1,Chelsea,2.4,1.4,41.0,19.0,7.0,Brighton,2023,4
734,2022-11-05,15:00,Matchweek 15,Away,W,3,2,Wolverhampton Wanderers,1.5,1.2,71.0,19.0,8.0,Brighton,2023,4
735,2022-11-13,14:00,Matchweek 16,Home,L,1,2,Aston Villa,0.6,1.5,65.0,7.0,2.0,Brighton,2023,4
736,2022-12-26,15:00,Matchweek 17,Away,W,3,1,Southampton,0.6,1.9,66.0,7.0,4.0,Brighton,2023,4
737,2022-12-31,17:30,Matchweek 18,Home,L,2,4,Arsenal,1.2,2.9,68.0,9.0,5.0,Brighton,2023,4
738,2023-01-03,19:45,Matchweek 19,Away,W,4,1,Everton,2.2,1.3,51.0,19.0,8.0,Brighton,2023,4
739,2023-01-14,15:00,Matchweek 20,Home,W,3,0,Liverpool,1.9,1.0,61.0,16.0,8.0,Brighton,2023,4
740,2023-01-21,15:00,Matchweek 21,Away,D,2,2,Leicester City,1.7,0.9,63.0,13.0,4.0,Brighton,2023,4
741,2023-02-04,15:00,Matchweek 22,Home,W,1,0,Bournemouth,2.2,1.1,71.0,20.0,6.0,Brighton,2023,4
742,2023-02-11,15:00,Matchweek 23,Away,D,1,1,Crystal Palace,2.5,1.1,73.0,17.0,7.0,Brighton,2023,4
743,2023-02-18,15:00,Matchweek 24,Home,L,0,1,Fulham,2.2,0.3,65.0,21.0,7.0,Brighton,2023,4
744,2023-03-04,15:00,Matchweek 26,Home,W,4,0,West Ham,3.5,0.3,65.0,19.0,8.0,Brighton,2023,4
745,2023-03-11,15:00,Matchweek 27,Away,D,2,2,Leeds United,2.7,0.9,62.0,15.0,3.0,Brighton,2023,4
746,2023-03-15,19:30,Matchweek 8,Home,W,1,0,Crystal Palace,0.6,1.1,57.0,11.0,5.0,Brighton,2023,4
747,2023-04-01,15:00,Matchweek 29,Home,D,3,3,Brentford,4.2,1.6,72.0,32.0,13.0,Brighton,2023,4
748,2023-04-04,19:45,Matchweek 7,Away,W,2,0,Bournemouth,2.7,1.7,63.0,16.0,6.0,Brighton,2023,4
749,2023-04-08,15:00,Matchweek 30,Away,L,1,2,Tottenham Hotspur,1.4,0.8,65.0,17.0,4.0,Brighton,2023,4
750,2023-04-15,15:00,Matchweek 31,Away,W,2,1,Chelsea,2.9,0.5,57.0,26.0,10.0,Brighton,2023,4
751,2023-04-26,19:30,Matchweek 33,Away,L,1,3,Nottingham Forest,2.3,2.4,74.0,17.0,7.0,Brighton,2023,4
752,2023-04-29,15:00,Matchweek 34,Home,W,6,0,Wolverhampton Wanderers,3.3,0.8,57.0,22.0,8.0,Brighton,2023,4
753,2023-05-04,20:00,Matchweek 28,Home,W,1,0,Manchester United,2.3,1.4,59.0,21.0,5.0,Brighton,2023,4
754,2023-05-08,17:30,Matchweek 35,Home,L,1,5,Everton,3.2,2.3,78.0,23.0,5.0,Brighton,2023,4
755,2023-05-14,16:30,Matchweek 36,Away,W,3,0,Arsenal,1.7,0.9,59.0,12.0,6.0,Brighton,2023,4
756,2023-05-18,19:30,Matchweek 25,Away,L,1,4,Newcastle United,0.5,3.6,65.0,8.0,2.0,Brighton,2023,4
757,2023-05-21,14:00,Matchweek 37,Home,W,3,1,Southampton,2.5,0.6,63.0,26.0,8.0,Brighton,2023,4
758,2023-05-24,20:00,Matchweek 32,Home,D,1,1,Manchester City,2.2,1.8,40.0,20.0,7.0,Brighton,2023,4
759,2023-05-28,16:30,Matchweek 38,Away,L,1,2,Aston Villa,1.4,2.8,59.0,8.0,4.0,Brighton,2023,4
760,2023-08-12,15:00,Matchweek 1,Home,W,4,1,Luton Town,4.0,1.5,70.0,26.0,11.0,Brighton,2024,4
761,2023-08-19,15:00,Matchweek 2,Away,W,4,1,Wolverhampton Wanderers,2.2,2.1,53.0,16.0,8.0,Brighton,2024,4
762,2023-08-26,17:30,Matchweek 3,Home,L,1,3,West Ham,1.5,3.0,78.0,25.0,10.0,Brighton,2024,4
763,2023-09-02,17:30,Matchweek 4,Home,W,3,1,Newcastle United,1.3,1.2,56.0,15.0,6.0,Brighton,2024,4
764,2023-09-16,15:00,Matchweek 5,Away,W,3,1,Manchester United,1.7,1.0,56.0,10.0,8.0,Brighton,2024,4
765,2023-09-24,14:00,Matchweek 6,Home,W,3,1,Bournemouth,1.9,1.1,61.0,13.0,4.0,Brighton,2024,4
766,2023-09-30,12:30,Matchweek 7,Away,L,1,6,Aston Villa,1.7,1.6,61.0,11.0,3.0,Brighton,2024,4
767,2023-10-08,14:00,Matchweek 8,Home,D,2,2,Liverpool,2.3,2.3,46.0,14.0,3.0,Brighton,2024,4
768,2023-10-21,15:00,Matchweek 9,Away,L,1,2,Manchester City,0.8,0.8,45.0,5.0,3.0,Brighton,2024,4
769,2023-10-29,14:00,Matchweek 10,Home,D,1,1,Fulham,1.4,0.7,71.0,18.0,6.0,Brighton,2024,4
770,2023-11-04,15:00,Matchweek 11,Away,D,1,1,Everton,0.5,0.7,79.0,7.0,2.0,Brighton,2024,4
771,2023-11-12,14:00,Matchweek 12,Home,D,1,1,Sheffield United,1.5,1.1,61.0,11.0,6.0,Brighton,2024,4
772,2023-11-25,15:00,Matchweek 13,Away,W,3,2,Nottingham Forest,1.3,1.9,53.0,9.0,4.0,Brighton,2024,4
773,2023-12-03,14:00,Matchweek 14,Away,L,2,3,Chelsea,1.1,2.1,68.0,18.0,9.0,Brighton,2024,4
774,2023-12-06,19:30,Matchweek 15,Home,W,2,1,Brentford,1.5,1.5,61.0,18.0,7.0,Brighton,2024,4
775,2023-12-09,15:00,Matchweek 16,Home,D,1,1,Burnley,2.6,0.6,72.0,29.0,11.0,Brighton,2024,4
776,2023-12-17,14:00,Matchweek 17,Away,L,0,2,Arsenal,0.7,2.3,51.0,6.0,1.0,Brighton,2024,4
777,2023-12-21,20:00,Matchweek 18,Away,D,1,1,Crystal Palace,1.2,1.3,65.0,18.0,6.0,Brighton,2024,4
778,2023-12-28,19:30,Matchweek 19,Home,W,4,2,Tottenham Hotspur,3.2,2.3,45.0,13.0,7.0,Brighton,2024,4
779,2024-01-02,19:30,Matchweek 20,Away,D,0,0,West Ham,2.3,0.7,68.0,22.0,8.0,Brighton,2024,4
780,2024-01-22,19:45,Matchweek 21,Home,D,0,0,Wolverhampton Wanderers,1.0,1.1,72.0,11.0,3.0,Brighton,2024,4
781,2024-01-30,19:45,Matchweek 22,Away,L,0,4,Luton Town,0.9,3.1,59.0,9.0,2.0,Brighton,2024,4
782,2024-02-03,15:00,Matchweek 23,Home,W,4,1,Crystal Palace,1.4,0.3,68.0,13.0,6.0,Brighton,2024,4
783,2024-02-10,15:00,Matchweek 24,Away,L,1,2,Tottenham Hotspur,1.2,1.6,48.0,5.0,2.0,Brighton,2024,4
784,2024-02-18,14:00,Matchweek 25,Away,W,5,0,Sheffield United,2.9,0.6,79.0,24.0,9.0,Brighton,2024,4
785,2024-02-24,15:00,Matchweek 26,Home,D,1,1,Everton,1.4,0.3,64.0,23.0,7.0,Brighton,2024,4
786,2024-03-02,15:00,Matchweek 27,Away,L,0,3,Fulham,1.3,1.3,70.0,15.0,5.0,Brighton,2024,4
787,2024-03-10,14:00,Matchweek 28,Home,W,1,0,Nottingham Forest,0.4,0.7,63.0,10.0,3.0,Brighton,2024,4
788,2024-03-31,14:00,Matchweek 30,Away,L,1,2,Liverpool,0.5,2.8,45.0,9.0,3.0,Brighton,2024,4
789,2024-04-03,19:30,Matchweek 31,Away,D,0,0,Brentford,1.1,0.6,66.0,24.0,6.0,Brighton,2024,4
790,2024-04-06,17:30,Matchweek 32,Home,L,0,3,Arsenal,0.5,3.4,54.0,10.0,2.0,Brighton,2024,4
791,2024-04-13,15:00,Matchweek 33,Away,D,1,1,Burnley,0.9,1.7,56.0,20.0,8.0,Brighton,2024,4
792,2024-04-25,20:00,Matchweek 29,Home,L,0,4,Manchester City,0.6,1.4,36.0,7.0,3.0,Brighton,2024,4
793,2024-04-28,14:00,Matchweek 35,Away,L,0,3,Bournemouth,0.9,1.9,69.0,13.0,1.0,Brighton,2024,4
794,2024-05-05,14:00,Matchweek 36,Home,W,1,0,Aston Villa,2.5,0.1,52.0,14.0,7.0,Brighton,2024,4
795,2024-05-11,15:00,Matchweek 37,Away,D,1,1,Newcastle United,1.4,2.2,43.0,15.0,4.0,Brighton,2024,4
796,2024-05-15,19:45,Matchweek 34,Home,L,1,2,Chelsea,1.3,1.5,55.0,12.0,2.0,Brighton,2024,4
797,2024-05-19,16:00,Matchweek 38,Home,L,0,2,Manchester United,1.7,1.3,55.0,17.0,2.0,Brighton,2024,4
798,2024-08-17,15:00,Matchweek 1,Away,W,3,0,Everton,1.4,0.5,60.0,10.0,5.0,Brighton,2025,4
799,2024-08-24,12:30,Matchweek 2,Home,W,2,1,Manchester United,2.1,1.4,48.0,14.0,4.0,Brighton,2025,4
800,2024-08-31,12:30,Matchweek 3,Away,D,1,1,Arsenal,1.7,2.1,64.0,22.0,4.0,Brighton,2025,4
801,2024-09-14,15:00,Matchweek 4,Home,D,0,0,Ipswich Town,1.6,0.3,68.0,21.0,6.0,Brighton,2025,4
802,2024-09-22,14:00,Matchweek 5,Home,D,2,2,Nottingham Forest,1.0,1.4,70.0,14.0,3.0,Brighton,2025,4
803,2024-09-28,15:00,Matchweek 6,Away,L,2,4,Chelsea,1.1,4.2,59.0,15.0,5.0,Brighton,2025,4
804,2024-10-06,16:30,Matchweek 7,Home,W,3,2,Tottenham Hotspur,1.8,1.3,41.0,11.0,4.0,Brighton,2025,4
805,2024-10-19,15:00,Matchweek 8,Away,W,1,0,Newcastle United,1.1,2.0,40.0,10.0,5.0,Brighton,2025,4
806,2024-10-26,15:00,Matchweek 9,Home,D,2,2,Wolverhampton Wanderers,1.3,1.3,51.0,19.0,6.0,Brighton,2025,4
807,2024-11-02,15:00,Matchweek 10,Away,L,1,2,Liverpool,1.0,1.6,51.0,13.0,5.0,Brighton,2025,4
808,2024-11-09,17:30,Matchweek 11,Home,W,2,1,Manchester City,2.3,2.1,40.0,10.0,4.0,Brighton,2025,4
809,2024-11-23,15:00,Matchweek 12,Away,W,2,1,Bournemouth,0.9,1.6,45.0,6.0,4.0,Brighton,2025,4
810,2024-11-29,20:00,Matchweek 13,Home,D,1,1,Southampton,1.7,1.0,53.0,22.0,5.0,Brighton,2025,4
811,2024-12-05,19:30,Matchweek 14,Away,L,1,3,Fulham,1.4,1.1,57.0,13.0,3.0,Brighton,2025,4
812,2024-12-08,14:00,Matchweek 15,Away,D,2,2,Leicester City,1.5,1.3,44.0,16.0,7.0,Brighton,2025,4
813,2024-12-15,14:00,Matchweek 16,Home,L,1,3,Crystal Palace,1.0,2.2,64.0,17.0,5.0,Brighton,2025,4
814,2024-12-21,15:00,Matchweek 17,Away,D,1,1,West Ham,0.9,1.2,53.0,12.0,6.0,Brighton,2025,4
815,2024-12-27,19:30,Matchweek 18,Home,D,0,0,Brentford,1.3,1.1,57.0,24.0,7.0,Brighton,2025,4
816,2024-12-30,19:45,Matchweek 19,Away,D,2,2,Aston Villa,1.1,1.8,41.0,13.0,4.0,Brighton,2025,4
817,2025-01-04,17:30,Matchweek 20,Home,D,1,1,Arsenal,1.5,0.9,45.0,10.0,3.0,Brighton,2025,4
818,2025-01-16,19:30,Matchweek 21,Away,W,2,0,Ipswich Town,1.0,0.3,53.0,11.0,5.0,Brighton,2025,4
819,2025-01-19,14:00,Matchweek 22,Away,W,3,1,Manchester United,1.9,1.5,49.0,6.0,3.0,Brighton,2025,4
820,2025-01-25,15:00,Matchweek 23,Home,L,0,1,Everton,0.7,0.8,69.0,16.0,1.0,Brighton,2025,4
821,2025-02-01,12:30,Matchweek 24,Away,L,0,7,Nottingham Forest,0.9,3.3,62.0,10.0,5.0,Brighton,2025,4
822,2025-02-14,20:00,Matchweek 25,Home,W,3,0,Chelsea,1.4,0.5,31.0,13.0,5.0,Brighton,2025,4
823,2025-02-22,15:00,Matchweek 26,Away,W,4,0,Southampton,3.9,0.1,50.0,18.0,12.0,Brighton,2025,4
824,2025-02-25,19:30,Matchweek 27,Home,W,2,1,Bournemouth,2.4,1.5,44.0,10.0,3.0,Brighton,2025,4
825,2025-03-08,15:00,Matchweek 28,Home,W,2,1,Fulham,1.5,0.9,53.0,8.0,3.0,Brighton,2025,4
826,2025-03-15,15:00,Matchweek 29,Away,D,2,2,Manchester City,2.0,1.7,40.0,15.0,3.0,Brighton,2025,4
827,2025-04-02,19:45,Matchweek 30,Home,L,0,3,Aston Villa,0.9,1.2,56.0,11.0,4.0,Brighton,2025,4
828,2025-04-05,15:00,Matchweek 31,Away,L,1,2,Crystal Palace,1.0,0.6,62.0,11.0,5.0,Brighton,2025,4
829,2025-04-12,15:00,Matchweek 32,Home,D,2,2,Leicester City,3.8,1.5,59.0,19.0,5.0,Brighton,2025,4
830,2025-04-19,15:00,Matchweek 33,Away,L,2,4,Brentford,1.4,2.1,53.0,12.0,3.0,Brighton,2025,4
831,2025-04-26,15:00,Matchweek 34,Home,W,3,2,West Ham,1.3,1.3,53.0,16.0,9.0,Brighton,2025,4
832,2025-05-04,14:00,Matchweek 35,Home,D,1,1,Newcastle United,0.7,1.7,45.0,5.0,2.0,Brighton,2025,4
833,2025-05-10,15:00,Matchweek 36,Away,W,2,0,Wolverhampton Wanderers,1.6,0.9,44.0,6.0,1.0,Brighton,2025,4
834,2025-05-19,20:00,Matchweek 37,Home,W,3,2,Liverpool,2.2,2.2,49.0,25.0,12.0,Brighton,2025,4
835,2025-05-25,16:00,Matchweek 38,Away,W,4,1,Tottenham Hotspur,2.2,2.0,66.0,22.0,7.0,Brighton,2025,4
836,2020-09-20,19:00,Matchweek 2,Away,L,2,4,Leicester City,1.4,1.2,33.0,16.0,5.0,Burnley,2021,5
837,2020-09-26,20:00,Matchweek 3,Home,L,0,1,Southampton,0.5,0.6,53.0,10.0,2.0,Burnley,2021,5
838,2020-10-03,20:00,Matchweek 4,Away,L,1,3,Newcastle United,0.4,1.8,52.0,7.0,3.0,Burnley,2021,5
839,2020-10-19,17:30,Matchweek 5,Away,D,0,0,West Brom,1.1,0.8,43.0,9.0,4.0,Burnley,2021,5
840,2020-10-26,20:00,Matchweek 6,Home,L,0,1,Tottenham Hotspur,1.0,0.6,39.0,13.0,3.0,Burnley,2021,5
841,2020-10-31,15:00,Matchweek 7,Home,L,0,3,Chelsea,0.5,0.9,37.0,5.0,0.0,Burnley,2021,5
842,2020-11-06,17:30,Matchweek 8,Away,D,0,0,Brighton,0.5,1.5,41.0,4.0,1.0,Burnley,2021,5
843,2020-11-23,17:30,Matchweek 9,Home,W,1,0,Crystal Palace,1.5,1.5,46.0,10.0,4.0,Burnley,2021,5
844,2020-11-28,15:00,Matchweek 10,Away,L,0,5,Manchester City,0.5,1.7,32.0,9.0,1.0,Burnley,2021,5
845,2020-12-05,12:30,Matchweek 11,Home,D,1,1,Everton,0.8,2.2,42.0,8.0,3.0,Burnley,2021,5
846,2020-12-13,19:15,Matchweek 12,Away,W,1,0,Arsenal,1.4,1.6,35.0,10.0,2.0,Burnley,2021,5
847,2020-12-17,18:00,Matchweek 13,Away,D,0,0,Aston Villa,0.3,1.5,41.0,6.0,4.0,Burnley,2021,5
848,2020-12-21,17:30,Matchweek 14,Home,W,2,1,Wolverhampton Wanderers,1.7,1.5,37.0,10.0,4.0,Burnley,2021,5
849,2020-12-27,12:00,Matchweek 15,Away,L,0,1,Leeds United,1.5,1.9,49.0,14.0,6.0,Burnley,2021,5
850,2020-12-29,18:00,Matchweek 16,Home,W,1,0,Sheffield United,1.0,0.7,37.0,5.0,3.0,Burnley,2021,5
851,2021-01-12,20:15,Matchweek 1,Home,L,0,1,Manchester United,0.9,1.2,38.0,11.0,0.0,Burnley,2021,5
852,2021-01-16,15:00,Matchweek 19,Away,L,0,1,West Ham,0.5,1.7,55.0,10.0,2.0,Burnley,2021,5
853,2021-01-21,20:00,Matchweek 18,Away,W,1,0,Liverpool,1.1,1.6,28.0,5.0,3.0,Burnley,2021,5
854,2021-01-27,18:00,Matchweek 20,Home,W,3,2,Aston Villa,0.5,2.2,39.0,10.0,5.0,Burnley,2021,5
855,2021-01-31,12:00,Matchweek 21,Away,L,0,2,Chelsea,0.2,1.2,30.0,1.0,0.0,Burnley,2021,5
856,2021-02-03,18:00,Matchweek 22,Home,L,0,2,Manchester City,0.1,2.0,26.0,2.0,0.0,Burnley,2021,5
857,2021-02-06,15:00,Matchweek 23,Home,D,1,1,Brighton,1.8,0.5,55.0,20.0,7.0,Burnley,2021,5
858,2021-02-13,15:00,Matchweek 24,Away,W,3,0,Crystal Palace,1.4,0.5,46.0,16.0,4.0,Burnley,2021,5
859,2021-02-17,18:00,Matchweek 17,Home,D,1,1,Fulham,0.9,0.5,47.0,8.0,3.0,Burnley,2021,5
860,2021-02-20,15:00,Matchweek 25,Home,D,0,0,West Brom,0.5,1.6,62.0,6.0,1.0,Burnley,2021,5
861,2021-02-28,14:00,Matchweek 26,Away,L,0,4,Tottenham Hotspur,0.7,2.1,42.0,10.0,3.0,Burnley,2021,5
862,2021-03-03,18:00,Matchweek 29,Home,D,1,1,Leicester City,1.8,1.2,39.0,12.0,7.0,Burnley,2021,5
863,2021-03-06,12:30,Matchweek 27,Home,D,1,1,Arsenal,1.1,2.5,41.0,9.0,5.0,Burnley,2021,5
864,2021-03-13,17:30,Matchweek 28,Away,W,2,1,Everton,0.8,1.5,35.0,14.0,5.0,Burnley,2021,5
865,2021-04-04,12:00,Matchweek 30,Away,L,2,3,Southampton,1.5,2.2,47.0,6.0,4.0,Burnley,2021,5
866,2021-04-11,12:00,Matchweek 31,Home,L,1,2,Newcastle United,2.0,1.2,56.0,24.0,4.0,Burnley,2021,5
867,2021-04-18,16:00,Matchweek 32,Away,L,1,3,Manchester United,0.9,2.5,31.0,10.0,3.0,Burnley,2021,5
868,2021-04-25,12:00,Matchweek 33,Away,W,4,0,Wolverhampton Wanderers,2.0,0.4,42.0,14.0,7.0,Burnley,2021,5
869,2021-05-03,20:15,Matchweek 34,Home,L,1,2,West Ham,2.0,2.3,45.0,7.0,1.0,Burnley,2021,5
870,2021-05-10,20:00,Matchweek 35,Away,W,2,0,Fulham,1.5,1.0,32.0,14.0,5.0,Burnley,2021,5
871,2021-05-15,12:30,Matchweek 36,Home,L,0,4,Leeds United,1.3,1.5,48.0,16.0,4.0,Burnley,2021,5
872,2021-05-19,20:15,Matchweek 37,Home,L,0,3,Liverpool,0.8,2.6,41.0,10.0,3.0,Burnley,2021,5
873,2021-05-23,16:00,Matchweek 38,Away,L,0,1,Sheffield United,1.1,0.5,57.0,10.0,3.0,Burnley,2021,5
874,2021-08-14,15:00,Matchweek 1,Home,L,1,2,Brighton,1.5,1.0,37.0,14.0,3.0,Burnley,2022,5
875,2021-08-21,12:30,Matchweek 2,Away,L,0,2,Liverpool,0.9,2.7,35.0,9.0,3.0,Burnley,2022,5
876,2021-08-29,14:00,Matchweek 3,Home,D,1,1,Leeds United,1.0,1.2,36.0,12.0,3.0,Burnley,2022,5
877,2021-09-13,20:00,Matchweek 4,Away,L,1,3,Everton,1.0,1.4,48.0,11.0,6.0,Burnley,2022,5
878,2021-09-18,15:00,Matchweek 5,Home,L,0,1,Arsenal,1.0,1.1,46.0,18.0,3.0,Burnley,2022,5
879,2021-09-25,15:00,Matchweek 6,Away,D,2,2,Leicester City,0.5,2.4,34.0,9.0,3.0,Burnley,2022,5
880,2021-10-02,15:00,Matchweek 7,Home,D,0,0,Norwich City,1.2,0.6,56.0,14.0,4.0,Burnley,2022,5
881,2021-10-16,15:00,Matchweek 8,Away,L,0,2,Manchester City,0.9,2.1,30.0,7.0,2.0,Burnley,2022,5
882,2021-10-23,15:00,Matchweek 9,Away,D,2,2,Southampton,0.7,1.6,39.0,9.0,5.0,Burnley,2022,5
883,2021-10-30,15:00,Matchweek 10,Home,W,3,1,Brentford,2.3,0.8,41.0,15.0,5.0,Burnley,2022,5
884,2021-11-06,15:00,Matchweek 11,Away,D,1,1,Chelsea,0.7,1.8,30.0,5.0,2.0,Burnley,2022,5
885,2021-11-20,15:00,Matchweek 12,Home,D,3,3,Crystal Palace,1.5,1.9,40.0,15.0,9.0,Burnley,2022,5
886,2021-12-01,19:30,Matchweek 14,Away,D,0,0,Wolverhampton Wanderers,0.2,0.7,35.0,6.0,1.0,Burnley,2022,5
887,2021-12-04,15:00,Matchweek 15,Away,L,0,1,Newcastle United,0.6,1.0,52.0,10.0,1.0,Burnley,2022,5
888,2021-12-12,14:00,Matchweek 16,Home,D,0,0,West Ham,0.8,0.8,40.0,9.0,1.0,Burnley,2022,5
889,2021-12-30,20:15,Matchweek 20,Away,L,1,3,Manchester United,1.1,2.4,43.0,10.0,3.0,Burnley,2022,5
890,2022-01-02,14:00,Matchweek 21,Away,L,1,3,Leeds United,1.0,1.9,45.0,8.0,2.0,Burnley,2022,5
891,2022-01-23,14:00,Matchweek 23,Away,D,0,0,Arsenal,0.4,1.2,25.0,10.0,1.0,Burnley,2022,5
892,2022-02-05,18:00,Matchweek 17,Home,D,0,0,Watford,0.6,0.8,53.0,13.0,2.0,Burnley,2022,5
893,2022-02-08,20:00,Matchweek 24,Home,D,1,1,Manchester United,0.4,1.8,37.0,9.0,3.0,Burnley,2022,5
894,2022-02-13,14:00,Matchweek 25,Home,L,0,1,Liverpool,1.5,1.7,34.0,8.0,5.0,Burnley,2022,5
895,2022-02-19,15:00,Matchweek 26,Away,W,3,0,Brighton,0.7,0.6,32.0,10.0,4.0,Burnley,2022,5
896,2022-02-23,19:30,Matchweek 13,Home,W,1,0,Tottenham Hotspur,0.9,0.7,34.0,15.0,4.0,Burnley,2022,5
897,2022-02-26,15:00,Matchweek 27,Away,D,1,1,Crystal Palace,0.2,1.0,41.0,5.0,1.0,Burnley,2022,5
898,2022-03-01,19:45,Matchweek 22,Home,L,0,2,Leicester City,0.9,1.5,45.0,9.0,2.0,Burnley,2022,5
899,2022-03-05,15:00,Matchweek 28,Home,L,0,4,Chelsea,0.7,2.3,28.0,6.0,0.0,Burnley,2022,5
900,2022-03-12,15:00,Matchweek 29,Away,L,0,2,Brentford,0.7,1.9,45.0,7.0,1.0,Burnley,2022,5
901,2022-04-02,15:00,Matchweek 31,Home,L,0,2,Manchester City,0.1,1.8,24.0,3.0,1.0,Burnley,2022,5
902,2022-04-06,19:30,Matchweek 19,Home,W,3,2,Everton,2.0,2.4,52.0,13.0,4.0,Burnley,2022,5
903,2022-04-10,14:00,Matchweek 32,Away,L,0,2,Norwich City,1.7,1.7,55.0,18.0,3.0,Burnley,2022,5
904,2022-04-17,14:15,Matchweek 33,Away,D,1,1,West Ham,1.8,2.2,39.0,8.0,1.0,Burnley,2022,5
905,2022-04-21,19:45,Matchweek 30,Home,W,2,0,Southampton,1.5,0.9,44.0,16.0,6.0,Burnley,2022,5
906,2022-04-24,14:00,Matchweek 34,Home,W,1,0,Wolverhampton Wanderers,1.4,0.6,36.0,14.0,5.0,Burnley,2022,5
907,2022-04-30,15:00,Matchweek 35,Away,W,2,1,Watford,1.6,1.0,53.0,17.0,6.0,Burnley,2022,5
908,2022-05-07,15:00,Matchweek 36,Home,L,1,3,Aston Villa,1.9,2.1,49.0,14.0,6.0,Burnley,2022,5
909,2022-05-15,12:00,Matchweek 37,Away,L,0,1,Tottenham Hotspur,0.7,2.2,32.0,8.0,1.0,Burnley,2022,5
910,2022-05-19,20:00,Matchweek 18,Away,D,1,1,Aston Villa,1.6,1.5,29.0,9.0,3.0,Burnley,2022,5
911,2022-05-22,16:00,Matchweek 38,Home,L,1,2,Newcastle United,1.6,1.8,52.0,12.0,4.0,Burnley,2022,5
912,2023-08-11,20:00,Matchweek 1,Home,L,0,3,Manchester City,0.3,1.9,35.0,6.0,1.0,Burnley,2024,5
913,2023-08-27,14:00,Matchweek 3,Home,L,1,3,Aston Villa,0.7,2.5,57.0,9.0,2.0,Burnley,2024,5
914,2023-09-02,15:00,Matchweek 4,Home,L,2,5,Tottenham Hotspur,1.3,2.2,47.0,16.0,4.0,Burnley,2024,5
915,2023-09-18,19:45,Matchweek 5,Away,D,1,1,Nottingham Forest,0.5,0.7,54.0,10.0,3.0,Burnley,2024,5
916,2023-09-23,20:00,Matchweek 6,Home,L,0,1,Manchester United,1.1,1.0,61.0,12.0,4.0,Burnley,2024,5
917,2023-09-30,15:00,Matchweek 7,Away,L,0,2,Newcastle United,0.6,3.1,47.0,8.0,2.0,Burnley,2024,5
918,2023-10-03,19:30,Matchweek 2,Away,W,2,1,Luton Town,1.1,1.3,51.0,14.0,4.0,Burnley,2024,5
919,2023-10-07,15:00,Matchweek 8,Home,L,1,4,Chelsea,0.7,1.9,38.0,10.0,3.0,Burnley,2024,5
920,2023-10-21,15:00,Matchweek 9,Away,L,0,3,Brentford,1.1,3.1,50.0,6.0,1.0,Burnley,2024,5
921,2023-10-28,15:00,Matchweek 10,Away,L,1,2,Bournemouth,0.8,1.1,55.0,6.0,3.0,Burnley,2024,5
922,2023-11-04,15:00,Matchweek 11,Home,L,0,2,Crystal Palace,1.1,1.3,67.0,17.0,5.0,Burnley,2024,5
923,2023-11-11,15:00,Matchweek 12,Away,L,1,3,Arsenal,0.3,1.8,37.0,8.0,5.0,Burnley,2024,5
924,2023-11-25,15:00,Matchweek 13,Home,L,1,2,West Ham,1.3,0.9,50.0,10.0,4.0,Burnley,2024,5
925,2023-12-02,15:00,Matchweek 14,Home,W,5,0,Sheffield United,1.8,0.4,63.0,19.0,7.0,Burnley,2024,5
926,2023-12-05,19:30,Matchweek 15,Away,L,0,1,Wolverhampton Wanderers,0.9,0.8,49.0,12.0,3.0,Burnley,2024,5
927,2023-12-09,15:00,Matchweek 16,Away,D,1,1,Brighton,0.6,2.6,28.0,6.0,3.0,Burnley,2024,5
928,2023-12-16,17:30,Matchweek 17,Home,L,0,2,Everton,0.7,1.4,61.0,14.0,2.0,Burnley,2024,5
929,2023-12-23,15:00,Matchweek 18,Away,W,2,0,Fulham,0.4,1.3,34.0,7.0,2.0,Burnley,2024,5
930,2023-12-26,17:30,Matchweek 19,Home,L,0,2,Liverpool,0.8,1.8,32.0,9.0,0.0,Burnley,2024,5
931,2023-12-30,15:00,Matchweek 20,Away,L,2,3,Aston Villa,1.2,3.2,36.0,9.0,5.0,Burnley,2024,5
932,2024-01-12,19:45,Matchweek 21,Home,D,1,1,Luton Town,1.1,0.9,39.0,13.0,7.0,Burnley,2024,5
933,2024-01-31,19:30,Matchweek 22,Away,L,1,3,Manchester City,1.4,1.7,26.0,8.0,3.0,Burnley,2024,5
934,2024-02-03,15:00,Matchweek 23,Home,D,2,2,Fulham,1.8,1.5,44.0,12.0,4.0,Burnley,2024,5
935,2024-02-10,15:00,Matchweek 24,Away,L,1,3,Liverpool,1.3,2.8,30.0,9.0,4.0,Burnley,2024,5
936,2024-02-17,15:00,Matchweek 25,Home,L,0,5,Arsenal,0.3,2.3,36.0,8.0,0.0,Burnley,2024,5
937,2024-02-24,15:00,Matchweek 26,Away,L,0,3,Crystal Palace,0.1,2.4,44.0,2.0,0.0,Burnley,2024,5
938,2024-03-03,13:00,Matchweek 27,Home,L,0,2,Bournemouth,1.5,1.1,74.0,20.0,5.0,Burnley,2024,5
939,2024-03-10,14:00,Matchweek 28,Away,D,2,2,West Ham,0.7,2.1,48.0,11.0,4.0,Burnley,2024,5
940,2024-03-16,15:00,Matchweek 29,Home,W,2,1,Brentford,2.8,1.1,60.0,16.0,5.0,Burnley,2024,5
941,2024-03-30,15:00,Matchweek 30,Away,D,2,2,Chelsea,1.6,4.2,31.0,18.0,6.0,Burnley,2024,5
942,2024-04-02,19:45,Matchweek 31,Home,D,1,1,Wolverhampton Wanderers,1.3,0.9,51.0,13.0,6.0,Burnley,2024,5
943,2024-04-06,15:00,Matchweek 32,Away,L,0,1,Everton,0.5,0.9,62.0,6.0,1.0,Burnley,2024,5
944,2024-04-13,15:00,Matchweek 33,Home,D,1,1,Brighton,1.7,0.9,44.0,11.0,3.0,Burnley,2024,5
945,2024-04-20,15:00,Matchweek 34,Away,W,4,1,Sheffield United,2.2,2.4,51.0,16.0,9.0,Burnley,2024,5
946,2024-04-27,15:00,Matchweek 35,Away,D,1,1,Manchester United,2.1,2.7,52.0,15.0,6.0,Burnley,2024,5
947,2024-05-04,15:00,Matchweek 36,Home,L,1,4,Newcastle United,1.0,3.4,47.0,17.0,5.0,Burnley,2024,5
948,2024-05-11,15:00,Matchweek 37,Away,L,1,2,Tottenham Hotspur,0.7,2.7,37.0,7.0,3.0,Burnley,2024,5
949,2024-05-19,16:00,Matchweek 38,Home,L,1,2,Nottingham Forest,1.2,1.7,72.0,20.0,3.0,Burnley,2024,5
950,2020-09-14,20:15,Matchweek 1,Away,W,3,1,Brighton,1.2,1.1,48.0,9.0,4.0,Chelsea,2021,6
951,2020-09-20,16:30,Matchweek 2,Home,L,0,2,Liverpool,0.9,2.1,39.0,4.0,2.0,Chelsea,2021,6
952,2020-09-26,17:30,Matchweek 3,Away,D,3,3,West Brom,2.0,0.6,75.0,22.0,10.0,Chelsea,2021,6
953,2020-10-03,12:30,Matchweek 4,Home,W,4,0,Crystal Palace,2.7,0.2,70.0,15.0,4.0,Chelsea,2021,6
954,2020-10-17,15:00,Matchweek 5,Home,D,3,3,Southampton,1.8,1.9,53.0,11.0,5.0,Chelsea,2021,6
955,2020-10-24,17:30,Matchweek 6,Away,D,0,0,Manchester United,0.2,0.6,49.0,6.0,1.0,Chelsea,2021,6
956,2020-10-31,15:00,Matchweek 7,Away,W,3,0,Burnley,0.9,0.5,63.0,14.0,9.0,Chelsea,2021,6
957,2020-11-07,17:30,Matchweek 8,Home,W,4,1,Sheffield United,2.2,0.4,69.0,20.0,9.0,Chelsea,2021,6
958,2020-11-21,12:30,Matchweek 9,Away,W,2,0,Newcastle United,1.5,0.3,70.0,14.0,3.0,Chelsea,2021,6
959,2020-11-29,16:30,Matchweek 10,Home,D,0,0,Tottenham Hotspur,0.8,0.2,60.0,13.0,3.0,Chelsea,2021,6
960,2020-12-05,20:00,Matchweek 11,Home,W,3,1,Leeds United,4.1,0.8,46.0,23.0,10.0,Chelsea,2021,6
961,2020-12-12,20:00,Matchweek 12,Away,L,0,1,Everton,0.7,1.2,71.0,10.0,3.0,Chelsea,2021,6
962,2020-12-15,18:00,Matchweek 13,Away,L,1,2,Wolverhampton Wanderers,1.0,0.5,55.0,13.0,3.0,Chelsea,2021,6
963,2020-12-21,20:00,Matchweek 14,Home,W,3,0,West Ham,2.0,0.4,53.0,11.0,7.0,Chelsea,2021,6
964,2020-12-26,17:30,Matchweek 15,Away,L,1,3,Arsenal,2.6,2.0,60.0,18.0,2.0,Chelsea,2021,6
965,2020-12-28,17:30,Matchweek 16,Home,D,1,1,Aston Villa,1.7,0.7,63.0,16.0,5.0,Chelsea,2021,6
966,2021-01-03,16:30,Matchweek 17,Home,L,1,3,Manchester City,0.8,2.7,54.0,9.0,2.0,Chelsea,2021,6
967,2021-01-16,17:30,Matchweek 19,Away,W,1,0,Fulham,1.6,0.7,69.0,21.0,6.0,Chelsea,2021,6
968,2021-01-19,20:15,Matchweek 18,Away,L,0,2,Leicester City,0.7,1.4,64.0,9.0,5.0,Chelsea,2021,6
969,2021-01-27,18:00,Matchweek 20,Home,D,0,0,Wolverhampton Wanderers,0.7,0.5,78.0,14.0,5.0,Chelsea,2021,6
970,2021-01-31,12:00,Matchweek 21,Home,W,2,0,Burnley,1.2,0.2,70.0,19.0,8.0,Chelsea,2021,6
971,2021-02-04,20:00,Matchweek 22,Away,W,1,0,Tottenham Hotspur,1.6,0.6,58.0,15.0,1.0,Chelsea,2021,6
972,2021-02-07,19:15,Matchweek 23,Away,W,2,1,Sheffield United,1.6,0.6,68.0,8.0,1.0,Chelsea,2021,6
973,2021-02-15,20:00,Matchweek 24,Home,W,2,0,Newcastle United,2.2,0.6,64.0,18.0,5.0,Chelsea,2021,6
974,2021-02-20,12:30,Matchweek 25,Away,D,1,1,Southampton,1.2,0.6,70.0,8.0,2.0,Chelsea,2021,6
975,2021-02-28,16:30,Matchweek 26,Home,D,0,0,Manchester United,1.1,0.4,57.0,18.0,6.0,Chelsea,2021,6
976,2021-03-04,20:15,Matchweek 29,Away,W,1,0,Liverpool,1.0,0.3,46.0,11.0,4.0,Chelsea,2021,6
977,2021-03-08,18:00,Matchweek 27,Home,W,2,0,Everton,2.4,0.3,65.0,18.0,8.0,Chelsea,2021,6
978,2021-03-13,12:30,Matchweek 28,Away,D,0,0,Leeds United,1.0,0.4,62.0,15.0,8.0,Chelsea,2021,6
979,2021-04-03,12:30,Matchweek 30,Home,L,2,5,West Brom,2.1,1.6,65.0,18.0,7.0,Chelsea,2021,6
980,2021-04-10,17:30,Matchweek 31,Away,W,4,1,Crystal Palace,3.1,0.4,64.0,23.0,9.0,Chelsea,2021,6
981,2021-04-20,20:15,Matchweek 32,Home,D,0,0,Brighton,0.7,0.5,64.0,7.0,4.0,Chelsea,2021,6
982,2021-04-24,17:30,Matchweek 33,Away,W,1,0,West Ham,2.5,0.4,55.0,17.0,6.0,Chelsea,2021,6
983,2021-05-01,17:30,Matchweek 34,Home,W,2,0,Fulham,1.7,0.3,49.0,9.0,5.0,Chelsea,2021,6
984,2021-05-08,17:30,Matchweek 35,Away,W,2,1,Manchester City,0.7,1.8,52.0,12.0,5.0,Chelsea,2021,6
985,2021-05-12,20:15,Matchweek 36,Home,L,0,1,Arsenal,1.8,0.6,67.0,19.0,4.0,Chelsea,2021,6
986,2021-05-18,20:15,Matchweek 37,Home,W,2,1,Leicester City,3.1,0.8,58.0,16.0,5.0,Chelsea,2021,6
987,2021-05-23,16:00,Matchweek 38,Away,L,1,2,Aston Villa,3.3,1.1,71.0,23.0,7.0,Chelsea,2021,6
988,2021-08-14,15:00,Matchweek 1,Home,W,3,0,Crystal Palace,0.7,0.2,62.0,13.0,6.0,Chelsea,2022,6
989,2021-08-22,16:30,Matchweek 2,Away,W,2,0,Arsenal,3.1,0.3,65.0,22.0,5.0,Chelsea,2022,6
990,2021-08-28,17:30,Matchweek 3,Away,D,1,1,Liverpool,0.6,2.5,35.0,6.0,3.0,Chelsea,2022,6
991,2021-09-11,17:30,Matchweek 4,Home,W,3,0,Aston Villa,1.3,1.2,57.0,12.0,4.0,Chelsea,2022,6
992,2021-09-19,16:30,Matchweek 5,Away,W,3,0,Tottenham Hotspur,2.1,0.5,53.0,20.0,9.0,Chelsea,2022,6
993,2021-09-25,12:30,Matchweek 6,Home,L,0,1,Manchester City,0.2,1.7,41.0,5.0,0.0,Chelsea,2022,6
994,2021-10-02,15:00,Matchweek 7,Home,W,3,1,Southampton,3.3,1.3,62.0,20.0,9.0,Chelsea,2022,6
995,2021-10-16,17:30,Matchweek 8,Away,W,1,0,Brentford,0.3,1.4,55.0,5.0,1.0,Chelsea,2022,6
996,2021-10-23,12:30,Matchweek 9,Home,W,7,0,Norwich City,3.1,0.1,62.0,22.0,12.0,Chelsea,2022,6
997,2021-10-30,15:00,Matchweek 10,Away,W,3,0,Newcastle United,2.2,0.2,79.0,18.0,5.0,Chelsea,2022,6
998,2021-11-06,15:00,Matchweek 11,Home,D,1,1,Burnley,1.8,0.7,70.0,25.0,4.0,Chelsea,2022,6
999,2021-11-20,12:30,Matchweek 12,Away,W,3,0,Leicester City,2.0,0.4,61.0,16.0,7.0,Chelsea,2022,6
1000,2021-11-28,16:30,Matchweek 13,Home,D,1,1,Manchester United,2.7,0.9,65.0,23.0,5.0,Chelsea,2022,6
1001,2021-12-01,19:30,Matchweek 14,Away,W,2,1,Watford,0.9,1.0,49.0,8.0,4.0,Chelsea,2022,6
1002,2021-12-04,12:30,Matchweek 15,Away,L,2,3,West Ham,1.1,1.8,63.0,19.0,7.0,Chelsea,2022,6
1003,2021-12-11,15:00,Matchweek 16,Home,W,3,2,Leeds United,2.5,1.4,57.0,14.0,4.0,Chelsea,2022,6
1004,2021-12-16,19:45,Matchweek 17,Home,D,1,1,Everton,2.9,0.6,80.0,23.0,10.0,Chelsea,2022,6
1005,2021-12-19,14:00,Matchweek 18,Away,D,0,0,Wolverhampton Wanderers,0.9,0.2,63.0,8.0,1.0,Chelsea,2022,6
1006,2021-12-26,17:30,Matchweek 19,Away,W,3,1,Aston Villa,2.6,0.4,58.0,8.0,2.0,Chelsea,2022,6
1007,2021-12-29,19:30,Matchweek 20,Home,D,1,1,Brighton,0.7,0.9,47.0,11.0,5.0,Chelsea,2022,6
1008,2022-01-02,16:30,Matchweek 21,Home,D,2,2,Liverpool,1.2,1.3,54.0,15.0,6.0,Chelsea,2022,6
1009,2022-01-15,12:30,Matchweek 22,Away,L,0,1,Manchester City,0.3,1.0,44.0,4.0,1.0,Chelsea,2022,6
1010,2022-01-18,20:00,Matchweek 24,Away,D,1,1,Brighton,0.7,0.7,56.0,15.0,3.0,Chelsea,2022,6
1011,2022-01-23,16:30,Matchweek 23,Home,W,2,0,Tottenham Hotspur,1.2,0.5,64.0,15.0,7.0,Chelsea,2022,6
1012,2022-02-19,15:00,Matchweek 26,Away,W,1,0,Crystal Palace,0.9,0.5,58.0,9.0,3.0,Chelsea,2022,6
1013,2022-03-05,15:00,Matchweek 28,Away,W,4,0,Burnley,2.3,0.7,72.0,11.0,5.0,Chelsea,2022,6
1014,2022-03-10,19:30,Matchweek 30,Away,W,3,1,Norwich City,1.8,1.0,66.0,15.0,7.0,Chelsea,2022,6
1015,2022-03-13,14:00,Matchweek 29,Home,W,1,0,Newcastle United,1.1,0.3,71.0,8.0,3.0,Chelsea,2022,6
1016,2022-04-02,15:00,Matchweek 31,Home,L,1,4,Brentford,1.3,1.8,70.0,21.0,8.0,Chelsea,2022,6
1017,2022-04-09,15:00,Matchweek 32,Away,W,6,0,Southampton,4.2,0.5,70.0,24.0,14.0,Chelsea,2022,6
1018,2022-04-20,19:45,Matchweek 25,Home,L,2,4,Arsenal,0.7,2.0,67.0,11.0,2.0,Chelsea,2022,6
1019,2022-04-24,14:00,Matchweek 34,Home,W,1,0,West Ham,3.0,0.5,66.0,25.0,4.0,Chelsea,2022,6
1020,2022-04-28,19:45,Matchweek 37,Away,D,1,1,Manchester United,1.9,0.5,64.0,21.0,6.0,Chelsea,2022,6
1021,2022-05-01,14:00,Matchweek 35,Away,L,0,1,Everton,0.8,0.8,77.0,17.0,5.0,Chelsea,2022,6
1022,2022-05-07,15:00,Matchweek 36,Home,D,2,2,Wolverhampton Wanderers,1.7,2.0,59.0,18.0,5.0,Chelsea,2022,6
1023,2022-05-11,19:30,Matchweek 33,Away,W,3,0,Leeds United,1.3,0.4,67.0,17.0,3.0,Chelsea,2022,6
1024,2022-05-19,20:00,Matchweek 27,Home,D,1,1,Leicester City,1.6,0.1,67.0,20.0,7.0,Chelsea,2022,6
1025,2022-05-22,16:00,Matchweek 38,Home,W,2,1,Watford,2.2,0.6,71.0,19.0,8.0,Chelsea,2022,6
1026,2022-08-06,17:30,Matchweek 1,Away,W,1,0,Everton,1.5,0.7,62.0,14.0,5.0,Chelsea,2023,6
1027,2022-08-14,16:30,Matchweek 2,Home,D,2,2,Tottenham Hotspur,1.6,1.0,63.0,16.0,3.0,Chelsea,2023,6
1028,2022-08-21,14:00,Matchweek 3,Away,L,0,3,Leeds United,0.9,2.1,61.0,14.0,3.0,Chelsea,2023,6
1029,2022-08-27,15:00,Matchweek 4,Home,W,2,1,Leicester City,1.8,2.5,45.0,7.0,4.0,Chelsea,2023,6
1030,2022-08-30,19:45,Matchweek 5,Away,L,1,2,Southampton,1.1,1.1,67.0,10.0,4.0,Chelsea,2023,6
1031,2022-09-03,15:00,Matchweek 6,Home,W,2,1,West Ham,0.9,1.1,67.0,8.0,3.0,Chelsea,2023,6
1032,2022-10-01,15:00,Matchweek 9,Away,W,2,1,Crystal Palace,1.1,0.4,64.0,13.0,3.0,Chelsea,2023,6
1033,2022-10-08,15:00,Matchweek 10,Home,W,3,0,Wolverhampton Wanderers,1.9,1.1,57.0,20.0,7.0,Chelsea,2023,6
1034,2022-10-16,14:00,Matchweek 11,Away,W,2,0,Aston Villa,0.9,1.8,58.0,8.0,4.0,Chelsea,2023,6
1035,2022-10-19,19:30,Matchweek 12,Away,D,0,0,Brentford,0.9,1.3,66.0,14.0,5.0,Chelsea,2023,6
1036,2022-10-22,17:30,Matchweek 13,Home,D,1,1,Manchester United,1.1,0.8,48.0,5.0,1.0,Chelsea,2023,6
1037,2022-10-29,15:00,Matchweek 14,Away,L,1,4,Brighton,1.4,2.4,59.0,15.0,7.0,Chelsea,2023,6
1038,2022-11-06,12:00,Matchweek 15,Home,L,0,1,Arsenal,0.3,2.1,45.0,5.0,1.0,Chelsea,2023,6
1039,2022-11-12,17:30,Matchweek 16,Away,L,0,1,Newcastle United,0.3,1.0,51.0,5.0,2.0,Chelsea,2023,6
1040,2022-12-27,17:30,Matchweek 17,Home,W,2,0,Bournemouth,1.8,0.5,60.0,15.0,5.0,Chelsea,2023,6
1041,2023-01-01,16:30,Matchweek 18,Away,D,1,1,Nottingham Forest,0.9,1.4,71.0,7.0,2.0,Chelsea,2023,6
1042,2023-01-05,20:00,Matchweek 19,Home,L,0,1,Manchester City,0.4,2.0,48.0,8.0,2.0,Chelsea,2023,6
1043,2023-01-12,20:00,Matchweek 7,Away,L,1,2,Fulham,2.1,1.0,52.0,20.0,10.0,Chelsea,2023,6
1044,2023-01-15,14:00,Matchweek 20,Home,W,1,0,Crystal Palace,1.5,0.7,61.0,15.0,5.0,Chelsea,2023,6
1045,2023-01-21,12:30,Matchweek 21,Away,D,0,0,Liverpool,1.6,1.4,52.0,11.0,2.0,Chelsea,2023,6
1046,2023-02-03,20:00,Matchweek 22,Home,D,0,0,Fulham,1.3,0.6,66.0,12.0,2.0,Chelsea,2023,6
1047,2023-02-11,12:30,Matchweek 23,Away,D,1,1,West Ham,1.1,1.3,71.0,12.0,4.0,Chelsea,2023,6
1048,2023-02-18,15:00,Matchweek 24,Home,L,0,1,Southampton,1.6,0.6,62.0,17.0,4.0,Chelsea,2023,6
1049,2023-02-26,13:30,Matchweek 25,Away,L,0,2,Tottenham Hotspur,0.4,0.8,59.0,10.0,2.0,Chelsea,2023,6
1050,2023-03-04,15:00,Matchweek 26,Home,W,1,0,Leeds United,1.5,1.0,57.0,13.0,3.0,Chelsea,2023,6
1051,2023-03-11,15:00,Matchweek 27,Away,W,3,1,Leicester City,1.6,2.4,52.0,12.0,6.0,Chelsea,2023,6
1052,2023-03-18,17:30,Matchweek 28,Home,D,2,2,Everton,2.3,1.2,68.0,19.0,6.0,Chelsea,2023,6
1053,2023-04-01,17:30,Matchweek 29,Home,L,0,2,Aston Villa,2.1,0.9,69.0,27.0,7.0,Chelsea,2023,6
1054,2023-04-04,20:00,Matchweek 8,Home,D,0,0,Liverpool,2.2,0.3,49.0,12.0,2.0,Chelsea,2023,6
1055,2023-04-08,15:00,Matchweek 30,Away,L,0,1,Wolverhampton Wanderers,1.1,0.6,62.0,13.0,1.0,Chelsea,2023,6
1056,2023-04-15,15:00,Matchweek 31,Home,L,1,2,Brighton,0.5,2.9,43.0,8.0,2.0,Chelsea,2023,6
1057,2023-04-26,19:45,Matchweek 33,Home,L,0,2,Brentford,1.3,1.1,71.0,15.0,4.0,Chelsea,2023,6
1058,2023-05-02,20:00,Matchweek 34,Away,L,1,3,Arsenal,0.8,1.7,45.0,7.0,4.0,Chelsea,2023,6
1059,2023-05-06,15:00,Matchweek 35,Away,W,3,1,Bournemouth,1.3,1.2,65.0,11.0,5.0,Chelsea,2023,6
1060,2023-05-13,15:00,Matchweek 36,Home,D,2,2,Nottingham Forest,1.2,1.3,75.0,14.0,6.0,Chelsea,2023,6
1061,2023-05-21,16:00,Matchweek 37,Away,L,0,1,Manchester City,1.2,1.2,36.0,13.0,6.0,Chelsea,2023,6
1062,2023-05-25,20:00,Matchweek 32,Away,L,1,4,Manchester United,1.9,5.2,58.0,14.0,5.0,Chelsea,2023,6
1063,2023-05-28,16:30,Matchweek 38,Home,D,1,1,Newcastle United,2.2,1.7,64.0,22.0,4.0,Chelsea,2023,6
1064,2023-08-13,16:30,Matchweek 1,Home,D,1,1,Liverpool,1.4,1.3,65.0,10.0,4.0,Chelsea,2024,6
1065,2023-08-20,16:30,Matchweek 2,Away,L,1,3,West Ham,2.5,1.8,75.0,16.0,3.0,Chelsea,2024,6
1066,2023-08-25,20:00,Matchweek 3,Home,W,3,0,Luton Town,2.2,0.4,67.0,19.0,8.0,Chelsea,2024,6
1067,2023-09-02,15:00,Matchweek 4,Home,L,0,1,Nottingham Forest,2.3,0.8,75.0,21.0,2.0,Chelsea,2024,6
1068,2023-09-17,14:00,Matchweek 5,Away,D,0,0,Bournemouth,1.8,1.0,64.0,14.0,6.0,Chelsea,2024,6
1069,2023-09-24,14:00,Matchweek 6,Home,L,0,1,Aston Villa,1.3,1.0,53.0,10.0,4.0,Chelsea,2024,6
1070,2023-10-02,20:00,Matchweek 7,Away,W,2,0,Fulham,1.7,1.1,44.0,11.0,4.0,Chelsea,2024,6
1071,2023-10-07,15:00,Matchweek 8,Away,W,4,1,Burnley,1.9,0.7,62.0,8.0,4.0,Chelsea,2024,6
1072,2023-10-21,17:30,Matchweek 9,Home,D,2,2,Arsenal,1.3,1.0,44.0,10.0,4.0,Chelsea,2024,6
1073,2023-10-28,12:30,Matchweek 10,Home,L,0,2,Brentford,1.9,2.2,68.0,17.0,2.0,Chelsea,2024,6
1074,2023-11-06,20:00,Matchweek 11,Away,W,4,1,Tottenham Hotspur,4.1,0.9,60.0,16.0,6.0,Chelsea,2024,6
1075,2023-11-12,16:30,Matchweek 12,Home,D,4,4,Manchester City,2.9,2.9,45.0,16.0,8.0,Chelsea,2024,6
1076,2023-11-25,15:00,Matchweek 13,Away,L,1,4,Newcastle United,0.5,2.4,46.0,7.0,4.0,Chelsea,2024,6
1077,2023-12-03,14:00,Matchweek 14,Home,W,3,2,Brighton,2.1,1.1,32.0,7.0,3.0,Chelsea,2024,6
1078,2023-12-06,20:15,Matchweek 15,Away,L,1,2,Manchester United,1.5,4.1,55.0,13.0,3.0,Chelsea,2024,6
1079,2023-12-10,14:00,Matchweek 16,Away,L,0,2,Everton,0.9,1.2,71.0,16.0,4.0,Chelsea,2024,6
1080,2023-12-16,15:00,Matchweek 17,Home,W,2,0,Sheffield United,3.1,0.4,78.0,15.0,6.0,Chelsea,2024,6
1081,2023-12-24,13:00,Matchweek 18,Away,L,1,2,Wolverhampton Wanderers,2.0,1.3,68.0,16.0,4.0,Chelsea,2024,6
1082,2023-12-27,19:30,Matchweek 19,Home,W,2,1,Crystal Palace,2.6,1.1,63.0,8.0,2.0,Chelsea,2024,6
1083,2023-12-30,12:30,Matchweek 20,Away,W,3,2,Luton Town,1.5,2.3,48.0,12.0,8.0,Chelsea,2024,6
1084,2024-01-13,12:30,Matchweek 21,Home,W,1,0,Fulham,2.2,0.8,55.0,16.0,2.0,Chelsea,2024,6
1085,2024-01-31,20:15,Matchweek 22,Away,L,1,4,Liverpool,0.6,2.9,50.0,4.0,3.0,Chelsea,2024,6
1086,2024-02-04,14:00,Matchweek 23,Home,L,2,4,Wolverhampton Wanderers,1.7,2.0,64.0,15.0,4.0,Chelsea,2024,6
1087,2024-02-12,20:00,Matchweek 24,Away,W,3,1,Crystal Palace,1.4,0.6,77.0,14.0,5.0,Chelsea,2024,6
1088,2024-02-17,17:30,Matchweek 25,Away,D,1,1,Manchester City,1.4,2.6,30.0,9.0,6.0,Chelsea,2024,6
1089,2024-03-02,15:00,Matchweek 27,Away,D,2,2,Brentford,1.8,1.8,67.0,17.0,5.0,Chelsea,2024,6
1090,2024-03-11,20:00,Matchweek 28,Home,W,3,2,Newcastle United,1.6,0.7,44.0,12.0,7.0,Chelsea,2024,6
1091,2024-03-30,15:00,Matchweek 30,Home,D,2,2,Burnley,4.2,1.6,69.0,32.0,12.0,Chelsea,2024,6
1092,2024-04-04,20:15,Matchweek 31,Home,W,4,3,Manchester United,3.0,1.5,57.0,26.0,8.0,Chelsea,2024,6
1093,2024-04-07,17:30,Matchweek 32,Away,D,2,2,Sheffield United,0.3,1.4,68.0,6.0,3.0,Chelsea,2024,6
1094,2024-04-15,20:00,Matchweek 33,Home,W,6,0,Everton,3.1,1.5,58.0,13.0,9.0,Chelsea,2024,6
1095,2024-04-23,20:00,Matchweek 29,Away,L,0,5,Arsenal,1.6,3.3,55.0,7.0,1.0,Chelsea,2024,6
1096,2024-04-27,20:00,Matchweek 35,Away,D,2,2,Aston Villa,1.6,1.1,71.0,21.0,5.0,Chelsea,2024,6
1097,2024-05-02,19:30,Matchweek 26,Home,W,2,0,Tottenham Hotspur,2.2,1.6,37.0,16.0,4.0,Chelsea,2024,6
1098,2024-05-05,14:00,Matchweek 36,Home,W,5,0,West Ham,4.1,0.9,69.0,25.0,14.0,Chelsea,2024,6
1099,2024-05-11,17:30,Matchweek 37,Away,W,3,2,Nottingham Forest,1.6,1.5,67.0,12.0,5.0,Chelsea,2024,6
1100,2024-05-15,19:45,Matchweek 34,Away,W,2,1,Brighton,1.5,1.3,45.0,14.0,6.0,Chelsea,2024,6
1101,2024-05-19,16:00,Matchweek 38,Home,W,2,1,Bournemouth,1.1,2.2,61.0,16.0,6.0,Chelsea,2024,6
1102,2024-08-18,16:30,Matchweek 1,Home,L,0,2,Manchester City,1.0,0.8,48.0,10.0,3.0,Chelsea,2025,6
1103,2024-08-25,14:00,Matchweek 2,Away,W,6,2,Wolverhampton Wanderers,1.6,1.9,60.0,14.0,8.0,Chelsea,2025,6
1104,2024-09-01,13:30,Matchweek 3,Home,D,1,1,Crystal Palace,2.4,0.5,62.0,13.0,7.0,Chelsea,2025,6
1105,2024-09-14,20:00,Matchweek 4,Away,W,1,0,Bournemouth,0.8,1.7,66.0,10.0,3.0,Chelsea,2025,6
1106,2024-09-21,12:30,Matchweek 5,Away,W,3,0,West Ham,2.2,0.9,47.0,12.0,5.0,Chelsea,2025,6
1107,2024-09-28,15:00,Matchweek 6,Home,W,4,2,Brighton,4.2,1.1,41.0,14.0,5.0,Chelsea,2025,6
1108,2024-10-06,14:00,Matchweek 7,Home,D,1,1,Nottingham Forest,2.3,0.9,65.0,22.0,8.0,Chelsea,2025,6
1109,2024-10-20,16:30,Matchweek 8,Away,L,1,2,Liverpool,1.0,1.9,57.0,12.0,2.0,Chelsea,2025,6
1110,2024-10-27,14:00,Matchweek 9,Home,W,2,1,Newcastle United,1.6,1.8,50.0,17.0,7.0,Chelsea,2025,6
1111,2024-11-03,16:30,Matchweek 10,Away,D,1,1,Manchester United,1.1,2.0,54.0,12.0,3.0,Chelsea,2025,6
1112,2024-11-10,16:30,Matchweek 11,Home,D,1,1,Arsenal,1.5,1.5,49.0,17.0,3.0,Chelsea,2025,6
1113,2024-11-23,12:30,Matchweek 12,Away,W,2,1,Leicester City,2.7,1.1,63.0,16.0,6.0,Chelsea,2025,6
1114,2024-12-01,13:30,Matchweek 13,Home,W,3,0,Aston Villa,1.6,1.2,64.0,17.0,8.0,Chelsea,2025,6
1115,2024-12-04,19:30,Matchweek 14,Away,W,5,1,Southampton,5.2,1.6,55.0,26.0,11.0,Chelsea,2025,6
1116,2024-12-08,16:30,Matchweek 15,Away,W,4,3,Tottenham Hotspur,2.8,2.8,61.0,15.0,6.0,Chelsea,2025,6
1117,2024-12-15,19:00,Matchweek 16,Home,W,2,1,Brentford,2.2,1.6,62.0,26.0,8.0,Chelsea,2025,6
1118,2024-12-22,14:00,Matchweek 17,Away,D,0,0,Everton,1.2,1.0,75.0,12.0,4.0,Chelsea,2025,6
1119,2024-12-26,15:00,Matchweek 18,Home,L,1,2,Fulham,1.1,1.8,47.0,12.0,8.0,Chelsea,2025,6
1120,2024-12-30,19:45,Matchweek 19,Away,L,0,2,Ipswich Town,2.0,1.6,76.0,20.0,4.0,Chelsea,2025,6
1121,2025-01-04,15:00,Matchweek 20,Away,D,1,1,Crystal Palace,1.2,1.1,61.0,15.0,1.0,Chelsea,2025,6
1122,2025-01-14,19:30,Matchweek 21,Home,D,2,2,Bournemouth,2.5,1.2,57.0,26.0,10.0,Chelsea,2025,6
1123,2025-01-20,20:00,Matchweek 22,Home,W,3,1,Wolverhampton Wanderers,3.1,0.8,63.0,19.0,6.0,Chelsea,2025,6
1124,2025-01-25,17:30,Matchweek 23,Away,L,1,3,Manchester City,1.8,2.2,44.0,10.0,4.0,Chelsea,2025,6
1125,2025-02-03,20:00,Matchweek 24,Home,W,2,1,West Ham,1.6,1.2,68.0,22.0,3.0,Chelsea,2025,6
1126,2025-02-14,20:00,Matchweek 25,Away,L,0,3,Brighton,0.5,1.4,69.0,8.0,0.0,Chelsea,2025,6
1127,2025-02-22,17:30,Matchweek 26,Away,L,1,2,Aston Villa,2.3,2.3,48.0,15.0,6.0,Chelsea,2025,6
1128,2025-02-25,20:15,Matchweek 27,Home,W,4,0,Southampton,2.4,0.7,60.0,19.0,10.0,Chelsea,2025,6
1129,2025-03-09,14:00,Matchweek 28,Home,W,1,0,Leicester City,1.7,0.1,56.0,19.0,6.0,Chelsea,2025,6
1130,2025-03-16,13:30,Matchweek 29,Away,L,0,1,Arsenal,0.4,0.7,58.0,8.0,2.0,Chelsea,2025,6
1131,2025-04-03,20:00,Matchweek 30,Home,W,1,0,Tottenham Hotspur,1.0,0.9,51.0,11.0,5.0,Chelsea,2025,6
1132,2025-04-06,14:00,Matchweek 31,Away,D,0,0,Brentford,1.2,1.1,58.0,21.0,5.0,Chelsea,2025,6
1133,2025-04-13,14:00,Matchweek 32,Home,D,2,2,Ipswich Town,2.2,1.1,73.0,34.0,9.0,Chelsea,2025,6
1134,2025-04-20,14:00,Matchweek 33,Away,W,2,1,Fulham,0.9,0.3,59.0,13.0,7.0,Chelsea,2025,6
1135,2025-04-26,12:30,Matchweek 34,Home,W,1,0,Everton,0.8,0.4,55.0,10.0,7.0,Chelsea,2025,6
1136,2025-05-04,16:30,Matchweek 35,Home,W,3,1,Liverpool,3.1,1.0,36.0,16.0,5.0,Chelsea,2025,6
1137,2025-05-11,12:00,Matchweek 36,Away,L,0,2,Newcastle United,0.7,1.6,55.0,10.0,3.0,Chelsea,2025,6
1138,2025-05-16,20:15,Matchweek 37,Home,W,1,0,Manchester United,0.8,0.3,47.0,11.0,3.0,Chelsea,2025,6
1139,2025-05-25,16:00,Matchweek 38,Away,W,1,0,Nottingham Forest,1.1,1.2,48.0,6.0,2.0,Chelsea,2025,6
1140,2020-09-12,15:00,Matchweek 1,Home,W,1,0,Southampton,1.1,0.9,31.0,5.0,3.0,Crystal Palace,2021,7
1141,2020-09-19,17:30,Matchweek 2,Away,W,3,1,Manchester United,1.6,1.2,25.0,13.0,4.0,Crystal Palace,2021,7
1142,2020-09-26,15:00,Matchweek 3,Home,L,1,2,Everton,0.4,1.9,42.0,8.0,1.0,Crystal Palace,2021,7
1143,2020-10-03,12:30,Matchweek 4,Away,L,0,4,Chelsea,0.2,2.7,30.0,4.0,0.0,Crystal Palace,2021,7
1144,2020-10-18,14:00,Matchweek 5,Home,D,1,1,Brighton,0.8,1.7,34.0,0.0,0.0,Crystal Palace,2021,7
1145,2020-10-24,15:00,Matchweek 6,Away,W,2,1,Fulham,2.5,1.1,36.0,14.0,10.0,Crystal Palace,2021,7
1146,2020-10-30,20:00,Matchweek 7,Away,L,0,2,Wolverhampton Wanderers,0.7,1.3,55.0,11.0,2.0,Crystal Palace,2021,7
1147,2020-11-07,15:00,Matchweek 8,Home,W,4,1,Leeds United,0.9,0.8,36.0,10.0,6.0,Crystal Palace,2021,7
1148,2020-11-23,17:30,Matchweek 9,Away,L,0,1,Burnley,1.5,1.5,54.0,15.0,5.0,Crystal Palace,2021,7
1149,2020-11-27,20:00,Matchweek 10,Home,L,0,2,Newcastle United,0.6,1.3,57.0,12.0,3.0,Crystal Palace,2021,7
1150,2020-12-06,12:00,Matchweek 11,Away,W,5,1,West Brom,1.6,0.7,50.0,18.0,6.0,Crystal Palace,2021,7
1151,2020-12-13,14:15,Matchweek 12,Home,D,1,1,Tottenham Hotspur,1.6,0.9,44.0,16.0,5.0,Crystal Palace,2021,7
1152,2020-12-16,20:00,Matchweek 13,Away,D,1,1,West Ham,1.1,0.4,48.0,8.0,2.0,Crystal Palace,2021,7
1153,2020-12-19,12:30,Matchweek 14,Home,L,0,7,Liverpool,0.3,2.5,36.0,5.0,3.0,Crystal Palace,2021,7
1154,2020-12-26,15:00,Matchweek 15,Away,L,0,3,Aston Villa,0.9,3.9,61.0,13.0,6.0,Crystal Palace,2021,7
1155,2020-12-28,15:00,Matchweek 16,Home,D,1,1,Leicester City,0.5,1.9,34.0,4.0,1.0,Crystal Palace,2021,7
1156,2021-01-02,15:00,Matchweek 17,Home,W,2,0,Sheffield United,0.6,0.4,44.0,9.0,4.0,Crystal Palace,2021,7
1157,2021-01-14,20:00,Matchweek 18,Away,D,0,0,Arsenal,0.8,0.4,33.0,12.0,2.0,Crystal Palace,2021,7
1158,2021-01-17,19:15,Matchweek 19,Away,L,0,4,Manchester City,0.1,0.7,29.0,2.0,0.0,Crystal Palace,2021,7
1159,2021-01-26,18:00,Matchweek 20,Home,L,2,3,West Ham,0.7,2.8,54.0,6.0,3.0,Crystal Palace,2021,7
1160,2021-01-30,15:00,Matchweek 21,Home,W,1,0,Wolverhampton Wanderers,1.4,0.4,48.0,11.0,2.0,Crystal Palace,2021,7
1161,2021-02-02,20:15,Matchweek 22,Away,W,2,1,Newcastle United,0.7,1.9,39.0,6.0,3.0,Crystal Palace,2021,7
1162,2021-02-08,20:00,Matchweek 23,Away,L,0,2,Leeds United,0.4,1.9,33.0,8.0,3.0,Crystal Palace,2021,7
1163,2021-02-13,15:00,Matchweek 24,Home,L,0,3,Burnley,0.5,1.4,54.0,13.0,3.0,Crystal Palace,2021,7
1164,2021-02-22,20:00,Matchweek 25,Away,W,2,1,Brighton,0.2,2.4,26.0,3.0,2.0,Crystal Palace,2021,7
1165,2021-02-28,12:00,Matchweek 26,Home,D,0,0,Fulham,0.1,1.4,40.0,3.0,0.0,Crystal Palace,2021,7
1166,2021-03-03,20:15,Matchweek 29,Home,D,0,0,Manchester United,0.9,0.9,37.0,8.0,2.0,Crystal Palace,2021,7
1167,2021-03-07,19:15,Matchweek 27,Away,L,1,4,Tottenham Hotspur,0.5,2.7,37.0,5.0,1.0,Crystal Palace,2021,7
1168,2021-03-13,15:00,Matchweek 28,Home,W,1,0,West Brom,1.2,0.8,45.0,5.0,3.0,Crystal Palace,2021,7
1169,2021-04-05,18:00,Matchweek 30,Away,D,1,1,Everton,0.7,2.5,52.0,13.0,6.0,Crystal Palace,2021,7
1170,2021-04-10,17:30,Matchweek 31,Home,L,1,4,Chelsea,0.4,3.1,36.0,1.0,1.0,Crystal Palace,2021,7
1171,2021-04-26,20:00,Matchweek 33,Away,L,1,2,Leicester City,0.7,1.5,34.0,4.0,2.0,Crystal Palace,2021,7
1172,2021-05-01,12:30,Matchweek 34,Home,L,0,2,Manchester City,0.9,1.7,32.0,9.0,4.0,Crystal Palace,2021,7
1173,2021-05-08,15:00,Matchweek 35,Away,W,2,0,Sheffield United,2.0,0.7,50.0,21.0,8.0,Crystal Palace,2021,7
1174,2021-05-11,20:15,Matchweek 32,Away,L,1,3,Southampton,1.5,1.2,38.0,10.0,3.0,Crystal Palace,2021,7
1175,2021-05-16,12:00,Matchweek 36,Home,W,3,2,Aston Villa,1.9,1.4,45.0,23.0,8.0,Crystal Palace,2021,7
1176,2021-05-19,19:00,Matchweek 37,Home,L,1,3,Arsenal,1.0,1.8,32.0,12.0,6.0,Crystal Palace,2021,7
1177,2021-05-23,16:00,Matchweek 38,Away,L,0,2,Liverpool,0.6,1.6,31.0,5.0,4.0,Crystal Palace,2021,7
1178,2021-08-14,15:00,Matchweek 1,Away,L,0,3,Chelsea,0.2,0.7,38.0,4.0,1.0,Crystal Palace,2022,7
1179,2021-08-21,15:00,Matchweek 2,Home,D,0,0,Brentford,0.5,0.9,53.0,7.0,2.0,Crystal Palace,2022,7
1180,2021-08-28,15:00,Matchweek 3,Away,D,2,2,West Ham,1.1,1.3,53.0,9.0,2.0,Crystal Palace,2022,7
1181,2021-09-11,12:30,Matchweek 4,Home,W,3,0,Tottenham Hotspur,2.1,0.1,62.0,17.0,3.0,Crystal Palace,2022,7
1182,2021-09-18,15:00,Matchweek 5,Away,L,0,3,Liverpool,0.6,3.1,41.0,13.0,2.0,Crystal Palace,2022,7
1183,2021-09-27,20:00,Matchweek 6,Home,D,1,1,Brighton,1.4,0.8,47.0,7.0,2.0,Crystal Palace,2022,7
1184,2021-10-03,14:00,Matchweek 7,Home,D,2,2,Leicester City,1.5,1.2,60.0,18.0,4.0,Crystal Palace,2022,7
1185,2021-10-18,20:00,Matchweek 8,Away,D,2,2,Arsenal,0.7,1.7,46.0,9.0,6.0,Crystal Palace,2022,7
1186,2021-10-23,15:00,Matchweek 9,Home,D,1,1,Newcastle United,1.9,0.3,74.0,15.0,3.0,Crystal Palace,2022,7
1187,2021-10-30,15:00,Matchweek 10,Away,W,2,0,Manchester City,0.7,0.7,32.0,8.0,3.0,Crystal Palace,2022,7
1188,2021-11-06,15:00,Matchweek 11,Home,W,2,0,Wolverhampton Wanderers,1.9,0.3,60.0,13.0,6.0,Crystal Palace,2022,7
1189,2021-11-20,15:00,Matchweek 12,Away,D,3,3,Burnley,1.9,1.5,60.0,18.0,8.0,Crystal Palace,2022,7
1190,2021-11-27,15:00,Matchweek 13,Home,L,1,2,Aston Villa,1.0,0.5,64.0,8.0,3.0,Crystal Palace,2022,7
1191,2021-11-30,20:15,Matchweek 14,Away,L,0,1,Leeds United,1.1,1.4,39.0,9.0,1.0,Crystal Palace,2022,7
1192,2021-12-05,14:00,Matchweek 15,Away,L,0,1,Manchester United,0.5,0.9,39.0,8.0,2.0,Crystal Palace,2022,7
1193,2021-12-12,16:30,Matchweek 16,Home,W,3,1,Everton,1.8,1.0,61.0,17.0,6.0,Crystal Palace,2022,7
1194,2021-12-15,19:30,Matchweek 17,Home,D,2,2,Southampton,1.2,0.6,59.0,9.0,6.0,Crystal Palace,2022,7
1195,2021-12-26,15:00,Matchweek 19,Away,L,0,3,Tottenham Hotspur,0.2,2.3,40.0,4.0,0.0,Crystal Palace,2022,7
1196,2021-12-28,15:00,Matchweek 20,Home,W,3,0,Norwich City,1.9,0.9,51.0,18.0,5.0,Crystal Palace,2022,7
1197,2022-01-01,17:30,Matchweek 21,Home,L,2,3,West Ham,2.4,2.2,62.0,22.0,6.0,Crystal Palace,2022,7
1198,2022-01-14,20:00,Matchweek 22,Away,D,1,1,Brighton,0.2,2.0,37.0,3.0,1.0,Crystal Palace,2022,7
1199,2022-01-23,14:00,Matchweek 23,Home,L,1,3,Liverpool,2.2,1.9,43.0,8.0,5.0,Crystal Palace,2022,7
1200,2022-02-09,19:45,Matchweek 24,Away,D,1,1,Norwich City,1.3,0.4,70.0,12.0,5.0,Crystal Palace,2022,7
1201,2022-02-12,15:00,Matchweek 25,Away,D,0,0,Brentford,0.3,1.6,58.0,6.0,3.0,Crystal Palace,2022,7
1202,2022-02-19,15:00,Matchweek 26,Home,L,0,1,Chelsea,0.5,0.9,42.0,7.0,0.0,Crystal Palace,2022,7
1203,2022-02-23,19:30,Matchweek 18,Away,W,4,1,Watford,1.1,1.4,54.0,7.0,5.0,Crystal Palace,2022,7
1204,2022-02-26,15:00,Matchweek 27,Home,D,1,1,Burnley,1.0,0.2,59.0,11.0,4.0,Crystal Palace,2022,7
1205,2022-03-05,15:00,Matchweek 28,Away,W,2,0,Wolverhampton Wanderers,2.7,0.7,37.0,11.0,7.0,Crystal Palace,2022,7
1206,2022-03-14,20:00,Matchweek 29,Home,D,0,0,Manchester City,0.6,2.8,27.0,7.0,1.0,Crystal Palace,2022,7
1207,2022-04-04,20:00,Matchweek 31,Home,W,3,0,Arsenal,1.5,0.8,32.0,5.0,4.0,Crystal Palace,2022,7
1208,2022-04-10,14:00,Matchweek 32,Away,L,1,2,Leicester City,1.4,1.0,49.0,10.0,2.0,Crystal Palace,2022,7
1209,2022-04-20,19:45,Matchweek 30,Away,L,0,1,Newcastle United,0.5,0.9,63.0,10.0,2.0,Crystal Palace,2022,7
1210,2022-04-25,20:00,Matchweek 34,Home,D,0,0,Leeds United,1.9,0.5,53.0,17.0,7.0,Crystal Palace,2022,7
1211,2022-04-30,15:00,Matchweek 35,Away,W,2,1,Southampton,1.1,0.6,62.0,14.0,5.0,Crystal Palace,2022,7
1212,2022-05-07,15:00,Matchweek 36,Home,W,1,0,Watford,2.2,0.4,67.0,14.0,6.0,Crystal Palace,2022,7
1213,2022-05-15,14:00,Matchweek 37,Away,D,1,1,Aston Villa,1.4,1.0,51.0,16.0,4.0,Crystal Palace,2022,7
1214,2022-05-19,19:45,Matchweek 33,Away,L,2,3,Everton,1.1,0.8,57.0,7.0,5.0,Crystal Palace,2022,7
1215,2022-05-22,16:00,Matchweek 38,Home,W,1,0,Manchester United,0.6,0.7,39.0,6.0,3.0,Crystal Palace,2022,7
1216,2022-08-05,20:00,Matchweek 1,Home,L,0,2,Arsenal,1.2,1.0,56.0,10.0,2.0,Crystal Palace,2023,7
1217,2022-08-15,20:00,Matchweek 2,Away,D,1,1,Liverpool,1.0,2.0,28.0,7.0,3.0,Crystal Palace,2023,7
1218,2022-08-20,15:00,Matchweek 3,Home,W,3,1,Aston Villa,2.6,0.9,51.0,16.0,8.0,Crystal Palace,2023,7
1219,2022-08-27,15:00,Matchweek 4,Away,L,2,4,Manchester City,0.1,2.2,26.0,2.0,2.0,Crystal Palace,2023,7
1220,2022-08-30,19:30,Matchweek 5,Home,D,1,1,Brentford,1.0,1.4,49.0,13.0,4.0,Crystal Palace,2023,7
1221,2022-09-03,15:00,Matchweek 6,Away,D,0,0,Newcastle United,1.0,2.8,48.0,19.0,9.0,Crystal Palace,2023,7
1222,2022-10-01,15:00,Matchweek 9,Home,L,1,2,Chelsea,0.4,1.1,36.0,7.0,3.0,Crystal Palace,2023,7
1223,2022-10-09,14:00,Matchweek 10,Home,W,2,1,Leeds United,1.1,1.0,54.0,13.0,5.0,Crystal Palace,2023,7
1224,2022-10-15,12:30,Matchweek 11,Away,D,0,0,Leicester City,0.4,1.0,46.0,8.0,1.0,Crystal Palace,2023,7
1225,2022-10-18,20:15,Matchweek 12,Home,W,2,1,Wolverhampton Wanderers,1.2,0.8,51.0,14.0,4.0,Crystal Palace,2023,7
1226,2022-10-22,15:00,Matchweek 13,Away,L,0,3,Everton,0.9,1.4,54.0,9.0,2.0,Crystal Palace,2023,7
1227,2022-10-29,15:00,Matchweek 14,Home,W,1,0,Southampton,0.9,1.3,44.0,12.0,3.0,Crystal Palace,2023,7
1228,2022-11-06,14:00,Matchweek 15,Away,W,2,1,West Ham,1.0,0.3,58.0,15.0,6.0,Crystal Palace,2023,7
1229,2022-11-12,15:00,Matchweek 16,Away,L,0,1,Nottingham Forest,1.2,1.1,68.0,7.0,0.0,Crystal Palace,2023,7
1230,2022-12-26,15:00,Matchweek 17,Home,L,0,3,Fulham,0.4,2.5,36.0,4.0,0.0,Crystal Palace,2023,7
1231,2022-12-31,15:00,Matchweek 18,Away,W,2,0,Bournemouth,1.6,0.6,41.0,15.0,6.0,Crystal Palace,2023,7
1232,2023-01-04,20:00,Matchweek 19,Home,L,0,4,Tottenham Hotspur,0.8,1.4,47.0,19.0,4.0,Crystal Palace,2023,7
1233,2023-01-15,14:00,Matchweek 20,Away,L,0,1,Chelsea,0.7,1.5,39.0,10.0,5.0,Crystal Palace,2023,7
1234,2023-01-18,20:00,Matchweek 7,Home,D,1,1,Manchester United,0.5,2.1,40.0,10.0,5.0,Crystal Palace,2023,7
1235,2023-01-21,17:30,Matchweek 21,Home,D,0,0,Newcastle United,0.3,1.2,40.0,6.0,1.0,Crystal Palace,2023,7
1236,2023-02-04,15:00,Matchweek 22,Away,L,1,2,Manchester United,1.3,2.0,48.0,10.0,3.0,Crystal Palace,2023,7
1237,2023-02-11,15:00,Matchweek 23,Home,D,1,1,Brighton,1.1,2.5,27.0,6.0,1.0,Crystal Palace,2023,7
1238,2023-02-18,15:00,Matchweek 24,Away,D,1,1,Brentford,1.1,0.9,41.0,10.0,4.0,Crystal Palace,2023,7
1239,2023-02-25,19:45,Matchweek 25,Home,D,0,0,Liverpool,0.7,0.9,37.0,6.0,0.0,Crystal Palace,2023,7
1240,2023-03-04,15:00,Matchweek 26,Away,L,0,1,Aston Villa,0.2,1.2,42.0,3.0,0.0,Crystal Palace,2023,7
1241,2023-03-11,17:30,Matchweek 27,Home,L,0,1,Manchester City,0.2,2.1,33.0,4.0,0.0,Crystal Palace,2023,7
1242,2023-03-15,19:30,Matchweek 8,Away,L,0,1,Brighton,1.1,0.6,43.0,11.0,3.0,Crystal Palace,2023,7
1243,2023-03-19,14:00,Matchweek 28,Away,L,1,4,Arsenal,0.8,1.6,38.0,9.0,5.0,Crystal Palace,2023,7
1244,2023-04-01,15:00,Matchweek 29,Home,W,2,1,Leicester City,2.3,0.2,52.0,31.0,9.0,Crystal Palace,2023,7
1245,2023-04-09,14:00,Matchweek 30,Away,W,5,1,Leeds United,3.0,0.9,52.0,16.0,7.0,Crystal Palace,2023,7
1246,2023-04-15,15:00,Matchweek 31,Away,W,2,0,Southampton,0.9,0.8,42.0,10.0,2.0,Crystal Palace,2023,7
1247,2023-04-22,15:00,Matchweek 32,Home,D,0,0,Everton,0.5,0.4,56.0,12.0,2.0,Crystal Palace,2023,7
1248,2023-04-25,19:30,Matchweek 33,Away,L,0,2,Wolverhampton Wanderers,0.8,1.4,59.0,14.0,4.0,Crystal Palace,2023,7
1249,2023-04-29,12:30,Matchweek 34,Home,W,4,3,West Ham,2.1,1.7,59.0,15.0,5.0,Crystal Palace,2023,7
1250,2023-05-06,15:00,Matchweek 35,Away,L,0,1,Tottenham Hotspur,0.4,0.9,44.0,7.0,2.0,Crystal Palace,2023,7
1251,2023-05-13,15:00,Matchweek 36,Home,W,2,0,Bournemouth,1.5,0.3,59.0,17.0,5.0,Crystal Palace,2023,7
1252,2023-05-20,15:00,Matchweek 37,Away,D,2,2,Fulham,1.6,1.7,51.0,11.0,5.0,Crystal Palace,2023,7
1253,2023-05-28,16:30,Matchweek 38,Home,D,1,1,Nottingham Forest,1.4,0.5,66.0,15.0,3.0,Crystal Palace,2023,7
1254,2023-08-12,15:00,Matchweek 1,Away,W,1,0,Sheffield United,1.9,0.5,68.0,24.0,8.0,Crystal Palace,2024,7
1255,2023-08-21,20:00,Matchweek 2,Home,L,0,1,Arsenal,1.0,2.0,47.0,14.0,2.0,Crystal Palace,2024,7
1256,2023-08-26,15:00,Matchweek 3,Away,D,1,1,Brentford,0.8,1.0,40.0,15.0,5.0,Crystal Palace,2024,7
1257,2023-09-03,14:00,Matchweek 4,Home,W,3,2,Wolverhampton Wanderers,2.1,1.2,43.0,16.0,10.0,Crystal Palace,2024,7
1258,2023-09-16,15:00,Matchweek 5,Away,L,1,3,Aston Villa,1.2,3.0,34.0,6.0,3.0,Crystal Palace,2024,7
1259,2023-09-23,15:00,Matchweek 6,Home,D,0,0,Fulham,0.3,0.6,51.0,7.0,3.0,Crystal Palace,2024,7
1260,2023-09-30,15:00,Matchweek 7,Away,W,1,0,Manchester United,0.9,1.3,23.0,8.0,2.0,Crystal Palace,2024,7
1261,2023-10-07,17:30,Matchweek 8,Home,D,0,0,Nottingham Forest,0.8,1.0,52.0,8.0,2.0,Crystal Palace,2024,7
1262,2023-10-21,15:00,Matchweek 9,Away,L,0,4,Newcastle United,1.2,2.4,41.0,17.0,3.0,Crystal Palace,2024,7
1263,2023-10-27,20:00,Matchweek 10,Home,L,1,2,Tottenham Hotspur,0.6,1.1,25.0,13.0,3.0,Crystal Palace,2024,7
1264,2023-11-04,15:00,Matchweek 11,Away,W,2,0,Burnley,1.3,1.1,33.0,4.0,3.0,Crystal Palace,2024,7
1265,2023-11-11,15:00,Matchweek 12,Home,L,2,3,Everton,2.2,1.5,67.0,12.0,3.0,Crystal Palace,2024,7
1266,2023-11-25,15:00,Matchweek 13,Away,L,1,2,Luton Town,1.6,0.9,61.0,16.0,8.0,Crystal Palace,2024,7
1267,2023-12-03,14:00,Matchweek 14,Away,D,1,1,West Ham,0.9,1.1,45.0,9.0,2.0,Crystal Palace,2024,7
1268,2023-12-06,19:30,Matchweek 15,Home,L,0,2,Bournemouth,1.0,1.8,59.0,16.0,3.0,Crystal Palace,2024,7
1269,2023-12-09,12:30,Matchweek 16,Home,L,1,2,Liverpool,1.7,1.2,24.0,7.0,3.0,Crystal Palace,2024,7
1270,2023-12-16,15:00,Matchweek 17,Away,D,2,2,Manchester City,1.8,1.6,26.0,4.0,1.0,Crystal Palace,2024,7
1271,2023-12-21,20:00,Matchweek 18,Home,D,1,1,Brighton,1.3,1.2,35.0,11.0,3.0,Crystal Palace,2024,7
1272,2023-12-27,19:30,Matchweek 19,Away,L,1,2,Chelsea,1.1,2.6,37.0,13.0,5.0,Crystal Palace,2024,7
1273,2023-12-30,15:00,Matchweek 20,Home,W,3,1,Brentford,1.0,1.4,46.0,13.0,6.0,Crystal Palace,2024,7
1274,2024-01-20,12:30,Matchweek 21,Away,L,0,5,Arsenal,0.3,3.3,40.0,12.0,5.0,Crystal Palace,2024,7
1275,2024-01-30,20:00,Matchweek 22,Home,W,3,2,Sheffield United,1.1,0.8,53.0,12.0,4.0,Crystal Palace,2024,7
1276,2024-02-03,15:00,Matchweek 23,Away,L,1,4,Brighton,0.3,1.4,32.0,7.0,5.0,Crystal Palace,2024,7
1277,2024-02-12,20:00,Matchweek 24,Home,L,1,3,Chelsea,0.6,1.4,23.0,13.0,4.0,Crystal Palace,2024,7
1278,2024-02-19,20:00,Matchweek 25,Away,D,1,1,Everton,0.7,1.7,39.0,10.0,3.0,Crystal Palace,2024,7
1279,2024-02-24,15:00,Matchweek 26,Home,W,3,0,Burnley,2.4,0.1,56.0,14.0,5.0,Crystal Palace,2024,7
1280,2024-03-02,15:00,Matchweek 27,Away,L,1,3,Tottenham Hotspur,0.3,1.9,22.0,4.0,1.0,Crystal Palace,2024,7
1281,2024-03-09,15:00,Matchweek 28,Home,D,1,1,Luton Town,2.7,0.8,49.0,21.0,4.0,Crystal Palace,2024,7
1282,2024-03-30,15:00,Matchweek 30,Away,D,1,1,Nottingham Forest,1.2,0.9,41.0,10.0,3.0,Crystal Palace,2024,7
1283,2024-04-02,19:45,Matchweek 31,Away,L,0,1,Bournemouth,0.2,1.1,50.0,3.0,2.0,Crystal Palace,2024,7
1284,2024-04-06,12:30,Matchweek 32,Home,L,2,4,Manchester City,1.1,1.9,25.0,7.0,4.0,Crystal Palace,2024,7
1285,2024-04-14,14:00,Matchweek 33,Away,W,1,0,Liverpool,2.0,2.7,31.0,8.0,4.0,Crystal Palace,2024,7
1286,2024-04-21,15:00,Matchweek 34,Home,W,5,2,West Ham,2.4,1.3,60.0,18.0,7.0,Crystal Palace,2024,7
1287,2024-04-24,20:00,Matchweek 29,Home,W,2,0,Newcastle United,0.9,0.4,47.0,20.0,7.0,Crystal Palace,2024,7
1288,2024-04-27,15:00,Matchweek 35,Away,D,1,1,Fulham,1.0,1.1,47.0,14.0,4.0,Crystal Palace,2024,7
1289,2024-05-06,20:00,Matchweek 36,Home,W,4,0,Manchester United,1.7,0.4,43.0,18.0,10.0,Crystal Palace,2024,7
1290,2024-05-11,15:00,Matchweek 37,Away,W,3,1,Wolverhampton Wanderers,2.6,1.6,38.0,13.0,3.0,Crystal Palace,2024,7
1291,2024-05-19,16:00,Matchweek 38,Home,W,5,0,Aston Villa,2.5,0.9,54.0,15.0,9.0,Crystal Palace,2024,7
1292,2024-08-18,14:00,Matchweek 1,Away,L,1,2,Brentford,1.2,1.6,54.0,14.0,6.0,Crystal Palace,2025,7
1293,2024-08-24,15:00,Matchweek 2,Home,L,0,2,West Ham,1.3,1.4,58.0,14.0,2.0,Crystal Palace,2025,7
1294,2024-09-01,13:30,Matchweek 3,Away,D,1,1,Chelsea,0.5,2.4,38.0,9.0,3.0,Crystal Palace,2025,7
1295,2024-09-14,15:00,Matchweek 4,Home,D,2,2,Leicester City,2.5,1.2,66.0,19.0,3.0,Crystal Palace,2025,7
1296,2024-09-21,17:30,Matchweek 5,Home,D,0,0,Manchester United,1.0,1.6,33.0,9.0,4.0,Crystal Palace,2025,7
1297,2024-09-28,15:00,Matchweek 6,Away,L,1,2,Everton,0.9,0.9,59.0,17.0,4.0,Crystal Palace,2025,7
1298,2024-10-05,12:30,Matchweek 7,Home,L,0,1,Liverpool,0.6,1.4,32.0,9.0,5.0,Crystal Palace,2025,7
1299,2024-10-21,20:00,Matchweek 8,Away,L,0,1,Nottingham Forest,1.0,1.7,49.0,20.0,7.0,Crystal Palace,2025,7
1300,2024-10-27,14:00,Matchweek 9,Home,W,1,0,Tottenham Hotspur,0.8,0.7,34.0,14.0,6.0,Crystal Palace,2025,7
1301,2024-11-02,17:30,Matchweek 10,Away,D,2,2,Wolverhampton Wanderers,2.4,1.5,43.0,19.0,6.0,Crystal Palace,2025,7
1302,2024-11-09,15:00,Matchweek 11,Home,L,0,2,Fulham,1.5,1.8,36.0,13.0,4.0,Crystal Palace,2025,7
1303,2024-11-23,15:00,Matchweek 12,Away,D,2,2,Aston Villa,1.3,3.0,31.0,13.0,6.0,Crystal Palace,2025,7
1304,2024-11-30,15:00,Matchweek 13,Home,D,1,1,Newcastle United,1.7,0.0,49.0,16.0,3.0,Crystal Palace,2025,7
1305,2024-12-03,19:30,Matchweek 14,Away,W,1,0,Ipswich Town,1.6,0.5,46.0,13.0,3.0,Crystal Palace,2025,7
1306,2024-12-07,15:00,Matchweek 15,Home,D,2,2,Manchester City,1.3,1.4,32.0,12.0,3.0,Crystal Palace,2025,7
1307,2024-12-15,14:00,Matchweek 16,Away,W,3,1,Brighton,2.2,1.0,36.0,13.0,5.0,Crystal Palace,2025,7
1308,2024-12-21,17:30,Matchweek 17,Home,L,1,5,Arsenal,1.6,2.5,42.0,15.0,6.0,Crystal Palace,2025,7
1309,2024-12-26,15:00,Matchweek 18,Away,D,0,0,Bournemouth,0.4,1.4,48.0,10.0,4.0,Crystal Palace,2025,7
1310,2024-12-29,15:00,Matchweek 19,Home,W,2,1,Southampton,2.0,0.9,47.0,19.0,9.0,Crystal Palace,2025,7
1311,2025-01-04,15:00,Matchweek 20,Home,D,1,1,Chelsea,1.1,1.2,39.0,13.0,6.0,Crystal Palace,2025,7
1312,2025-01-15,19:30,Matchweek 21,Away,W,2,0,Leicester City,1.8,1.7,43.0,9.0,4.0,Crystal Palace,2025,7
1313,2025-01-18,15:00,Matchweek 22,Away,W,2,0,West Ham,1.3,0.3,47.0,11.0,6.0,Crystal Palace,2025,7
1314,2025-01-26,14:00,Matchweek 23,Home,L,1,2,Brentford,1.1,1.3,47.0,16.0,5.0,Crystal Palace,2025,7
1315,2025-02-02,14:00,Matchweek 24,Away,W,2,0,Manchester United,2.6,1.1,34.0,11.0,3.0,Crystal Palace,2025,7
1316,2025-02-15,17:30,Matchweek 25,Home,L,1,2,Everton,1.6,0.9,58.0,17.0,6.0,Crystal Palace,2025,7
1317,2025-02-22,15:00,Matchweek 26,Away,W,2,0,Fulham,1.3,0.2,38.0,10.0,5.0,Crystal Palace,2025,7
1318,2025-02-25,19:30,Matchweek 27,Home,W,4,1,Aston Villa,4.3,0.4,36.0,19.0,6.0,Crystal Palace,2025,7
1319,2025-03-08,15:00,Matchweek 28,Home,W,1,0,Ipswich Town,3.2,1.5,55.0,19.0,4.0,Crystal Palace,2025,7
1320,2025-04-02,19:45,Matchweek 30,Away,D,1,1,Southampton,0.7,0.7,57.0,9.0,3.0,Crystal Palace,2025,7
1321,2025-04-05,15:00,Matchweek 31,Home,W,2,1,Brighton,0.6,1.0,38.0,8.0,3.0,Crystal Palace,2025,7
1322,2025-04-12,12:30,Matchweek 32,Away,L,2,5,Manchester City,1.8,3.7,33.0,8.0,3.0,Crystal Palace,2025,7
1323,2025-04-16,19:30,Matchweek 29,Away,L,0,5,Newcastle United,2.0,1.5,41.0,10.0,2.0,Crystal Palace,2025,7
1324,2025-04-19,15:00,Matchweek 33,Home,D,0,0,Bournemouth,0.4,0.7,29.0,5.0,0.0,Crystal Palace,2025,7
1325,2025-04-23,20:00,Matchweek 34,Away,D,2,2,Arsenal,1.7,1.2,33.0,15.0,4.0,Crystal Palace,2025,7
1326,2025-05-05,20:00,Matchweek 35,Home,D,1,1,Nottingham Forest,2.3,0.7,50.0,19.0,2.0,Crystal Palace,2025,7
1327,2025-05-11,14:15,Matchweek 36,Away,W,2,0,Tottenham Hotspur,3.3,0.7,52.0,23.0,9.0,Crystal Palace,2025,7
1328,2025-05-20,20:00,Matchweek 37,Home,W,4,2,Wolverhampton Wanderers,1.7,1.4,31.0,14.0,10.0,Crystal Palace,2025,7
1329,2025-05-25,16:00,Matchweek 38,Away,D,1,1,Liverpool,1.8,2.1,31.0,8.0,5.0,Crystal Palace,2025,7
1330,2020-09-13,16:30,Matchweek 1,Away,W,1,0,Tottenham Hotspur,1.2,1.1,48.0,15.0,4.0,Everton,2021,8
1331,2020-09-19,12:30,Matchweek 2,Home,W,5,2,West Brom,3.9,0.3,71.0,17.0,7.0,Everton,2021,8
1332,2020-09-26,15:00,Matchweek 3,Away,W,2,1,Crystal Palace,1.9,0.4,58.0,9.0,4.0,Everton,2021,8
1333,2020-10-03,15:00,Matchweek 4,Home,W,4,2,Brighton,1.6,1.3,43.0,11.0,6.0,Everton,2021,8
1334,2020-10-17,12:30,Matchweek 5,Home,D,2,2,Liverpool,1.2,2.6,42.0,11.0,5.0,Everton,2021,8
1335,2020-10-25,14:00,Matchweek 6,Away,L,0,2,Southampton,0.4,0.7,46.0,6.0,2.0,Everton,2021,8
1336,2020-11-01,14:00,Matchweek 7,Away,L,1,2,Newcastle United,1.5,2.9,61.0,15.0,4.0,Everton,2021,8
1337,2020-11-07,12:30,Matchweek 8,Home,L,1,3,Manchester United,0.4,1.5,55.0,7.0,1.0,Everton,2021,8
1338,2020-11-22,12:00,Matchweek 9,Away,W,3,2,Fulham,2.0,1.9,46.0,9.0,7.0,Everton,2021,8
1339,2020-11-28,17:30,Matchweek 10,Home,L,0,1,Leeds United,1.2,2.9,41.0,15.0,8.0,Everton,2021,8
1340,2020-12-05,12:30,Matchweek 11,Away,D,1,1,Burnley,2.2,0.8,58.0,13.0,6.0,Everton,2021,8
1341,2020-12-12,20:00,Matchweek 12,Home,W,1,0,Chelsea,1.2,0.7,29.0,8.0,3.0,Everton,2021,8
1342,2020-12-16,18:00,Matchweek 13,Away,W,2,0,Leicester City,1.4,0.8,39.0,11.0,6.0,Everton,2021,8
1343,2020-12-19,17:30,Matchweek 14,Home,W,2,1,Arsenal,0.6,1.4,43.0,9.0,2.0,Everton,2021,8
1344,2020-12-26,20:00,Matchweek 15,Away,W,1,0,Sheffield United,0.7,1.4,56.0,7.0,3.0,Everton,2021,8
1345,2021-01-01,17:30,Matchweek 17,Home,L,0,1,West Ham,0.4,1.3,60.0,10.0,2.0,Everton,2021,8
1346,2021-01-12,20:15,Matchweek 18,Away,W,2,1,Wolverhampton Wanderers,0.6,0.7,48.0,5.0,3.0,Everton,2021,8
1347,2021-01-27,20:15,Matchweek 20,Home,D,1,1,Leicester City,0.5,1.2,35.0,8.0,2.0,Everton,2021,8
1348,2021-01-30,12:30,Matchweek 21,Home,L,0,2,Newcastle United,0.8,1.7,60.0,11.0,3.0,Everton,2021,8
1349,2021-02-03,19:30,Matchweek 22,Away,W,2,1,Leeds United,1.6,1.3,37.0,10.0,6.0,Everton,2021,8
1350,2021-02-06,20:00,Matchweek 23,Away,D,3,3,Manchester United,1.5,1.8,39.0,6.0,3.0,Everton,2021,8
1351,2021-02-14,19:00,Matchweek 24,Home,L,0,2,Fulham,0.3,2.5,50.0,7.0,2.0,Everton,2021,8
1352,2021-02-17,20:15,Matchweek 16,Home,L,1,3,Manchester City,1.0,1.0,29.0,3.0,2.0,Everton,2021,8
1353,2021-02-20,17:30,Matchweek 25,Away,W,2,0,Liverpool,1.6,1.4,29.0,8.0,5.0,Everton,2021,8
1354,2021-03-01,20:00,Matchweek 26,Home,W,1,0,Southampton,1.2,0.6,47.0,7.0,1.0,Everton,2021,8
1355,2021-03-04,18:00,Matchweek 29,Away,W,1,0,West Brom,1.0,1.0,51.0,11.0,3.0,Everton,2021,8
1356,2021-03-08,18:00,Matchweek 27,Away,L,0,2,Chelsea,0.3,2.4,35.0,7.0,1.0,Everton,2021,8
1357,2021-03-13,17:30,Matchweek 28,Home,L,1,2,Burnley,1.5,0.8,65.0,14.0,4.0,Everton,2021,8
1358,2021-04-05,18:00,Matchweek 30,Home,D,1,1,Crystal Palace,2.5,0.7,48.0,15.0,7.0,Everton,2021,8
1359,2021-04-12,20:15,Matchweek 31,Away,D,0,0,Brighton,0.4,1.2,45.0,8.0,1.0,Everton,2021,8
1360,2021-04-16,20:00,Matchweek 32,Home,D,2,2,Tottenham Hotspur,1.8,1.4,53.0,17.0,6.0,Everton,2021,8
1361,2021-04-23,20:00,Matchweek 33,Away,W,1,0,Arsenal,0.5,0.8,41.0,8.0,1.0,Everton,2021,8
1362,2021-05-01,20:00,Matchweek 34,Home,L,1,2,Aston Villa,1.0,1.6,47.0,16.0,3.0,Everton,2021,8
1363,2021-05-09,16:30,Matchweek 35,Away,W,1,0,West Ham,1.5,1.3,32.0,9.0,3.0,Everton,2021,8
1364,2021-05-13,18:00,Matchweek 19,Away,D,0,0,Aston Villa,1.0,0.6,42.0,15.0,5.0,Everton,2021,8
1365,2021-05-16,19:00,Matchweek 36,Home,L,0,1,Sheffield United,1.4,1.2,62.0,16.0,6.0,Everton,2021,8
1366,2021-05-19,18:00,Matchweek 37,Home,W,1,0,Wolverhampton Wanderers,0.7,0.3,41.0,14.0,4.0,Everton,2021,8
1367,2021-05-23,16:00,Matchweek 38,Away,L,0,5,Manchester City,1.1,2.5,33.0,7.0,2.0,Everton,2021,8
1368,2021-08-14,15:00,Matchweek 1,Home,W,3,1,Southampton,2.4,0.8,48.0,14.0,6.0,Everton,2022,8
1369,2021-08-21,15:00,Matchweek 2,Away,D,2,2,Leeds United,1.8,1.2,31.0,16.0,7.0,Everton,2022,8
1370,2021-08-28,15:00,Matchweek 3,Away,W,2,0,Brighton,1.4,0.7,35.0,13.0,4.0,Everton,2022,8
1371,2021-09-13,20:00,Matchweek 4,Home,W,3,1,Burnley,1.4,1.0,52.0,14.0,6.0,Everton,2022,8
1372,2021-09-18,17:30,Matchweek 5,Away,L,0,3,Aston Villa,0.7,0.8,45.0,11.0,1.0,Everton,2022,8
1373,2021-09-25,15:00,Matchweek 6,Home,W,2,0,Norwich City,1.9,0.5,47.0,10.0,3.0,Everton,2022,8
1374,2021-10-02,12:30,Matchweek 7,Away,D,1,1,Manchester United,1.3,1.0,28.0,12.0,2.0,Everton,2022,8
1375,2021-10-17,14:00,Matchweek 8,Home,L,0,1,West Ham,0.9,1.2,39.0,15.0,2.0,Everton,2022,8
1376,2021-10-23,15:00,Matchweek 9,Home,L,2,5,Watford,1.5,3.7,49.0,15.0,4.0,Everton,2022,8
1377,2021-11-01,20:00,Matchweek 10,Away,L,1,2,Wolverhampton Wanderers,1.5,1.7,39.0,14.0,5.0,Everton,2022,8
1378,2021-11-07,14:00,Matchweek 11,Home,D,0,0,Tottenham Hotspur,0.6,0.7,45.0,12.0,2.0,Everton,2022,8
1379,2021-11-21,14:00,Matchweek 12,Away,L,0,3,Manchester City,0.2,2.5,23.0,4.0,1.0,Everton,2022,8
1380,2021-11-28,14:00,Matchweek 13,Away,L,0,1,Brentford,1.0,1.2,60.0,14.0,5.0,Everton,2022,8
1381,2021-12-01,20:15,Matchweek 14,Home,L,1,4,Liverpool,0.7,2.4,33.0,8.0,2.0,Everton,2022,8
1382,2021-12-06,20:00,Matchweek 15,Home,W,2,1,Arsenal,0.9,1.0,37.0,11.0,5.0,Everton,2022,8
1383,2021-12-12,16:30,Matchweek 16,Away,L,1,3,Crystal Palace,1.0,1.8,39.0,12.0,6.0,Everton,2022,8
1384,2021-12-16,19:45,Matchweek 17,Away,D,1,1,Chelsea,0.6,2.9,20.0,5.0,3.0,Everton,2022,8
1385,2022-01-02,14:00,Matchweek 21,Home,L,2,3,Brighton,1.6,1.7,50.0,16.0,6.0,Everton,2022,8
1386,2022-01-15,15:00,Matchweek 22,Away,L,1,2,Norwich City,0.6,1.0,59.0,12.0,5.0,Everton,2022,8
1387,2022-01-22,12:30,Matchweek 23,Home,L,0,1,Aston Villa,1.6,0.8,50.0,15.0,0.0,Everton,2022,8
1388,2022-02-08,19:45,Matchweek 24,Away,L,1,3,Newcastle United,0.7,1.9,60.0,11.0,2.0,Everton,2022,8
1389,2022-02-12,15:00,Matchweek 25,Home,W,3,0,Leeds United,2.7,0.3,42.0,21.0,10.0,Everton,2022,8
1390,2022-02-19,15:00,Matchweek 26,Away,L,0,2,Southampton,0.3,2.5,45.0,9.0,0.0,Everton,2022,8
1391,2022-02-26,17:30,Matchweek 27,Home,L,0,1,Manchester City,0.5,1.8,33.0,6.0,2.0,Everton,2022,8
1392,2022-03-07,20:00,Matchweek 28,Away,L,0,5,Tottenham Hotspur,0.2,2.5,45.0,6.0,0.0,Everton,2022,8
1393,2022-03-13,14:00,Matchweek 29,Home,L,0,1,Wolverhampton Wanderers,0.4,0.8,39.0,7.0,2.0,Everton,2022,8
1394,2022-03-17,19:45,Matchweek 20,Home,W,1,0,Newcastle United,0.7,0.9,39.0,9.0,3.0,Everton,2022,8
1395,2022-04-03,14:00,Matchweek 31,Away,L,1,2,West Ham,0.7,1.2,45.0,13.0,2.0,Everton,2022,8
1396,2022-04-06,19:30,Matchweek 19,Away,L,2,3,Burnley,2.4,2.0,48.0,14.0,2.0,Everton,2022,8
1397,2022-04-09,12:30,Matchweek 32,Home,W,1,0,Manchester United,0.4,0.8,33.0,7.0,3.0,Everton,2022,8
1398,2022-04-20,19:45,Matchweek 18,Home,D,1,1,Leicester City,1.8,0.9,37.0,13.0,3.0,Everton,2022,8
1399,2022-04-24,16:30,Matchweek 34,Away,L,0,2,Liverpool,0.4,1.7,18.0,9.0,1.0,Everton,2022,8
1400,2022-05-01,14:00,Matchweek 35,Home,W,1,0,Chelsea,0.8,0.8,23.0,9.0,4.0,Everton,2022,8
1401,2022-05-08,14:00,Matchweek 36,Away,W,2,1,Leicester City,1.1,1.5,34.0,10.0,4.0,Everton,2022,8
1402,2022-05-11,19:45,Matchweek 30,Away,D,0,0,Watford,0.7,0.3,52.0,16.0,5.0,Everton,2022,8
1403,2022-05-15,16:30,Matchweek 37,Home,L,2,3,Brentford,2.1,1.4,28.0,9.0,4.0,Everton,2022,8
1404,2022-05-19,19:45,Matchweek 33,Home,W,3,2,Crystal Palace,0.8,1.1,43.0,12.0,6.0,Everton,2022,8
1405,2022-05-22,16:00,Matchweek 38,Away,L,1,5,Arsenal,1.1,4.2,27.0,6.0,2.0,Everton,2022,8
1406,2022-08-06,17:30,Matchweek 1,Home,L,0,1,Chelsea,0.7,1.5,38.0,8.0,3.0,Everton,2023,8
1407,2022-08-13,12:30,Matchweek 2,Away,L,1,2,Aston Villa,1.6,2.3,43.0,15.0,4.0,Everton,2023,8
1408,2022-08-20,15:00,Matchweek 3,Home,D,1,1,Nottingham Forest,1.5,1.0,49.0,19.0,8.0,Everton,2023,8
1409,2022-08-27,15:00,Matchweek 4,Away,D,1,1,Brentford,1.1,2.1,42.0,14.0,7.0,Everton,2023,8
1410,2022-08-30,20:00,Matchweek 5,Away,D,1,1,Leeds United,1.0,1.0,31.0,7.0,2.0,Everton,2023,8
1411,2022-09-03,12:30,Matchweek 6,Home,D,0,0,Liverpool,1.7,2.1,39.0,14.0,3.0,Everton,2023,8
1412,2022-09-18,14:15,Matchweek 8,Home,W,1,0,West Ham,0.4,1.0,53.0,7.0,2.0,Everton,2023,8
1413,2022-10-01,15:00,Matchweek 9,Away,W,2,1,Southampton,2.0,1.7,45.0,12.0,5.0,Everton,2023,8
1414,2022-10-09,19:00,Matchweek 10,Home,L,1,2,Manchester United,0.6,1.4,40.0,11.0,2.0,Everton,2023,8
1415,2022-10-15,17:30,Matchweek 11,Away,L,0,2,Tottenham Hotspur,0.4,2.2,38.0,4.0,0.0,Everton,2023,8
1416,2022-10-19,19:30,Matchweek 12,Away,L,0,1,Newcastle United,0.2,1.5,51.0,1.0,0.0,Everton,2023,8
1417,2022-10-22,15:00,Matchweek 13,Home,W,3,0,Crystal Palace,1.4,0.9,46.0,9.0,6.0,Everton,2023,8
1418,2022-10-29,17:30,Matchweek 14,Away,D,0,0,Fulham,0.9,1.9,44.0,9.0,4.0,Everton,2023,8
1419,2022-11-05,17:30,Matchweek 15,Home,L,0,2,Leicester City,1.2,2.3,49.0,12.0,2.0,Everton,2023,8
1420,2022-11-12,15:00,Matchweek 16,Away,L,0,3,Bournemouth,0.8,2.4,64.0,15.0,3.0,Everton,2023,8
1421,2022-12-26,15:00,Matchweek 17,Home,L,1,2,Wolverhampton Wanderers,1.7,0.8,58.0,12.0,5.0,Everton,2023,8
1422,2022-12-31,15:00,Matchweek 18,Away,D,1,1,Manchester City,0.1,1.7,26.0,2.0,1.0,Everton,2023,8
1423,2023-01-03,19:45,Matchweek 19,Home,L,1,4,Brighton,1.3,2.2,49.0,9.0,3.0,Everton,2023,8
1424,2023-01-14,15:00,Matchweek 20,Home,L,1,2,Southampton,1.4,1.2,52.0,12.0,4.0,Everton,2023,8
1425,2023-01-21,15:00,Matchweek 21,Away,L,0,2,West Ham,0.5,2.2,67.0,5.0,2.0,Everton,2023,8
1426,2023-02-04,12:30,Matchweek 22,Home,W,1,0,Arsenal,1.7,0.9,30.0,12.0,4.0,Everton,2023,8
1427,2023-02-13,20:00,Matchweek 23,Away,L,0,2,Liverpool,0.4,2.3,41.0,6.0,1.0,Everton,2023,8
1428,2023-02-18,15:00,Matchweek 24,Home,W,1,0,Leeds United,1.4,0.5,51.0,15.0,4.0,Everton,2023,8
1429,2023-02-25,15:00,Matchweek 25,Home,L,0,2,Aston Villa,1.6,1.9,47.0,15.0,4.0,Everton,2023,8
1430,2023-03-01,19:45,Matchweek 7,Away,L,0,4,Arsenal,1.2,2.4,27.0,8.0,5.0,Everton,2023,8
1431,2023-03-05,14:00,Matchweek 26,Away,D,2,2,Nottingham Forest,1.7,0.8,43.0,9.0,2.0,Everton,2023,8
1432,2023-03-11,15:00,Matchweek 27,Home,W,1,0,Brentford,1.0,2.0,33.0,13.0,6.0,Everton,2023,8
1433,2023-03-18,17:30,Matchweek 28,Away,D,2,2,Chelsea,1.2,2.3,32.0,12.0,3.0,Everton,2023,8
1434,2023-04-03,20:00,Matchweek 29,Home,D,1,1,Tottenham Hotspur,0.9,1.4,39.0,15.0,6.0,Everton,2023,8
1435,2023-04-08,12:30,Matchweek 30,Away,L,0,2,Manchester United,1.0,3.4,37.0,15.0,1.0,Everton,2023,8
1436,2023-04-15,15:00,Matchweek 31,Home,L,1,3,Fulham,1.4,1.8,46.0,15.0,7.0,Everton,2023,8
1437,2023-04-22,15:00,Matchweek 32,Away,D,0,0,Crystal Palace,0.4,0.5,44.0,10.0,5.0,Everton,2023,8
1438,2023-04-27,19:45,Matchweek 33,Home,L,1,4,Newcastle United,0.9,2.4,40.0,13.0,5.0,Everton,2023,8
1439,2023-05-01,20:00,Matchweek 34,Away,D,2,2,Leicester City,3.1,3.4,46.0,22.0,7.0,Everton,2023,8
1440,2023-05-08,17:30,Matchweek 35,Away,W,5,1,Brighton,2.3,3.2,22.0,10.0,5.0,Everton,2023,8
1441,2023-05-14,14:00,Matchweek 36,Home,L,0,3,Manchester City,1.6,0.8,37.0,7.0,2.0,Everton,2023,8
1442,2023-05-20,15:00,Matchweek 37,Away,D,1,1,Wolverhampton Wanderers,2.0,1.6,48.0,19.0,4.0,Everton,2023,8
1443,2023-05-28,16:30,Matchweek 38,Home,W,1,0,Bournemouth,1.0,0.5,38.0,13.0,6.0,Everton,2023,8
1444,2023-08-12,15:00,Matchweek 1,Home,L,0,1,Fulham,2.7,1.5,42.0,19.0,9.0,Everton,2024,8
1445,2023-08-20,14:00,Matchweek 2,Away,L,0,4,Aston Villa,0.6,2.9,40.0,9.0,2.0,Everton,2024,8
1446,2023-08-26,15:00,Matchweek 3,Home,L,0,1,Wolverhampton Wanderers,1.3,1.1,47.0,15.0,7.0,Everton,2024,8
1447,2023-09-02,12:30,Matchweek 4,Away,D,2,2,Sheffield United,2.5,1.2,54.0,16.0,6.0,Everton,2024,8
1448,2023-09-17,16:30,Matchweek 5,Home,L,0,1,Arsenal,0.3,1.0,26.0,8.0,1.0,Everton,2024,8
1449,2023-09-23,17:30,Matchweek 6,Away,W,3,1,Brentford,1.9,1.0,43.0,18.0,6.0,Everton,2024,8
1450,2023-09-30,15:00,Matchweek 7,Home,L,1,2,Luton Town,2.9,0.9,67.0,23.0,4.0,Everton,2024,8
1451,2023-10-07,15:00,Matchweek 8,Home,W,3,0,Bournemouth,2.4,0.7,48.0,25.0,8.0,Everton,2024,8
1452,2023-10-21,12:30,Matchweek 9,Away,L,0,2,Liverpool,0.1,2.2,23.0,6.0,1.0,Everton,2024,8
1453,2023-10-29,13:00,Matchweek 10,Away,W,1,0,West Ham,0.8,0.7,36.0,10.0,4.0,Everton,2024,8
1454,2023-11-04,15:00,Matchweek 11,Home,D,1,1,Brighton,0.7,0.5,21.0,10.0,4.0,Everton,2024,8
1455,2023-11-11,15:00,Matchweek 12,Away,W,3,2,Crystal Palace,1.5,2.2,33.0,8.0,4.0,Everton,2024,8
1456,2023-11-26,16:30,Matchweek 13,Home,L,0,3,Manchester United,2.4,2.2,51.0,24.0,6.0,Everton,2024,8
1457,2023-12-02,17:30,Matchweek 14,Away,W,1,0,Nottingham Forest,0.7,0.7,39.0,12.0,2.0,Everton,2024,8
1458,2023-12-07,19:30,Matchweek 15,Home,W,3,0,Newcastle United,3.3,1.5,38.0,21.0,6.0,Everton,2024,8
1459,2023-12-10,14:00,Matchweek 16,Home,W,2,0,Chelsea,1.2,0.9,29.0,9.0,5.0,Everton,2024,8
1460,2023-12-16,17:30,Matchweek 17,Away,W,2,0,Burnley,1.4,0.7,39.0,9.0,6.0,Everton,2024,8
1461,2023-12-23,15:00,Matchweek 18,Away,L,1,2,Tottenham Hotspur,1.8,1.5,39.0,18.0,8.0,Everton,2024,8
1462,2023-12-27,20:15,Matchweek 19,Home,L,1,3,Manchester City,1.0,2.4,28.0,7.0,2.0,Everton,2024,8
1463,2023-12-30,15:00,Matchweek 20,Away,L,0,3,Wolverhampton Wanderers,0.4,1.9,47.0,10.0,0.0,Everton,2024,8
1464,2024-01-14,14:00,Matchweek 21,Home,D,0,0,Aston Villa,1.1,1.2,32.0,10.0,2.0,Everton,2024,8
1465,2024-01-30,19:45,Matchweek 22,Away,D,0,0,Fulham,1.9,1.6,30.0,21.0,2.0,Everton,2024,8
1466,2024-02-03,12:30,Matchweek 23,Home,D,2,2,Tottenham Hotspur,2.6,1.0,43.0,14.0,4.0,Everton,2024,8
1467,2024-02-10,12:30,Matchweek 24,Away,L,0,2,Manchester City,0.3,1.6,28.0,5.0,1.0,Everton,2024,8
1468,2024-02-19,20:00,Matchweek 25,Home,D,1,1,Crystal Palace,1.7,0.7,61.0,19.0,4.0,Everton,2024,8
1469,2024-02-24,15:00,Matchweek 26,Away,D,1,1,Brighton,0.3,1.4,36.0,6.0,2.0,Everton,2024,8
1470,2024-03-02,15:00,Matchweek 27,Home,L,1,3,West Ham,2.7,1.9,55.0,21.0,9.0,Everton,2024,8
1471,2024-03-09,12:30,Matchweek 28,Away,L,0,2,Manchester United,1.6,2.7,49.0,23.0,6.0,Everton,2024,8
1472,2024-03-30,15:00,Matchweek 30,Away,L,1,2,Bournemouth,1.0,1.3,52.0,7.0,3.0,Everton,2024,8
1473,2024-04-02,19:30,Matchweek 31,Away,D,1,1,Newcastle United,1.4,2.4,43.0,9.0,2.0,Everton,2024,8
1474,2024-04-06,15:00,Matchweek 32,Home,W,1,0,Burnley,0.9,0.5,38.0,12.0,3.0,Everton,2024,8
1475,2024-04-15,20:00,Matchweek 33,Away,L,0,6,Chelsea,1.5,3.1,42.0,10.0,2.0,Everton,2024,8
1476,2024-04-21,13:30,Matchweek 34,Home,W,2,0,Nottingham Forest,0.3,0.9,41.0,7.0,4.0,Everton,2024,8
1477,2024-04-24,20:00,Matchweek 29,Home,W,2,0,Liverpool,1.2,2.1,25.0,16.0,6.0,Everton,2024,8
1478,2024-04-27,17:30,Matchweek 35,Home,W,1,0,Brentford,0.8,0.9,48.0,18.0,1.0,Everton,2024,8
1479,2024-05-03,20:00,Matchweek 36,Away,D,1,1,Luton Town,1.4,0.8,49.0,9.0,2.0,Everton,2024,8
1480,2024-05-11,15:00,Matchweek 37,Home,W,1,0,Sheffield United,2.3,0.6,58.0,15.0,6.0,Everton,2024,8
1481,2024-05-19,16:00,Matchweek 38,Away,L,1,2,Arsenal,0.6,2.9,32.0,5.0,2.0,Everton,2024,8
1482,2024-08-17,15:00,Matchweek 1,Home,L,0,3,Brighton,0.5,1.4,40.0,9.0,1.0,Everton,2025,8
1483,2024-08-24,15:00,Matchweek 2,Away,L,0,4,Tottenham Hotspur,1.0,2.4,30.0,10.0,1.0,Everton,2025,8
1484,2024-08-31,15:00,Matchweek 3,Home,L,2,3,Bournemouth,1.8,2.4,47.0,18.0,8.0,Everton,2025,8
1485,2024-09-14,17:30,Matchweek 4,Away,L,2,3,Aston Villa,0.9,2.1,28.0,6.0,2.0,Everton,2025,8
1486,2024-09-21,15:00,Matchweek 5,Away,D,1,1,Leicester City,1.1,0.7,42.0,17.0,5.0,Everton,2025,8
1487,2024-09-28,15:00,Matchweek 6,Home,W,2,1,Crystal Palace,0.9,0.9,41.0,8.0,2.0,Everton,2025,8
1488,2024-10-05,17:30,Matchweek 7,Home,D,0,0,Newcastle United,0.7,2.1,33.0,8.0,2.0,Everton,2025,8
1489,2024-10-19,15:00,Matchweek 8,Away,W,2,0,Ipswich Town,1.7,1.3,45.0,11.0,8.0,Everton,2025,8
1490,2024-10-26,17:30,Matchweek 9,Home,D,1,1,Fulham,0.8,1.2,40.0,10.0,5.0,Everton,2025,8
1491,2024-11-02,15:00,Matchweek 10,Away,L,0,1,Southampton,1.6,0.7,35.0,16.0,5.0,Everton,2025,8
1492,2024-11-09,15:00,Matchweek 11,Away,D,0,0,West Ham,1.1,0.8,51.0,18.0,4.0,Everton,2025,8
1493,2024-11-23,15:00,Matchweek 12,Home,D,0,0,Brentford,1.2,1.1,59.0,27.0,5.0,Everton,2025,8
1494,2024-12-01,13:30,Matchweek 13,Away,L,0,4,Manchester United,0.6,1.1,40.0,8.0,2.0,Everton,2025,8
1495,2024-12-04,19:30,Matchweek 14,Home,W,4,0,Wolverhampton Wanderers,1.0,0.8,44.0,13.0,4.0,Everton,2025,8
1496,2024-12-14,15:00,Matchweek 16,Away,D,0,0,Arsenal,0.1,1.2,24.0,2.0,0.0,Everton,2025,8
1497,2024-12-22,14:00,Matchweek 17,Home,D,0,0,Chelsea,1.0,1.2,25.0,5.0,4.0,Everton,2025,8
1498,2024-12-26,12:30,Matchweek 18,Away,D,1,1,Manchester City,0.7,2.1,34.0,8.0,3.0,Everton,2025,8
1499,2024-12-29,15:00,Matchweek 19,Home,L,0,2,Nottingham Forest,0.9,1.5,64.0,13.0,2.0,Everton,2025,8
1500,2025-01-04,15:00,Matchweek 20,Away,L,0,1,Bournemouth,0.7,1.8,42.0,9.0,0.0,Everton,2025,8
1501,2025-01-15,19:30,Matchweek 21,Home,L,0,1,Aston Villa,1.1,1.2,50.0,10.0,2.0,Everton,2025,8
1502,2025-01-19,14:00,Matchweek 22,Home,W,3,2,Tottenham Hotspur,1.8,1.1,36.0,12.0,6.0,Everton,2025,8
1503,2025-01-25,15:00,Matchweek 23,Away,W,1,0,Brighton,0.8,0.7,31.0,2.0,0.0,Everton,2025,8
1504,2025-02-01,15:00,Matchweek 24,Home,W,4,0,Leicester City,2.5,0.3,48.0,13.0,7.0,Everton,2025,8
1505,2025-02-12,19:30,Matchweek 15,Home,D,2,2,Liverpool,1.0,0.6,37.0,10.0,3.0,Everton,2025,8
1506,2025-02-15,17:30,Matchweek 25,Away,W,2,1,Crystal Palace,0.9,1.6,42.0,11.0,6.0,Everton,2025,8
1507,2025-02-22,12:30,Matchweek 26,Home,D,2,2,Manchester United,1.6,0.4,38.0,9.0,8.0,Everton,2025,8
1508,2025-02-26,19:30,Matchweek 27,Away,D,1,1,Brentford,1.5,1.4,48.0,14.0,4.0,Everton,2025,8
1509,2025-03-08,20:00,Matchweek 28,Away,D,1,1,Wolverhampton Wanderers,1.2,0.8,34.0,12.0,4.0,Everton,2025,8
1510,2025-03-15,15:00,Matchweek 29,Home,D,1,1,West Ham,1.0,0.8,54.0,13.0,5.0,Everton,2025,8
1511,2025-04-02,20:00,Matchweek 30,Away,L,0,1,Liverpool,0.9,1.5,27.0,5.0,0.0,Everton,2025,8
1512,2025-04-05,12:30,Matchweek 31,Home,D,1,1,Arsenal,1.1,1.8,31.0,4.0,1.0,Everton,2025,8
1513,2025-04-12,15:00,Matchweek 32,Away,W,1,0,Nottingham Forest,1.4,0.5,57.0,13.0,5.0,Everton,2025,8
1514,2025-04-19,15:00,Matchweek 33,Home,L,0,2,Manchester City,0.9,2.0,33.0,8.0,2.0,Everton,2025,8
1515,2025-04-26,12:30,Matchweek 34,Away,L,0,1,Chelsea,0.4,0.8,45.0,6.0,3.0,Everton,2025,8
1516,2025-05-03,15:00,Matchweek 35,Home,D,2,2,Ipswich Town,0.6,0.8,58.0,8.0,3.0,Everton,2025,8
1517,2025-05-10,15:00,Matchweek 36,Away,W,3,1,Fulham,1.1,0.8,36.0,11.0,7.0,Everton,2025,8
1518,2025-05-18,12:00,Matchweek 37,Home,W,2,0,Southampton,2.7,1.2,50.0,13.0,4.0,Everton,2025,8
1519,2025-05-25,16:00,Matchweek 38,Away,W,1,0,Newcastle United,1.2,1.2,35.0,14.0,6.0,Everton,2025,8
1520,2020-09-12,12:30,Matchweek 1,Home,L,0,3,Arsenal,0.1,1.9,46.0,5.0,2.0,Fulham,2021,9
1521,2020-09-19,15:00,Matchweek 2,Away,L,3,4,Leeds United,1.7,1.4,49.0,13.0,5.0,Fulham,2021,9
1522,2020-09-28,17:45,Matchweek 3,Home,L,0,3,Aston Villa,0.7,1.4,64.0,16.0,2.0,Fulham,2021,9
1523,2020-10-04,14:00,Matchweek 4,Away,L,0,1,Wolverhampton Wanderers,0.9,1.2,52.0,10.0,2.0,Fulham,2021,9
1524,2020-10-18,12:00,Matchweek 5,Away,D,1,1,Sheffield United,1.5,1.7,58.0,14.0,6.0,Fulham,2021,9
1525,2020-10-24,15:00,Matchweek 6,Home,L,1,2,Crystal Palace,1.1,2.5,64.0,16.0,3.0,Fulham,2021,9
1526,2020-11-02,17:30,Matchweek 7,Home,W,2,0,West Brom,1.5,0.5,47.0,13.0,4.0,Fulham,2021,9
1527,2020-11-07,20:00,Matchweek 8,Away,L,0,1,West Ham,1.7,1.3,47.0,12.0,2.0,Fulham,2021,9
1528,2020-11-22,12:00,Matchweek 9,Home,L,2,3,Everton,1.9,2.0,54.0,13.0,6.0,Fulham,2021,9
1529,2020-11-30,17:30,Matchweek 10,Away,W,2,1,Leicester City,2.2,1.2,32.0,9.0,4.0,Fulham,2021,9
1530,2020-12-05,15:00,Matchweek 11,Away,L,0,2,Manchester City,0.3,2.9,31.0,6.0,1.0,Fulham,2021,9
1531,2020-12-13,16:30,Matchweek 12,Home,D,1,1,Liverpool,1.5,1.8,26.0,10.0,5.0,Fulham,2021,9
1532,2020-12-16,20:00,Matchweek 13,Home,D,0,0,Brighton,1.0,0.5,46.0,9.0,4.0,Fulham,2021,9
1533,2020-12-19,20:00,Matchweek 14,Away,D,1,1,Newcastle United,1.0,1.4,51.0,11.0,4.0,Fulham,2021,9
1534,2020-12-26,15:00,Matchweek 15,Home,D,0,0,Southampton,0.7,0.2,47.0,10.0,1.0,Fulham,2021,9
1535,2021-01-13,20:15,Matchweek 16,Away,D,1,1,Tottenham Hotspur,1.1,2.4,47.0,15.0,4.0,Fulham,2021,9
1536,2021-01-16,17:30,Matchweek 19,Home,L,0,1,Chelsea,0.7,1.6,31.0,10.0,2.0,Fulham,2021,9
1537,2021-01-20,20:15,Matchweek 18,Home,L,1,2,Manchester United,0.9,1.7,38.0,12.0,5.0,Fulham,2021,9
1538,2021-01-27,19:30,Matchweek 20,Away,D,0,0,Brighton,0.5,1.8,50.0,10.0,2.0,Fulham,2021,9
1539,2021-01-30,15:00,Matchweek 21,Away,D,2,2,West Brom,1.3,1.0,62.0,12.0,7.0,Fulham,2021,9
1540,2021-02-03,18:00,Matchweek 22,Home,L,0,2,Leicester City,0.6,1.4,57.0,8.0,1.0,Fulham,2021,9
1541,2021-02-06,17:30,Matchweek 23,Home,D,0,0,West Ham,1.5,1.0,60.0,20.0,2.0,Fulham,2021,9
1542,2021-02-14,19:00,Matchweek 24,Away,W,2,0,Everton,2.5,0.3,50.0,12.0,3.0,Fulham,2021,9
1543,2021-02-17,18:00,Matchweek 17,Away,D,1,1,Burnley,0.5,0.9,53.0,8.0,3.0,Fulham,2021,9
1544,2021-02-20,20:00,Matchweek 25,Home,W,1,0,Sheffield United,1.2,0.9,64.0,15.0,5.0,Fulham,2021,9
1545,2021-02-28,12:00,Matchweek 26,Away,D,0,0,Crystal Palace,1.4,0.1,60.0,16.0,4.0,Fulham,2021,9
1546,2021-03-04,18:00,Matchweek 33,Home,L,0,1,Tottenham Hotspur,0.7,1.6,60.0,11.0,3.0,Fulham,2021,9
1547,2021-03-07,14:00,Matchweek 27,Away,W,1,0,Liverpool,1.3,0.9,37.0,10.0,3.0,Fulham,2021,9
1548,2021-03-13,20:00,Matchweek 28,Home,L,0,3,Manchester City,0.3,2.2,46.0,3.0,0.0,Fulham,2021,9
1549,2021-03-19,20:00,Matchweek 29,Home,L,1,2,Leeds United,1.6,1.3,51.0,13.0,6.0,Fulham,2021,9
1550,2021-04-04,16:30,Matchweek 30,Away,L,1,3,Aston Villa,1.0,1.5,47.0,15.0,7.0,Fulham,2021,9
1551,2021-04-09,20:00,Matchweek 31,Home,L,0,1,Wolverhampton Wanderers,0.9,0.5,50.0,14.0,3.0,Fulham,2021,9
1552,2021-04-18,13:30,Matchweek 32,Away,D,1,1,Arsenal,0.9,2.7,31.0,2.0,0.0,Fulham,2021,9
1553,2021-05-01,17:30,Matchweek 34,Away,L,0,2,Chelsea,0.3,1.7,51.0,10.0,3.0,Fulham,2021,9
1554,2021-05-10,20:00,Matchweek 35,Home,L,0,2,Burnley,1.0,1.5,68.0,21.0,3.0,Fulham,2021,9
1555,2021-05-15,15:00,Matchweek 36,Away,L,1,3,Southampton,0.8,1.6,53.0,10.0,3.0,Fulham,2021,9
1556,2021-05-18,18:00,Matchweek 37,Away,D,1,1,Manchester United,0.9,0.9,43.0,8.0,5.0,Fulham,2021,9
1557,2021-05-23,16:00,Matchweek 38,Home,L,0,2,Newcastle United,1.0,1.3,64.0,14.0,0.0,Fulham,2021,9
1558,2022-08-06,12:30,Matchweek 1,Home,D,2,2,Liverpool,1.2,1.2,33.0,8.0,2.0,Fulham,2023,9
1559,2022-08-13,15:00,Matchweek 2,Away,D,0,0,Wolverhampton Wanderers,1.5,0.9,41.0,8.0,2.0,Fulham,2023,9
1560,2022-08-20,15:00,Matchweek 3,Home,W,3,2,Brentford,2.4,1.8,43.0,18.0,9.0,Fulham,2023,9
1561,2022-08-27,17:30,Matchweek 4,Away,L,1,2,Arsenal,0.8,2.6,29.0,11.0,3.0,Fulham,2023,9
1562,2022-08-30,19:30,Matchweek 5,Home,W,2,1,Brighton,0.7,1.4,39.0,10.0,3.0,Fulham,2023,9
1563,2022-09-03,15:00,Matchweek 6,Away,L,1,2,Tottenham Hotspur,0.7,2.9,48.0,9.0,3.0,Fulham,2023,9
1564,2022-09-16,20:00,Matchweek 8,Away,W,3,2,Nottingham Forest,0.9,1.4,59.0,15.0,7.0,Fulham,2023,9
1565,2022-10-01,15:00,Matchweek 9,Home,L,1,4,Newcastle United,0.5,3.3,33.0,3.0,1.0,Fulham,2023,9
1566,2022-10-09,14:00,Matchweek 10,Away,L,1,3,West Ham,0.7,2.4,50.0,8.0,2.0,Fulham,2023,9
1567,2022-10-15,15:00,Matchweek 11,Home,D,2,2,Bournemouth,2.1,1.0,69.0,18.0,3.0,Fulham,2023,9
1568,2022-10-20,19:30,Matchweek 12,Home,W,3,0,Aston Villa,2.1,1.2,60.0,17.0,6.0,Fulham,2023,9
1569,2022-10-23,14:00,Matchweek 13,Away,W,3,2,Leeds United,1.8,1.6,43.0,11.0,4.0,Fulham,2023,9
1570,2022-10-29,17:30,Matchweek 14,Home,D,0,0,Everton,1.9,0.9,56.0,24.0,6.0,Fulham,2023,9
1571,2022-11-05,15:00,Matchweek 15,Away,L,1,2,Manchester City,1.0,2.1,30.0,3.0,1.0,Fulham,2023,9
1572,2022-11-13,16:30,Matchweek 16,Home,L,1,2,Manchester United,1.4,2.5,53.0,14.0,7.0,Fulham,2023,9
1573,2022-12-26,15:00,Matchweek 17,Away,W,3,0,Crystal Palace,2.5,0.4,64.0,23.0,10.0,Fulham,2023,9
1574,2022-12-31,15:00,Matchweek 18,Home,W,2,1,Southampton,1.5,0.8,62.0,7.0,1.0,Fulham,2023,9
1575,2023-01-03,19:45,Matchweek 19,Away,W,1,0,Leicester City,1.7,1.7,39.0,11.0,2.0,Fulham,2023,9
1576,2023-01-12,20:00,Matchweek 7,Home,W,2,1,Chelsea,1.0,2.1,48.0,8.0,3.0,Fulham,2023,9
1577,2023-01-15,14:00,Matchweek 20,Away,L,0,1,Newcastle United,1.1,2.2,38.0,4.0,0.0,Fulham,2023,9
1578,2023-01-23,20:00,Matchweek 21,Home,L,0,1,Tottenham Hotspur,1.0,0.9,54.0,10.0,5.0,Fulham,2023,9
1579,2023-02-03,20:00,Matchweek 22,Away,D,0,0,Chelsea,0.6,1.3,34.0,10.0,4.0,Fulham,2023,9
1580,2023-02-11,15:00,Matchweek 23,Home,W,2,0,Nottingham Forest,1.5,0.7,50.0,16.0,3.0,Fulham,2023,9
1581,2023-02-18,15:00,Matchweek 24,Away,W,1,0,Brighton,0.3,2.2,35.0,5.0,2.0,Fulham,2023,9
1582,2023-02-24,20:00,Matchweek 25,Home,D,1,1,Wolverhampton Wanderers,0.5,0.8,51.0,10.0,5.0,Fulham,2023,9
1583,2023-03-06,20:00,Matchweek 26,Away,L,2,3,Brentford,1.4,2.1,63.0,9.0,5.0,Fulham,2023,9
1584,2023-03-12,14:00,Matchweek 27,Home,L,0,3,Arsenal,0.8,2.3,45.0,12.0,2.0,Fulham,2023,9
1585,2023-04-01,15:00,Matchweek 29,Away,L,1,2,Bournemouth,0.8,2.6,57.0,10.0,2.0,Fulham,2023,9
1586,2023-04-08,15:00,Matchweek 30,Home,L,0,1,West Ham,0.7,1.1,76.0,16.0,3.0,Fulham,2023,9
1587,2023-04-15,15:00,Matchweek 31,Away,W,3,1,Everton,1.8,1.4,54.0,21.0,7.0,Fulham,2023,9
1588,2023-04-22,12:30,Matchweek 32,Home,W,2,1,Leeds United,1.7,0.8,50.0,12.0,5.0,Fulham,2023,9
1589,2023-04-25,19:45,Matchweek 33,Away,L,0,1,Aston Villa,0.1,1.0,49.0,1.0,0.0,Fulham,2023,9
1590,2023-04-30,14:00,Matchweek 34,Home,L,1,2,Manchester City,0.2,2.5,38.0,4.0,1.0,Fulham,2023,9
1591,2023-05-03,20:00,Matchweek 28,Away,L,0,1,Liverpool,0.9,1.8,43.0,9.0,3.0,Fulham,2023,9
1592,2023-05-08,15:00,Matchweek 35,Home,W,5,3,Leicester City,1.6,2.8,57.0,17.0,7.0,Fulham,2023,9
1593,2023-05-13,15:00,Matchweek 36,Away,W,2,0,Southampton,1.4,0.4,64.0,9.0,3.0,Fulham,2023,9
1594,2023-05-20,15:00,Matchweek 37,Home,D,2,2,Crystal Palace,1.7,1.6,49.0,10.0,3.0,Fulham,2023,9
1595,2023-05-28,16:30,Matchweek 38,Away,L,1,2,Manchester United,1.8,2.9,47.0,9.0,2.0,Fulham,2023,9
1596,2023-08-12,15:00,Matchweek 1,Away,W,1,0,Everton,1.5,2.7,58.0,9.0,2.0,Fulham,2024,9
1597,2023-08-19,15:00,Matchweek 2,Home,L,0,3,Brentford,0.5,3.7,55.0,10.0,2.0,Fulham,2024,9
1598,2023-08-26,15:00,Matchweek 3,Away,D,2,2,Arsenal,0.6,3.2,29.0,8.0,3.0,Fulham,2024,9
1599,2023-09-02,15:00,Matchweek 4,Away,L,1,5,Manchester City,1.4,2.2,32.0,6.0,4.0,Fulham,2024,9
1600,2023-09-16,15:00,Matchweek 5,Home,W,1,0,Luton Town,1.0,1.1,77.0,13.0,2.0,Fulham,2024,9
1601,2023-09-23,15:00,Matchweek 6,Away,D,0,0,Crystal Palace,0.6,0.3,49.0,10.0,5.0,Fulham,2024,9
1602,2023-10-02,20:00,Matchweek 7,Home,L,0,2,Chelsea,1.1,1.7,56.0,10.0,3.0,Fulham,2024,9
1603,2023-10-07,15:00,Matchweek 8,Home,W,3,1,Sheffield United,2.2,0.6,60.0,20.0,6.0,Fulham,2024,9
1604,2023-10-23,20:00,Matchweek 9,Away,L,0,2,Tottenham Hotspur,1.0,1.5,45.0,10.0,3.0,Fulham,2024,9
1605,2023-10-29,14:00,Matchweek 10,Away,D,1,1,Brighton,0.7,1.4,29.0,10.0,5.0,Fulham,2024,9
1606,2023-11-04,12:30,Matchweek 11,Home,L,0,1,Manchester United,1.0,0.7,45.0,18.0,2.0,Fulham,2024,9
1607,2023-11-12,14:00,Matchweek 12,Away,L,1,3,Aston Villa,0.9,3.0,49.0,9.0,5.0,Fulham,2024,9
1608,2023-11-27,20:00,Matchweek 13,Home,W,3,2,Wolverhampton Wanderers,2.9,1.4,60.0,10.0,4.0,Fulham,2024,9
1609,2023-12-03,14:00,Matchweek 14,Away,L,3,4,Liverpool,1.2,2.1,39.0,9.0,5.0,Fulham,2024,9
1610,2023-12-06,19:30,Matchweek 15,Home,W,5,0,Nottingham Forest,2.5,0.3,63.0,14.0,6.0,Fulham,2024,9
1611,2023-12-10,14:00,Matchweek 16,Home,W,5,0,West Ham,2.3,1.3,63.0,14.0,8.0,Fulham,2024,9
1612,2023-12-16,15:00,Matchweek 17,Away,L,0,3,Newcastle United,0.3,3.5,30.0,6.0,4.0,Fulham,2024,9
1613,2023-12-23,15:00,Matchweek 18,Home,L,0,2,Burnley,1.3,0.4,66.0,19.0,5.0,Fulham,2024,9
1614,2023-12-26,15:00,Matchweek 19,Away,L,0,3,Bournemouth,0.3,1.8,57.0,8.0,3.0,Fulham,2024,9
1615,2023-12-31,14:00,Matchweek 20,Home,W,2,1,Arsenal,1.2,1.6,40.0,15.0,4.0,Fulham,2024,9
1616,2024-01-13,12:30,Matchweek 21,Away,L,0,1,Chelsea,0.8,2.2,45.0,14.0,4.0,Fulham,2024,9
1617,2024-01-30,19:45,Matchweek 22,Home,D,0,0,Everton,1.6,1.9,70.0,25.0,5.0,Fulham,2024,9
1618,2024-02-03,15:00,Matchweek 23,Away,D,2,2,Burnley,1.5,1.8,56.0,15.0,7.0,Fulham,2024,9
1619,2024-02-10,15:00,Matchweek 24,Home,W,3,1,Bournemouth,1.6,1.8,49.0,7.0,6.0,Fulham,2024,9
1620,2024-02-17,15:00,Matchweek 25,Home,L,1,2,Aston Villa,1.5,1.5,52.0,15.0,4.0,Fulham,2024,9
1621,2024-02-24,15:00,Matchweek 26,Away,W,2,1,Manchester United,1.2,1.7,43.0,17.0,5.0,Fulham,2024,9
1622,2024-03-02,15:00,Matchweek 27,Home,W,3,0,Brighton,1.3,1.3,30.0,12.0,5.0,Fulham,2024,9
1623,2024-03-09,15:00,Matchweek 28,Away,L,1,2,Wolverhampton Wanderers,2.6,0.8,52.0,23.0,6.0,Fulham,2024,9
1624,2024-03-16,17:30,Matchweek 29,Home,W,3,0,Tottenham Hotspur,2.6,2.4,43.0,16.0,7.0,Fulham,2024,9
1625,2024-03-30,15:00,Matchweek 30,Away,D,3,3,Sheffield United,1.3,1.9,73.0,24.0,9.0,Fulham,2024,9
1626,2024-04-02,19:30,Matchweek 31,Away,L,1,3,Nottingham Forest,1.5,1.5,66.0,18.0,3.0,Fulham,2024,9
1627,2024-04-06,15:00,Matchweek 32,Home,L,0,1,Newcastle United,1.2,1.0,66.0,14.0,4.0,Fulham,2024,9
1628,2024-04-14,14:00,Matchweek 33,Away,W,2,0,West Ham,3.2,0.9,42.0,18.0,10.0,Fulham,2024,9
1629,2024-04-21,16:30,Matchweek 34,Home,L,1,3,Liverpool,0.8,1.0,40.0,12.0,5.0,Fulham,2024,9
1630,2024-04-27,15:00,Matchweek 35,Home,D,1,1,Crystal Palace,1.1,1.0,53.0,9.0,2.0,Fulham,2024,9
1631,2024-05-04,15:00,Matchweek 36,Away,D,0,0,Brentford,1.3,0.6,46.0,15.0,3.0,Fulham,2024,9
1632,2024-05-11,12:30,Matchweek 37,Home,L,0,4,Manchester City,0.1,3.2,36.0,1.0,1.0,Fulham,2024,9
1633,2024-05-19,16:00,Matchweek 38,Away,W,4,2,Luton Town,1.1,2.0,59.0,16.0,8.0,Fulham,2024,9
1634,2024-08-16,20:00,Matchweek 1,Away,L,0,1,Manchester United,0.4,2.4,45.0,10.0,2.0,Fulham,2025,9
1635,2024-08-24,15:00,Matchweek 2,Home,W,2,1,Leicester City,1.8,0.6,54.0,18.0,6.0,Fulham,2025,9
1636,2024-08-31,15:00,Matchweek 3,Away,D,1,1,Ipswich Town,0.9,0.4,52.0,9.0,4.0,Fulham,2025,9
1637,2024-09-14,15:00,Matchweek 4,Home,D,1,1,West Ham,1.5,0.8,54.0,21.0,5.0,Fulham,2025,9
1638,2024-09-21,15:00,Matchweek 5,Home,W,3,1,Newcastle United,2.2,1.5,39.0,22.0,11.0,Fulham,2025,9
1639,2024-09-28,15:00,Matchweek 6,Away,W,1,0,Nottingham Forest,1.3,0.8,59.0,13.0,1.0,Fulham,2025,9
1640,2024-10-05,15:00,Matchweek 7,Away,L,2,3,Manchester City,2.6,1.6,42.0,11.0,4.0,Fulham,2025,9
1641,2024-10-19,15:00,Matchweek 8,Home,L,1,3,Aston Villa,1.8,1.6,52.0,9.0,3.0,Fulham,2025,9
1642,2024-10-26,17:30,Matchweek 9,Away,D,1,1,Everton,1.2,0.8,60.0,14.0,3.0,Fulham,2025,9
1643,2024-11-04,20:00,Matchweek 10,Home,W,2,1,Brentford,1.3,0.6,68.0,26.0,12.0,Fulham,2025,9
1644,2024-11-09,15:00,Matchweek 11,Away,W,2,0,Crystal Palace,1.8,1.5,64.0,17.0,7.0,Fulham,2025,9
1645,2024-11-23,15:00,Matchweek 12,Home,L,1,4,Wolverhampton Wanderers,1.0,1.3,59.0,10.0,3.0,Fulham,2025,9
1646,2024-12-01,13:30,Matchweek 13,Away,D,1,1,Tottenham Hotspur,1.5,0.8,49.0,14.0,6.0,Fulham,2025,9
1647,2024-12-05,19:30,Matchweek 14,Home,W,3,1,Brighton,1.1,1.4,43.0,6.0,2.0,Fulham,2025,9
1648,2024-12-08,14:00,Matchweek 15,Home,D,1,1,Arsenal,0.2,1.8,34.0,2.0,2.0,Fulham,2025,9
1649,2024-12-14,15:00,Matchweek 16,Away,D,2,2,Liverpool,1.2,2.1,39.0,12.0,3.0,Fulham,2025,9
1650,2024-12-22,14:00,Matchweek 17,Home,D,0,0,Southampton,0.9,0.3,57.0,15.0,5.0,Fulham,2025,9
1651,2024-12-26,15:00,Matchweek 18,Away,W,2,1,Chelsea,1.8,1.1,53.0,14.0,7.0,Fulham,2025,9
1652,2024-12-29,15:00,Matchweek 19,Home,D,2,2,Bournemouth,1.1,2.0,52.0,11.0,6.0,Fulham,2025,9
1653,2025-01-05,14:00,Matchweek 20,Home,D,2,2,Ipswich Town,2.2,1.5,73.0,13.0,2.0,Fulham,2025,9
1654,2025-01-14,19:30,Matchweek 21,Away,L,2,3,West Ham,1.7,1.0,56.0,21.0,4.0,Fulham,2025,9
1655,2025-01-18,15:00,Matchweek 22,Away,W,2,0,Leicester City,2.0,0.6,60.0,17.0,2.0,Fulham,2025,9
1656,2025-01-26,19:00,Matchweek 23,Home,L,0,1,Manchester United,0.7,0.3,51.0,9.0,2.0,Fulham,2025,9
1657,2025-02-01,15:00,Matchweek 24,Away,W,2,1,Newcastle United,1.6,0.8,51.0,15.0,4.0,Fulham,2025,9
1658,2025-02-15,15:00,Matchweek 25,Home,W,2,1,Nottingham Forest,2.1,0.4,55.0,24.0,10.0,Fulham,2025,9
1659,2025-02-22,15:00,Matchweek 26,Home,L,0,2,Crystal Palace,0.2,1.3,62.0,10.0,0.0,Fulham,2025,9
1660,2025-02-25,19:30,Matchweek 27,Away,W,2,1,Wolverhampton Wanderers,1.7,1.3,40.0,11.0,5.0,Fulham,2025,9
1661,2025-03-08,15:00,Matchweek 28,Away,L,1,2,Brighton,0.9,1.5,47.0,6.0,1.0,Fulham,2025,9
1662,2025-03-16,13:30,Matchweek 29,Home,W,2,0,Tottenham Hotspur,1.0,0.9,57.0,13.0,4.0,Fulham,2025,9
1663,2025-04-01,19:45,Matchweek 30,Away,L,1,2,Arsenal,1.0,2.2,49.0,9.0,3.0,Fulham,2025,9
1664,2025-04-06,14:00,Matchweek 31,Home,W,3,2,Liverpool,0.7,1.5,37.0,12.0,6.0,Fulham,2025,9
1665,2025-04-14,20:00,Matchweek 32,Away,L,0,1,Bournemouth,1.0,1.4,59.0,12.0,7.0,Fulham,2025,9
1666,2025-04-20,14:00,Matchweek 33,Home,L,1,2,Chelsea,0.3,0.9,41.0,6.0,1.0,Fulham,2025,9
1667,2025-04-26,15:00,Matchweek 34,Away,W,2,1,Southampton,2.4,0.6,65.0,26.0,5.0,Fulham,2025,9
1668,2025-05-03,12:30,Matchweek 35,Away,L,0,1,Aston Villa,0.9,1.0,48.0,11.0,3.0,Fulham,2025,9
1669,2025-05-10,15:00,Matchweek 36,Home,L,1,3,Everton,0.8,1.1,64.0,18.0,6.0,Fulham,2025,9
1670,2025-05-18,15:00,Matchweek 37,Away,W,3,2,Brentford,1.0,2.5,49.0,16.0,7.0,Fulham,2025,9
1671,2025-05-25,16:00,Matchweek 38,Home,L,0,2,Manchester City,1.3,3.0,47.0,13.0,3.0,Fulham,2025,9
1672,2024-08-17,12:30,Matchweek 1,Home,L,0,2,Liverpool,0.5,2.6,38.0,7.0,2.0,Ipswich Town,2025,10
1673,2024-08-24,15:00,Matchweek 2,Away,L,1,4,Manchester City,0.3,3.3,25.0,1.0,1.0,Ipswich Town,2025,10
1674,2024-08-31,15:00,Matchweek 3,Home,D,1,1,Fulham,0.4,0.9,48.0,11.0,4.0,Ipswich Town,2025,10
1675,2024-09-14,15:00,Matchweek 4,Away,D,0,0,Brighton,0.3,1.6,32.0,6.0,1.0,Ipswich Town,2025,10
1676,2024-09-21,15:00,Matchweek 5,Away,D,1,1,Southampton,1.6,2.4,47.0,13.0,6.0,Ipswich Town,2025,10
1677,2024-09-29,14:00,Matchweek 6,Home,D,2,2,Aston Villa,1.2,0.8,44.0,15.0,5.0,Ipswich Town,2025,10
1678,2024-10-05,15:00,Matchweek 7,Away,L,1,4,West Ham,0.6,3.6,48.0,9.0,2.0,Ipswich Town,2025,10
1679,2024-10-19,15:00,Matchweek 8,Home,L,0,2,Everton,1.3,1.7,55.0,13.0,2.0,Ipswich Town,2025,10
1680,2024-10-26,15:00,Matchweek 9,Away,L,3,4,Brentford,1.3,4.0,35.0,11.0,5.0,Ipswich Town,2025,10
1681,2024-11-02,15:00,Matchweek 10,Home,D,1,1,Leicester City,1.0,1.5,43.0,14.0,2.0,Ipswich Town,2025,10
1682,2024-11-10,14:00,Matchweek 11,Away,W,2,1,Tottenham Hotspur,1.6,1.5,34.0,8.0,3.0,Ipswich Town,2025,10
1683,2024-11-24,16:30,Matchweek 12,Home,D,1,1,Manchester United,1.6,0.8,40.0,11.0,6.0,Ipswich Town,2025,10
1684,2024-11-30,15:00,Matchweek 13,Away,L,0,1,Nottingham Forest,0.6,1.6,55.0,7.0,2.0,Ipswich Town,2025,10
1685,2024-12-03,19:30,Matchweek 14,Home,L,0,1,Crystal Palace,0.5,1.6,54.0,9.0,2.0,Ipswich Town,2025,10
1686,2024-12-08,14:00,Matchweek 15,Home,L,1,2,Bournemouth,1.3,3.2,44.0,18.0,5.0,Ipswich Town,2025,10
1687,2024-12-14,15:00,Matchweek 16,Away,W,2,1,Wolverhampton Wanderers,1.1,1.3,46.0,10.0,3.0,Ipswich Town,2025,10
1688,2024-12-21,15:00,Matchweek 17,Home,L,0,4,Newcastle United,0.7,2.3,42.0,10.0,2.0,Ipswich Town,2025,10
1689,2024-12-27,20:15,Matchweek 18,Away,L,0,1,Arsenal,0.2,1.8,32.0,3.0,0.0,Ipswich Town,2025,10
1690,2024-12-30,19:45,Matchweek 19,Home,W,2,0,Chelsea,1.6,2.0,24.0,8.0,5.0,Ipswich Town,2025,10
1691,2025-01-05,14:00,Matchweek 20,Away,D,2,2,Fulham,1.5,2.2,27.0,6.0,2.0,Ipswich Town,2025,10
1692,2025-01-16,19:30,Matchweek 21,Home,L,0,2,Brighton,0.3,1.0,47.0,5.0,3.0,Ipswich Town,2025,10
1693,2025-01-19,16:30,Matchweek 22,Home,L,0,6,Manchester City,0.5,3.0,33.0,8.0,4.0,Ipswich Town,2025,10
1694,2025-01-25,15:00,Matchweek 23,Away,L,1,4,Liverpool,0.5,2.0,30.0,3.0,3.0,Ipswich Town,2025,10
1695,2025-02-01,15:00,Matchweek 24,Home,L,1,2,Southampton,1.8,0.9,57.0,15.0,6.0,Ipswich Town,2025,10
1696,2025-02-15,15:00,Matchweek 25,Away,D,1,1,Aston Villa,0.4,2.4,25.0,4.0,3.0,Ipswich Town,2025,10
1697,2025-02-22,15:00,Matchweek 26,Home,L,1,4,Tottenham Hotspur,1.1,1.7,42.0,17.0,5.0,Ipswich Town,2025,10
1698,2025-02-26,19:30,Matchweek 27,Away,L,2,3,Manchester United,1.4,0.7,55.0,12.0,3.0,Ipswich Town,2025,10
1699,2025-03-08,15:00,Matchweek 28,Away,L,0,1,Crystal Palace,1.5,3.2,45.0,15.0,7.0,Ipswich Town,2025,10
1700,2025-03-15,15:00,Matchweek 29,Home,L,2,4,Nottingham Forest,0.4,1.5,55.0,11.0,3.0,Ipswich Town,2025,10
1701,2025-04-02,19:45,Matchweek 30,Away,W,2,1,Bournemouth,1.2,1.8,37.0,10.0,2.0,Ipswich Town,2025,10
1702,2025-04-05,15:00,Matchweek 31,Home,L,1,2,Wolverhampton Wanderers,0.8,2.6,45.0,6.0,2.0,Ipswich Town,2025,10
1703,2025-04-13,14:00,Matchweek 32,Away,D,2,2,Chelsea,1.1,2.2,27.0,13.0,4.0,Ipswich Town,2025,10
1704,2025-04-20,14:00,Matchweek 33,Home,L,0,4,Arsenal,0.2,2.4,25.0,4.0,0.0,Ipswich Town,2025,10
1705,2025-04-26,15:00,Matchweek 34,Away,L,0,3,Newcastle United,0.1,2.4,23.0,4.0,0.0,Ipswich Town,2025,10
1706,2025-05-03,15:00,Matchweek 35,Away,D,2,2,Everton,0.8,0.6,42.0,12.0,5.0,Ipswich Town,2025,10
1707,2025-05-10,15:00,Matchweek 36,Home,L,0,1,Brentford,0.9,1.4,49.0,11.0,4.0,Ipswich Town,2025,10
1708,2025-05-18,15:00,Matchweek 37,Away,L,0,2,Leicester City,1.4,0.8,50.0,20.0,2.0,Ipswich Town,2025,10
1709,2025-05-25,16:00,Matchweek 38,Home,L,1,3,West Ham,0.7,1.1,42.0,14.0,4.0,Ipswich Town,2025,10
1710,2020-09-12,17:30,Matchweek 1,Away,L,3,4,Liverpool,0.3,2.7,51.0,6.0,3.0,Leeds United,2021,11
1711,2020-09-19,15:00,Matchweek 2,Home,W,4,3,Fulham,1.4,1.7,51.0,9.0,6.0,Leeds United,2021,11
1712,2020-09-27,12:00,Matchweek 3,Away,W,1,0,Sheffield United,1.2,1.4,64.0,17.0,8.0,Leeds United,2021,11
1713,2020-10-03,17:30,Matchweek 4,Home,D,1,1,Manchester City,2.4,1.2,51.0,12.0,7.0,Leeds United,2021,11
1714,2020-10-19,20:00,Matchweek 5,Home,L,0,1,Wolverhampton Wanderers,1.0,0.4,66.0,13.0,2.0,Leeds United,2021,11
1715,2020-10-23,20:00,Matchweek 6,Away,W,3,0,Aston Villa,2.7,1.4,59.0,27.0,9.0,Leeds United,2021,11
1716,2020-11-02,20:00,Matchweek 7,Home,L,1,4,Leicester City,2.1,2.9,67.0,11.0,4.0,Leeds United,2021,11
1717,2020-11-07,15:00,Matchweek 8,Away,L,1,4,Crystal Palace,0.8,0.9,64.0,9.0,3.0,Leeds United,2021,11
1718,2020-11-22,16:30,Matchweek 9,Home,D,0,0,Arsenal,1.8,0.9,66.0,25.0,4.0,Leeds United,2021,11
1719,2020-11-28,17:30,Matchweek 10,Away,W,1,0,Everton,2.9,1.2,59.0,23.0,6.0,Leeds United,2021,11
1720,2020-12-05,20:00,Matchweek 11,Away,L,1,3,Chelsea,0.8,4.1,54.0,8.0,3.0,Leeds United,2021,11
1721,2020-12-11,20:00,Matchweek 12,Home,L,1,2,West Ham,1.6,1.3,63.0,12.0,6.0,Leeds United,2021,11
1722,2020-12-16,18:00,Matchweek 13,Home,W,5,2,Newcastle United,2.7,1.5,68.0,25.0,10.0,Leeds United,2021,11
1723,2020-12-20,16:30,Matchweek 14,Away,L,2,6,Manchester United,1.8,3.6,59.0,17.0,4.0,Leeds United,2021,11
1724,2020-12-27,12:00,Matchweek 15,Home,W,1,0,Burnley,1.9,1.5,51.0,10.0,3.0,Leeds United,2021,11
1725,2020-12-29,18:00,Matchweek 16,Away,W,5,0,West Brom,1.2,0.5,75.0,14.0,6.0,Leeds United,2021,11
1726,2021-01-02,12:30,Matchweek 17,Away,L,0,3,Tottenham Hotspur,1.1,2.6,63.0,18.0,5.0,Leeds United,2021,11
1727,2021-01-16,15:00,Matchweek 19,Home,L,0,1,Brighton,0.3,1.4,66.0,7.0,2.0,Leeds United,2021,11
1728,2021-01-26,18:00,Matchweek 20,Away,W,2,1,Newcastle United,0.7,1.4,58.0,9.0,2.0,Leeds United,2021,11
1729,2021-01-31,14:00,Matchweek 21,Away,W,3,1,Leicester City,2.1,1.8,49.0,8.0,6.0,Leeds United,2021,11
1730,2021-02-03,19:30,Matchweek 22,Home,L,1,2,Everton,1.3,1.6,63.0,16.0,7.0,Leeds United,2021,11
1731,2021-02-08,20:00,Matchweek 23,Home,W,2,0,Crystal Palace,1.9,0.4,67.0,17.0,7.0,Leeds United,2021,11
1732,2021-02-14,16:30,Matchweek 24,Away,L,2,4,Arsenal,0.9,2.3,54.0,9.0,5.0,Leeds United,2021,11
1733,2021-02-19,20:00,Matchweek 25,Away,L,0,1,Wolverhampton Wanderers,1.7,0.6,58.0,18.0,7.0,Leeds United,2021,11
1734,2021-02-23,18:00,Matchweek 18,Home,W,3,0,Southampton,1.3,0.9,46.0,11.0,7.0,Leeds United,2021,11
1735,2021-02-27,17:30,Matchweek 26,Home,L,0,1,Aston Villa,0.9,0.7,69.0,13.0,3.0,Leeds United,2021,11
1736,2021-03-08,20:00,Matchweek 27,Away,L,0,2,West Ham,1.4,1.8,65.0,17.0,2.0,Leeds United,2021,11
1737,2021-03-13,12:30,Matchweek 28,Home,D,0,0,Chelsea,0.4,1.0,38.0,7.0,4.0,Leeds United,2021,11
1738,2021-03-19,20:00,Matchweek 29,Away,W,2,1,Fulham,1.3,1.6,49.0,13.0,4.0,Leeds United,2021,11
1739,2021-04-03,15:00,Matchweek 30,Home,W,2,1,Sheffield United,2.4,1.1,54.0,23.0,8.0,Leeds United,2021,11
1740,2021-04-10,12:30,Matchweek 31,Away,W,2,1,Manchester City,0.1,2.1,29.0,2.0,2.0,Leeds United,2021,11
1741,2021-04-19,20:00,Matchweek 32,Home,D,1,1,Liverpool,2.3,1.4,61.0,12.0,5.0,Leeds United,2021,11
1742,2021-04-25,14:00,Matchweek 33,Home,D,0,0,Manchester United,0.3,1.2,44.0,6.0,3.0,Leeds United,2021,11
1743,2021-05-01,15:00,Matchweek 34,Away,L,0,2,Brighton,0.6,2.3,58.0,11.0,2.0,Leeds United,2021,11
1744,2021-05-08,12:30,Matchweek 35,Home,W,3,1,Tottenham Hotspur,2.5,0.9,53.0,16.0,7.0,Leeds United,2021,11
1745,2021-05-15,12:30,Matchweek 36,Away,W,4,0,Burnley,1.5,1.3,52.0,16.0,6.0,Leeds United,2021,11
1746,2021-05-18,18:00,Matchweek 37,Away,W,2,0,Southampton,1.7,1.6,49.0,15.0,7.0,Leeds United,2021,11
1747,2021-05-23,16:00,Matchweek 38,Home,W,3,1,West Brom,2.3,1.0,64.0,16.0,8.0,Leeds United,2021,11
1748,2021-08-14,12:30,Matchweek 1,Away,L,1,5,Manchester United,0.5,1.5,51.0,10.0,3.0,Leeds United,2022,11
1749,2021-08-21,15:00,Matchweek 2,Home,D,2,2,Everton,1.2,1.8,69.0,17.0,4.0,Leeds United,2022,11
1750,2021-08-29,14:00,Matchweek 3,Away,D,1,1,Burnley,1.2,1.0,64.0,12.0,2.0,Leeds United,2022,11
1751,2021-09-12,16:30,Matchweek 4,Home,L,0,3,Liverpool,1.2,4.3,44.0,9.0,4.0,Leeds United,2022,11
1752,2021-09-17,20:00,Matchweek 5,Away,D,1,1,Newcastle United,1.5,1.3,65.0,22.0,9.0,Leeds United,2022,11
1753,2021-09-25,15:00,Matchweek 6,Home,L,1,2,West Ham,1.2,1.6,53.0,15.0,5.0,Leeds United,2022,11
1754,2021-10-02,15:00,Matchweek 7,Home,W,1,0,Watford,1.3,0.2,66.0,20.0,3.0,Leeds United,2022,11
1755,2021-10-16,15:00,Matchweek 8,Away,L,0,1,Southampton,0.2,1.9,54.0,3.0,0.0,Leeds United,2022,11
1756,2021-10-23,15:00,Matchweek 9,Home,D,1,1,Wolverhampton Wanderers,1.6,0.9,62.0,17.0,3.0,Leeds United,2022,11
1757,2021-10-31,14:00,Matchweek 10,Away,W,2,1,Norwich City,0.7,0.8,52.0,13.0,5.0,Leeds United,2022,11
1758,2021-11-07,14:00,Matchweek 11,Home,D,1,1,Leicester City,1.3,0.7,56.0,18.0,5.0,Leeds United,2022,11
1759,2021-11-21,16:30,Matchweek 12,Away,L,1,2,Tottenham Hotspur,1.4,2.1,57.0,18.0,7.0,Leeds United,2022,11
1760,2021-11-27,17:30,Matchweek 13,Away,D,0,0,Brighton,0.6,2.1,43.0,11.0,4.0,Leeds United,2022,11
1761,2021-11-30,20:15,Matchweek 14,Home,W,1,0,Crystal Palace,1.4,1.1,61.0,14.0,2.0,Leeds United,2022,11
1762,2021-12-05,14:00,Matchweek 15,Home,D,2,2,Brentford,1.2,1.0,63.0,13.0,6.0,Leeds United,2022,11
1763,2021-12-11,15:00,Matchweek 16,Away,L,2,3,Chelsea,1.4,2.5,43.0,11.0,4.0,Leeds United,2022,11
1764,2021-12-14,20:00,Matchweek 17,Away,L,0,7,Manchester City,0.3,3.1,37.0,6.0,3.0,Leeds United,2022,11
1765,2021-12-18,17:30,Matchweek 18,Home,L,1,4,Arsenal,1.6,3.5,51.0,8.0,1.0,Leeds United,2022,11
1766,2022-01-02,14:00,Matchweek 21,Home,W,3,1,Burnley,1.9,1.0,55.0,22.0,7.0,Leeds United,2022,11
1767,2022-01-16,14:00,Matchweek 22,Away,W,3,2,West Ham,2.2,2.4,52.0,18.0,5.0,Leeds United,2022,11
1768,2022-01-22,15:00,Matchweek 23,Home,L,0,1,Newcastle United,0.7,0.9,62.0,13.0,4.0,Leeds United,2022,11
1769,2022-02-09,20:00,Matchweek 24,Away,D,3,3,Aston Villa,1.8,1.6,60.0,16.0,7.0,Leeds United,2022,11
1770,2022-02-12,15:00,Matchweek 25,Away,L,0,3,Everton,0.3,2.7,58.0,7.0,0.0,Leeds United,2022,11
1771,2022-02-20,14:00,Matchweek 26,Home,L,2,4,Manchester United,1.8,2.2,54.0,16.0,6.0,Leeds United,2022,11
1772,2022-02-23,19:45,Matchweek 19,Away,L,0,6,Liverpool,0.2,5.9,37.0,3.0,2.0,Leeds United,2022,11
1773,2022-02-26,12:30,Matchweek 27,Home,L,0,4,Tottenham Hotspur,1.5,1.9,50.0,19.0,2.0,Leeds United,2022,11
1774,2022-03-05,12:30,Matchweek 28,Away,L,0,1,Leicester City,1.7,0.4,49.0,19.0,4.0,Leeds United,2022,11
1775,2022-03-10,19:45,Matchweek 20,Home,L,0,3,Aston Villa,0.2,1.5,51.0,4.0,1.0,Leeds United,2022,11
1776,2022-03-13,14:00,Matchweek 29,Home,W,2,1,Norwich City,2.5,1.5,52.0,13.0,7.0,Leeds United,2022,11
1777,2022-03-18,20:00,Matchweek 30,Away,W,3,2,Wolverhampton Wanderers,2.0,1.2,52.0,15.0,5.0,Leeds United,2022,11
1778,2022-04-02,15:00,Matchweek 31,Home,D,1,1,Southampton,1.2,1.4,56.0,12.0,3.0,Leeds United,2022,11
1779,2022-04-09,15:00,Matchweek 32,Away,W,3,0,Watford,0.7,1.1,51.0,10.0,5.0,Leeds United,2022,11
1780,2022-04-25,20:00,Matchweek 34,Away,D,0,0,Crystal Palace,0.5,1.9,47.0,9.0,2.0,Leeds United,2022,11
1781,2022-04-30,17:30,Matchweek 35,Home,L,0,4,Manchester City,1.3,2.4,42.0,7.0,1.0,Leeds United,2022,11
1782,2022-05-08,14:00,Matchweek 36,Away,L,1,2,Arsenal,0.3,2.0,36.0,3.0,2.0,Leeds United,2022,11
1783,2022-05-11,19:30,Matchweek 33,Home,L,0,3,Chelsea,0.4,1.3,33.0,5.0,0.0,Leeds United,2022,11
1784,2022-05-15,14:00,Matchweek 37,Home,D,1,1,Brighton,1.6,2.2,50.0,19.0,4.0,Leeds United,2022,11
1785,2022-05-22,16:00,Matchweek 38,Away,W,2,1,Brentford,1.3,0.8,51.0,13.0,5.0,Leeds United,2022,11
1786,2022-08-06,15:00,Matchweek 1,Home,W,2,1,Wolverhampton Wanderers,0.8,1.3,40.0,12.0,4.0,Leeds United,2023,11
1787,2022-08-13,15:00,Matchweek 2,Away,D,2,2,Southampton,1.8,1.2,57.0,13.0,5.0,Leeds United,2023,11
1788,2022-08-21,14:00,Matchweek 3,Home,W,3,0,Chelsea,2.1,0.9,39.0,12.0,6.0,Leeds United,2023,11
1789,2022-08-27,15:00,Matchweek 4,Away,L,0,1,Brighton,1.8,2.0,56.0,10.0,2.0,Leeds United,2023,11
1790,2022-08-30,20:00,Matchweek 5,Home,D,1,1,Everton,1.0,1.0,69.0,14.0,5.0,Leeds United,2023,11
1791,2022-09-03,15:00,Matchweek 6,Away,L,2,5,Brentford,1.7,2.3,68.0,17.0,6.0,Leeds United,2023,11
1792,2022-10-02,16:30,Matchweek 9,Home,D,0,0,Aston Villa,0.4,2.2,44.0,6.0,1.0,Leeds United,2023,11
1793,2022-10-09,14:00,Matchweek 10,Away,L,1,2,Crystal Palace,1.0,1.1,46.0,10.0,4.0,Leeds United,2023,11
1794,2022-10-16,14:00,Matchweek 11,Home,L,0,1,Arsenal,1.8,0.5,47.0,15.0,4.0,Leeds United,2023,11
1795,2022-10-20,20:15,Matchweek 12,Away,L,0,2,Leicester City,1.3,0.8,54.0,14.0,2.0,Leeds United,2023,11
1796,2022-10-23,14:00,Matchweek 13,Home,L,2,3,Fulham,1.6,1.8,57.0,14.0,5.0,Leeds United,2023,11
1797,2022-10-29,19:45,Matchweek 14,Away,W,2,1,Liverpool,1.8,1.7,32.0,14.0,6.0,Leeds United,2023,11
1798,2022-11-05,15:00,Matchweek 15,Home,W,4,3,Bournemouth,2.2,1.5,60.0,17.0,3.0,Leeds United,2023,11
1799,2022-11-12,15:00,Matchweek 16,Away,L,3,4,Tottenham Hotspur,1.1,1.8,45.0,12.0,5.0,Leeds United,2023,11
1800,2022-12-28,20:00,Matchweek 17,Home,L,1,3,Manchester City,0.6,4.3,31.0,9.0,1.0,Leeds United,2023,11
1801,2022-12-31,15:00,Matchweek 18,Away,D,0,0,Newcastle United,0.4,2.2,40.0,8.0,1.0,Leeds United,2023,11
1802,2023-01-04,19:45,Matchweek 19,Home,D,2,2,West Ham,1.6,1.4,62.0,14.0,5.0,Leeds United,2023,11
1803,2023-01-13,20:00,Matchweek 20,Away,L,1,2,Aston Villa,2.4,1.2,48.0,16.0,3.0,Leeds United,2023,11
1804,2023-01-22,14:00,Matchweek 21,Home,D,0,0,Brentford,0.5,0.4,58.0,9.0,5.0,Leeds United,2023,11
1805,2023-02-05,14:00,Matchweek 22,Away,L,0,1,Nottingham Forest,0.9,0.4,70.0,10.0,4.0,Leeds United,2023,11
1806,2023-02-08,20:00,Matchweek 8,Away,D,2,2,Manchester United,0.6,2.0,34.0,8.0,2.0,Leeds United,2023,11
1807,2023-02-12,14:00,Matchweek 23,Home,L,0,2,Manchester United,1.8,1.1,34.0,16.0,6.0,Leeds United,2023,11
1808,2023-02-18,15:00,Matchweek 24,Away,L,0,1,Everton,0.5,1.4,49.0,8.0,0.0,Leeds United,2023,11
1809,2023-02-25,15:00,Matchweek 25,Home,W,1,0,Southampton,0.9,0.4,61.0,14.0,4.0,Leeds United,2023,11
1810,2023-03-04,15:00,Matchweek 26,Away,L,0,1,Chelsea,1.0,1.5,43.0,11.0,2.0,Leeds United,2023,11
1811,2023-03-11,15:00,Matchweek 27,Home,D,2,2,Brighton,0.9,2.7,38.0,12.0,4.0,Leeds United,2023,11
1812,2023-03-18,15:00,Matchweek 28,Away,W,4,2,Wolverhampton Wanderers,1.6,2.7,35.0,11.0,4.0,Leeds United,2023,11
1813,2023-04-01,15:00,Matchweek 29,Away,L,1,4,Arsenal,0.7,3.8,34.0,7.0,5.0,Leeds United,2023,11
1814,2023-04-04,19:45,Matchweek 7,Home,W,2,1,Nottingham Forest,1.8,0.8,61.0,21.0,6.0,Leeds United,2023,11
1815,2023-04-09,14:00,Matchweek 30,Home,L,1,5,Crystal Palace,0.9,3.0,48.0,11.0,7.0,Leeds United,2023,11
1816,2023-04-17,20:00,Matchweek 31,Home,L,1,6,Liverpool,1.4,2.7,27.0,13.0,3.0,Leeds United,2023,11
1817,2023-04-22,12:30,Matchweek 32,Away,L,1,2,Fulham,0.8,1.7,50.0,10.0,2.0,Leeds United,2023,11
1818,2023-04-25,20:00,Matchweek 33,Home,D,1,1,Leicester City,1.5,2.1,41.0,13.0,3.0,Leeds United,2023,11
1819,2023-04-30,14:00,Matchweek 34,Away,L,1,4,Bournemouth,1.6,1.9,58.0,15.0,6.0,Leeds United,2023,11
1820,2023-05-06,15:00,Matchweek 35,Away,L,1,2,Manchester City,0.2,2.6,20.0,4.0,2.0,Leeds United,2023,11
1821,2023-05-13,12:30,Matchweek 36,Home,D,2,2,Newcastle United,2.0,2.3,36.0,8.0,3.0,Leeds United,2023,11
1822,2023-05-21,13:30,Matchweek 37,Away,L,1,3,West Ham,0.9,2.1,41.0,12.0,3.0,Leeds United,2023,11
1823,2023-05-28,16:30,Matchweek 38,Home,L,1,4,Tottenham Hotspur,1.5,2.2,52.0,19.0,2.0,Leeds United,2023,11
1824,2020-09-13,14:00,Matchweek 1,Away,W,3,0,West Brom,2.8,0.4,64.0,11.0,5.0,Leicester City,2021,12
1825,2020-09-20,19:00,Matchweek 2,Home,W,4,2,Burnley,1.2,1.4,67.0,14.0,6.0,Leicester City,2021,12
1826,2020-09-27,16:30,Matchweek 3,Away,W,5,2,Manchester City,2.9,0.9,28.0,4.0,4.0,Leicester City,2021,12
1827,2020-10-04,12:00,Matchweek 4,Home,L,0,3,West Ham,0.6,2.0,69.0,4.0,0.0,Leicester City,2021,12
1828,2020-10-18,19:15,Matchweek 5,Home,L,0,1,Aston Villa,0.6,0.7,50.0,11.0,5.0,Leicester City,2021,12
1829,2020-10-25,19:15,Matchweek 6,Away,W,1,0,Arsenal,0.7,0.7,44.0,6.0,2.0,Leicester City,2021,12
1830,2020-11-02,20:00,Matchweek 7,Away,W,4,1,Leeds United,2.9,2.1,33.0,9.0,7.0,Leicester City,2021,12
1831,2020-11-08,14:00,Matchweek 8,Home,W,1,0,Wolverhampton Wanderers,2.0,0.8,49.0,8.0,1.0,Leicester City,2021,12
1832,2020-11-22,19:15,Matchweek 9,Away,L,0,3,Liverpool,1.6,3.1,44.0,11.0,4.0,Leicester City,2021,12
1833,2020-11-30,17:30,Matchweek 10,Home,L,1,2,Fulham,1.2,2.2,68.0,16.0,3.0,Leicester City,2021,12
1834,2020-12-06,14:15,Matchweek 11,Away,W,2,1,Sheffield United,1.4,0.2,69.0,13.0,4.0,Leicester City,2021,12
1835,2020-12-13,19:15,Matchweek 12,Home,W,3,0,Brighton,1.5,0.9,54.0,15.0,6.0,Leicester City,2021,12
1836,2020-12-16,18:00,Matchweek 13,Home,L,0,2,Everton,0.8,1.4,61.0,14.0,2.0,Leicester City,2021,12
1837,2020-12-20,14:15,Matchweek 14,Away,W,2,0,Tottenham Hotspur,1.7,0.7,44.0,16.0,3.0,Leicester City,2021,12
1838,2020-12-26,12:30,Matchweek 15,Home,D,2,2,Manchester United,0.9,1.7,54.0,10.0,2.0,Leicester City,2021,12
1839,2020-12-28,15:00,Matchweek 16,Away,D,1,1,Crystal Palace,1.9,0.5,66.0,16.0,2.0,Leicester City,2021,12
1840,2021-01-03,14:15,Matchweek 17,Away,W,2,1,Newcastle United,0.6,0.5,56.0,9.0,3.0,Leicester City,2021,12
1841,2021-01-16,20:00,Matchweek 19,Home,W,2,0,Southampton,2.2,0.6,47.0,16.0,4.0,Leicester City,2021,12
1842,2021-01-19,20:15,Matchweek 18,Home,W,2,0,Chelsea,1.4,0.7,36.0,8.0,6.0,Leicester City,2021,12
1843,2021-01-27,20:15,Matchweek 20,Away,D,1,1,Everton,1.2,0.5,65.0,19.0,6.0,Leicester City,2021,12
1844,2021-01-31,14:00,Matchweek 21,Home,L,1,3,Leeds United,1.8,2.1,51.0,18.0,8.0,Leicester City,2021,12
1845,2021-02-03,18:00,Matchweek 22,Away,W,2,0,Fulham,1.4,0.6,43.0,9.0,5.0,Leicester City,2021,12
1846,2021-02-07,14:00,Matchweek 23,Away,D,0,0,Wolverhampton Wanderers,0.8,1.1,56.0,13.0,3.0,Leicester City,2021,12
1847,2021-02-13,12:30,Matchweek 24,Home,W,3,1,Liverpool,1.9,1.7,38.0,11.0,6.0,Leicester City,2021,12
1848,2021-02-21,14:05,Matchweek 25,Away,W,2,1,Aston Villa,1.1,1.4,49.0,16.0,7.0,Leicester City,2021,12
1849,2021-02-28,12:00,Matchweek 26,Home,L,1,3,Arsenal,0.4,2.3,44.0,8.0,3.0,Leicester City,2021,12
1850,2021-03-03,18:00,Matchweek 29,Away,D,1,1,Burnley,1.2,1.8,61.0,16.0,4.0,Leicester City,2021,12
1851,2021-03-06,20:00,Matchweek 27,Away,W,2,1,Brighton,0.9,0.8,63.0,8.0,4.0,Leicester City,2021,12
1852,2021-03-14,14:00,Matchweek 28,Home,W,5,0,Sheffield United,4.0,0.1,71.0,19.0,9.0,Leicester City,2021,12
1853,2021-04-03,17:30,Matchweek 30,Home,L,0,2,Manchester City,0.3,1.4,44.0,5.0,2.0,Leicester City,2021,12
1854,2021-04-11,14:05,Matchweek 31,Away,L,2,3,West Ham,0.9,0.8,63.0,15.0,4.0,Leicester City,2021,12
1855,2021-04-22,20:00,Matchweek 32,Home,W,3,0,West Brom,2.1,0.5,72.0,17.0,7.0,Leicester City,2021,12
1856,2021-04-26,20:00,Matchweek 33,Home,W,2,1,Crystal Palace,1.5,0.7,66.0,13.0,5.0,Leicester City,2021,12
1857,2021-04-30,20:00,Matchweek 34,Away,D,1,1,Southampton,1.9,0.9,70.0,23.0,9.0,Leicester City,2021,12
1858,2021-05-07,20:00,Matchweek 35,Home,L,2,4,Newcastle United,2.2,2.7,68.0,25.0,9.0,Leicester City,2021,12
1859,2021-05-11,18:00,Matchweek 36,Away,W,2,1,Manchester United,0.9,0.2,47.0,12.0,3.0,Leicester City,2021,12
1860,2021-05-18,20:15,Matchweek 37,Away,L,1,2,Chelsea,0.8,3.1,42.0,7.0,3.0,Leicester City,2021,12
1861,2021-05-23,16:00,Matchweek 38,Home,L,2,4,Tottenham Hotspur,1.9,1.5,47.0,8.0,4.0,Leicester City,2021,12
1862,2021-08-14,15:00,Matchweek 1,Home,W,1,0,Wolverhampton Wanderers,0.5,1.3,56.0,9.0,5.0,Leicester City,2022,12
1863,2021-08-23,20:00,Matchweek 2,Away,L,1,4,West Ham,0.6,2.3,48.0,5.0,1.0,Leicester City,2022,12
1864,2021-08-28,15:00,Matchweek 3,Away,W,2,1,Norwich City,1.5,1.5,55.0,9.0,3.0,Leicester City,2022,12
1865,2021-09-11,15:00,Matchweek 4,Home,L,0,1,Manchester City,0.6,2.8,39.0,6.0,1.0,Leicester City,2022,12
1866,2021-09-19,14:00,Matchweek 5,Away,L,1,2,Brighton,1.6,1.7,63.0,14.0,3.0,Leicester City,2022,12
1867,2021-09-25,15:00,Matchweek 6,Home,D,2,2,Burnley,2.4,0.5,66.0,22.0,4.0,Leicester City,2022,12
1868,2021-10-03,14:00,Matchweek 7,Away,D,2,2,Crystal Palace,1.2,1.5,40.0,9.0,5.0,Leicester City,2022,12
1869,2021-10-16,15:00,Matchweek 8,Home,W,4,2,Manchester United,2.4,1.2,49.0,22.0,11.0,Leicester City,2022,12
1870,2021-10-24,14:00,Matchweek 9,Away,W,2,1,Brentford,1.5,1.0,46.0,10.0,6.0,Leicester City,2022,12
1871,2021-10-30,12:30,Matchweek 10,Home,L,0,2,Arsenal,1.3,0.7,64.0,16.0,8.0,Leicester City,2022,12
1872,2021-11-07,14:00,Matchweek 11,Away,D,1,1,Leeds United,0.7,1.3,44.0,9.0,3.0,Leicester City,2022,12
1873,2021-11-20,12:30,Matchweek 12,Home,L,0,3,Chelsea,0.4,2.0,39.0,4.0,3.0,Leicester City,2022,12
1874,2021-11-28,14:00,Matchweek 13,Home,W,4,2,Watford,2.1,2.8,56.0,18.0,8.0,Leicester City,2022,12
1875,2021-12-01,19:30,Matchweek 14,Away,D,2,2,Southampton,1.5,1.5,55.0,15.0,6.0,Leicester City,2022,12
1876,2021-12-05,16:30,Matchweek 15,Away,L,1,2,Aston Villa,1.1,2.1,59.0,12.0,4.0,Leicester City,2022,12
1877,2021-12-12,14:00,Matchweek 16,Home,W,4,0,Newcastle United,2.6,1.0,47.0,7.0,4.0,Leicester City,2022,12
1878,2021-12-26,15:00,Matchweek 19,Away,L,3,6,Manchester City,2.7,3.6,28.0,14.0,8.0,Leicester City,2022,12
1879,2021-12-28,20:00,Matchweek 20,Home,W,1,0,Liverpool,0.4,2.3,37.0,6.0,1.0,Leicester City,2022,12
1880,2022-01-19,19:30,Matchweek 17,Home,L,2,3,Tottenham Hotspur,1.2,3.1,49.0,14.0,4.0,Leicester City,2022,12
1881,2022-01-23,14:00,Matchweek 23,Home,D,1,1,Brighton,1.4,1.1,44.0,15.0,5.0,Leicester City,2022,12
1882,2022-02-10,19:45,Matchweek 24,Away,L,0,2,Liverpool,0.5,1.8,36.0,5.0,1.0,Leicester City,2022,12
1883,2022-02-13,16:30,Matchweek 25,Home,D,2,2,West Ham,1.4,1.1,55.0,12.0,1.0,Leicester City,2022,12
1884,2022-02-20,16:30,Matchweek 26,Away,L,1,2,Wolverhampton Wanderers,1.7,0.5,63.0,17.0,7.0,Leicester City,2022,12
1885,2022-03-01,19:45,Matchweek 22,Away,W,2,0,Burnley,1.5,0.9,55.0,22.0,6.0,Leicester City,2022,12
1886,2022-03-05,12:30,Matchweek 28,Home,W,1,0,Leeds United,0.4,1.7,51.0,7.0,4.0,Leicester City,2022,12
1887,2022-03-13,16:30,Matchweek 29,Away,L,0,2,Arsenal,0.4,2.4,54.0,6.0,3.0,Leicester City,2022,12
1888,2022-03-20,14:00,Matchweek 30,Home,W,2,1,Brentford,1.0,1.3,52.0,12.0,4.0,Leicester City,2022,12
1889,2022-04-02,17:30,Matchweek 31,Away,D,1,1,Manchester United,0.8,0.9,46.0,11.0,3.0,Leicester City,2022,12
1890,2022-04-10,14:00,Matchweek 32,Home,W,2,1,Crystal Palace,1.0,1.4,51.0,12.0,3.0,Leicester City,2022,12
1891,2022-04-17,14:15,Matchweek 33,Away,L,1,2,Newcastle United,0.6,1.8,68.0,8.0,2.0,Leicester City,2022,12
1892,2022-04-20,19:45,Matchweek 18,Away,D,1,1,Everton,0.9,1.8,63.0,11.0,3.0,Leicester City,2022,12
1893,2022-04-23,15:00,Matchweek 34,Home,D,0,0,Aston Villa,0.3,0.9,64.0,5.0,2.0,Leicester City,2022,12
1894,2022-05-01,14:00,Matchweek 35,Away,L,1,3,Tottenham Hotspur,0.5,1.2,60.0,6.0,2.0,Leicester City,2022,12
1895,2022-05-08,14:00,Matchweek 36,Home,L,1,2,Everton,1.5,1.1,66.0,16.0,8.0,Leicester City,2022,12
1896,2022-05-11,19:45,Matchweek 21,Home,W,3,0,Norwich City,2.0,1.1,65.0,20.0,8.0,Leicester City,2022,12
1897,2022-05-15,14:00,Matchweek 37,Away,W,5,1,Watford,2.5,1.4,59.0,13.0,7.0,Leicester City,2022,12
1898,2022-05-19,20:00,Matchweek 27,Away,D,1,1,Chelsea,0.1,1.6,33.0,2.0,1.0,Leicester City,2022,12
1899,2022-05-22,16:00,Matchweek 38,Home,W,4,1,Southampton,3.4,1.1,51.0,12.0,6.0,Leicester City,2022,12
1900,2022-08-07,14:00,Matchweek 1,Home,D,2,2,Brentford,0.6,0.8,56.0,14.0,5.0,Leicester City,2023,12
1901,2022-08-13,15:00,Matchweek 2,Away,L,2,4,Arsenal,0.5,2.7,50.0,6.0,2.0,Leicester City,2023,12
1902,2022-08-20,15:00,Matchweek 3,Home,L,1,2,Southampton,0.3,0.9,62.0,6.0,1.0,Leicester City,2023,12
1903,2022-08-27,15:00,Matchweek 4,Away,L,1,2,Chelsea,2.5,1.8,55.0,17.0,5.0,Leicester City,2023,12
1904,2022-09-01,20:00,Matchweek 5,Home,L,0,1,Manchester United,0.7,1.5,53.0,10.0,2.0,Leicester City,2023,12
1905,2022-09-04,14:00,Matchweek 6,Away,L,2,5,Brighton,1.4,2.6,47.0,6.0,4.0,Leicester City,2023,12
1906,2022-09-17,17:30,Matchweek 8,Away,L,2,6,Tottenham Hotspur,1.8,2.2,56.0,18.0,6.0,Leicester City,2023,12
1907,2022-10-03,20:00,Matchweek 9,Home,W,4,0,Nottingham Forest,1.3,1.1,51.0,17.0,7.0,Leicester City,2023,12
1908,2022-10-08,15:00,Matchweek 10,Away,L,1,2,Bournemouth,1.0,1.1,55.0,9.0,5.0,Leicester City,2023,12
1909,2022-10-15,12:30,Matchweek 11,Home,D,0,0,Crystal Palace,1.0,0.4,54.0,14.0,5.0,Leicester City,2023,12
1910,2022-10-20,20:15,Matchweek 12,Home,W,2,0,Leeds United,0.8,1.3,46.0,5.0,1.0,Leicester City,2023,12
1911,2022-10-23,14:00,Matchweek 13,Away,W,4,0,Wolverhampton Wanderers,0.9,2.1,40.0,5.0,4.0,Leicester City,2023,12
1912,2022-10-29,12:30,Matchweek 14,Home,L,0,1,Manchester City,0.7,1.0,36.0,10.0,5.0,Leicester City,2023,12
1913,2022-11-05,17:30,Matchweek 15,Away,W,2,0,Everton,2.3,1.2,51.0,22.0,8.0,Leicester City,2023,12
1914,2022-11-12,15:00,Matchweek 16,Away,W,2,0,West Ham,1.8,1.4,46.0,8.0,5.0,Leicester City,2023,12
1915,2022-12-26,15:00,Matchweek 17,Home,L,0,3,Newcastle United,0.5,1.9,60.0,8.0,2.0,Leicester City,2023,12
1916,2022-12-30,20:00,Matchweek 18,Away,L,1,2,Liverpool,1.0,2.2,43.0,7.0,2.0,Leicester City,2023,12
1917,2023-01-03,19:45,Matchweek 19,Home,L,0,1,Fulham,1.7,1.7,61.0,15.0,6.0,Leicester City,2023,12
1918,2023-01-14,15:00,Matchweek 20,Away,L,0,2,Nottingham Forest,1.0,2.4,61.0,6.0,1.0,Leicester City,2023,12
1919,2023-01-21,15:00,Matchweek 21,Home,D,2,2,Brighton,0.9,1.7,37.0,9.0,2.0,Leicester City,2023,12
1920,2023-02-04,15:00,Matchweek 22,Away,W,4,2,Aston Villa,2.6,1.7,38.0,9.0,5.0,Leicester City,2023,12
1921,2023-02-11,15:00,Matchweek 23,Home,W,4,1,Tottenham Hotspur,1.7,1.3,49.0,15.0,6.0,Leicester City,2023,12
1922,2023-02-19,14:00,Matchweek 24,Away,L,0,3,Manchester United,1.6,4.4,43.0,19.0,3.0,Leicester City,2023,12
1923,2023-02-25,15:00,Matchweek 25,Home,L,0,1,Arsenal,0.0,0.7,35.0,1.0,0.0,Leicester City,2023,12
1924,2023-03-04,17:30,Matchweek 26,Away,L,0,1,Southampton,1.9,1.4,65.0,11.0,0.0,Leicester City,2023,12
1925,2023-03-11,15:00,Matchweek 27,Home,L,1,3,Chelsea,2.4,1.6,48.0,17.0,6.0,Leicester City,2023,12
1926,2023-03-18,15:00,Matchweek 28,Away,D,1,1,Brentford,1.3,0.6,47.0,14.0,1.0,Leicester City,2023,12
1927,2023-04-01,15:00,Matchweek 29,Away,L,1,2,Crystal Palace,0.2,2.3,48.0,3.0,2.0,Leicester City,2023,12
1928,2023-04-04,19:45,Matchweek 7,Home,L,1,2,Aston Villa,0.5,1.0,36.0,9.0,4.0,Leicester City,2023,12
1929,2023-04-08,15:00,Matchweek 30,Home,L,0,1,Bournemouth,0.6,1.9,51.0,14.0,4.0,Leicester City,2023,12
1930,2023-04-15,17:30,Matchweek 31,Away,L,1,3,Manchester City,2.3,1.6,30.0,11.0,4.0,Leicester City,2023,12
1931,2023-04-22,15:00,Matchweek 32,Home,W,2,1,Wolverhampton Wanderers,2.4,0.9,42.0,14.0,6.0,Leicester City,2023,12
1932,2023-04-25,20:00,Matchweek 33,Away,D,1,1,Leeds United,2.1,1.5,59.0,15.0,3.0,Leicester City,2023,12
1933,2023-05-01,20:00,Matchweek 34,Home,D,2,2,Everton,3.4,3.1,54.0,14.0,4.0,Leicester City,2023,12
1934,2023-05-08,15:00,Matchweek 35,Away,L,3,5,Fulham,2.8,1.6,43.0,16.0,7.0,Leicester City,2023,12
1935,2023-05-15,20:00,Matchweek 36,Home,L,0,3,Liverpool,0.4,2.2,34.0,4.0,4.0,Leicester City,2023,12
1936,2023-05-22,20:00,Matchweek 37,Away,D,0,0,Newcastle United,0.1,2.1,23.0,1.0,1.0,Leicester City,2023,12
1937,2023-05-28,16:30,Matchweek 38,Home,W,2,1,West Ham,1.4,1.4,48.0,13.0,4.0,Leicester City,2023,12
1938,2024-08-19,20:00,Matchweek 1,Home,D,1,1,Tottenham Hotspur,1.0,1.2,30.0,7.0,3.0,Leicester City,2025,12
1939,2024-08-24,15:00,Matchweek 2,Away,L,1,2,Fulham,0.6,1.8,46.0,10.0,4.0,Leicester City,2025,12
1940,2024-08-31,15:00,Matchweek 3,Home,L,1,2,Aston Villa,0.4,1.4,57.0,9.0,3.0,Leicester City,2025,12
1941,2024-09-14,15:00,Matchweek 4,Away,D,2,2,Crystal Palace,1.2,2.5,34.0,9.0,4.0,Leicester City,2025,12
1942,2024-09-21,15:00,Matchweek 5,Home,D,1,1,Everton,0.7,1.1,58.0,12.0,2.0,Leicester City,2025,12
1943,2024-09-28,15:00,Matchweek 6,Away,L,2,4,Arsenal,0.3,4.4,26.0,5.0,3.0,Leicester City,2025,12
1944,2024-10-05,15:00,Matchweek 7,Home,W,1,0,Bournemouth,0.8,2.1,45.0,6.0,2.0,Leicester City,2025,12
1945,2024-10-19,15:00,Matchweek 8,Away,W,3,2,Southampton,3.1,2.1,58.0,17.0,3.0,Leicester City,2025,12
1946,2024-10-25,20:00,Matchweek 9,Home,L,1,3,Nottingham Forest,0.8,1.7,65.0,11.0,1.0,Leicester City,2025,12
1947,2024-11-02,15:00,Matchweek 10,Away,D,1,1,Ipswich Town,1.5,1.0,57.0,20.0,5.0,Leicester City,2025,12
1948,2024-11-10,14:00,Matchweek 11,Away,L,0,3,Manchester United,0.6,0.8,49.0,6.0,5.0,Leicester City,2025,12
1949,2024-11-23,12:30,Matchweek 12,Home,L,1,2,Chelsea,1.1,2.7,37.0,3.0,0.0,Leicester City,2025,12
1950,2024-11-30,15:00,Matchweek 13,Away,L,1,4,Brentford,1.1,2.4,40.0,7.0,3.0,Leicester City,2025,12
1951,2024-12-03,20:15,Matchweek 14,Home,W,3,1,West Ham,1.7,3.0,39.0,8.0,6.0,Leicester City,2025,12
1952,2024-12-08,14:00,Matchweek 15,Home,D,2,2,Brighton,1.3,1.5,56.0,10.0,3.0,Leicester City,2025,12
1953,2024-12-14,15:00,Matchweek 16,Away,L,0,4,Newcastle United,0.2,3.8,41.0,4.0,1.0,Leicester City,2025,12
1954,2024-12-22,14:00,Matchweek 17,Home,L,0,3,Wolverhampton Wanderers,0.8,1.1,54.0,9.0,4.0,Leicester City,2025,12
1955,2024-12-26,20:00,Matchweek 18,Away,L,1,3,Liverpool,0.3,2.0,32.0,4.0,1.0,Leicester City,2025,12
1956,2024-12-29,14:30,Matchweek 19,Home,L,0,2,Manchester City,1.3,1.3,53.0,11.0,3.0,Leicester City,2025,12
1957,2025-01-04,15:00,Matchweek 20,Away,L,1,2,Aston Villa,0.4,1.4,40.0,4.0,2.0,Leicester City,2025,12
1958,2025-01-15,19:30,Matchweek 21,Home,L,0,2,Crystal Palace,1.7,1.8,57.0,21.0,4.0,Leicester City,2025,12
1959,2025-01-18,15:00,Matchweek 22,Home,L,0,2,Fulham,0.6,2.0,40.0,8.0,4.0,Leicester City,2025,12
1960,2025-01-26,14:00,Matchweek 23,Away,W,2,1,Tottenham Hotspur,1.6,1.0,39.0,12.0,3.0,Leicester City,2025,12
1961,2025-02-01,15:00,Matchweek 24,Away,L,0,4,Everton,0.3,2.5,52.0,9.0,1.0,Leicester City,2025,12
1962,2025-02-15,12:30,Matchweek 25,Home,L,0,2,Arsenal,0.2,1.4,40.0,6.0,2.0,Leicester City,2025,12
1963,2025-02-21,20:00,Matchweek 26,Home,L,0,4,Brentford,0.5,1.5,48.0,8.0,3.0,Leicester City,2025,12
1964,2025-02-27,20:00,Matchweek 27,Away,L,0,2,West Ham,0.4,1.3,42.0,10.0,2.0,Leicester City,2025,12
1965,2025-03-09,14:00,Matchweek 28,Away,L,0,1,Chelsea,0.1,1.7,44.0,3.0,3.0,Leicester City,2025,12
1966,2025-03-16,19:00,Matchweek 29,Home,L,0,3,Manchester United,1.0,0.9,53.0,11.0,3.0,Leicester City,2025,12
1967,2025-04-02,19:45,Matchweek 30,Away,L,0,2,Manchester City,0.1,2.2,28.0,2.0,0.0,Leicester City,2025,12
1968,2025-04-07,20:00,Matchweek 31,Home,L,0,3,Newcastle United,0.5,3.2,58.0,7.0,2.0,Leicester City,2025,12
1969,2025-04-12,15:00,Matchweek 32,Away,D,2,2,Brighton,1.5,3.8,41.0,15.0,6.0,Leicester City,2025,12
1970,2025-04-20,16:30,Matchweek 33,Home,L,0,1,Liverpool,0.3,2.5,42.0,5.0,0.0,Leicester City,2025,12
1971,2025-04-26,15:00,Matchweek 34,Away,L,0,3,Wolverhampton Wanderers,1.1,2.0,44.0,7.0,1.0,Leicester City,2025,12
1972,2025-05-03,15:00,Matchweek 35,Home,W,2,0,Southampton,1.4,0.5,49.0,14.0,4.0,Leicester City,2025,12
1973,2025-05-11,14:15,Matchweek 36,Away,D,2,2,Nottingham Forest,1.1,1.3,45.0,10.0,6.0,Leicester City,2025,12
1974,2025-05-18,15:00,Matchweek 37,Home,W,2,0,Ipswich Town,0.8,1.4,50.0,9.0,3.0,Leicester City,2025,12
1975,2025-05-25,16:00,Matchweek 38,Away,L,0,2,Bournemouth,0.3,1.6,37.0,3.0,0.0,Leicester City,2025,12
1976,2020-09-12,17:30,Matchweek 1,Home,W,4,3,Leeds United,2.7,0.3,49.0,20.0,4.0,Liverpool,2021,13
1977,2020-09-20,16:30,Matchweek 2,Away,W,2,0,Chelsea,2.1,0.9,61.0,18.0,5.0,Liverpool,2021,13
1978,2020-09-28,20:00,Matchweek 3,Home,W,3,1,Arsenal,2.7,1.3,66.0,21.0,8.0,Liverpool,2021,13
1979,2020-10-04,19:15,Matchweek 4,Away,L,2,7,Aston Villa,1.8,2.7,69.0,14.0,8.0,Liverpool,2021,13
1980,2020-10-17,12:30,Matchweek 5,Away,D,2,2,Everton,2.6,1.2,58.0,22.0,8.0,Liverpool,2021,13
1981,2020-10-24,20:00,Matchweek 6,Home,W,2,1,Sheffield United,2.3,1.6,62.0,17.0,5.0,Liverpool,2021,13
1982,2020-10-31,17:30,Matchweek 7,Home,W,2,1,West Ham,1.7,0.3,72.0,8.0,4.0,Liverpool,2021,13
1983,2020-11-08,16:30,Matchweek 8,Away,D,1,1,Manchester City,1.2,1.4,46.0,9.0,2.0,Liverpool,2021,13
1984,2020-11-22,19:15,Matchweek 9,Home,W,3,0,Leicester City,3.1,1.6,56.0,24.0,11.0,Liverpool,2021,13
1985,2020-11-28,12:30,Matchweek 10,Away,D,1,1,Brighton,0.2,2.3,60.0,6.0,2.0,Liverpool,2021,13
1986,2020-12-06,19:15,Matchweek 11,Home,W,4,0,Wolverhampton Wanderers,1.2,0.4,60.0,11.0,6.0,Liverpool,2021,13
1987,2020-12-13,16:30,Matchweek 12,Away,D,1,1,Fulham,1.8,1.5,74.0,11.0,5.0,Liverpool,2021,13
1988,2020-12-16,20:00,Matchweek 13,Home,W,2,1,Tottenham Hotspur,1.0,1.1,75.0,17.0,11.0,Liverpool,2021,13
1989,2020-12-19,12:30,Matchweek 14,Away,W,7,0,Crystal Palace,2.5,0.3,64.0,14.0,7.0,Liverpool,2021,13
1990,2020-12-27,16:30,Matchweek 15,Home,D,1,1,West Brom,1.5,0.6,77.0,17.0,2.0,Liverpool,2021,13
1991,2020-12-30,20:00,Matchweek 16,Away,D,0,0,Newcastle United,1.4,0.5,72.0,11.0,4.0,Liverpool,2021,13
1992,2021-01-04,20:00,Matchweek 17,Away,L,0,1,Southampton,1.5,0.4,66.0,17.0,1.0,Liverpool,2021,13
1993,2021-01-17,16:30,Matchweek 19,Home,D,0,0,Manchester United,1.2,1.1,65.0,17.0,3.0,Liverpool,2021,13
1994,2021-01-21,20:00,Matchweek 18,Home,L,0,1,Burnley,1.6,1.1,72.0,27.0,6.0,Liverpool,2021,13
1995,2021-01-28,20:00,Matchweek 20,Away,W,3,1,Tottenham Hotspur,2.5,0.1,50.0,14.0,7.0,Liverpool,2021,13
1996,2021-01-31,16:30,Matchweek 21,Away,W,3,1,West Ham,2.0,0.8,67.0,14.0,5.0,Liverpool,2021,13
1997,2021-02-03,20:15,Matchweek 22,Home,L,0,1,Brighton,1.0,1.3,63.0,11.0,1.0,Liverpool,2021,13
1998,2021-02-07,16:30,Matchweek 23,Home,L,1,4,Manchester City,1.2,3.5,56.0,7.0,2.0,Liverpool,2021,13
1999,2021-02-13,12:30,Matchweek 24,Away,L,1,3,Leicester City,1.7,1.9,62.0,15.0,4.0,Liverpool,2021,13
2000,2021-02-20,17:30,Matchweek 25,Home,L,0,2,Everton,1.4,1.6,71.0,15.0,6.0,Liverpool,2021,13
2001,2021-02-28,19:15,Matchweek 26,Away,W,2,0,Sheffield United,2.7,0.7,60.0,16.0,8.0,Liverpool,2021,13
2002,2021-03-04,20:15,Matchweek 29,Home,L,0,1,Chelsea,0.3,1.0,54.0,7.0,1.0,Liverpool,2021,13
2003,2021-03-07,14:00,Matchweek 27,Home,L,0,1,Fulham,0.9,1.3,63.0,16.0,3.0,Liverpool,2021,13
2004,2021-03-15,20:00,Matchweek 28,Away,W,1,0,Wolverhampton Wanderers,0.9,1.1,47.0,12.0,4.0,Liverpool,2021,13
2005,2021-04-03,20:00,Matchweek 30,Away,W,3,0,Arsenal,2.4,0.1,64.0,16.0,7.0,Liverpool,2021,13
2006,2021-04-10,15:00,Matchweek 31,Home,W,2,1,Aston Villa,2.3,0.5,65.0,23.0,10.0,Liverpool,2021,13
2007,2021-04-19,20:00,Matchweek 32,Away,D,1,1,Leeds United,1.4,2.3,39.0,17.0,7.0,Liverpool,2021,13
2008,2021-04-24,12:30,Matchweek 33,Home,D,1,1,Newcastle United,2.4,1.0,68.0,22.0,9.0,Liverpool,2021,13
2009,2021-05-08,20:15,Matchweek 35,Home,W,2,0,Southampton,1.7,1.1,54.0,14.0,6.0,Liverpool,2021,13
2010,2021-05-13,20:15,Matchweek 34,Away,W,4,2,Manchester United,2.7,1.9,47.0,17.0,8.0,Liverpool,2021,13
2011,2021-05-16,16:30,Matchweek 36,Away,W,2,1,West Brom,1.9,1.0,76.0,26.0,6.0,Liverpool,2021,13
2012,2021-05-19,20:15,Matchweek 37,Away,W,3,0,Burnley,2.6,0.8,59.0,20.0,3.0,Liverpool,2021,13
2013,2021-05-23,16:00,Matchweek 38,Home,W,2,0,Crystal Palace,1.6,0.6,69.0,19.0,5.0,Liverpool,2021,13
2014,2021-08-14,17:30,Matchweek 1,Away,W,3,0,Norwich City,1.6,1.4,50.0,19.0,6.0,Liverpool,2022,13
2015,2021-08-21,12:30,Matchweek 2,Home,W,2,0,Burnley,2.7,0.9,65.0,27.0,8.0,Liverpool,2022,13
2016,2021-08-28,17:30,Matchweek 3,Home,D,1,1,Chelsea,2.5,0.6,65.0,23.0,6.0,Liverpool,2022,13
2017,2021-09-12,16:30,Matchweek 4,Away,W,3,0,Leeds United,4.3,1.2,56.0,30.0,8.0,Liverpool,2022,13
2018,2021-09-18,15:00,Matchweek 5,Home,W,3,0,Crystal Palace,3.1,0.6,59.0,25.0,10.0,Liverpool,2022,13
2019,2021-09-25,17:30,Matchweek 6,Away,D,3,3,Brentford,2.8,2.1,67.0,16.0,5.0,Liverpool,2022,13
2020,2021-10-03,16:30,Matchweek 7,Home,D,2,2,Manchester City,0.9,1.2,49.0,6.0,3.0,Liverpool,2022,13
2021,2021-10-16,12:30,Matchweek 8,Away,W,5,0,Watford,3.3,0.5,75.0,19.0,8.0,Liverpool,2022,13
2022,2021-10-24,16:30,Matchweek 9,Away,W,5,0,Manchester United,3.4,1.6,62.0,19.0,8.0,Liverpool,2022,13
2023,2021-10-30,15:00,Matchweek 10,Home,D,2,2,Brighton,1.5,1.0,58.0,14.0,3.0,Liverpool,2022,13
2024,2021-11-07,16:30,Matchweek 11,Away,L,2,3,West Ham,1.2,1.0,69.0,16.0,5.0,Liverpool,2022,13
2025,2021-11-20,17:30,Matchweek 12,Home,W,4,0,Arsenal,4.3,0.4,62.0,19.0,9.0,Liverpool,2022,13
2026,2021-11-27,15:00,Matchweek 13,Home,W,4,0,Southampton,2.9,1.0,64.0,20.0,6.0,Liverpool,2022,13
2027,2021-12-01,20:15,Matchweek 14,Away,W,4,1,Everton,2.4,0.7,67.0,16.0,7.0,Liverpool,2022,13
2028,2021-12-04,15:00,Matchweek 15,Away,W,1,0,Wolverhampton Wanderers,2.7,0.1,66.0,17.0,4.0,Liverpool,2022,13
2029,2021-12-11,15:00,Matchweek 16,Home,W,1,0,Aston Villa,2.2,0.2,62.0,19.0,4.0,Liverpool,2022,13
2030,2021-12-16,20:00,Matchweek 17,Home,W,3,1,Newcastle United,2.7,0.3,74.0,23.0,8.0,Liverpool,2022,13
2031,2021-12-19,16:30,Matchweek 18,Away,D,2,2,Tottenham Hotspur,1.1,3.0,56.0,18.0,6.0,Liverpool,2022,13
2032,2021-12-28,20:00,Matchweek 20,Away,L,0,1,Leicester City,2.3,0.4,63.0,20.0,3.0,Liverpool,2022,13
2033,2022-01-02,16:30,Matchweek 21,Away,D,2,2,Chelsea,1.3,1.2,46.0,10.0,6.0,Liverpool,2022,13
2034,2022-01-16,14:00,Matchweek 22,Home,W,3,0,Brentford,2.7,0.7,68.0,27.0,13.0,Liverpool,2022,13
2035,2022-01-23,14:00,Matchweek 23,Away,W,3,1,Crystal Palace,1.9,2.2,57.0,13.0,6.0,Liverpool,2022,13
2036,2022-02-10,19:45,Matchweek 24,Home,W,2,0,Leicester City,1.8,0.5,64.0,22.0,11.0,Liverpool,2022,13
2037,2022-02-13,14:00,Matchweek 25,Away,W,1,0,Burnley,1.7,1.5,66.0,12.0,4.0,Liverpool,2022,13
2038,2022-02-19,15:00,Matchweek 26,Home,W,3,1,Norwich City,3.6,0.6,69.0,29.0,7.0,Liverpool,2022,13
2039,2022-02-23,19:45,Matchweek 19,Home,W,6,0,Leeds United,5.9,0.2,63.0,21.0,12.0,Liverpool,2022,13
2040,2022-03-05,17:30,Matchweek 28,Home,W,1,0,West Ham,2.4,1.3,68.0,22.0,5.0,Liverpool,2022,13
2041,2022-03-12,12:30,Matchweek 29,Away,W,2,0,Brighton,2.2,0.5,48.0,17.0,8.0,Liverpool,2022,13
2042,2022-03-16,20:15,Matchweek 27,Away,W,2,0,Arsenal,0.8,0.5,51.0,9.0,3.0,Liverpool,2022,13
2043,2022-04-02,12:30,Matchweek 31,Home,W,2,0,Watford,2.2,0.6,73.0,19.0,2.0,Liverpool,2022,13
2044,2022-04-10,16:30,Matchweek 32,Away,D,2,2,Manchester City,1.3,1.3,45.0,6.0,4.0,Liverpool,2022,13
2045,2022-04-19,20:00,Matchweek 30,Home,W,4,0,Manchester United,2.0,0.1,71.0,14.0,5.0,Liverpool,2022,13
2046,2022-04-24,16:30,Matchweek 34,Home,W,2,0,Everton,1.7,0.4,82.0,18.0,4.0,Liverpool,2022,13
2047,2022-04-30,12:30,Matchweek 35,Away,W,1,0,Newcastle United,2.3,0.2,64.0,24.0,10.0,Liverpool,2022,13
2048,2022-05-07,19:45,Matchweek 36,Home,D,1,1,Tottenham Hotspur,1.3,0.9,64.0,22.0,3.0,Liverpool,2022,13
2049,2022-05-10,20:00,Matchweek 33,Away,W,2,1,Aston Villa,1.8,1.4,60.0,17.0,5.0,Liverpool,2022,13
2050,2022-05-17,19:45,Matchweek 37,Away,W,2,1,Southampton,1.3,0.1,70.0,24.0,5.0,Liverpool,2022,13
2051,2022-05-22,16:00,Matchweek 38,Home,W,3,1,Wolverhampton Wanderers,2.7,1.3,63.0,29.0,7.0,Liverpool,2022,13
2052,2022-08-06,12:30,Matchweek 1,Away,D,2,2,Fulham,1.2,1.2,67.0,11.0,3.0,Liverpool,2023,13
2053,2022-08-15,20:00,Matchweek 2,Home,D,1,1,Crystal Palace,2.0,1.0,72.0,24.0,4.0,Liverpool,2023,13
2054,2022-08-22,20:00,Matchweek 3,Away,L,1,2,Manchester United,1.3,1.8,70.0,17.0,5.0,Liverpool,2023,13
2055,2022-08-27,15:00,Matchweek 4,Home,W,9,0,Bournemouth,3.3,0.3,69.0,19.0,12.0,Liverpool,2023,13
2056,2022-08-31,20:00,Matchweek 5,Home,W,2,1,Newcastle United,1.5,0.7,72.0,23.0,6.0,Liverpool,2023,13
2057,2022-09-03,12:30,Matchweek 6,Away,D,0,0,Everton,2.1,1.7,61.0,23.0,8.0,Liverpool,2023,13
2058,2022-10-01,15:00,Matchweek 9,Home,D,3,3,Brighton,1.5,1.4,54.0,15.0,7.0,Liverpool,2023,13
2059,2022-10-09,16:30,Matchweek 10,Away,L,2,3,Arsenal,1.1,2.7,57.0,8.0,3.0,Liverpool,2023,13
2060,2022-10-16,16:30,Matchweek 11,Home,W,1,0,Manchester City,2.1,1.0,37.0,13.0,2.0,Liverpool,2023,13
2061,2022-10-19,19:30,Matchweek 12,Home,W,1,0,West Ham,1.7,1.7,54.0,22.0,7.0,Liverpool,2023,13
2062,2022-10-22,12:30,Matchweek 13,Away,L,0,1,Nottingham Forest,1.6,1.9,75.0,15.0,7.0,Liverpool,2023,13
2063,2022-10-29,19:45,Matchweek 14,Home,L,1,2,Leeds United,1.7,1.8,68.0,22.0,10.0,Liverpool,2023,13
2064,2022-11-06,16:30,Matchweek 15,Away,W,2,1,Tottenham Hotspur,1.2,1.2,53.0,13.0,6.0,Liverpool,2023,13
2065,2022-11-12,15:00,Matchweek 16,Home,W,3,1,Southampton,1.9,1.1,60.0,15.0,7.0,Liverpool,2023,13
2066,2022-12-26,17:30,Matchweek 17,Away,W,3,1,Aston Villa,2.7,1.4,52.0,16.0,9.0,Liverpool,2023,13
2067,2022-12-30,20:00,Matchweek 18,Home,W,2,1,Leicester City,2.2,1.0,57.0,21.0,5.0,Liverpool,2023,13
2068,2023-01-02,17:30,Matchweek 19,Away,L,1,3,Brentford,0.9,1.6,72.0,16.0,5.0,Liverpool,2023,13
2069,2023-01-14,15:00,Matchweek 20,Away,L,0,3,Brighton,1.0,1.9,39.0,6.0,2.0,Liverpool,2023,13
2070,2023-01-21,12:30,Matchweek 21,Home,D,0,0,Chelsea,1.4,1.6,48.0,15.0,3.0,Liverpool,2023,13
2071,2023-02-04,15:00,Matchweek 22,Away,L,0,3,Wolverhampton Wanderers,1.8,2.0,59.0,22.0,2.0,Liverpool,2023,13
2072,2023-02-13,20:00,Matchweek 23,Home,W,2,0,Everton,2.3,0.4,59.0,15.0,6.0,Liverpool,2023,13
2073,2023-02-18,17:30,Matchweek 24,Away,W,2,0,Newcastle United,1.9,2.0,62.0,13.0,7.0,Liverpool,2023,13
2074,2023-02-25,19:45,Matchweek 25,Away,D,0,0,Crystal Palace,0.9,0.7,63.0,12.0,4.0,Liverpool,2023,13
2075,2023-03-01,20:00,Matchweek 7,Home,W,2,0,Wolverhampton Wanderers,2.6,0.8,57.0,15.0,6.0,Liverpool,2023,13
2076,2023-03-05,16:30,Matchweek 26,Home,W,7,0,Manchester United,2.8,0.8,59.0,18.0,8.0,Liverpool,2023,13
2077,2023-03-11,12:30,Matchweek 27,Away,L,0,1,Bournemouth,1.7,0.9,69.0,14.0,5.0,Liverpool,2023,13
2078,2023-04-01,12:30,Matchweek 29,Away,L,1,4,Manchester City,0.3,2.9,32.0,4.0,1.0,Liverpool,2023,13
2079,2023-04-04,20:00,Matchweek 8,Away,D,0,0,Chelsea,0.3,2.2,51.0,7.0,3.0,Liverpool,2023,13
2080,2023-04-09,16:30,Matchweek 30,Home,D,2,2,Arsenal,3.9,1.4,59.0,20.0,6.0,Liverpool,2023,13
2081,2023-04-17,20:00,Matchweek 31,Away,W,6,1,Leeds United,2.7,1.4,73.0,13.0,7.0,Liverpool,2023,13
2082,2023-04-22,15:00,Matchweek 32,Home,W,3,2,Nottingham Forest,2.8,0.9,80.0,18.0,5.0,Liverpool,2023,13
2083,2023-04-26,19:45,Matchweek 33,Away,W,2,1,West Ham,1.9,0.8,72.0,20.0,4.0,Liverpool,2023,13
2084,2023-04-30,16:30,Matchweek 34,Home,W,4,3,Tottenham Hotspur,2.2,2.0,67.0,11.0,3.0,Liverpool,2023,13
2085,2023-05-03,20:00,Matchweek 28,Home,W,1,0,Fulham,1.8,0.9,57.0,14.0,2.0,Liverpool,2023,13
2086,2023-05-06,17:30,Matchweek 35,Home,W,1,0,Brentford,2.2,0.2,54.0,15.0,5.0,Liverpool,2023,13
2087,2023-05-15,20:00,Matchweek 36,Away,W,3,0,Leicester City,2.2,0.4,66.0,16.0,5.0,Liverpool,2023,13
2088,2023-05-20,15:00,Matchweek 37,Home,D,1,1,Aston Villa,0.7,1.3,66.0,10.0,5.0,Liverpool,2023,13
2089,2023-05-28,16:30,Matchweek 38,Away,D,4,4,Southampton,4.0,1.8,69.0,30.0,8.0,Liverpool,2023,13
2090,2023-08-13,16:30,Matchweek 1,Away,D,1,1,Chelsea,1.3,1.4,35.0,13.0,1.0,Liverpool,2024,13
2091,2023-08-19,15:00,Matchweek 2,Home,W,3,1,Bournemouth,3.0,1.3,64.0,25.0,9.0,Liverpool,2024,13
2092,2023-08-27,16:30,Matchweek 3,Away,W,2,1,Newcastle United,0.9,2.0,41.0,9.0,4.0,Liverpool,2024,13
2093,2023-09-03,14:00,Matchweek 4,Home,W,3,0,Aston Villa,2.5,0.7,63.0,17.0,4.0,Liverpool,2024,13
2094,2023-09-16,12:30,Matchweek 5,Away,W,3,1,Wolverhampton Wanderers,2.5,0.6,65.0,16.0,5.0,Liverpool,2024,13
2095,2023-09-24,14:00,Matchweek 6,Home,W,3,1,West Ham,3.0,1.1,63.0,21.0,6.0,Liverpool,2024,13
2096,2023-09-30,17:30,Matchweek 7,Away,L,1,2,Tottenham Hotspur,1.3,2.2,36.0,12.0,4.0,Liverpool,2024,13
2097,2023-10-08,14:00,Matchweek 8,Away,D,2,2,Brighton,2.3,2.3,54.0,13.0,3.0,Liverpool,2024,13
2098,2023-10-21,12:30,Matchweek 9,Home,W,2,0,Everton,2.2,0.1,77.0,25.0,5.0,Liverpool,2024,13
2099,2023-10-29,14:00,Matchweek 10,Home,W,3,0,Nottingham Forest,3.2,0.4,72.0,21.0,8.0,Liverpool,2024,13
2100,2023-11-05,16:30,Matchweek 11,Away,D,1,1,Luton Town,2.6,0.8,73.0,24.0,6.0,Liverpool,2024,13
2101,2023-11-12,14:00,Matchweek 12,Home,W,3,0,Brentford,1.7,1.6,58.0,17.0,10.0,Liverpool,2024,13
2102,2023-11-25,12:30,Matchweek 13,Away,D,1,1,Manchester City,0.6,1.3,41.0,8.0,3.0,Liverpool,2024,13
2103,2023-12-03,14:00,Matchweek 14,Home,W,4,3,Fulham,2.1,1.2,61.0,26.0,12.0,Liverpool,2024,13
2104,2023-12-06,19:30,Matchweek 15,Away,W,2,0,Sheffield United,1.7,1.0,75.0,15.0,8.0,Liverpool,2024,13
2105,2023-12-09,12:30,Matchweek 16,Away,W,2,1,Crystal Palace,1.2,1.7,76.0,14.0,2.0,Liverpool,2024,13
2106,2023-12-17,16:30,Matchweek 17,Home,D,0,0,Manchester United,2.3,0.8,68.0,34.0,8.0,Liverpool,2024,13
2107,2023-12-23,17:30,Matchweek 18,Home,D,1,1,Arsenal,1.0,0.7,52.0,13.0,3.0,Liverpool,2024,13
2108,2023-12-26,17:30,Matchweek 19,Away,W,2,0,Burnley,1.8,0.8,68.0,19.0,10.0,Liverpool,2024,13
2109,2024-01-01,20:00,Matchweek 20,Home,W,4,2,Newcastle United,7.0,0.6,61.0,32.0,12.0,Liverpool,2024,13
2110,2024-01-21,16:30,Matchweek 21,Away,W,4,0,Bournemouth,1.5,1.4,60.0,14.0,7.0,Liverpool,2024,13
2111,2024-01-31,20:15,Matchweek 22,Home,W,4,1,Chelsea,2.9,0.6,50.0,27.0,13.0,Liverpool,2024,13
2112,2024-02-04,16:30,Matchweek 23,Away,L,1,3,Arsenal,0.4,3.5,57.0,10.0,1.0,Liverpool,2024,13
2113,2024-02-10,15:00,Matchweek 24,Home,W,3,1,Burnley,2.8,1.3,70.0,25.0,10.0,Liverpool,2024,13
2114,2024-02-17,12:30,Matchweek 25,Away,W,4,1,Brentford,2.8,1.6,62.0,15.0,8.0,Liverpool,2024,13
2115,2024-02-21,19:30,Matchweek 26,Home,W,4,1,Luton Town,3.3,0.9,60.0,29.0,13.0,Liverpool,2024,13
2116,2024-03-02,15:00,Matchweek 27,Away,W,1,0,Nottingham Forest,2.0,1.0,69.0,22.0,1.0,Liverpool,2024,13
2117,2024-03-10,15:45,Matchweek 28,Home,D,1,1,Manchester City,2.7,1.6,53.0,18.0,5.0,Liverpool,2024,13
2118,2024-03-31,14:00,Matchweek 30,Home,W,2,1,Brighton,2.8,0.5,55.0,30.0,8.0,Liverpool,2024,13
2119,2024-04-04,19:30,Matchweek 31,Home,W,3,1,Sheffield United,1.8,0.6,82.0,29.0,9.0,Liverpool,2024,13
2120,2024-04-07,15:30,Matchweek 32,Away,D,2,2,Manchester United,3.6,0.7,62.0,27.0,6.0,Liverpool,2024,13
2121,2024-04-14,14:00,Matchweek 33,Home,L,0,1,Crystal Palace,2.7,2.0,69.0,21.0,5.0,Liverpool,2024,13
2122,2024-04-21,16:30,Matchweek 34,Away,W,3,1,Fulham,1.0,0.8,60.0,14.0,7.0,Liverpool,2024,13
2123,2024-04-24,20:00,Matchweek 29,Away,L,0,2,Everton,2.1,1.2,75.0,23.0,7.0,Liverpool,2024,13
2124,2024-04-27,12:30,Matchweek 35,Away,D,2,2,West Ham,1.7,0.7,71.0,28.0,8.0,Liverpool,2024,13
2125,2024-05-05,16:30,Matchweek 36,Home,W,4,2,Tottenham Hotspur,3.3,1.2,44.0,25.0,12.0,Liverpool,2024,13
2126,2024-05-13,20:00,Matchweek 37,Away,D,3,3,Aston Villa,1.7,3.1,59.0,14.0,7.0,Liverpool,2024,13
2127,2024-05-19,16:00,Matchweek 38,Home,W,2,0,Wolverhampton Wanderers,4.5,0.5,67.0,36.0,13.0,Liverpool,2024,13
2128,2024-08-17,12:30,Matchweek 1,Away,W,2,0,Ipswich Town,2.6,0.5,62.0,18.0,5.0,Liverpool,2025,13
2129,2024-08-25,16:30,Matchweek 2,Home,W,2,0,Brentford,2.5,0.5,62.0,19.0,8.0,Liverpool,2025,13
2130,2024-09-01,16:00,Matchweek 3,Away,W,3,0,Manchester United,1.8,1.4,47.0,11.0,3.0,Liverpool,2025,13
2131,2024-09-14,15:00,Matchweek 4,Home,L,0,1,Nottingham Forest,0.9,0.4,68.0,14.0,5.0,Liverpool,2025,13
2132,2024-09-21,15:00,Matchweek 5,Home,W,3,0,Bournemouth,2.0,1.1,58.0,19.0,12.0,Liverpool,2025,13
2133,2024-09-28,17:30,Matchweek 6,Away,W,2,1,Wolverhampton Wanderers,2.5,0.6,55.0,9.0,5.0,Liverpool,2025,13
2134,2024-10-05,12:30,Matchweek 7,Away,W,1,0,Crystal Palace,1.4,0.6,68.0,16.0,4.0,Liverpool,2025,13
2135,2024-10-20,16:30,Matchweek 8,Home,W,2,1,Chelsea,1.9,1.0,43.0,8.0,4.0,Liverpool,2025,13
2136,2024-10-27,16:30,Matchweek 9,Away,D,2,2,Arsenal,0.8,0.9,55.0,9.0,4.0,Liverpool,2025,13
2137,2024-11-02,15:00,Matchweek 10,Home,W,2,1,Brighton,1.6,1.0,49.0,16.0,8.0,Liverpool,2025,13
2138,2024-11-09,20:00,Matchweek 11,Home,W,2,0,Aston Villa,2.0,1.2,62.0,14.0,5.0,Liverpool,2025,13
2139,2024-11-24,14:00,Matchweek 12,Away,W,3,2,Southampton,3.1,1.3,62.0,26.0,10.0,Liverpool,2025,13
2140,2024-12-01,16:00,Matchweek 13,Home,W,2,0,Manchester City,3.4,0.8,44.0,17.0,6.0,Liverpool,2025,13
2141,2024-12-04,19:30,Matchweek 14,Away,D,3,3,Newcastle United,1.9,2.1,58.0,16.0,5.0,Liverpool,2025,13
2142,2024-12-14,15:00,Matchweek 16,Home,D,2,2,Fulham,2.1,1.2,61.0,16.0,4.0,Liverpool,2025,13
2143,2024-12-22,16:30,Matchweek 17,Away,W,6,3,Tottenham Hotspur,5.6,1.3,48.0,24.0,11.0,Liverpool,2025,13
2144,2024-12-26,20:00,Matchweek 18,Home,W,3,1,Leicester City,2.0,0.3,68.0,19.0,7.0,Liverpool,2025,13
2145,2024-12-29,17:15,Matchweek 19,Away,W,5,0,West Ham,3.1,0.4,54.0,22.0,13.0,Liverpool,2025,13
2146,2025-01-05,16:30,Matchweek 20,Home,D,2,2,Manchester United,2.7,1.0,53.0,18.0,5.0,Liverpool,2025,13
2147,2025-01-14,20:00,Matchweek 21,Away,D,1,1,Nottingham Forest,2.0,0.3,70.0,23.0,6.0,Liverpool,2025,13
2148,2025-01-18,15:00,Matchweek 22,Away,W,2,0,Brentford,3.4,0.7,60.0,37.0,8.0,Liverpool,2025,13
2149,2025-01-25,15:00,Matchweek 23,Home,W,4,1,Ipswich Town,2.0,0.5,70.0,16.0,6.0,Liverpool,2025,13
2150,2025-02-01,15:00,Matchweek 24,Away,W,2,0,Bournemouth,2.5,1.6,51.0,18.0,6.0,Liverpool,2025,13
2151,2025-02-12,19:30,Matchweek 15,Away,D,2,2,Everton,0.6,1.0,63.0,6.0,4.0,Liverpool,2025,13
2152,2025-02-16,14:00,Matchweek 25,Home,W,2,1,Wolverhampton Wanderers,1.7,1.5,50.0,9.0,2.0,Liverpool,2025,13
2153,2025-02-19,19:30,Matchweek 29,Away,D,2,2,Aston Villa,2.5,0.6,48.0,17.0,3.0,Liverpool,2025,13
2154,2025-02-23,16:30,Matchweek 26,Away,W,2,0,Manchester City,0.7,0.6,34.0,8.0,4.0,Liverpool,2025,13
2155,2025-02-26,20:15,Matchweek 27,Home,W,2,0,Newcastle United,1.7,0.2,61.0,12.0,3.0,Liverpool,2025,13
2156,2025-03-08,15:00,Matchweek 28,Home,W,3,1,Southampton,3.9,0.4,71.0,26.0,5.0,Liverpool,2025,13
2157,2025-04-02,20:00,Matchweek 30,Home,W,1,0,Everton,1.5,0.9,73.0,17.0,3.0,Liverpool,2025,13
2158,2025-04-06,14:00,Matchweek 31,Away,L,2,3,Fulham,1.5,0.7,63.0,14.0,6.0,Liverpool,2025,13
2159,2025-04-13,14:00,Matchweek 32,Home,W,2,1,West Ham,1.8,1.4,55.0,15.0,6.0,Liverpool,2025,13
2160,2025-04-20,16:30,Matchweek 33,Away,W,1,0,Leicester City,2.5,0.3,58.0,28.0,8.0,Liverpool,2025,13
2161,2025-04-27,16:30,Matchweek 34,Home,W,5,1,Tottenham Hotspur,2.2,0.5,61.0,25.0,6.0,Liverpool,2025,13
2162,2025-05-04,16:30,Matchweek 35,Away,L,1,3,Chelsea,1.0,3.1,64.0,11.0,2.0,Liverpool,2025,13
2163,2025-05-11,16:30,Matchweek 36,Home,D,2,2,Arsenal,2.4,2.6,45.0,14.0,5.0,Liverpool,2025,13
2164,2025-05-19,20:00,Matchweek 37,Away,L,2,3,Brighton,2.2,2.2,51.0,18.0,5.0,Liverpool,2025,13
2165,2025-05-25,16:00,Matchweek 38,Home,D,1,1,Crystal Palace,2.1,1.8,69.0,14.0,3.0,Liverpool,2025,13
2166,2023-08-12,15:00,Matchweek 1,Away,L,1,4,Brighton,1.5,4.0,30.0,8.0,2.0,Luton Town,2024,14
2167,2023-08-25,20:00,Matchweek 3,Away,L,0,3,Chelsea,0.4,2.2,33.0,11.0,1.0,Luton Town,2024,14
2168,2023-09-01,20:00,Matchweek 4,Home,L,1,2,West Ham,1.4,1.0,39.0,16.0,1.0,Luton Town,2024,14
2169,2023-09-16,15:00,Matchweek 5,Away,L,0,1,Fulham,1.1,1.0,23.0,7.0,2.0,Luton Town,2024,14
2170,2023-09-23,15:00,Matchweek 6,Home,D,1,1,Wolverhampton Wanderers,2.1,0.6,57.0,19.0,3.0,Luton Town,2024,14
2171,2023-09-30,15:00,Matchweek 7,Away,W,2,1,Everton,0.9,2.9,33.0,9.0,2.0,Luton Town,2024,14
2172,2023-10-03,19:30,Matchweek 2,Home,L,1,2,Burnley,1.3,1.1,49.0,18.0,2.0,Luton Town,2024,14
2173,2023-10-07,12:30,Matchweek 8,Home,L,0,1,Tottenham Hotspur,0.8,1.9,34.0,12.0,2.0,Luton Town,2024,14
2174,2023-10-21,15:00,Matchweek 9,Away,D,2,2,Nottingham Forest,1.7,2.9,43.0,13.0,4.0,Luton Town,2024,14
2175,2023-10-29,14:00,Matchweek 10,Away,L,1,3,Aston Villa,0.5,2.3,30.0,7.0,1.0,Luton Town,2024,14
2176,2023-11-05,16:30,Matchweek 11,Home,D,1,1,Liverpool,0.8,2.6,27.0,8.0,5.0,Luton Town,2024,14
2177,2023-11-11,15:00,Matchweek 12,Away,L,0,1,Manchester United,0.4,2.2,36.0,10.0,4.0,Luton Town,2024,14
2178,2023-11-25,15:00,Matchweek 13,Home,W,2,1,Crystal Palace,0.9,1.6,39.0,8.0,3.0,Luton Town,2024,14
2179,2023-12-02,15:00,Matchweek 14,Away,L,1,3,Brentford,0.2,3.1,32.0,7.0,1.0,Luton Town,2024,14
2180,2023-12-05,20:15,Matchweek 15,Home,L,3,4,Arsenal,0.5,2.2,34.0,6.0,4.0,Luton Town,2024,14
2181,2023-12-10,14:00,Matchweek 16,Home,L,1,2,Manchester City,0.3,1.6,35.0,4.0,2.0,Luton Town,2024,14
2182,2023-12-23,15:00,Matchweek 18,Home,W,1,0,Newcastle United,1.4,1.4,35.0,16.0,5.0,Luton Town,2024,14
2183,2023-12-26,15:00,Matchweek 19,Away,W,3,2,Sheffield United,0.6,2.4,49.0,12.0,4.0,Luton Town,2024,14
2184,2023-12-30,12:30,Matchweek 20,Home,L,2,3,Chelsea,2.3,1.5,52.0,15.0,6.0,Luton Town,2024,14
2185,2024-01-12,19:45,Matchweek 21,Away,D,1,1,Burnley,0.9,1.1,61.0,14.0,5.0,Luton Town,2024,14
2186,2024-01-30,19:45,Matchweek 22,Home,W,4,0,Brighton,3.1,0.9,41.0,18.0,8.0,Luton Town,2024,14
2187,2024-02-03,15:00,Matchweek 23,Away,D,4,4,Newcastle United,2.4,2.3,45.0,10.0,7.0,Luton Town,2024,14
2188,2024-02-10,15:00,Matchweek 24,Home,L,1,3,Sheffield United,1.8,1.7,74.0,19.0,4.0,Luton Town,2024,14
2189,2024-02-18,16:30,Matchweek 25,Home,L,1,2,Manchester United,1.8,2.9,58.0,22.0,4.0,Luton Town,2024,14
2190,2024-02-21,19:30,Matchweek 26,Away,L,1,4,Liverpool,0.9,3.3,40.0,12.0,3.0,Luton Town,2024,14
2191,2024-03-02,17:30,Matchweek 27,Home,L,2,3,Aston Villa,1.8,1.9,46.0,14.0,4.0,Luton Town,2024,14
2192,2024-03-09,15:00,Matchweek 28,Away,D,1,1,Crystal Palace,0.8,2.7,51.0,8.0,2.0,Luton Town,2024,14
2193,2024-03-13,19:30,Matchweek 17,Away,L,3,4,Bournemouth,2.0,2.3,41.0,8.0,4.0,Luton Town,2024,14
2194,2024-03-16,15:00,Matchweek 29,Home,D,1,1,Nottingham Forest,0.6,2.0,60.0,10.0,4.0,Luton Town,2024,14
2195,2024-03-30,15:00,Matchweek 30,Away,L,1,2,Tottenham Hotspur,0.5,2.9,30.0,7.0,3.0,Luton Town,2024,14
2196,2024-04-03,19:30,Matchweek 31,Away,L,0,2,Arsenal,0.3,0.7,42.0,5.0,1.0,Luton Town,2024,14
2197,2024-04-06,15:00,Matchweek 32,Home,W,2,1,Bournemouth,1.5,0.4,55.0,19.0,9.0,Luton Town,2024,14
2198,2024-04-13,15:00,Matchweek 33,Away,L,1,5,Manchester City,0.5,4.2,27.0,4.0,2.0,Luton Town,2024,14
2199,2024-04-20,15:00,Matchweek 34,Home,L,1,5,Brentford,0.6,3.1,53.0,6.0,3.0,Luton Town,2024,14
2200,2024-04-27,15:00,Matchweek 35,Away,L,1,2,Wolverhampton Wanderers,0.6,1.2,42.0,9.0,6.0,Luton Town,2024,14
2201,2024-05-03,20:00,Matchweek 36,Home,D,1,1,Everton,0.8,1.4,51.0,18.0,5.0,Luton Town,2024,14
2202,2024-05-11,15:00,Matchweek 37,Away,L,1,3,West Ham,0.3,3.2,42.0,4.0,1.0,Luton Town,2024,14
2203,2024-05-19,16:00,Matchweek 38,Home,L,2,4,Fulham,2.0,1.1,41.0,14.0,5.0,Luton Town,2024,14
2204,2020-09-21,20:15,Matchweek 2,Away,W,3,1,Wolverhampton Wanderers,1.9,0.6,65.0,13.0,8.0,Manchester City,2021,15
2205,2020-09-27,16:30,Matchweek 3,Home,L,2,5,Leicester City,0.9,2.9,72.0,16.0,5.0,Manchester City,2021,15
2206,2020-10-03,17:30,Matchweek 4,Away,D,1,1,Leeds United,1.2,2.4,49.0,23.0,1.0,Manchester City,2021,15
2207,2020-10-17,17:30,Matchweek 5,Home,W,1,0,Arsenal,1.3,0.9,58.0,13.0,5.0,Manchester City,2021,15
2208,2020-10-24,12:30,Matchweek 6,Away,D,1,1,West Ham,1.0,0.3,69.0,14.0,7.0,Manchester City,2021,15
2209,2020-10-31,12:30,Matchweek 7,Away,W,1,0,Sheffield United,1.6,0.5,65.0,16.0,8.0,Manchester City,2021,15
2210,2020-11-08,16:30,Matchweek 8,Home,D,1,1,Liverpool,1.4,1.2,54.0,6.0,2.0,Manchester City,2021,15
2211,2020-11-21,17:30,Matchweek 9,Away,L,0,2,Tottenham Hotspur,1.4,0.7,66.0,22.0,5.0,Manchester City,2021,15
2212,2020-11-28,15:00,Matchweek 10,Home,W,5,0,Burnley,1.7,0.5,68.0,19.0,6.0,Manchester City,2021,15
2213,2020-12-05,15:00,Matchweek 11,Home,W,2,0,Fulham,2.9,0.3,69.0,14.0,4.0,Manchester City,2021,15
2214,2020-12-12,17:30,Matchweek 12,Away,D,0,0,Manchester United,1.3,0.6,54.0,9.0,2.0,Manchester City,2021,15
2215,2020-12-15,20:00,Matchweek 13,Home,D,1,1,West Brom,2.2,0.4,77.0,26.0,7.0,Manchester City,2021,15
2216,2020-12-19,15:00,Matchweek 14,Away,W,1,0,Southampton,0.9,0.7,52.0,11.0,5.0,Manchester City,2021,15
2217,2020-12-26,20:00,Matchweek 15,Home,W,2,0,Newcastle United,3.0,0.3,74.0,11.0,6.0,Manchester City,2021,15
2218,2021-01-03,16:30,Matchweek 17,Away,W,3,1,Chelsea,2.7,0.8,46.0,18.0,6.0,Manchester City,2021,15
2219,2021-01-13,18:00,Matchweek 18,Home,W,1,0,Brighton,2.0,0.2,65.0,15.0,6.0,Manchester City,2021,15
2220,2021-01-17,19:15,Matchweek 19,Home,W,4,0,Crystal Palace,0.7,0.1,71.0,13.0,6.0,Manchester City,2021,15
2221,2021-01-20,18:00,Matchweek 1,Home,W,2,0,Aston Villa,3.4,0.6,69.0,27.0,8.0,Manchester City,2021,15
2222,2021-01-26,20:15,Matchweek 20,Away,W,5,0,West Brom,1.8,0.5,77.0,18.0,7.0,Manchester City,2021,15
2223,2021-01-30,15:00,Matchweek 21,Home,W,1,0,Sheffield United,1.5,0.2,75.0,10.0,5.0,Manchester City,2021,15
2224,2021-02-03,18:00,Matchweek 22,Away,W,2,0,Burnley,2.0,0.1,74.0,13.0,6.0,Manchester City,2021,15
2225,2021-02-07,16:30,Matchweek 23,Away,W,4,1,Liverpool,3.5,1.2,44.0,7.0,5.0,Manchester City,2021,15
2226,2021-02-13,17:30,Matchweek 24,Home,W,3,0,Tottenham Hotspur,2.2,0.3,60.0,14.0,5.0,Manchester City,2021,15
2227,2021-02-17,20:15,Matchweek 16,Away,W,3,1,Everton,1.0,1.0,71.0,16.0,7.0,Manchester City,2021,15
2228,2021-02-21,16:30,Matchweek 25,Away,W,1,0,Arsenal,1.8,0.3,55.0,15.0,3.0,Manchester City,2021,15
2229,2021-02-27,12:30,Matchweek 26,Home,W,2,1,West Ham,0.5,1.5,63.0,10.0,3.0,Manchester City,2021,15
2230,2021-03-02,20:00,Matchweek 29,Home,W,4,1,Wolverhampton Wanderers,3.3,0.3,72.0,22.0,10.0,Manchester City,2021,15
2231,2021-03-07,16:30,Matchweek 27,Home,L,0,2,Manchester United,1.3,1.7,66.0,23.0,6.0,Manchester City,2021,15
2232,2021-03-10,18:00,Matchweek 33,Home,W,5,2,Southampton,2.6,1.6,58.0,17.0,10.0,Manchester City,2021,15
2233,2021-03-13,20:00,Matchweek 28,Away,W,3,0,Fulham,2.2,0.3,54.0,7.0,6.0,Manchester City,2021,15
2234,2021-04-03,17:30,Matchweek 30,Away,W,2,0,Leicester City,1.4,0.3,56.0,11.0,4.0,Manchester City,2021,15
2235,2021-04-10,12:30,Matchweek 31,Home,L,1,2,Leeds United,2.1,0.1,71.0,29.0,7.0,Manchester City,2021,15
2236,2021-04-21,20:15,Matchweek 32,Away,W,2,1,Aston Villa,1.2,0.7,72.0,13.0,3.0,Manchester City,2021,15
2237,2021-05-01,12:30,Matchweek 34,Away,W,2,0,Crystal Palace,1.7,0.9,68.0,20.0,3.0,Manchester City,2021,15
2238,2021-05-08,17:30,Matchweek 35,Home,L,1,2,Chelsea,1.8,0.7,48.0,15.0,3.0,Manchester City,2021,15
2239,2021-05-14,20:00,Matchweek 36,Away,W,4,3,Newcastle United,1.5,2.2,82.0,15.0,6.0,Manchester City,2021,15
2240,2021-05-18,19:00,Matchweek 37,Away,L,2,3,Brighton,0.9,1.1,37.0,8.0,4.0,Manchester City,2021,15
2241,2021-05-23,16:00,Matchweek 38,Home,W,5,0,Everton,2.5,1.1,67.0,21.0,11.0,Manchester City,2021,15
2242,2021-08-15,16:30,Matchweek 1,Away,L,0,1,Tottenham Hotspur,1.8,1.0,65.0,18.0,4.0,Manchester City,2022,15
2243,2021-08-21,15:00,Matchweek 2,Home,W,5,0,Norwich City,2.6,0.1,67.0,16.0,4.0,Manchester City,2022,15
2244,2021-08-28,12:30,Matchweek 3,Home,W,5,0,Arsenal,4.4,0.2,80.0,25.0,10.0,Manchester City,2022,15
2245,2021-09-11,15:00,Matchweek 4,Away,W,1,0,Leicester City,2.8,0.6,61.0,25.0,8.0,Manchester City,2022,15
2246,2021-09-18,15:00,Matchweek 5,Home,D,0,0,Southampton,1.0,0.4,64.0,16.0,1.0,Manchester City,2022,15
2247,2021-09-25,12:30,Matchweek 6,Away,W,1,0,Chelsea,1.7,0.2,59.0,15.0,3.0,Manchester City,2022,15
2248,2021-10-03,16:30,Matchweek 7,Away,D,2,2,Liverpool,1.2,0.9,51.0,12.0,3.0,Manchester City,2022,15
2249,2021-10-16,15:00,Matchweek 8,Home,W,2,0,Burnley,2.1,0.9,70.0,15.0,6.0,Manchester City,2022,15
2250,2021-10-23,17:30,Matchweek 9,Away,W,4,1,Brighton,3.8,1.3,52.0,23.0,12.0,Manchester City,2022,15
2251,2021-10-30,15:00,Matchweek 10,Home,L,0,2,Crystal Palace,0.7,0.7,68.0,14.0,3.0,Manchester City,2022,15
2252,2021-11-06,12:30,Matchweek 11,Away,W,2,0,Manchester United,1.6,0.9,67.0,16.0,5.0,Manchester City,2022,15
2253,2021-11-21,14:00,Matchweek 12,Home,W,3,0,Everton,2.5,0.2,77.0,17.0,7.0,Manchester City,2022,15
2254,2021-11-28,14:00,Matchweek 13,Home,W,2,1,West Ham,2.1,0.2,68.0,19.0,8.0,Manchester City,2022,15
2255,2021-12-01,20:15,Matchweek 14,Away,W,2,1,Aston Villa,1.0,0.8,64.0,17.0,7.0,Manchester City,2022,15
2256,2021-12-04,17:30,Matchweek 15,Away,W,3,1,Watford,3.1,0.8,77.0,26.0,12.0,Manchester City,2022,15
2257,2021-12-11,12:30,Matchweek 16,Home,W,1,0,Wolverhampton Wanderers,3.2,0.2,71.0,23.0,8.0,Manchester City,2022,15
2258,2021-12-14,20:00,Matchweek 17,Home,W,7,0,Leeds United,3.1,0.3,63.0,31.0,15.0,Manchester City,2022,15
2259,2021-12-19,14:15,Matchweek 18,Away,W,4,0,Newcastle United,2.9,0.3,71.0,18.0,7.0,Manchester City,2022,15
2260,2021-12-26,15:00,Matchweek 19,Home,W,6,3,Leicester City,3.6,2.7,72.0,15.0,6.0,Manchester City,2022,15
2261,2021-12-29,20:15,Matchweek 20,Away,W,1,0,Brentford,1.1,0.4,76.0,12.0,3.0,Manchester City,2022,15
2262,2022-01-01,12:30,Matchweek 21,Away,W,2,1,Arsenal,2.0,0.8,71.0,14.0,1.0,Manchester City,2022,15
2263,2022-01-15,12:30,Matchweek 22,Home,W,1,0,Chelsea,1.0,0.3,56.0,11.0,6.0,Manchester City,2022,15
2264,2022-01-22,17:30,Matchweek 23,Away,D,1,1,Southampton,1.8,0.8,74.0,20.0,5.0,Manchester City,2022,15
2265,2022-02-09,19:45,Matchweek 24,Home,W,2,0,Brentford,1.9,0.4,74.0,14.0,6.0,Manchester City,2022,15
2266,2022-02-12,17:30,Matchweek 25,Away,W,4,0,Norwich City,4.6,0.4,71.0,21.0,8.0,Manchester City,2022,15
2267,2022-02-19,17:30,Matchweek 26,Home,L,2,3,Tottenham Hotspur,2.1,1.4,71.0,20.0,3.0,Manchester City,2022,15
2268,2022-02-26,17:30,Matchweek 27,Away,W,1,0,Everton,1.8,0.5,67.0,13.0,8.0,Manchester City,2022,15
2269,2022-03-06,16:30,Matchweek 28,Home,W,4,1,Manchester United,2.7,0.5,69.0,24.0,10.0,Manchester City,2022,15
2270,2022-03-14,20:00,Matchweek 29,Away,D,0,0,Crystal Palace,2.8,0.6,73.0,19.0,4.0,Manchester City,2022,15
2271,2022-04-02,15:00,Matchweek 31,Away,W,2,0,Burnley,1.8,0.1,76.0,18.0,6.0,Manchester City,2022,15
2272,2022-04-10,16:30,Matchweek 32,Home,D,2,2,Liverpool,1.3,1.3,55.0,11.0,4.0,Manchester City,2022,15
2273,2022-04-20,20:00,Matchweek 30,Home,W,3,0,Brighton,1.3,0.2,65.0,17.0,5.0,Manchester City,2022,15
2274,2022-04-23,15:00,Matchweek 34,Home,W,5,1,Watford,3.6,0.5,73.0,20.0,7.0,Manchester City,2022,15
2275,2022-04-30,17:30,Matchweek 35,Away,W,4,0,Leeds United,2.4,1.3,58.0,19.0,6.0,Manchester City,2022,15
2276,2022-05-08,16:30,Matchweek 36,Home,W,5,0,Newcastle United,3.1,0.8,71.0,21.0,9.0,Manchester City,2022,15
2277,2022-05-11,20:15,Matchweek 33,Away,W,5,1,Wolverhampton Wanderers,2.3,0.5,66.0,15.0,5.0,Manchester City,2022,15
2278,2022-05-15,14:00,Matchweek 37,Away,D,2,2,West Ham,2.4,1.1,78.0,30.0,7.0,Manchester City,2022,15
2279,2022-05-22,16:00,Matchweek 38,Home,W,3,2,Aston Villa,3.4,0.2,71.0,24.0,5.0,Manchester City,2022,15
2280,2022-08-07,16:30,Matchweek 1,Away,W,2,0,West Ham,2.2,0.5,75.0,13.0,1.0,Manchester City,2023,15
2281,2022-08-13,15:00,Matchweek 2,Home,W,4,0,Bournemouth,1.7,0.1,67.0,19.0,7.0,Manchester City,2023,15
2282,2022-08-21,16:30,Matchweek 3,Away,D,3,3,Newcastle United,2.1,1.8,69.0,21.0,10.0,Manchester City,2023,15
2283,2022-08-27,15:00,Matchweek 4,Home,W,4,2,Crystal Palace,2.2,0.1,74.0,18.0,5.0,Manchester City,2023,15
2284,2022-08-31,19:30,Matchweek 5,Home,W,6,0,Nottingham Forest,3.3,0.7,74.0,17.0,9.0,Manchester City,2023,15
2285,2022-09-03,17:30,Matchweek 6,Away,D,1,1,Aston Villa,2.1,0.3,71.0,13.0,4.0,Manchester City,2023,15
2286,2022-09-17,12:30,Matchweek 8,Away,W,3,0,Wolverhampton Wanderers,1.1,0.4,59.0,16.0,7.0,Manchester City,2023,15
2287,2022-10-02,14:00,Matchweek 9,Home,W,6,3,Manchester United,3.2,1.7,53.0,22.0,9.0,Manchester City,2023,15
2288,2022-10-08,15:00,Matchweek 10,Home,W,4,0,Southampton,2.4,0.2,65.0,21.0,8.0,Manchester City,2023,15
2289,2022-10-16,16:30,Matchweek 11,Away,L,0,1,Liverpool,1.0,2.1,63.0,16.0,6.0,Manchester City,2023,15
2290,2022-10-22,15:00,Matchweek 13,Home,W,3,1,Brighton,1.6,0.5,48.0,9.0,3.0,Manchester City,2023,15
2291,2022-10-29,12:30,Matchweek 14,Away,W,1,0,Leicester City,1.0,0.7,64.0,15.0,5.0,Manchester City,2023,15
2292,2022-11-05,15:00,Matchweek 15,Home,W,2,1,Fulham,2.1,1.0,70.0,15.0,4.0,Manchester City,2023,15
2293,2022-11-12,12:30,Matchweek 16,Home,L,1,2,Brentford,1.6,1.3,74.0,29.0,6.0,Manchester City,2023,15
2294,2022-12-28,20:00,Matchweek 17,Away,W,3,1,Leeds United,4.3,0.6,69.0,26.0,9.0,Manchester City,2023,15
2295,2022-12-31,15:00,Matchweek 18,Home,D,1,1,Everton,1.7,0.1,74.0,16.0,3.0,Manchester City,2023,15
2296,2023-01-05,20:00,Matchweek 19,Away,W,1,0,Chelsea,2.0,0.4,52.0,12.0,3.0,Manchester City,2023,15
2297,2023-01-14,12:30,Matchweek 20,Away,L,1,2,Manchester United,0.6,1.7,70.0,5.0,1.0,Manchester City,2023,15
2298,2023-01-19,20:00,Matchweek 7,Home,W,4,2,Tottenham Hotspur,2.3,0.8,58.0,16.0,6.0,Manchester City,2023,15
2299,2023-01-22,14:00,Matchweek 21,Home,W,3,0,Wolverhampton Wanderers,2.8,0.8,55.0,12.0,5.0,Manchester City,2023,15
2300,2023-02-05,16:30,Matchweek 22,Away,L,0,1,Tottenham Hotspur,1.3,1.4,64.0,15.0,5.0,Manchester City,2023,15
2301,2023-02-12,16:30,Matchweek 23,Home,W,3,1,Aston Villa,3.3,0.3,67.0,16.0,7.0,Manchester City,2023,15
2302,2023-02-15,19:30,Matchweek 12,Away,W,3,1,Arsenal,1.8,1.6,37.0,9.0,5.0,Manchester City,2023,15
2303,2023-02-18,15:00,Matchweek 24,Away,D,1,1,Nottingham Forest,2.4,0.9,73.0,23.0,6.0,Manchester City,2023,15
2304,2023-02-25,17:30,Matchweek 25,Away,W,4,1,Bournemouth,2.4,1.0,66.0,20.0,5.0,Manchester City,2023,15
2305,2023-03-04,12:30,Matchweek 26,Home,W,2,0,Newcastle United,1.3,0.4,56.0,11.0,3.0,Manchester City,2023,15
2306,2023-03-11,17:30,Matchweek 27,Away,W,1,0,Crystal Palace,2.1,0.2,67.0,13.0,3.0,Manchester City,2023,15
2307,2023-04-01,12:30,Matchweek 29,Home,W,4,1,Liverpool,2.9,0.3,68.0,17.0,8.0,Manchester City,2023,15
2308,2023-04-08,17:30,Matchweek 30,Away,W,4,1,Southampton,2.9,0.4,73.0,12.0,7.0,Manchester City,2023,15
2309,2023-04-15,17:30,Matchweek 31,Home,W,3,1,Leicester City,1.6,2.3,70.0,11.0,3.0,Manchester City,2023,15
2310,2023-04-26,20:00,Matchweek 33,Home,W,4,1,Arsenal,2.5,0.5,52.0,14.0,9.0,Manchester City,2023,15
2311,2023-04-30,14:00,Matchweek 34,Away,W,2,1,Fulham,2.5,0.2,62.0,11.0,8.0,Manchester City,2023,15
2312,2023-05-03,20:00,Matchweek 28,Home,W,3,0,West Ham,2.3,0.4,69.0,16.0,7.0,Manchester City,2023,15
2313,2023-05-06,15:00,Matchweek 35,Home,W,2,1,Leeds United,2.6,0.2,80.0,17.0,6.0,Manchester City,2023,15
2314,2023-05-14,14:00,Matchweek 36,Away,W,3,0,Everton,0.8,1.6,63.0,9.0,4.0,Manchester City,2023,15
2315,2023-05-21,16:00,Matchweek 37,Home,W,1,0,Chelsea,1.2,1.2,64.0,15.0,2.0,Manchester City,2023,15
2316,2023-05-24,20:00,Matchweek 32,Away,D,1,1,Brighton,1.8,2.2,60.0,13.0,4.0,Manchester City,2023,15
2317,2023-05-28,16:30,Matchweek 38,Away,L,0,1,Brentford,1.6,1.3,65.0,17.0,2.0,Manchester City,2023,15
2318,2023-08-11,20:00,Matchweek 1,Away,W,3,0,Burnley,1.9,0.3,65.0,17.0,8.0,Manchester City,2024,15
2319,2023-08-19,20:00,Matchweek 2,Home,W,1,0,Newcastle United,1.0,0.3,59.0,14.0,4.0,Manchester City,2024,15
2320,2023-08-27,14:00,Matchweek 3,Away,W,2,1,Sheffield United,3.5,0.7,79.0,29.0,9.0,Manchester City,2024,15
2321,2023-09-02,15:00,Matchweek 4,Home,W,5,1,Fulham,2.2,1.4,68.0,6.0,4.0,Manchester City,2024,15
2322,2023-09-16,15:00,Matchweek 5,Away,W,3,1,West Ham,3.6,0.9,68.0,29.0,13.0,Manchester City,2024,15
2323,2023-09-23,15:00,Matchweek 6,Home,W,2,0,Nottingham Forest,1.3,1.0,57.0,7.0,4.0,Manchester City,2024,15
2324,2023-09-30,15:00,Matchweek 7,Away,L,1,2,Wolverhampton Wanderers,0.9,0.4,68.0,23.0,8.0,Manchester City,2024,15
2325,2023-10-08,16:30,Matchweek 8,Away,L,0,1,Arsenal,0.5,0.4,51.0,4.0,0.0,Manchester City,2024,15
2326,2023-10-21,15:00,Matchweek 9,Home,W,2,1,Brighton,0.8,0.8,55.0,10.0,5.0,Manchester City,2024,15
2327,2023-10-29,15:30,Matchweek 10,Away,W,3,0,Manchester United,4.0,0.9,60.0,20.0,9.0,Manchester City,2024,15
2328,2023-11-04,15:00,Matchweek 11,Home,W,6,1,Bournemouth,1.9,0.9,65.0,21.0,8.0,Manchester City,2024,15
2329,2023-11-12,16:30,Matchweek 12,Away,D,4,4,Chelsea,2.9,2.9,55.0,14.0,9.0,Manchester City,2024,15
2330,2023-11-25,12:30,Matchweek 13,Home,D,1,1,Liverpool,1.3,0.6,59.0,16.0,5.0,Manchester City,2024,15
2331,2023-12-03,16:30,Matchweek 14,Home,D,3,3,Tottenham Hotspur,2.6,0.5,55.0,17.0,4.0,Manchester City,2024,15
2332,2023-12-06,20:15,Matchweek 15,Away,L,0,1,Aston Villa,0.6,2.3,54.0,2.0,2.0,Manchester City,2024,15
2333,2023-12-10,14:00,Matchweek 16,Away,W,2,1,Luton Town,1.6,0.3,65.0,18.0,6.0,Manchester City,2024,15
2334,2023-12-16,15:00,Matchweek 17,Home,D,2,2,Crystal Palace,1.6,1.8,74.0,19.0,9.0,Manchester City,2024,15
2335,2023-12-27,20:15,Matchweek 19,Away,W,3,1,Everton,2.4,1.0,72.0,22.0,8.0,Manchester City,2024,15
2336,2023-12-30,15:00,Matchweek 20,Home,W,2,0,Sheffield United,2.2,0.3,80.0,18.0,4.0,Manchester City,2024,15
2337,2024-01-13,17:30,Matchweek 21,Away,W,3,2,Newcastle United,3.0,1.3,72.0,27.0,11.0,Manchester City,2024,15
2338,2024-01-31,19:30,Matchweek 22,Home,W,3,1,Burnley,1.7,1.4,74.0,14.0,4.0,Manchester City,2024,15
2339,2024-02-05,20:00,Matchweek 23,Away,W,3,1,Brentford,2.1,1.0,72.0,25.0,15.0,Manchester City,2024,15
2340,2024-02-10,12:30,Matchweek 24,Home,W,2,0,Everton,1.6,0.3,72.0,19.0,3.0,Manchester City,2024,15
2341,2024-02-17,17:30,Matchweek 25,Home,D,1,1,Chelsea,2.6,1.4,70.0,31.0,5.0,Manchester City,2024,15
2342,2024-02-20,19:30,Matchweek 18,Home,W,1,0,Brentford,2.3,0.4,70.0,25.0,10.0,Manchester City,2024,15
2343,2024-02-24,17:30,Matchweek 26,Away,W,1,0,Bournemouth,1.6,0.9,62.0,15.0,6.0,Manchester City,2024,15
2344,2024-03-03,15:30,Matchweek 27,Home,W,3,1,Manchester United,3.3,0.2,73.0,27.0,8.0,Manchester City,2024,15
2345,2024-03-10,15:45,Matchweek 28,Away,D,1,1,Liverpool,1.6,2.7,47.0,10.0,6.0,Manchester City,2024,15
2346,2024-03-31,16:30,Matchweek 30,Home,D,0,0,Arsenal,1.0,0.7,72.0,12.0,1.0,Manchester City,2024,15
2347,2024-04-03,20:15,Matchweek 31,Home,W,4,1,Aston Villa,3.4,0.8,67.0,25.0,11.0,Manchester City,2024,15
2348,2024-04-06,12:30,Matchweek 32,Away,W,4,2,Crystal Palace,1.9,1.1,75.0,18.0,8.0,Manchester City,2024,15
2349,2024-04-13,15:00,Matchweek 33,Home,W,5,1,Luton Town,4.2,0.5,73.0,36.0,12.0,Manchester City,2024,15
2350,2024-04-25,20:00,Matchweek 29,Away,W,4,0,Brighton,1.4,0.6,64.0,14.0,6.0,Manchester City,2024,15
2351,2024-04-28,16:30,Matchweek 35,Away,W,2,0,Nottingham Forest,0.9,1.9,66.0,11.0,5.0,Manchester City,2024,15
2352,2024-05-04,17:30,Matchweek 36,Home,W,5,1,Wolverhampton Wanderers,3.7,0.3,58.0,18.0,10.0,Manchester City,2024,15
2353,2024-05-11,12:30,Matchweek 37,Away,W,4,0,Fulham,3.2,0.1,64.0,15.0,8.0,Manchester City,2024,15
2354,2024-05-14,20:00,Matchweek 34,Away,W,2,0,Tottenham Hotspur,2.4,1.7,47.0,7.0,4.0,Manchester City,2024,15
2355,2024-05-19,16:00,Matchweek 38,Home,W,3,1,West Ham,1.9,0.4,71.0,28.0,12.0,Manchester City,2024,15
2356,2024-08-18,16:30,Matchweek 1,Away,W,2,0,Chelsea,0.8,1.0,52.0,11.0,5.0,Manchester City,2025,15
2357,2024-08-24,15:00,Matchweek 2,Home,W,4,1,Ipswich Town,3.3,0.3,75.0,13.0,4.0,Manchester City,2025,15
2358,2024-08-31,17:30,Matchweek 3,Away,W,3,1,West Ham,3.0,0.7,67.0,23.0,8.0,Manchester City,2025,15
2359,2024-09-14,15:00,Matchweek 4,Home,W,2,1,Brentford,2.1,1.0,54.0,18.0,7.0,Manchester City,2025,15
2360,2024-09-22,16:30,Matchweek 5,Home,D,2,2,Arsenal,2.1,0.7,77.0,33.0,11.0,Manchester City,2025,15
2361,2024-09-28,12:30,Matchweek 6,Away,D,1,1,Newcastle United,0.9,1.6,62.0,16.0,6.0,Manchester City,2025,15
2362,2024-10-05,15:00,Matchweek 7,Home,W,3,2,Fulham,1.6,2.6,58.0,20.0,7.0,Manchester City,2025,15
2363,2024-10-20,14:00,Matchweek 8,Away,W,2,1,Wolverhampton Wanderers,1.6,0.8,77.0,22.0,7.0,Manchester City,2025,15
2364,2024-10-26,15:00,Matchweek 9,Home,W,1,0,Southampton,2.9,0.2,57.0,22.0,7.0,Manchester City,2025,15
2365,2024-11-02,15:00,Matchweek 10,Away,L,1,2,Bournemouth,1.6,2.0,64.0,18.0,4.0,Manchester City,2025,15
2366,2024-11-09,17:30,Matchweek 11,Away,L,1,2,Brighton,2.1,2.3,60.0,15.0,6.0,Manchester City,2025,15
2367,2024-11-23,17:30,Matchweek 12,Home,L,0,4,Tottenham Hotspur,2.1,2.5,58.0,23.0,5.0,Manchester City,2025,15
2368,2024-12-01,16:00,Matchweek 13,Away,L,0,2,Liverpool,0.8,3.4,56.0,8.0,2.0,Manchester City,2025,15
2369,2024-12-04,19:30,Matchweek 14,Home,W,3,0,Nottingham Forest,2.4,1.0,66.0,17.0,6.0,Manchester City,2025,15
2370,2024-12-07,15:00,Matchweek 15,Away,D,2,2,Crystal Palace,1.4,1.3,68.0,12.0,4.0,Manchester City,2025,15
2371,2024-12-15,16:30,Matchweek 16,Home,L,1,2,Manchester United,0.9,2.1,52.0,10.0,3.0,Manchester City,2025,15
2372,2024-12-21,12:30,Matchweek 17,Away,L,1,2,Aston Villa,1.0,1.6,56.0,12.0,6.0,Manchester City,2025,15
2373,2024-12-26,12:30,Matchweek 18,Home,D,1,1,Everton,2.1,0.7,66.0,23.0,4.0,Manchester City,2025,15
2374,2024-12-29,14:30,Matchweek 19,Away,W,2,0,Leicester City,1.3,1.3,47.0,14.0,5.0,Manchester City,2025,15
2375,2025-01-04,15:00,Matchweek 20,Home,W,4,1,West Ham,1.9,1.4,56.0,10.0,7.0,Manchester City,2025,15
2376,2025-01-14,19:30,Matchweek 21,Away,D,2,2,Brentford,2.2,2.5,55.0,21.0,8.0,Manchester City,2025,15
2377,2025-01-19,16:30,Matchweek 22,Away,W,6,0,Ipswich Town,3.0,0.5,67.0,17.0,9.0,Manchester City,2025,15
2378,2025-01-25,17:30,Matchweek 23,Home,W,3,1,Chelsea,2.2,1.8,56.0,15.0,6.0,Manchester City,2025,15
2379,2025-02-02,16:30,Matchweek 24,Away,L,1,5,Arsenal,0.8,1.0,54.0,7.0,4.0,Manchester City,2025,15
2380,2025-02-15,15:00,Matchweek 25,Home,W,4,0,Newcastle United,1.9,0.5,61.0,11.0,7.0,Manchester City,2025,15
2381,2025-02-23,16:30,Matchweek 26,Home,L,0,2,Liverpool,0.6,0.7,66.0,16.0,5.0,Manchester City,2025,15
2382,2025-02-26,19:30,Matchweek 27,Away,W,1,0,Tottenham Hotspur,2.1,1.3,45.0,12.0,5.0,Manchester City,2025,15
2383,2025-03-08,12:30,Matchweek 28,Away,L,0,1,Nottingham Forest,0.9,0.7,69.0,14.0,3.0,Manchester City,2025,15
2384,2025-03-15,15:00,Matchweek 29,Home,D,2,2,Brighton,1.7,2.0,60.0,10.0,2.0,Manchester City,2025,15
2385,2025-04-02,19:45,Matchweek 30,Home,W,2,0,Leicester City,2.2,0.1,72.0,18.0,5.0,Manchester City,2025,15
2386,2025-04-06,16:30,Matchweek 31,Away,D,0,0,Manchester United,0.5,0.9,58.0,9.0,5.0,Manchester City,2025,15
2387,2025-04-12,12:30,Matchweek 32,Home,W,5,2,Crystal Palace,3.7,1.8,67.0,21.0,8.0,Manchester City,2025,15
2388,2025-04-19,15:00,Matchweek 33,Away,W,2,0,Everton,2.0,0.9,67.0,12.0,6.0,Manchester City,2025,15
2389,2025-04-22,20:00,Matchweek 34,Home,W,2,1,Aston Villa,1.3,1.8,61.0,14.0,6.0,Manchester City,2025,15
2390,2025-05-02,20:00,Matchweek 35,Home,W,1,0,Wolverhampton Wanderers,0.7,0.4,63.0,9.0,2.0,Manchester City,2025,15
2391,2025-05-10,15:00,Matchweek 36,Away,D,0,0,Southampton,1.7,0.1,72.0,26.0,4.0,Manchester City,2025,15
2392,2025-05-20,20:00,Matchweek 37,Home,W,3,1,Bournemouth,1.5,1.1,57.0,12.0,5.0,Manchester City,2025,15
2393,2025-05-25,16:00,Matchweek 38,Away,W,2,0,Fulham,3.0,1.3,53.0,19.0,4.0,Manchester City,2025,15
2394,2020-09-19,17:30,Matchweek 2,Home,L,1,3,Crystal Palace,1.2,1.6,75.0,17.0,4.0,Manchester United,2021,16
2395,2020-09-26,12:30,Matchweek 3,Away,W,3,2,Brighton,1.5,2.5,47.0,6.0,2.0,Manchester United,2021,16
2396,2020-10-04,16:30,Matchweek 4,Home,L,1,6,Tottenham Hotspur,0.9,3.4,39.0,4.0,1.0,Manchester United,2021,16
2397,2020-10-17,20:00,Matchweek 5,Away,W,4,1,Newcastle United,2.3,0.9,63.0,27.0,11.0,Manchester United,2021,16
2398,2020-10-24,17:30,Matchweek 6,Home,D,0,0,Chelsea,0.6,0.2,51.0,14.0,4.0,Manchester United,2021,16
2399,2020-11-01,16:30,Matchweek 7,Home,L,0,1,Arsenal,0.4,1.0,54.0,8.0,2.0,Manchester United,2021,16
2400,2020-11-07,12:30,Matchweek 8,Away,W,3,1,Everton,1.5,0.4,45.0,13.0,5.0,Manchester United,2021,16
2401,2020-11-21,20:00,Matchweek 9,Home,W,1,0,West Brom,2.4,0.6,63.0,16.0,6.0,Manchester United,2021,16
2402,2020-11-29,14:00,Matchweek 10,Away,W,3,2,Southampton,2.1,0.5,50.0,15.0,6.0,Manchester United,2021,16
2403,2020-12-05,17:30,Matchweek 11,Away,W,3,1,West Ham,1.7,2.0,60.0,15.0,6.0,Manchester United,2021,16
2404,2020-12-12,17:30,Matchweek 12,Home,D,0,0,Manchester City,0.6,1.3,46.0,11.0,2.0,Manchester United,2021,16
2405,2020-12-17,20:00,Matchweek 13,Away,W,3,2,Sheffield United,1.9,1.5,60.0,15.0,8.0,Manchester United,2021,16
2406,2020-12-20,16:30,Matchweek 14,Home,W,6,2,Leeds United,3.6,1.8,41.0,25.0,13.0,Manchester United,2021,16
2407,2020-12-26,12:30,Matchweek 15,Away,D,2,2,Leicester City,1.7,0.9,46.0,9.0,4.0,Manchester United,2021,16
2408,2020-12-29,20:00,Matchweek 16,Home,W,1,0,Wolverhampton Wanderers,1.5,0.5,58.0,11.0,3.0,Manchester United,2021,16
2409,2021-01-01,20:00,Matchweek 17,Home,W,2,1,Aston Villa,2.1,1.4,48.0,18.0,8.0,Manchester United,2021,16
2410,2021-01-12,20:15,Matchweek 1,Away,W,1,0,Burnley,1.2,0.9,62.0,13.0,7.0,Manchester United,2021,16
2411,2021-01-17,16:30,Matchweek 19,Away,D,0,0,Liverpool,1.1,1.2,35.0,8.0,4.0,Manchester United,2021,16
2412,2021-01-20,20:15,Matchweek 18,Away,W,2,1,Fulham,1.7,0.9,62.0,15.0,5.0,Manchester United,2021,16
2413,2021-01-27,20:15,Matchweek 20,Home,L,1,2,Sheffield United,1.1,1.0,75.0,16.0,4.0,Manchester United,2021,16
2414,2021-01-30,17:30,Matchweek 21,Away,D,0,0,Arsenal,1.6,0.9,57.0,14.0,3.0,Manchester United,2021,16
2415,2021-02-02,20:15,Matchweek 22,Home,W,9,0,Southampton,4.7,0.5,74.0,23.0,13.0,Manchester United,2021,16
2416,2021-02-06,20:00,Matchweek 23,Home,D,3,3,Everton,1.8,1.5,61.0,14.0,5.0,Manchester United,2021,16
2417,2021-02-14,14:00,Matchweek 24,Away,D,1,1,West Brom,0.5,1.0,73.0,10.0,6.0,Manchester United,2021,16
2418,2021-02-21,19:00,Matchweek 25,Home,W,3,1,Newcastle United,1.7,0.4,71.0,14.0,6.0,Manchester United,2021,16
2419,2021-02-28,16:30,Matchweek 26,Away,D,0,0,Chelsea,0.4,1.1,43.0,11.0,4.0,Manchester United,2021,16
2420,2021-03-03,20:15,Matchweek 29,Away,D,0,0,Crystal Palace,0.9,0.9,63.0,11.0,1.0,Manchester United,2021,16
2421,2021-03-07,16:30,Matchweek 27,Away,W,2,0,Manchester City,1.7,1.3,34.0,7.0,5.0,Manchester United,2021,16
2422,2021-03-14,19:15,Matchweek 28,Home,W,1,0,West Ham,1.5,0.6,61.0,15.0,4.0,Manchester United,2021,16
2423,2021-04-04,19:30,Matchweek 30,Home,W,2,1,Brighton,1.5,1.2,57.0,15.0,7.0,Manchester United,2021,16
2424,2021-04-11,16:30,Matchweek 31,Away,W,3,1,Tottenham Hotspur,2.1,0.9,53.0,12.0,7.0,Manchester United,2021,16
2425,2021-04-18,16:00,Matchweek 32,Home,W,3,1,Burnley,2.5,0.9,69.0,17.0,8.0,Manchester United,2021,16
2426,2021-04-25,14:00,Matchweek 33,Away,D,0,0,Leeds United,1.2,0.3,56.0,16.0,4.0,Manchester United,2021,16
2427,2021-05-09,14:05,Matchweek 35,Away,W,3,1,Aston Villa,1.7,0.5,59.0,17.0,6.0,Manchester United,2021,16
2428,2021-05-11,18:00,Matchweek 36,Home,L,1,2,Leicester City,0.2,0.9,53.0,4.0,1.0,Manchester United,2021,16
2429,2021-05-13,20:15,Matchweek 34,Home,L,2,4,Liverpool,1.9,2.7,53.0,18.0,2.0,Manchester United,2021,16
2430,2021-05-18,18:00,Matchweek 37,Home,D,1,1,Fulham,0.9,0.9,57.0,13.0,6.0,Manchester United,2021,16
2431,2021-05-23,16:00,Matchweek 38,Away,W,2,1,Wolverhampton Wanderers,2.0,0.9,43.0,8.0,3.0,Manchester United,2021,16
2432,2021-08-14,12:30,Matchweek 1,Home,W,5,1,Leeds United,1.5,0.5,49.0,16.0,8.0,Manchester United,2022,16
2433,2021-08-22,14:00,Matchweek 2,Away,D,1,1,Southampton,1.8,0.7,63.0,15.0,3.0,Manchester United,2022,16
2434,2021-08-29,16:30,Matchweek 3,Away,W,1,0,Wolverhampton Wanderers,0.6,2.1,56.0,10.0,3.0,Manchester United,2022,16
2435,2021-09-11,15:00,Matchweek 4,Home,W,4,1,Newcastle United,2.5,0.4,63.0,21.0,6.0,Manchester United,2022,16
2436,2021-09-19,14:00,Matchweek 5,Away,W,2,1,West Ham,2.0,1.6,60.0,17.0,10.0,Manchester United,2022,16
2437,2021-09-25,12:30,Matchweek 6,Home,L,0,1,Aston Villa,2.2,1.0,59.0,27.0,4.0,Manchester United,2022,16
2438,2021-10-02,12:30,Matchweek 7,Home,D,1,1,Everton,1.0,1.3,72.0,13.0,6.0,Manchester United,2022,16
2439,2021-10-16,15:00,Matchweek 8,Away,L,2,4,Leicester City,1.2,2.4,51.0,18.0,6.0,Manchester United,2022,16
2440,2021-10-24,16:30,Matchweek 9,Home,L,0,5,Liverpool,1.6,3.4,38.0,12.0,3.0,Manchester United,2022,16
2441,2021-10-30,17:30,Matchweek 10,Away,W,3,0,Tottenham Hotspur,1.5,1.0,42.0,10.0,4.0,Manchester United,2022,16
2442,2021-11-06,12:30,Matchweek 11,Home,L,0,2,Manchester City,0.9,1.6,33.0,5.0,1.0,Manchester United,2022,16
2443,2021-11-20,15:00,Matchweek 12,Away,L,1,4,Watford,1.4,2.7,61.0,9.0,3.0,Manchester United,2022,16
2444,2021-11-28,16:30,Matchweek 13,Away,D,1,1,Chelsea,0.9,2.7,35.0,3.0,2.0,Manchester United,2022,16
2445,2021-12-02,20:15,Matchweek 14,Home,W,3,2,Arsenal,1.9,1.4,44.0,13.0,9.0,Manchester United,2022,16
2446,2021-12-05,14:00,Matchweek 15,Home,W,1,0,Crystal Palace,0.9,0.5,61.0,16.0,3.0,Manchester United,2022,16
2447,2021-12-11,17:30,Matchweek 16,Away,W,1,0,Norwich City,2.0,1.2,52.0,12.0,4.0,Manchester United,2022,16
2448,2021-12-27,20:00,Matchweek 19,Away,D,1,1,Newcastle United,1.6,1.3,68.0,13.0,3.0,Manchester United,2022,16
2449,2021-12-30,20:15,Matchweek 20,Home,W,3,1,Burnley,2.4,1.1,57.0,18.0,6.0,Manchester United,2022,16
2450,2022-01-03,17:30,Matchweek 21,Home,L,0,1,Wolverhampton Wanderers,0.8,0.7,51.0,9.0,2.0,Manchester United,2022,16
2451,2022-01-15,17:30,Matchweek 22,Away,D,2,2,Aston Villa,1.0,1.9,46.0,13.0,6.0,Manchester United,2022,16
2452,2022-01-19,20:00,Matchweek 17,Away,W,3,1,Brentford,2.3,2.3,56.0,13.0,5.0,Manchester United,2022,16
2453,2022-01-22,15:00,Matchweek 23,Home,W,1,0,West Ham,1.9,0.3,57.0,18.0,3.0,Manchester United,2022,16
2454,2022-02-08,20:00,Matchweek 24,Away,D,1,1,Burnley,1.8,0.4,63.0,22.0,5.0,Manchester United,2022,16
2455,2022-02-12,12:30,Matchweek 25,Home,D,1,1,Southampton,2.1,0.8,53.0,12.0,7.0,Manchester United,2022,16
2456,2022-02-15,20:15,Matchweek 18,Home,W,2,0,Brighton,1.7,0.7,50.0,19.0,7.0,Manchester United,2022,16
2457,2022-02-20,14:00,Matchweek 26,Away,W,4,2,Leeds United,2.2,1.8,46.0,15.0,9.0,Manchester United,2022,16
2458,2022-02-26,15:00,Matchweek 27,Home,D,0,0,Watford,2.8,0.6,67.0,22.0,3.0,Manchester United,2022,16
2459,2022-03-06,16:30,Matchweek 28,Away,L,1,4,Manchester City,0.5,2.7,31.0,5.0,2.0,Manchester United,2022,16
2460,2022-03-12,17:30,Matchweek 29,Home,W,3,2,Tottenham Hotspur,1.0,1.5,43.0,10.0,6.0,Manchester United,2022,16
2461,2022-04-02,17:30,Matchweek 31,Home,D,1,1,Leicester City,0.9,0.8,54.0,11.0,5.0,Manchester United,2022,16
2462,2022-04-09,12:30,Matchweek 32,Away,L,0,1,Everton,0.8,0.4,67.0,12.0,4.0,Manchester United,2022,16
2463,2022-04-16,15:00,Matchweek 33,Home,W,3,2,Norwich City,1.9,1.5,61.0,20.0,9.0,Manchester United,2022,16
2464,2022-04-19,20:00,Matchweek 30,Away,L,0,4,Liverpool,0.1,2.0,29.0,2.0,1.0,Manchester United,2022,16
2465,2022-04-23,12:30,Matchweek 34,Away,L,1,3,Arsenal,1.8,2.3,46.0,13.0,5.0,Manchester United,2022,16
2466,2022-04-28,19:45,Matchweek 37,Home,D,1,1,Chelsea,0.5,1.9,36.0,6.0,3.0,Manchester United,2022,16
2467,2022-05-02,20:00,Matchweek 35,Home,W,3,0,Brentford,2.0,0.6,63.0,8.0,4.0,Manchester United,2022,16
2468,2022-05-07,17:30,Matchweek 36,Away,L,0,4,Brighton,0.9,2.3,58.0,15.0,5.0,Manchester United,2022,16
2469,2022-05-22,16:00,Matchweek 38,Away,L,0,1,Crystal Palace,0.7,0.6,61.0,10.0,4.0,Manchester United,2022,16
2470,2022-08-07,14:00,Matchweek 1,Home,L,1,2,Brighton,1.4,1.5,62.0,17.0,5.0,Manchester United,2023,16
2471,2022-08-13,17:30,Matchweek 2,Away,L,0,4,Brentford,0.9,1.6,66.0,15.0,4.0,Manchester United,2023,16
2472,2022-08-22,20:00,Matchweek 3,Home,W,2,1,Liverpool,1.8,1.3,30.0,13.0,5.0,Manchester United,2023,16
2473,2022-08-27,12:30,Matchweek 4,Away,W,1,0,Southampton,1.1,1.4,51.0,11.0,4.0,Manchester United,2023,16
2474,2022-09-01,20:00,Matchweek 5,Away,W,1,0,Leicester City,1.5,0.7,47.0,9.0,2.0,Manchester United,2023,16
2475,2022-09-04,16:30,Matchweek 6,Home,W,3,1,Arsenal,1.5,1.3,40.0,10.0,6.0,Manchester United,2023,16
2476,2022-10-02,14:00,Matchweek 9,Away,L,3,6,Manchester City,1.7,3.2,47.0,11.0,7.0,Manchester United,2023,16
2477,2022-10-09,19:00,Matchweek 10,Away,W,2,1,Everton,1.4,0.6,60.0,12.0,4.0,Manchester United,2023,16
2478,2022-10-16,14:00,Matchweek 11,Home,D,0,0,Newcastle United,0.8,0.8,63.0,15.0,2.0,Manchester United,2023,16
2479,2022-10-19,20:15,Matchweek 12,Home,W,2,0,Tottenham Hotspur,1.5,0.6,52.0,28.0,10.0,Manchester United,2023,16
2480,2022-10-22,17:30,Matchweek 13,Away,D,1,1,Chelsea,0.8,1.1,52.0,13.0,6.0,Manchester United,2023,16
2481,2022-10-30,16:15,Matchweek 14,Home,W,1,0,West Ham,1.2,1.1,53.0,16.0,3.0,Manchester United,2023,16
2482,2022-11-06,14:00,Matchweek 15,Away,L,1,3,Aston Villa,0.5,0.6,58.0,8.0,3.0,Manchester United,2023,16
2483,2022-11-13,16:30,Matchweek 16,Away,W,2,1,Fulham,2.5,1.4,47.0,14.0,9.0,Manchester United,2023,16
2484,2022-12-27,20:00,Matchweek 17,Home,W,3,0,Nottingham Forest,2.4,0.7,65.0,17.0,8.0,Manchester United,2023,16
2485,2022-12-31,12:30,Matchweek 18,Away,W,1,0,Wolverhampton Wanderers,2.0,0.7,54.0,16.0,6.0,Manchester United,2023,16
2486,2023-01-03,20:00,Matchweek 19,Home,W,3,0,Bournemouth,2.2,0.6,58.0,18.0,6.0,Manchester United,2023,16
2487,2023-01-14,12:30,Matchweek 20,Home,W,2,1,Manchester City,1.7,0.6,30.0,8.0,3.0,Manchester United,2023,16
2488,2023-01-18,20:00,Matchweek 7,Away,D,1,1,Crystal Palace,2.1,0.5,60.0,15.0,4.0,Manchester United,2023,16
2489,2023-01-22,16:30,Matchweek 21,Away,L,2,3,Arsenal,0.4,3.1,43.0,6.0,4.0,Manchester United,2023,16
2490,2023-02-04,15:00,Matchweek 22,Home,W,2,1,Crystal Palace,2.0,1.3,52.0,13.0,4.0,Manchester United,2023,16
2491,2023-02-08,20:00,Matchweek 8,Home,D,2,2,Leeds United,2.0,0.6,66.0,24.0,6.0,Manchester United,2023,16
2492,2023-02-12,14:00,Matchweek 23,Away,W,2,0,Leeds United,1.1,1.8,66.0,11.0,5.0,Manchester United,2023,16
2493,2023-02-19,14:00,Matchweek 24,Home,W,3,0,Leicester City,4.4,1.6,57.0,26.0,8.0,Manchester United,2023,16
2494,2023-03-05,16:30,Matchweek 26,Away,L,0,7,Liverpool,0.8,2.8,41.0,8.0,4.0,Manchester United,2023,16
2495,2023-03-12,14:00,Matchweek 27,Home,D,0,0,Southampton,0.8,1.0,47.0,10.0,4.0,Manchester United,2023,16
2496,2023-04-02,16:30,Matchweek 29,Away,L,0,2,Newcastle United,0.4,3.7,54.0,6.0,1.0,Manchester United,2023,16
2497,2023-04-05,20:00,Matchweek 25,Home,W,1,0,Brentford,1.2,0.7,64.0,18.0,3.0,Manchester United,2023,16
2498,2023-04-08,12:30,Matchweek 30,Home,W,2,0,Everton,3.4,1.0,63.0,29.0,11.0,Manchester United,2023,16
2499,2023-04-16,16:30,Matchweek 31,Away,W,2,0,Nottingham Forest,3.5,0.7,68.0,22.0,7.0,Manchester United,2023,16
2500,2023-04-27,20:15,Matchweek 33,Away,D,2,2,Tottenham Hotspur,2.0,2.5,60.0,17.0,7.0,Manchester United,2023,16
2501,2023-04-30,14:00,Matchweek 34,Home,W,1,0,Aston Villa,1.2,0.6,57.0,14.0,6.0,Manchester United,2023,16
2502,2023-05-04,20:00,Matchweek 28,Away,L,0,1,Brighton,1.4,2.3,41.0,16.0,5.0,Manchester United,2023,16
2503,2023-05-07,19:00,Matchweek 35,Away,L,0,1,West Ham,1.2,1.3,65.0,19.0,4.0,Manchester United,2023,16
2504,2023-05-13,15:00,Matchweek 36,Home,W,2,0,Wolverhampton Wanderers,3.2,0.3,48.0,27.0,9.0,Manchester United,2023,16
2505,2023-05-20,15:00,Matchweek 37,Away,W,1,0,Bournemouth,1.4,1.0,59.0,20.0,5.0,Manchester United,2023,16
2506,2023-05-25,20:00,Matchweek 32,Home,W,4,1,Chelsea,5.2,1.9,42.0,17.0,8.0,Manchester United,2023,16
2507,2023-05-28,16:30,Matchweek 38,Home,W,2,1,Fulham,2.9,1.8,53.0,21.0,8.0,Manchester United,2023,16
2508,2023-08-14,20:00,Matchweek 1,Home,W,1,0,Wolverhampton Wanderers,2.2,2.2,51.0,15.0,2.0,Manchester United,2024,16
2509,2023-08-19,17:30,Matchweek 2,Away,L,0,2,Tottenham Hotspur,2.1,1.7,45.0,22.0,6.0,Manchester United,2024,16
2510,2023-08-26,15:00,Matchweek 3,Home,W,3,2,Nottingham Forest,2.8,1.2,66.0,17.0,8.0,Manchester United,2024,16
2511,2023-09-03,16:30,Matchweek 4,Away,L,1,3,Arsenal,0.9,2.3,45.0,10.0,2.0,Manchester United,2024,16
2512,2023-09-16,15:00,Matchweek 5,Home,L,1,3,Brighton,1.0,1.7,44.0,14.0,4.0,Manchester United,2024,16
2513,2023-09-23,20:00,Matchweek 6,Away,W,1,0,Burnley,1.0,1.1,39.0,11.0,4.0,Manchester United,2024,16
2514,2023-09-30,15:00,Matchweek 7,Home,L,0,1,Crystal Palace,1.3,0.9,77.0,19.0,3.0,Manchester United,2024,16
2515,2023-10-07,15:00,Matchweek 8,Home,W,2,1,Brentford,1.4,0.9,64.0,21.0,8.0,Manchester United,2024,16
2516,2023-10-21,20:00,Matchweek 9,Away,W,2,1,Sheffield United,1.1,1.4,62.0,14.0,5.0,Manchester United,2024,16
2517,2023-10-29,15:30,Matchweek 10,Home,L,0,3,Manchester City,0.9,4.0,40.0,7.0,3.0,Manchester United,2024,16
2518,2023-11-04,12:30,Matchweek 11,Away,W,1,0,Fulham,0.7,1.0,55.0,12.0,5.0,Manchester United,2024,16
2519,2023-11-11,15:00,Matchweek 12,Home,W,1,0,Luton Town,2.2,0.4,64.0,15.0,4.0,Manchester United,2024,16
2520,2023-11-26,16:30,Matchweek 13,Away,W,3,0,Everton,2.2,2.4,49.0,8.0,3.0,Manchester United,2024,16
2521,2023-12-02,20:00,Matchweek 14,Away,L,0,1,Newcastle United,0.5,2.4,42.0,8.0,1.0,Manchester United,2024,16
2522,2023-12-06,20:15,Matchweek 15,Home,W,2,1,Chelsea,4.1,1.5,45.0,27.0,8.0,Manchester United,2024,16
2523,2023-12-09,15:00,Matchweek 16,Home,L,0,3,Bournemouth,1.1,1.5,68.0,20.0,3.0,Manchester United,2024,16
2524,2023-12-17,16:30,Matchweek 17,Away,D,0,0,Liverpool,0.8,2.3,32.0,6.0,1.0,Manchester United,2024,16
2525,2023-12-23,12:30,Matchweek 18,Away,L,0,2,West Ham,1.0,1.2,65.0,11.0,3.0,Manchester United,2024,16
2526,2023-12-26,20:00,Matchweek 19,Home,W,3,2,Aston Villa,1.1,1.7,46.0,13.0,7.0,Manchester United,2024,16
2527,2023-12-30,17:30,Matchweek 20,Away,L,1,2,Nottingham Forest,0.8,0.7,56.0,10.0,5.0,Manchester United,2024,16
2528,2024-01-14,16:30,Matchweek 21,Home,D,2,2,Tottenham Hotspur,0.8,1.2,37.0,9.0,2.0,Manchester United,2024,16
2529,2024-02-01,20:15,Matchweek 22,Away,W,4,3,Wolverhampton Wanderers,3.3,2.1,47.0,21.0,8.0,Manchester United,2024,16
2530,2024-02-04,14:00,Matchweek 23,Home,W,3,0,West Ham,0.7,1.4,51.0,12.0,5.0,Manchester United,2024,16
2531,2024-02-11,16:30,Matchweek 24,Away,W,2,1,Aston Villa,1.8,2.4,44.0,17.0,5.0,Manchester United,2024,16
2532,2024-02-18,16:30,Matchweek 25,Away,W,2,1,Luton Town,2.9,1.8,42.0,21.0,8.0,Manchester United,2024,16
2533,2024-02-24,15:00,Matchweek 26,Home,L,1,2,Fulham,1.7,1.2,57.0,21.0,8.0,Manchester United,2024,16
2534,2024-03-03,15:30,Matchweek 27,Away,L,1,3,Manchester City,0.2,3.3,27.0,3.0,1.0,Manchester United,2024,16
2535,2024-03-09,12:30,Matchweek 28,Home,W,2,0,Everton,2.7,1.6,51.0,13.0,6.0,Manchester United,2024,16
2536,2024-03-30,20:00,Matchweek 30,Away,D,1,1,Brentford,0.6,3.2,53.0,11.0,5.0,Manchester United,2024,16
2537,2024-04-04,20:15,Matchweek 31,Away,L,3,4,Chelsea,1.5,3.0,43.0,19.0,5.0,Manchester United,2024,16
2538,2024-04-07,15:30,Matchweek 32,Home,D,2,2,Liverpool,0.7,3.6,38.0,9.0,5.0,Manchester United,2024,16
2539,2024-04-13,17:30,Matchweek 33,Away,D,2,2,Bournemouth,1.2,1.6,57.0,7.0,1.0,Manchester United,2024,16
2540,2024-04-24,20:00,Matchweek 29,Home,W,4,2,Sheffield United,2.9,0.8,71.0,24.0,12.0,Manchester United,2024,16
2541,2024-04-27,15:00,Matchweek 35,Home,D,1,1,Burnley,2.7,2.1,48.0,27.0,10.0,Manchester United,2024,16
2542,2024-05-06,20:00,Matchweek 36,Away,L,0,4,Crystal Palace,0.4,1.7,57.0,7.0,2.0,Manchester United,2024,16
2543,2024-05-12,16:30,Matchweek 37,Home,L,0,1,Arsenal,0.5,1.5,54.0,14.0,2.0,Manchester United,2024,16
2544,2024-05-15,20:00,Matchweek 34,Home,W,3,2,Newcastle United,1.5,2.2,45.0,17.0,8.0,Manchester United,2024,16
2545,2024-05-19,16:00,Matchweek 38,Away,W,2,0,Brighton,1.3,1.7,45.0,11.0,4.0,Manchester United,2024,16
2546,2024-08-16,20:00,Matchweek 1,Home,W,1,0,Fulham,2.4,0.4,55.0,14.0,5.0,Manchester United,2025,16
2547,2024-08-24,12:30,Matchweek 2,Away,L,1,2,Brighton,1.4,2.1,52.0,11.0,3.0,Manchester United,2025,16
2548,2024-09-01,16:00,Matchweek 3,Home,L,0,3,Liverpool,1.4,1.8,53.0,8.0,3.0,Manchester United,2025,16
2549,2024-09-14,12:30,Matchweek 4,Away,W,3,0,Southampton,2.6,1.1,56.0,20.0,10.0,Manchester United,2025,16
2550,2024-09-21,17:30,Matchweek 5,Away,D,0,0,Crystal Palace,1.6,1.0,67.0,15.0,6.0,Manchester United,2025,16
2551,2024-09-29,16:30,Matchweek 6,Home,L,0,3,Tottenham Hotspur,1.0,4.4,39.0,11.0,2.0,Manchester United,2025,16
2552,2024-10-06,14:00,Matchweek 7,Away,D,0,0,Aston Villa,0.6,0.5,47.0,10.0,4.0,Manchester United,2025,16
2553,2024-10-19,15:00,Matchweek 8,Home,W,2,1,Brentford,1.3,0.9,50.0,23.0,11.0,Manchester United,2025,16
2554,2024-10-27,14:00,Matchweek 9,Away,L,1,2,West Ham,2.3,2.8,58.0,18.0,5.0,Manchester United,2025,16
2555,2024-11-03,16:30,Matchweek 10,Home,D,1,1,Chelsea,2.0,1.1,46.0,10.0,3.0,Manchester United,2025,16
2556,2024-11-10,14:00,Matchweek 11,Home,W,3,0,Leicester City,0.8,0.6,51.0,13.0,3.0,Manchester United,2025,16
2557,2024-11-24,16:30,Matchweek 12,Away,D,1,1,Ipswich Town,0.8,1.6,60.0,11.0,4.0,Manchester United,2025,16
2558,2024-12-01,13:30,Matchweek 13,Home,W,4,0,Everton,1.1,0.6,60.0,11.0,5.0,Manchester United,2025,16
2559,2024-12-04,20:15,Matchweek 14,Away,L,0,2,Arsenal,0.2,2.1,49.0,5.0,2.0,Manchester United,2025,16
2560,2024-12-07,17:30,Matchweek 15,Home,L,2,3,Nottingham Forest,1.6,0.8,71.0,17.0,7.0,Manchester United,2025,16
2561,2024-12-15,16:30,Matchweek 16,Away,W,2,1,Manchester City,2.1,0.9,48.0,9.0,2.0,Manchester United,2025,16
2562,2024-12-22,14:00,Matchweek 17,Home,L,0,3,Bournemouth,2.2,1.6,60.0,23.0,7.0,Manchester United,2025,16
2563,2024-12-26,17:30,Matchweek 18,Away,L,0,2,Wolverhampton Wanderers,0.4,0.9,49.0,11.0,4.0,Manchester United,2025,16
2564,2024-12-30,20:00,Matchweek 19,Home,L,0,2,Newcastle United,0.8,1.9,52.0,10.0,0.0,Manchester United,2025,16
2565,2025-01-05,16:30,Matchweek 20,Away,D,2,2,Liverpool,1.0,2.7,47.0,13.0,4.0,Manchester United,2025,16
2566,2025-01-16,20:00,Matchweek 21,Home,W,3,1,Southampton,3.4,1.4,60.0,23.0,9.0,Manchester United,2025,16
2567,2025-01-19,14:00,Matchweek 22,Home,L,1,3,Brighton,1.5,1.9,51.0,9.0,0.0,Manchester United,2025,16
2568,2025-01-26,19:00,Matchweek 23,Away,W,1,0,Fulham,0.3,0.7,49.0,4.0,1.0,Manchester United,2025,16
2569,2025-02-02,14:00,Matchweek 24,Home,L,0,2,Crystal Palace,1.1,2.6,66.0,17.0,2.0,Manchester United,2025,16
2570,2025-02-16,16:30,Matchweek 25,Away,L,0,1,Tottenham Hotspur,1.5,2.2,45.0,16.0,6.0,Manchester United,2025,16
2571,2025-02-22,12:30,Matchweek 26,Away,D,2,2,Everton,0.4,1.6,62.0,9.0,3.0,Manchester United,2025,16
2572,2025-02-26,19:30,Matchweek 27,Home,W,3,2,Ipswich Town,0.7,1.4,45.0,10.0,6.0,Manchester United,2025,16
2573,2025-03-09,16:30,Matchweek 28,Home,D,1,1,Arsenal,1.5,1.6,32.0,10.0,6.0,Manchester United,2025,16
2574,2025-03-16,19:00,Matchweek 29,Away,W,3,0,Leicester City,0.9,1.0,47.0,18.0,5.0,Manchester United,2025,16
2575,2025-04-01,20:00,Matchweek 30,Away,L,0,1,Nottingham Forest,1.6,0.5,68.0,23.0,5.0,Manchester United,2025,16
2576,2025-04-06,16:30,Matchweek 31,Home,D,0,0,Manchester City,0.9,0.5,42.0,13.0,2.0,Manchester United,2025,16
2577,2025-04-13,16:30,Matchweek 32,Away,L,1,4,Newcastle United,0.7,2.2,52.0,9.0,5.0,Manchester United,2025,16
2578,2025-04-20,14:00,Matchweek 33,Home,L,0,1,Wolverhampton Wanderers,1.3,0.2,59.0,12.0,2.0,Manchester United,2025,16
2579,2025-04-27,14:00,Matchweek 34,Away,D,1,1,Bournemouth,2.3,0.5,61.0,25.0,6.0,Manchester United,2025,16
2580,2025-05-04,14:00,Matchweek 35,Away,L,3,4,Brentford,1.5,2.8,53.0,14.0,5.0,Manchester United,2025,16
2581,2025-05-11,14:15,Matchweek 36,Home,L,0,2,West Ham,2.1,1.7,52.0,20.0,5.0,Manchester United,2025,16
2582,2025-05-16,20:15,Matchweek 37,Away,L,0,1,Chelsea,0.3,0.8,53.0,4.0,1.0,Manchester United,2025,16
2583,2025-05-25,16:00,Matchweek 38,Home,W,2,0,Aston Villa,2.9,0.4,67.0,25.0,9.0,Manchester United,2025,16
2584,2020-09-12,20:00,Matchweek 1,Away,W,2,0,West Ham,1.6,1.0,42.0,15.0,2.0,Newcastle United,2021,17
2585,2020-09-20,14:00,Matchweek 2,Home,L,0,3,Brighton,0.5,1.8,47.0,6.0,0.0,Newcastle United,2021,17
2586,2020-09-27,14:00,Matchweek 3,Away,D,1,1,Tottenham Hotspur,1.0,2.9,34.0,5.0,0.0,Newcastle United,2021,17
2587,2020-10-03,20:00,Matchweek 4,Home,W,3,1,Burnley,1.8,0.4,48.0,9.0,4.0,Newcastle United,2021,17
2588,2020-10-17,20:00,Matchweek 5,Home,L,1,4,Manchester United,0.9,2.3,37.0,7.0,4.0,Newcastle United,2021,17
2589,2020-10-25,16:30,Matchweek 6,Away,D,1,1,Wolverhampton Wanderers,0.3,0.7,37.0,5.0,2.0,Newcastle United,2021,17
2590,2020-11-01,14:00,Matchweek 7,Home,W,2,1,Everton,2.9,1.5,39.0,10.0,3.0,Newcastle United,2021,17
2591,2020-11-06,20:00,Matchweek 8,Away,L,0,2,Southampton,0.3,0.7,39.0,4.0,2.0,Newcastle United,2021,17
2592,2020-11-21,12:30,Matchweek 9,Home,L,0,2,Chelsea,0.3,1.5,30.0,8.0,1.0,Newcastle United,2021,17
2593,2020-11-27,20:00,Matchweek 10,Away,W,2,0,Crystal Palace,1.3,0.6,43.0,14.0,7.0,Newcastle United,2021,17
2594,2020-12-12,15:00,Matchweek 12,Home,W,2,1,West Brom,0.8,0.6,46.0,12.0,6.0,Newcastle United,2021,17
2595,2020-12-16,18:00,Matchweek 13,Away,L,2,5,Leeds United,1.5,2.7,32.0,10.0,4.0,Newcastle United,2021,17
2596,2020-12-19,20:00,Matchweek 14,Home,D,1,1,Fulham,1.4,1.0,49.0,11.0,4.0,Newcastle United,2021,17
2597,2020-12-26,20:00,Matchweek 15,Away,L,0,2,Manchester City,0.3,3.0,26.0,7.0,2.0,Newcastle United,2021,17
2598,2020-12-30,20:00,Matchweek 16,Home,D,0,0,Liverpool,0.5,1.4,28.0,8.0,2.0,Newcastle United,2021,17
2599,2021-01-03,14:15,Matchweek 17,Home,L,1,2,Leicester City,0.5,0.6,44.0,8.0,2.0,Newcastle United,2021,17
2600,2021-01-12,18:00,Matchweek 18,Away,L,0,1,Sheffield United,0.6,2.1,35.0,7.0,3.0,Newcastle United,2021,17
2601,2021-01-18,20:00,Matchweek 19,Away,L,0,3,Arsenal,0.2,2.4,34.0,4.0,1.0,Newcastle United,2021,17
2602,2021-01-23,20:00,Matchweek 11,Away,L,0,2,Aston Villa,0.5,2.3,42.0,7.0,1.0,Newcastle United,2021,17
2603,2021-01-26,18:00,Matchweek 20,Home,L,1,2,Leeds United,1.4,0.7,42.0,22.0,5.0,Newcastle United,2021,17
2604,2021-01-30,12:30,Matchweek 21,Away,W,2,0,Everton,1.7,0.8,40.0,13.0,3.0,Newcastle United,2021,17
2605,2021-02-02,20:15,Matchweek 22,Home,L,1,2,Crystal Palace,1.9,0.7,61.0,21.0,5.0,Newcastle United,2021,17
2606,2021-02-06,15:00,Matchweek 23,Home,W,3,2,Southampton,0.7,1.3,27.0,6.0,4.0,Newcastle United,2021,17
2607,2021-02-15,20:00,Matchweek 24,Away,L,0,2,Chelsea,0.6,2.2,36.0,10.0,4.0,Newcastle United,2021,17
2608,2021-02-21,19:00,Matchweek 25,Away,L,1,3,Manchester United,0.4,1.7,29.0,10.0,6.0,Newcastle United,2021,17
2609,2021-02-27,20:00,Matchweek 26,Home,D,1,1,Wolverhampton Wanderers,1.7,1.1,48.0,19.0,6.0,Newcastle United,2021,17
2610,2021-03-07,12:00,Matchweek 27,Away,D,0,0,West Brom,0.5,2.0,47.0,9.0,5.0,Newcastle United,2021,17
2611,2021-03-12,20:00,Matchweek 28,Home,D,1,1,Aston Villa,1.5,0.9,49.0,12.0,3.0,Newcastle United,2021,17
2612,2021-03-20,20:00,Matchweek 29,Away,L,0,3,Brighton,0.1,0.9,35.0,3.0,1.0,Newcastle United,2021,17
2613,2021-04-04,14:05,Matchweek 30,Home,D,2,2,Tottenham Hotspur,3.4,2.7,42.0,22.0,6.0,Newcastle United,2021,17
2614,2021-04-11,12:00,Matchweek 31,Away,W,2,1,Burnley,1.2,2.0,44.0,10.0,4.0,Newcastle United,2021,17
2615,2021-04-17,12:30,Matchweek 32,Home,W,3,2,West Ham,2.2,1.9,34.0,16.0,6.0,Newcastle United,2021,17
2616,2021-04-24,12:30,Matchweek 33,Away,D,1,1,Liverpool,1.0,2.4,32.0,7.0,4.0,Newcastle United,2021,17
2617,2021-05-02,14:00,Matchweek 34,Home,L,0,2,Arsenal,0.3,2.0,39.0,5.0,1.0,Newcastle United,2021,17
2618,2021-05-07,20:00,Matchweek 35,Away,W,4,2,Leicester City,2.7,2.2,32.0,14.0,6.0,Newcastle United,2021,17
2619,2021-05-14,20:00,Matchweek 36,Home,L,3,4,Manchester City,2.2,1.5,18.0,9.0,3.0,Newcastle United,2021,17
2620,2021-05-19,18:00,Matchweek 37,Home,W,1,0,Sheffield United,1.6,0.9,51.0,16.0,5.0,Newcastle United,2021,17
2621,2021-05-23,16:00,Matchweek 38,Away,W,2,0,Fulham,1.3,1.0,36.0,9.0,3.0,Newcastle United,2021,17
2622,2021-08-15,14:00,Matchweek 1,Home,L,2,4,West Ham,1.8,2.7,46.0,17.0,3.0,Newcastle United,2022,17
2623,2021-08-21,15:00,Matchweek 2,Away,L,0,2,Aston Villa,0.7,1.2,53.0,9.0,1.0,Newcastle United,2022,17
2624,2021-08-28,15:00,Matchweek 3,Home,D,2,2,Southampton,1.0,3.6,37.0,10.0,4.0,Newcastle United,2022,17
2625,2021-09-11,15:00,Matchweek 4,Away,L,1,4,Manchester United,0.4,2.5,37.0,12.0,3.0,Newcastle United,2022,17
2626,2021-09-17,20:00,Matchweek 5,Home,D,1,1,Leeds United,1.3,1.5,35.0,17.0,7.0,Newcastle United,2022,17
2627,2021-09-25,15:00,Matchweek 6,Away,D,1,1,Watford,1.9,0.9,47.0,20.0,6.0,Newcastle United,2022,17
2628,2021-10-02,15:00,Matchweek 7,Away,L,1,2,Wolverhampton Wanderers,0.6,1.0,48.0,8.0,2.0,Newcastle United,2022,17
2629,2021-10-17,16:30,Matchweek 8,Home,L,2,3,Tottenham Hotspur,0.4,1.7,36.0,7.0,1.0,Newcastle United,2022,17
2630,2021-10-23,15:00,Matchweek 9,Away,D,1,1,Crystal Palace,0.3,1.9,26.0,6.0,1.0,Newcastle United,2022,17
2631,2021-10-30,15:00,Matchweek 10,Home,L,0,3,Chelsea,0.2,2.2,21.0,6.0,1.0,Newcastle United,2022,17
2632,2021-11-06,17:30,Matchweek 11,Away,D,1,1,Brighton,0.3,1.5,35.0,6.0,1.0,Newcastle United,2022,17
2633,2021-11-20,15:00,Matchweek 12,Home,D,3,3,Brentford,1.5,0.9,53.0,23.0,8.0,Newcastle United,2022,17
2634,2021-11-27,12:30,Matchweek 13,Away,L,0,2,Arsenal,0.3,2.5,34.0,9.0,5.0,Newcastle United,2022,17
2635,2021-11-30,19:30,Matchweek 14,Home,D,1,1,Norwich City,1.1,1.2,32.0,8.0,0.0,Newcastle United,2022,17
2636,2021-12-04,15:00,Matchweek 15,Home,W,1,0,Burnley,1.0,0.6,48.0,19.0,4.0,Newcastle United,2022,17
2637,2021-12-12,14:00,Matchweek 16,Away,L,0,4,Leicester City,1.0,2.6,53.0,12.0,3.0,Newcastle United,2022,17
2638,2021-12-16,20:00,Matchweek 17,Away,L,1,3,Liverpool,0.3,2.7,26.0,5.0,3.0,Newcastle United,2022,17
2639,2021-12-19,14:15,Matchweek 18,Home,L,0,4,Manchester City,0.3,2.9,29.0,5.0,1.0,Newcastle United,2022,17
2640,2021-12-27,20:00,Matchweek 19,Home,D,1,1,Manchester United,1.3,1.6,32.0,13.0,8.0,Newcastle United,2022,17
2641,2022-01-15,15:00,Matchweek 22,Home,D,1,1,Watford,1.2,1.4,52.0,12.0,1.0,Newcastle United,2022,17
2642,2022-01-22,15:00,Matchweek 23,Away,W,1,0,Leeds United,0.9,0.7,38.0,15.0,3.0,Newcastle United,2022,17
2643,2022-02-08,19:45,Matchweek 24,Home,W,3,1,Everton,1.9,0.7,40.0,20.0,9.0,Newcastle United,2022,17
2644,2022-02-13,14:00,Matchweek 25,Home,W,1,0,Aston Villa,0.5,0.6,38.0,10.0,2.0,Newcastle United,2022,17
2645,2022-02-19,12:30,Matchweek 26,Away,D,1,1,West Ham,0.8,0.6,53.0,14.0,3.0,Newcastle United,2022,17
2646,2022-02-26,15:00,Matchweek 27,Away,W,2,0,Brentford,2.7,0.4,63.0,26.0,11.0,Newcastle United,2022,17
2647,2022-03-05,15:00,Matchweek 28,Home,W,2,1,Brighton,1.7,1.5,32.0,10.0,4.0,Newcastle United,2022,17
2648,2022-03-10,19:30,Matchweek 21,Away,W,2,1,Southampton,0.6,1.1,33.0,8.0,3.0,Newcastle United,2022,17
2649,2022-03-13,14:00,Matchweek 29,Away,L,0,1,Chelsea,0.3,1.1,29.0,7.0,2.0,Newcastle United,2022,17
2650,2022-03-17,19:45,Matchweek 20,Away,L,0,1,Everton,0.9,0.7,61.0,17.0,6.0,Newcastle United,2022,17
2651,2022-04-03,16:30,Matchweek 31,Away,L,1,5,Tottenham Hotspur,0.5,3.1,40.0,8.0,1.0,Newcastle United,2022,17
2652,2022-04-08,20:00,Matchweek 32,Home,W,1,0,Wolverhampton Wanderers,1.5,0.4,42.0,11.0,3.0,Newcastle United,2022,17
2653,2022-04-17,14:15,Matchweek 33,Home,W,2,1,Leicester City,1.8,0.6,32.0,16.0,7.0,Newcastle United,2022,17
2654,2022-04-20,19:45,Matchweek 30,Home,W,1,0,Crystal Palace,0.9,0.5,37.0,13.0,4.0,Newcastle United,2022,17
2655,2022-04-23,15:00,Matchweek 34,Away,W,3,0,Norwich City,1.9,0.6,54.0,13.0,7.0,Newcastle United,2022,17
2656,2022-04-30,12:30,Matchweek 35,Home,L,0,1,Liverpool,0.2,2.3,36.0,4.0,2.0,Newcastle United,2022,17
2657,2022-05-08,16:30,Matchweek 36,Away,L,0,5,Manchester City,0.8,3.1,29.0,7.0,3.0,Newcastle United,2022,17
2658,2022-05-16,20:00,Matchweek 37,Home,W,2,0,Arsenal,1.6,0.6,51.0,16.0,4.0,Newcastle United,2022,17
2659,2022-05-22,16:00,Matchweek 38,Away,W,2,1,Burnley,1.8,1.6,48.0,7.0,5.0,Newcastle United,2022,17
2660,2022-08-06,15:00,Matchweek 1,Home,W,2,0,Nottingham Forest,1.7,0.3,61.0,23.0,9.0,Newcastle United,2023,17
2661,2022-08-13,15:00,Matchweek 2,Away,D,0,0,Brighton,0.2,1.5,46.0,4.0,1.0,Newcastle United,2023,17
2662,2022-08-21,16:30,Matchweek 3,Home,D,3,3,Manchester City,1.8,2.1,31.0,12.0,5.0,Newcastle United,2023,17
2663,2022-08-28,14:00,Matchweek 4,Away,D,1,1,Wolverhampton Wanderers,1.7,0.7,63.0,21.0,6.0,Newcastle United,2023,17
2664,2022-08-31,20:00,Matchweek 5,Away,L,1,2,Liverpool,0.7,1.5,28.0,5.0,2.0,Newcastle United,2023,17
2665,2022-09-03,15:00,Matchweek 6,Home,D,0,0,Crystal Palace,2.8,1.0,52.0,23.0,5.0,Newcastle United,2023,17
2666,2022-09-17,15:00,Matchweek 8,Home,D,1,1,Bournemouth,1.9,0.7,72.0,19.0,6.0,Newcastle United,2023,17
2667,2022-10-01,15:00,Matchweek 9,Away,W,4,1,Fulham,3.3,0.5,67.0,19.0,10.0,Newcastle United,2023,17
2668,2022-10-08,15:00,Matchweek 10,Home,W,5,1,Brentford,1.5,1.2,54.0,16.0,6.0,Newcastle United,2023,17
2669,2022-10-16,14:00,Matchweek 11,Away,D,0,0,Manchester United,0.8,0.8,37.0,9.0,2.0,Newcastle United,2023,17
2670,2022-10-19,19:30,Matchweek 12,Home,W,1,0,Everton,1.5,0.2,49.0,16.0,4.0,Newcastle United,2023,17
2671,2022-10-23,16:30,Matchweek 13,Away,W,2,1,Tottenham Hotspur,1.2,1.6,47.0,13.0,5.0,Newcastle United,2023,17
2672,2022-10-29,15:00,Matchweek 14,Home,W,4,0,Aston Villa,3.4,0.4,59.0,19.0,6.0,Newcastle United,2023,17
2673,2022-11-06,14:00,Matchweek 15,Away,W,4,1,Southampton,0.9,1.7,45.0,7.0,4.0,Newcastle United,2023,17
2674,2022-11-12,17:30,Matchweek 16,Home,W,1,0,Chelsea,1.0,0.3,49.0,10.0,3.0,Newcastle United,2023,17
2675,2022-12-26,15:00,Matchweek 17,Away,W,3,0,Leicester City,1.9,0.5,40.0,11.0,4.0,Newcastle United,2023,17
2676,2022-12-31,15:00,Matchweek 18,Home,D,0,0,Leeds United,2.2,0.4,60.0,16.0,5.0,Newcastle United,2023,17
2677,2023-01-03,19:45,Matchweek 19,Away,D,0,0,Arsenal,1.0,1.1,34.0,8.0,1.0,Newcastle United,2023,17
2678,2023-01-15,14:00,Matchweek 20,Home,W,1,0,Fulham,2.2,1.1,62.0,20.0,5.0,Newcastle United,2023,17
2679,2023-01-21,17:30,Matchweek 21,Away,D,0,0,Crystal Palace,1.2,0.3,60.0,16.0,7.0,Newcastle United,2023,17
2680,2023-02-04,17:30,Matchweek 22,Home,D,1,1,West Ham,1.0,1.0,62.0,8.0,2.0,Newcastle United,2023,17
2681,2023-02-11,17:30,Matchweek 23,Away,D,1,1,Bournemouth,1.3,1.5,66.0,15.0,7.0,Newcastle United,2023,17
2682,2023-02-18,17:30,Matchweek 24,Home,L,0,2,Liverpool,2.0,1.9,38.0,14.0,4.0,Newcastle United,2023,17
2683,2023-03-04,12:30,Matchweek 26,Away,L,0,2,Manchester City,0.4,1.3,44.0,5.0,2.0,Newcastle United,2023,17
2684,2023-03-12,16:30,Matchweek 27,Home,W,2,1,Wolverhampton Wanderers,1.8,1.1,43.0,19.0,8.0,Newcastle United,2023,17
2685,2023-03-17,20:00,Matchweek 28,Away,W,2,1,Nottingham Forest,2.4,0.4,61.0,14.0,3.0,Newcastle United,2023,17
2686,2023-04-02,16:30,Matchweek 29,Home,W,2,0,Manchester United,3.7,0.4,46.0,22.0,6.0,Newcastle United,2023,17
2687,2023-04-05,20:00,Matchweek 7,Away,W,5,1,West Ham,3.3,1.0,58.0,15.0,7.0,Newcastle United,2023,17
2688,2023-04-08,15:00,Matchweek 30,Away,W,2,1,Brentford,1.3,2.6,58.0,10.0,4.0,Newcastle United,2023,17
2689,2023-04-15,12:30,Matchweek 31,Away,L,0,3,Aston Villa,0.5,1.9,48.0,8.0,2.0,Newcastle United,2023,17
2690,2023-04-23,14:00,Matchweek 32,Home,W,6,1,Tottenham Hotspur,3.7,1.0,56.0,25.0,8.0,Newcastle United,2023,17
2691,2023-04-27,19:45,Matchweek 33,Away,W,4,1,Everton,2.4,0.9,60.0,15.0,7.0,Newcastle United,2023,17
2692,2023-04-30,14:00,Matchweek 34,Home,W,3,1,Southampton,4.3,0.8,63.0,22.0,5.0,Newcastle United,2023,17
2693,2023-05-07,16:30,Matchweek 35,Home,L,0,2,Arsenal,1.3,1.3,55.0,12.0,5.0,Newcastle United,2023,17
2694,2023-05-13,12:30,Matchweek 36,Away,D,2,2,Leeds United,2.3,2.0,64.0,16.0,3.0,Newcastle United,2023,17
2695,2023-05-18,19:30,Matchweek 25,Home,W,4,1,Brighton,3.6,0.5,35.0,22.0,8.0,Newcastle United,2023,17
2696,2023-05-22,20:00,Matchweek 37,Home,D,0,0,Leicester City,2.1,0.1,77.0,23.0,3.0,Newcastle United,2023,17
2697,2023-05-28,16:30,Matchweek 38,Away,D,1,1,Chelsea,1.7,2.2,36.0,13.0,4.0,Newcastle United,2023,17
2698,2023-08-12,17:30,Matchweek 1,Home,W,5,1,Aston Villa,3.3,1.8,52.0,17.0,12.0,Newcastle United,2024,17
2699,2023-08-19,20:00,Matchweek 2,Away,L,0,1,Manchester City,0.3,1.0,41.0,7.0,1.0,Newcastle United,2024,17
2700,2023-08-27,16:30,Matchweek 3,Home,L,1,2,Liverpool,2.0,0.9,59.0,23.0,8.0,Newcastle United,2024,17
2701,2023-09-02,17:30,Matchweek 4,Away,L,1,3,Brighton,1.2,1.3,44.0,9.0,2.0,Newcastle United,2024,17
2702,2023-09-16,17:30,Matchweek 5,Home,W,1,0,Brentford,1.4,0.5,56.0,8.0,1.0,Newcastle United,2024,17
2703,2023-09-24,16:30,Matchweek 6,Away,W,8,0,Sheffield United,3.9,0.9,58.0,22.0,15.0,Newcastle United,2024,17
2704,2023-09-30,15:00,Matchweek 7,Home,W,2,0,Burnley,3.1,0.6,53.0,19.0,6.0,Newcastle United,2024,17
2705,2023-10-08,14:00,Matchweek 8,Away,D,2,2,West Ham,2.0,1.2,64.0,10.0,3.0,Newcastle United,2024,17
2706,2023-10-21,15:00,Matchweek 9,Home,W,4,0,Crystal Palace,2.4,1.2,59.0,10.0,7.0,Newcastle United,2024,17
2707,2023-10-28,17:30,Matchweek 10,Away,D,2,2,Wolverhampton Wanderers,2.2,0.9,57.0,12.0,3.0,Newcastle United,2024,17
2708,2023-11-04,17:30,Matchweek 11,Home,W,1,0,Arsenal,1.0,0.6,42.0,9.0,1.0,Newcastle United,2024,17
2709,2023-11-11,17:30,Matchweek 12,Away,L,0,2,Bournemouth,0.5,2.4,52.0,8.0,5.0,Newcastle United,2024,17
2710,2023-11-25,15:00,Matchweek 13,Home,W,4,1,Chelsea,2.4,0.5,54.0,14.0,5.0,Newcastle United,2024,17
2711,2023-12-02,20:00,Matchweek 14,Home,W,1,0,Manchester United,2.4,0.5,58.0,22.0,4.0,Newcastle United,2024,17
2712,2023-12-07,19:30,Matchweek 15,Away,L,0,3,Everton,1.5,3.3,62.0,13.0,3.0,Newcastle United,2024,17
2713,2023-12-10,16:30,Matchweek 16,Away,L,1,4,Tottenham Hotspur,1.7,3.8,44.0,9.0,3.0,Newcastle United,2024,17
2714,2023-12-16,15:00,Matchweek 17,Home,W,3,0,Fulham,3.5,0.3,70.0,27.0,10.0,Newcastle United,2024,17
2715,2023-12-23,15:00,Matchweek 18,Away,L,0,1,Luton Town,1.4,1.4,65.0,15.0,2.0,Newcastle United,2024,17
2716,2023-12-26,12:30,Matchweek 19,Home,L,1,3,Nottingham Forest,2.4,3.5,62.0,18.0,5.0,Newcastle United,2024,17
2717,2024-01-01,20:00,Matchweek 20,Away,L,2,4,Liverpool,0.6,7.0,39.0,5.0,3.0,Newcastle United,2024,17
2718,2024-01-13,17:30,Matchweek 21,Home,L,2,3,Manchester City,1.3,3.0,28.0,12.0,5.0,Newcastle United,2024,17
2719,2024-01-30,20:15,Matchweek 22,Away,W,3,1,Aston Villa,2.6,1.4,39.0,14.0,5.0,Newcastle United,2024,17
2720,2024-02-03,15:00,Matchweek 23,Home,D,4,4,Luton Town,2.3,2.4,55.0,19.0,6.0,Newcastle United,2024,17
2721,2024-02-10,17:30,Matchweek 24,Away,W,3,2,Nottingham Forest,0.5,1.5,61.0,7.0,5.0,Newcastle United,2024,17
2722,2024-02-17,15:00,Matchweek 25,Home,D,2,2,Bournemouth,2.2,2.2,62.0,16.0,4.0,Newcastle United,2024,17
2723,2024-02-24,20:00,Matchweek 26,Away,L,1,4,Arsenal,0.2,2.8,45.0,3.0,2.0,Newcastle United,2024,17
2724,2024-03-02,15:00,Matchweek 27,Home,W,3,0,Wolverhampton Wanderers,2.1,0.8,44.0,14.0,6.0,Newcastle United,2024,17
2725,2024-03-11,20:00,Matchweek 28,Away,L,2,3,Chelsea,0.7,1.6,56.0,11.0,3.0,Newcastle United,2024,17
2726,2024-03-30,12:30,Matchweek 30,Home,W,4,3,West Ham,4.1,1.4,60.0,22.0,7.0,Newcastle United,2024,17
2727,2024-04-02,19:30,Matchweek 31,Home,D,1,1,Everton,2.4,1.4,57.0,18.0,5.0,Newcastle United,2024,17
2728,2024-04-06,15:00,Matchweek 32,Away,W,1,0,Fulham,1.0,1.2,34.0,12.0,5.0,Newcastle United,2024,17
2729,2024-04-13,12:30,Matchweek 33,Home,W,4,0,Tottenham Hotspur,2.8,0.8,28.0,18.0,5.0,Newcastle United,2024,17
2730,2024-04-24,20:00,Matchweek 29,Away,L,0,2,Crystal Palace,0.4,0.9,53.0,7.0,2.0,Newcastle United,2024,17
2731,2024-04-27,15:00,Matchweek 35,Home,W,5,1,Sheffield United,3.1,1.5,60.0,19.0,6.0,Newcastle United,2024,17
2732,2024-05-04,15:00,Matchweek 36,Away,W,4,1,Burnley,3.4,1.0,53.0,22.0,10.0,Newcastle United,2024,17
2733,2024-05-11,15:00,Matchweek 37,Home,D,1,1,Brighton,2.2,1.4,57.0,18.0,7.0,Newcastle United,2024,17
2734,2024-05-15,20:00,Matchweek 34,Away,L,2,3,Manchester United,2.2,1.5,55.0,21.0,7.0,Newcastle United,2024,17
2735,2024-05-19,16:00,Matchweek 38,Away,W,4,2,Brentford,3.4,1.1,46.0,12.0,7.0,Newcastle United,2024,17
2736,2024-08-17,15:00,Matchweek 1,Home,W,1,0,Southampton,0.3,1.8,23.0,3.0,1.0,Newcastle United,2025,17
2737,2024-08-25,14:00,Matchweek 2,Away,D,1,1,Bournemouth,1.6,2.2,61.0,14.0,5.0,Newcastle United,2025,17
2738,2024-09-01,13:30,Matchweek 3,Home,W,2,1,Tottenham Hotspur,1.8,1.2,35.0,9.0,3.0,Newcastle United,2025,17
2739,2024-09-15,16:30,Matchweek 4,Away,W,2,1,Wolverhampton Wanderers,1.5,1.2,51.0,14.0,6.0,Newcastle United,2025,17
2740,2024-09-21,15:00,Matchweek 5,Away,L,1,3,Fulham,1.5,2.2,61.0,16.0,5.0,Newcastle United,2025,17
2741,2024-09-28,12:30,Matchweek 6,Home,D,1,1,Manchester City,1.6,0.9,38.0,10.0,3.0,Newcastle United,2025,17
2742,2024-10-05,17:30,Matchweek 7,Away,D,0,0,Everton,2.1,0.7,67.0,13.0,1.0,Newcastle United,2025,17
2743,2024-10-19,15:00,Matchweek 8,Home,L,0,1,Brighton,2.0,1.1,60.0,21.0,6.0,Newcastle United,2025,17
2744,2024-10-27,14:00,Matchweek 9,Away,L,1,2,Chelsea,1.8,1.6,50.0,11.0,2.0,Newcastle United,2025,17
2745,2024-11-02,12:30,Matchweek 10,Home,W,1,0,Arsenal,0.5,1.1,37.0,9.0,4.0,Newcastle United,2025,17
2746,2024-11-10,14:00,Matchweek 11,Away,W,3,1,Nottingham Forest,1.6,0.6,56.0,17.0,6.0,Newcastle United,2025,17
2747,2024-11-25,20:00,Matchweek 12,Home,L,0,2,West Ham,1.6,0.9,53.0,18.0,2.0,Newcastle United,2025,17
2748,2024-11-30,15:00,Matchweek 13,Away,D,1,1,Crystal Palace,0.0,1.7,51.0,1.0,0.0,Newcastle United,2025,17
2749,2024-12-04,19:30,Matchweek 14,Home,D,3,3,Liverpool,2.1,1.9,42.0,17.0,6.0,Newcastle United,2025,17
2750,2024-12-07,15:00,Matchweek 15,Away,L,2,4,Brentford,1.5,1.2,57.0,16.0,3.0,Newcastle United,2025,17
2751,2024-12-14,15:00,Matchweek 16,Home,W,4,0,Leicester City,3.8,0.2,59.0,27.0,11.0,Newcastle United,2025,17
2752,2024-12-21,15:00,Matchweek 17,Away,W,4,0,Ipswich Town,2.3,0.7,58.0,15.0,7.0,Newcastle United,2025,17
2753,2024-12-26,15:00,Matchweek 18,Home,W,3,0,Aston Villa,2.7,0.3,62.0,22.0,7.0,Newcastle United,2025,17
2754,2024-12-30,20:00,Matchweek 19,Away,W,2,0,Manchester United,1.9,0.8,48.0,12.0,4.0,Newcastle United,2025,17
2755,2025-01-04,12:30,Matchweek 20,Away,W,2,1,Tottenham Hotspur,2.5,0.9,44.0,14.0,4.0,Newcastle United,2025,17
2756,2025-01-15,19:30,Matchweek 21,Home,W,3,0,Wolverhampton Wanderers,2.1,1.6,60.0,17.0,5.0,Newcastle United,2025,17
2757,2025-01-18,12:30,Matchweek 22,Home,L,1,4,Bournemouth,0.8,2.0,56.0,13.0,4.0,Newcastle United,2025,17
2758,2025-01-25,15:00,Matchweek 23,Away,W,3,1,Southampton,2.9,0.8,47.0,16.0,7.0,Newcastle United,2025,17
2759,2025-02-01,15:00,Matchweek 24,Home,L,1,2,Fulham,0.8,1.6,49.0,11.0,4.0,Newcastle United,2025,17
2760,2025-02-15,15:00,Matchweek 25,Away,L,0,4,Manchester City,0.5,1.9,39.0,3.0,1.0,Newcastle United,2025,17
2761,2025-02-23,14:00,Matchweek 26,Home,W,4,3,Nottingham Forest,2.9,1.7,57.0,12.0,4.0,Newcastle United,2025,17
2762,2025-02-26,20:15,Matchweek 27,Away,L,0,2,Liverpool,0.2,1.7,39.0,3.0,0.0,Newcastle United,2025,17
2763,2025-03-10,20:00,Matchweek 28,Away,W,1,0,West Ham,1.4,0.7,49.0,9.0,3.0,Newcastle United,2025,17
2764,2025-04-02,19:45,Matchweek 30,Home,W,2,1,Brentford,1.3,1.5,49.0,21.0,4.0,Newcastle United,2025,17
2765,2025-04-07,20:00,Matchweek 31,Away,W,3,0,Leicester City,3.2,0.5,42.0,16.0,5.0,Newcastle United,2025,17
2766,2025-04-13,16:30,Matchweek 32,Home,W,4,1,Manchester United,2.2,0.7,48.0,13.0,6.0,Newcastle United,2025,17
2767,2025-04-16,19:30,Matchweek 29,Home,W,5,0,Crystal Palace,1.5,2.0,59.0,14.0,7.0,Newcastle United,2025,17
2768,2025-04-19,17:30,Matchweek 33,Away,L,1,4,Aston Villa,1.0,2.2,52.0,10.0,3.0,Newcastle United,2025,17
2769,2025-04-26,15:00,Matchweek 34,Home,W,3,0,Ipswich Town,2.4,0.1,77.0,24.0,3.0,Newcastle United,2025,17
2770,2025-05-04,14:00,Matchweek 35,Away,D,1,1,Brighton,1.7,0.7,55.0,12.0,4.0,Newcastle United,2025,17
2771,2025-05-11,12:00,Matchweek 36,Home,W,2,0,Chelsea,1.6,0.7,45.0,15.0,6.0,Newcastle United,2025,17
2772,2025-05-18,16:30,Matchweek 37,Away,L,0,1,Arsenal,1.5,0.6,49.0,14.0,5.0,Newcastle United,2025,17
2773,2025-05-25,16:00,Matchweek 38,Home,L,0,1,Everton,1.2,1.2,65.0,17.0,6.0,Newcastle United,2025,17
2774,2021-08-14,17:30,Matchweek 1,Home,L,0,3,Liverpool,1.4,1.6,50.0,14.0,3.0,Norwich City,2022,18
2775,2021-08-21,15:00,Matchweek 2,Away,L,0,5,Manchester City,0.1,2.6,33.0,1.0,0.0,Norwich City,2022,18
2776,2021-08-28,15:00,Matchweek 3,Home,L,1,2,Leicester City,1.5,1.5,45.0,13.0,3.0,Norwich City,2022,18
2777,2021-09-11,15:00,Matchweek 4,Away,L,0,1,Arsenal,0.7,2.7,49.0,10.0,1.0,Norwich City,2022,18
2778,2021-09-18,15:00,Matchweek 5,Home,L,1,3,Watford,1.0,2.4,49.0,12.0,5.0,Norwich City,2022,18
2779,2021-09-25,15:00,Matchweek 6,Away,L,0,2,Everton,0.5,1.9,53.0,10.0,2.0,Norwich City,2022,18
2780,2021-10-02,15:00,Matchweek 7,Away,D,0,0,Burnley,0.6,1.2,44.0,10.0,2.0,Norwich City,2022,18
2781,2021-10-16,15:00,Matchweek 8,Home,D,0,0,Brighton,1.2,0.8,36.0,15.0,2.0,Norwich City,2022,18
2782,2021-10-23,12:30,Matchweek 9,Away,L,0,7,Chelsea,0.1,3.1,38.0,3.0,1.0,Norwich City,2022,18
2783,2021-10-31,14:00,Matchweek 10,Home,L,1,2,Leeds United,0.8,0.7,48.0,14.0,3.0,Norwich City,2022,18
2784,2021-11-06,15:00,Matchweek 11,Away,W,2,1,Brentford,1.2,2.5,36.0,8.0,4.0,Norwich City,2022,18
2785,2021-11-20,15:00,Matchweek 12,Home,W,2,1,Southampton,0.5,1.0,38.0,8.0,4.0,Norwich City,2022,18
2786,2021-11-27,15:00,Matchweek 13,Home,D,0,0,Wolverhampton Wanderers,1.6,0.3,43.0,14.0,4.0,Norwich City,2022,18
2787,2021-11-30,19:30,Matchweek 14,Away,D,1,1,Newcastle United,1.2,1.1,68.0,16.0,6.0,Norwich City,2022,18
2788,2021-12-05,14:00,Matchweek 15,Away,L,0,3,Tottenham Hotspur,1.2,1.6,59.0,10.0,1.0,Norwich City,2022,18
2789,2021-12-11,17:30,Matchweek 16,Home,L,0,1,Manchester United,1.2,2.0,48.0,11.0,5.0,Norwich City,2022,18
2790,2021-12-14,19:45,Matchweek 17,Home,L,0,2,Aston Villa,0.5,2.0,50.0,7.0,3.0,Norwich City,2022,18
2791,2021-12-26,15:00,Matchweek 19,Home,L,0,5,Arsenal,0.1,2.5,36.0,4.0,2.0,Norwich City,2022,18
2792,2021-12-28,15:00,Matchweek 20,Away,L,0,3,Crystal Palace,0.9,1.9,49.0,12.0,2.0,Norwich City,2022,18
2793,2022-01-12,19:45,Matchweek 18,Away,L,0,2,West Ham,0.3,2.5,38.0,7.0,3.0,Norwich City,2022,18
2794,2022-01-15,15:00,Matchweek 22,Home,W,2,1,Everton,1.0,0.6,41.0,14.0,3.0,Norwich City,2022,18
2795,2022-01-21,20:00,Matchweek 23,Away,W,3,0,Watford,1.1,1.2,33.0,7.0,2.0,Norwich City,2022,18
2796,2022-02-09,19:45,Matchweek 24,Home,D,1,1,Crystal Palace,0.4,1.3,30.0,5.0,1.0,Norwich City,2022,18
2797,2022-02-12,17:30,Matchweek 25,Home,L,0,4,Manchester City,0.4,4.6,29.0,8.0,3.0,Norwich City,2022,18
2798,2022-02-19,15:00,Matchweek 26,Away,L,1,3,Liverpool,0.6,3.6,31.0,6.0,1.0,Norwich City,2022,18
2799,2022-02-25,20:00,Matchweek 27,Away,L,0,2,Southampton,0.6,2.6,42.0,8.0,1.0,Norwich City,2022,18
2800,2022-03-05,15:00,Matchweek 28,Home,L,1,3,Brentford,1.0,2.0,60.0,15.0,7.0,Norwich City,2022,18
2801,2022-03-10,19:30,Matchweek 30,Home,L,1,3,Chelsea,1.0,1.8,34.0,7.0,2.0,Norwich City,2022,18
2802,2022-03-13,14:00,Matchweek 29,Away,L,1,2,Leeds United,1.5,2.5,48.0,12.0,4.0,Norwich City,2022,18
2803,2022-04-02,15:00,Matchweek 31,Away,D,0,0,Brighton,0.4,2.8,37.0,6.0,0.0,Norwich City,2022,18
2804,2022-04-10,14:00,Matchweek 32,Home,W,2,0,Burnley,1.7,1.7,45.0,17.0,6.0,Norwich City,2022,18
2805,2022-04-16,15:00,Matchweek 33,Away,L,2,3,Manchester United,1.5,1.9,39.0,15.0,4.0,Norwich City,2022,18
2806,2022-04-23,15:00,Matchweek 34,Home,L,0,3,Newcastle United,0.6,1.9,46.0,5.0,2.0,Norwich City,2022,18
2807,2022-04-30,15:00,Matchweek 35,Away,L,0,2,Aston Villa,0.5,1.8,55.0,9.0,3.0,Norwich City,2022,18
2808,2022-05-08,14:00,Matchweek 36,Home,L,0,4,West Ham,0.8,3.0,37.0,8.0,2.0,Norwich City,2022,18
2809,2022-05-11,19:45,Matchweek 21,Away,L,0,3,Leicester City,1.1,2.0,35.0,9.0,5.0,Norwich City,2022,18
2810,2022-05-15,14:00,Matchweek 37,Away,D,1,1,Wolverhampton Wanderers,1.1,0.9,36.0,11.0,2.0,Norwich City,2022,18
2811,2022-05-22,16:00,Matchweek 38,Home,L,0,5,Tottenham Hotspur,0.5,3.4,41.0,9.0,0.0,Norwich City,2022,18
2812,2022-08-06,15:00,Matchweek 1,Away,L,0,2,Newcastle United,0.3,1.7,39.0,5.0,0.0,Nottingham Forest,2023,19
2813,2022-08-14,14:00,Matchweek 2,Home,W,1,0,West Ham,1.3,2.1,43.0,13.0,6.0,Nottingham Forest,2023,19
2814,2022-08-20,15:00,Matchweek 3,Away,D,1,1,Everton,1.0,1.5,51.0,14.0,5.0,Nottingham Forest,2023,19
2815,2022-08-28,16:30,Matchweek 4,Home,L,0,2,Tottenham Hotspur,0.9,2.4,55.0,17.0,1.0,Nottingham Forest,2023,19
2816,2022-08-31,19:30,Matchweek 5,Away,L,0,6,Manchester City,0.7,3.3,26.0,8.0,1.0,Nottingham Forest,2023,19
2817,2022-09-03,15:00,Matchweek 6,Home,L,2,3,Bournemouth,1.9,0.8,52.0,10.0,2.0,Nottingham Forest,2023,19
2818,2022-09-16,20:00,Matchweek 8,Home,L,2,3,Fulham,1.4,0.9,41.0,11.0,3.0,Nottingham Forest,2023,19
2819,2022-10-03,20:00,Matchweek 9,Away,L,0,4,Leicester City,1.1,1.3,49.0,10.0,3.0,Nottingham Forest,2023,19
2820,2022-10-10,20:00,Matchweek 10,Home,D,1,1,Aston Villa,0.3,0.7,40.0,6.0,3.0,Nottingham Forest,2023,19
2821,2022-10-15,15:00,Matchweek 11,Away,L,0,1,Wolverhampton Wanderers,1.5,1.3,42.0,9.0,1.0,Nottingham Forest,2023,19
2822,2022-10-18,19:30,Matchweek 12,Away,D,0,0,Brighton,0.1,1.7,30.0,3.0,0.0,Nottingham Forest,2023,19
2823,2022-10-22,12:30,Matchweek 13,Home,W,1,0,Liverpool,1.9,1.6,25.0,10.0,7.0,Nottingham Forest,2023,19
2824,2022-10-30,14:00,Matchweek 14,Away,L,0,5,Arsenal,0.4,2.3,31.0,5.0,2.0,Nottingham Forest,2023,19
2825,2022-11-05,15:00,Matchweek 15,Home,D,2,2,Brentford,1.5,1.5,48.0,15.0,6.0,Nottingham Forest,2023,19
2826,2022-11-12,15:00,Matchweek 16,Home,W,1,0,Crystal Palace,1.1,1.2,32.0,9.0,2.0,Nottingham Forest,2023,19
2827,2022-12-27,20:00,Matchweek 17,Away,L,0,3,Manchester United,0.7,2.4,35.0,8.0,3.0,Nottingham Forest,2023,19
2828,2023-01-01,16:30,Matchweek 18,Home,D,1,1,Chelsea,1.4,0.9,29.0,12.0,5.0,Nottingham Forest,2023,19
2829,2023-01-04,19:30,Matchweek 19,Away,W,1,0,Southampton,1.4,0.5,37.0,11.0,1.0,Nottingham Forest,2023,19
2830,2023-01-14,15:00,Matchweek 20,Home,W,2,0,Leicester City,2.4,1.0,39.0,15.0,5.0,Nottingham Forest,2023,19
2831,2023-01-21,15:00,Matchweek 21,Away,D,1,1,Bournemouth,1.9,1.4,57.0,20.0,5.0,Nottingham Forest,2023,19
2832,2023-02-05,14:00,Matchweek 22,Home,W,1,0,Leeds United,0.4,0.9,30.0,6.0,2.0,Nottingham Forest,2023,19
2833,2023-02-11,15:00,Matchweek 23,Away,L,0,2,Fulham,0.7,1.5,50.0,10.0,1.0,Nottingham Forest,2023,19
2834,2023-02-18,15:00,Matchweek 24,Home,D,1,1,Manchester City,0.9,2.4,27.0,4.0,1.0,Nottingham Forest,2023,19
2835,2023-02-25,15:00,Matchweek 25,Away,L,0,4,West Ham,0.4,2.7,51.0,8.0,3.0,Nottingham Forest,2023,19
2836,2023-03-05,14:00,Matchweek 26,Home,D,2,2,Everton,0.8,1.7,57.0,10.0,4.0,Nottingham Forest,2023,19
2837,2023-03-11,15:00,Matchweek 27,Away,L,1,3,Tottenham Hotspur,1.5,2.0,45.0,8.0,4.0,Nottingham Forest,2023,19
2838,2023-03-17,20:00,Matchweek 28,Home,L,1,2,Newcastle United,0.4,2.4,39.0,5.0,3.0,Nottingham Forest,2023,19
2839,2023-04-01,15:00,Matchweek 29,Home,D,1,1,Wolverhampton Wanderers,1.3,0.5,29.0,17.0,7.0,Nottingham Forest,2023,19
2840,2023-04-04,19:45,Matchweek 7,Away,L,1,2,Leeds United,0.8,1.8,39.0,13.0,1.0,Nottingham Forest,2023,19
2841,2023-04-08,15:00,Matchweek 30,Away,L,0,2,Aston Villa,0.2,1.3,37.0,6.0,2.0,Nottingham Forest,2023,19
2842,2023-04-16,16:30,Matchweek 31,Home,L,0,2,Manchester United,0.7,3.5,32.0,6.0,0.0,Nottingham Forest,2023,19
2843,2023-04-22,15:00,Matchweek 32,Away,L,2,3,Liverpool,0.9,2.8,20.0,11.0,5.0,Nottingham Forest,2023,19
2844,2023-04-26,19:30,Matchweek 33,Home,W,3,1,Brighton,2.4,2.3,26.0,10.0,3.0,Nottingham Forest,2023,19
2845,2023-04-29,15:00,Matchweek 34,Away,L,1,2,Brentford,0.7,1.6,32.0,5.0,3.0,Nottingham Forest,2023,19
2846,2023-05-08,20:00,Matchweek 35,Home,W,4,3,Southampton,1.8,3.1,36.0,8.0,3.0,Nottingham Forest,2023,19
2847,2023-05-13,15:00,Matchweek 36,Away,D,2,2,Chelsea,1.3,1.2,25.0,11.0,2.0,Nottingham Forest,2023,19
2848,2023-05-20,17:30,Matchweek 37,Home,W,1,0,Arsenal,0.6,0.6,19.0,6.0,2.0,Nottingham Forest,2023,19
2849,2023-05-28,16:30,Matchweek 38,Away,D,1,1,Crystal Palace,0.5,1.4,34.0,7.0,4.0,Nottingham Forest,2023,19
2850,2023-08-12,12:30,Matchweek 1,Away,L,1,2,Arsenal,1.2,0.8,22.0,6.0,2.0,Nottingham Forest,2024,19
2851,2023-08-18,19:45,Matchweek 2,Home,W,2,1,Sheffield United,1.4,0.5,50.0,16.0,4.0,Nottingham Forest,2024,19
2852,2023-08-26,15:00,Matchweek 3,Away,L,2,3,Manchester United,1.2,2.8,34.0,9.0,4.0,Nottingham Forest,2024,19
2853,2023-09-02,15:00,Matchweek 4,Away,W,1,0,Chelsea,0.8,2.3,25.0,7.0,3.0,Nottingham Forest,2024,19
2854,2023-09-18,19:45,Matchweek 5,Home,D,1,1,Burnley,0.7,0.5,46.0,14.0,4.0,Nottingham Forest,2024,19
2855,2023-09-23,15:00,Matchweek 6,Away,L,0,2,Manchester City,1.0,1.3,43.0,10.0,3.0,Nottingham Forest,2024,19
2856,2023-10-01,14:00,Matchweek 7,Home,D,1,1,Brentford,0.5,1.6,41.0,6.0,1.0,Nottingham Forest,2024,19
2857,2023-10-07,17:30,Matchweek 8,Away,D,0,0,Crystal Palace,1.0,0.8,48.0,16.0,5.0,Nottingham Forest,2024,19
2858,2023-10-21,15:00,Matchweek 9,Home,D,2,2,Luton Town,2.9,1.7,57.0,19.0,8.0,Nottingham Forest,2024,19
2859,2023-10-29,14:00,Matchweek 10,Away,L,0,3,Liverpool,0.4,3.2,28.0,9.0,1.0,Nottingham Forest,2024,19
2860,2023-11-05,14:00,Matchweek 11,Home,W,2,0,Aston Villa,0.4,1.2,27.0,5.0,3.0,Nottingham Forest,2024,19
2861,2023-11-12,14:00,Matchweek 12,Away,L,2,3,West Ham,1.7,1.8,46.0,10.0,5.0,Nottingham Forest,2024,19
2862,2023-11-25,15:00,Matchweek 13,Home,L,2,3,Brighton,1.9,1.3,47.0,17.0,4.0,Nottingham Forest,2024,19
2863,2023-12-02,17:30,Matchweek 14,Home,L,0,1,Everton,0.7,0.7,61.0,13.0,2.0,Nottingham Forest,2024,19
2864,2023-12-06,19:30,Matchweek 15,Away,L,0,5,Fulham,0.3,2.5,37.0,4.0,1.0,Nottingham Forest,2024,19
2865,2023-12-09,15:00,Matchweek 16,Away,D,1,1,Wolverhampton Wanderers,1.3,1.2,32.0,8.0,2.0,Nottingham Forest,2024,19
2866,2023-12-15,20:00,Matchweek 17,Home,L,0,2,Tottenham Hotspur,1.3,1.5,34.0,15.0,1.0,Nottingham Forest,2024,19
2867,2023-12-23,15:00,Matchweek 18,Home,L,2,3,Bournemouth,1.0,1.6,34.0,11.0,4.0,Nottingham Forest,2024,19
2868,2023-12-26,12:30,Matchweek 19,Away,W,3,1,Newcastle United,3.5,2.4,38.0,15.0,6.0,Nottingham Forest,2024,19
2869,2023-12-30,17:30,Matchweek 20,Home,W,2,1,Manchester United,0.7,0.8,44.0,8.0,2.0,Nottingham Forest,2024,19
2870,2024-01-20,17:30,Matchweek 21,Away,L,2,3,Brentford,1.2,1.2,52.0,12.0,3.0,Nottingham Forest,2024,19
2871,2024-01-30,19:30,Matchweek 22,Home,L,1,2,Arsenal,0.5,1.2,27.0,9.0,3.0,Nottingham Forest,2024,19
2872,2024-02-04,14:00,Matchweek 23,Away,D,1,1,Bournemouth,0.5,1.3,55.0,8.0,6.0,Nottingham Forest,2024,19
2873,2024-02-10,17:30,Matchweek 24,Home,L,2,3,Newcastle United,1.5,0.5,39.0,13.0,3.0,Nottingham Forest,2024,19
2874,2024-02-17,15:00,Matchweek 25,Home,W,2,0,West Ham,2.8,0.5,49.0,19.0,8.0,Nottingham Forest,2024,19
2875,2024-02-24,15:00,Matchweek 26,Away,L,2,4,Aston Villa,2.6,3.6,42.0,10.0,3.0,Nottingham Forest,2024,19
2876,2024-03-02,15:00,Matchweek 27,Home,L,0,1,Liverpool,1.0,2.0,31.0,8.0,2.0,Nottingham Forest,2024,19
2877,2024-03-10,14:00,Matchweek 28,Away,L,0,1,Brighton,0.7,0.4,37.0,9.0,4.0,Nottingham Forest,2024,19
2878,2024-03-16,15:00,Matchweek 29,Away,D,1,1,Luton Town,2.0,0.6,40.0,16.0,3.0,Nottingham Forest,2024,19
2879,2024-03-30,15:00,Matchweek 30,Home,D,1,1,Crystal Palace,0.9,1.2,59.0,12.0,5.0,Nottingham Forest,2024,19
2880,2024-04-02,19:30,Matchweek 31,Home,W,3,1,Fulham,1.5,1.5,34.0,16.0,4.0,Nottingham Forest,2024,19
2881,2024-04-07,18:00,Matchweek 32,Away,L,1,3,Tottenham Hotspur,1.5,1.5,37.0,13.0,6.0,Nottingham Forest,2024,19
2882,2024-04-13,15:00,Matchweek 33,Home,D,2,2,Wolverhampton Wanderers,1.9,1.0,46.0,18.0,9.0,Nottingham Forest,2024,19
2883,2024-04-21,13:30,Matchweek 34,Away,L,0,2,Everton,0.9,0.3,59.0,8.0,3.0,Nottingham Forest,2024,19
2884,2024-04-28,16:30,Matchweek 35,Home,L,0,2,Manchester City,1.9,0.9,34.0,14.0,2.0,Nottingham Forest,2024,19
2885,2024-05-04,15:00,Matchweek 36,Away,W,3,1,Sheffield United,1.4,2.2,46.0,15.0,4.0,Nottingham Forest,2024,19
2886,2024-05-11,17:30,Matchweek 37,Home,L,2,3,Chelsea,1.5,1.6,33.0,20.0,4.0,Nottingham Forest,2024,19
2887,2024-05-19,16:00,Matchweek 38,Away,W,2,1,Burnley,1.7,1.2,28.0,12.0,6.0,Nottingham Forest,2024,19
2888,2024-08-17,15:00,Matchweek 1,Home,D,1,1,Bournemouth,1.3,1.2,53.0,14.0,8.0,Nottingham Forest,2025,19
2889,2024-08-24,15:00,Matchweek 2,Away,W,1,0,Southampton,2.2,0.1,36.0,23.0,8.0,Nottingham Forest,2025,19
2890,2024-08-31,15:00,Matchweek 3,Home,D,1,1,Wolverhampton Wanderers,1.0,0.7,52.0,16.0,5.0,Nottingham Forest,2025,19
2891,2024-09-14,15:00,Matchweek 4,Away,W,1,0,Liverpool,0.4,0.9,32.0,5.0,3.0,Nottingham Forest,2025,19
2892,2024-09-22,14:00,Matchweek 5,Away,D,2,2,Brighton,1.4,1.0,30.0,3.0,2.0,Nottingham Forest,2025,19
2893,2024-09-28,15:00,Matchweek 6,Home,L,0,1,Fulham,0.8,1.3,41.0,11.0,1.0,Nottingham Forest,2025,19
2894,2024-10-06,14:00,Matchweek 7,Away,D,1,1,Chelsea,0.9,2.3,35.0,16.0,9.0,Nottingham Forest,2025,19
2895,2024-10-21,20:00,Matchweek 8,Home,W,1,0,Crystal Palace,1.7,1.0,51.0,20.0,6.0,Nottingham Forest,2025,19
2896,2024-10-25,20:00,Matchweek 9,Away,W,3,1,Leicester City,1.7,0.8,35.0,20.0,5.0,Nottingham Forest,2025,19
2897,2024-11-02,15:00,Matchweek 10,Home,W,3,0,West Ham,2.2,0.1,54.0,19.0,6.0,Nottingham Forest,2025,19
2898,2024-11-10,14:00,Matchweek 11,Home,L,1,3,Newcastle United,0.6,1.6,44.0,9.0,3.0,Nottingham Forest,2025,19
2899,2024-11-23,15:00,Matchweek 12,Away,L,0,3,Arsenal,0.3,1.2,34.0,7.0,0.0,Nottingham Forest,2025,19
2900,2024-11-30,15:00,Matchweek 13,Home,W,1,0,Ipswich Town,1.6,0.6,45.0,11.0,4.0,Nottingham Forest,2025,19
2901,2024-12-04,19:30,Matchweek 14,Away,L,0,3,Manchester City,1.0,2.4,34.0,12.0,3.0,Nottingham Forest,2025,19
2902,2024-12-07,17:30,Matchweek 15,Away,W,3,2,Manchester United,0.8,1.6,29.0,11.0,3.0,Nottingham Forest,2025,19
2903,2024-12-14,17:30,Matchweek 16,Home,W,2,1,Aston Villa,1.7,0.4,50.0,17.0,6.0,Nottingham Forest,2025,19
2904,2024-12-21,15:00,Matchweek 17,Away,W,2,0,Brentford,0.9,0.7,36.0,10.0,6.0,Nottingham Forest,2025,19
2905,2024-12-26,15:00,Matchweek 18,Home,W,1,0,Tottenham Hotspur,1.1,0.9,30.0,10.0,3.0,Nottingham Forest,2025,19
2906,2024-12-29,15:00,Matchweek 19,Away,W,2,0,Everton,1.5,0.9,36.0,11.0,7.0,Nottingham Forest,2025,19
2907,2025-01-06,20:00,Matchweek 20,Away,W,3,0,Wolverhampton Wanderers,2.1,1.5,40.0,11.0,3.0,Nottingham Forest,2025,19
2908,2025-01-14,20:00,Matchweek 21,Home,D,1,1,Liverpool,0.3,2.0,30.0,6.0,3.0,Nottingham Forest,2025,19
2909,2025-01-19,14:00,Matchweek 22,Home,W,3,2,Southampton,1.8,0.9,45.0,14.0,4.0,Nottingham Forest,2025,19
2910,2025-01-25,15:00,Matchweek 23,Away,L,0,5,Bournemouth,1.0,1.7,50.0,18.0,4.0,Nottingham Forest,2025,19
2911,2025-02-01,12:30,Matchweek 24,Home,W,7,0,Brighton,3.3,0.9,38.0,13.0,8.0,Nottingham Forest,2025,19
2912,2025-02-15,15:00,Matchweek 25,Away,L,1,2,Fulham,0.4,2.1,45.0,8.0,2.0,Nottingham Forest,2025,19
2913,2025-02-23,14:00,Matchweek 26,Away,L,3,4,Newcastle United,1.7,2.9,43.0,17.0,5.0,Nottingham Forest,2025,19
2914,2025-02-26,19:30,Matchweek 27,Home,D,0,0,Arsenal,0.4,1.0,36.0,6.0,2.0,Nottingham Forest,2025,19
2915,2025-03-08,12:30,Matchweek 28,Home,W,1,0,Manchester City,0.7,0.9,31.0,9.0,4.0,Nottingham Forest,2025,19
2916,2025-03-15,15:00,Matchweek 29,Away,W,4,2,Ipswich Town,1.5,0.4,45.0,11.0,6.0,Nottingham Forest,2025,19
2917,2025-04-01,20:00,Matchweek 30,Home,W,1,0,Manchester United,0.5,1.6,32.0,8.0,2.0,Nottingham Forest,2025,19
2918,2025-04-05,17:30,Matchweek 31,Away,L,1,2,Aston Villa,1.5,3.0,48.0,19.0,3.0,Nottingham Forest,2025,19
2919,2025-04-12,15:00,Matchweek 32,Home,L,0,1,Everton,0.5,1.4,43.0,10.0,5.0,Nottingham Forest,2025,19
2920,2025-04-21,20:00,Matchweek 33,Away,W,2,1,Tottenham Hotspur,0.5,2.1,31.0,4.0,3.0,Nottingham Forest,2025,19
2921,2025-05-01,19:30,Matchweek 34,Home,L,0,2,Brentford,0.9,1.3,55.0,14.0,5.0,Nottingham Forest,2025,19
2922,2025-05-05,20:00,Matchweek 35,Away,D,1,1,Crystal Palace,0.7,2.3,50.0,12.0,4.0,Nottingham Forest,2025,19
2923,2025-05-11,14:15,Matchweek 36,Home,D,2,2,Leicester City,1.3,1.1,55.0,15.0,4.0,Nottingham Forest,2025,19
2924,2025-05-18,14:15,Matchweek 37,Away,W,2,1,West Ham,1.9,1.1,40.0,10.0,5.0,Nottingham Forest,2025,19
2925,2025-05-25,16:00,Matchweek 38,Home,L,0,1,Chelsea,1.2,1.1,52.0,10.0,2.0,Nottingham Forest,2025,19
2926,2020-09-14,18:00,Matchweek 1,Home,L,0,2,Wolverhampton Wanderers,1.0,1.4,55.0,9.0,1.0,Sheffield United,2021,20
2927,2020-09-21,18:00,Matchweek 2,Away,L,0,1,Aston Villa,0.9,1.0,29.0,3.0,0.0,Sheffield United,2021,20
2928,2020-09-27,12:00,Matchweek 3,Home,L,0,1,Leeds United,1.4,1.2,36.0,14.0,4.0,Sheffield United,2021,20
2929,2020-10-04,14:00,Matchweek 4,Away,L,1,2,Arsenal,0.2,0.6,36.0,6.0,2.0,Sheffield United,2021,20
2930,2020-10-18,12:00,Matchweek 5,Home,D,1,1,Fulham,1.7,1.5,42.0,9.0,5.0,Sheffield United,2021,20
2931,2020-10-24,20:00,Matchweek 6,Away,L,1,2,Liverpool,1.6,2.3,38.0,12.0,1.0,Sheffield United,2021,20
2932,2020-10-31,12:30,Matchweek 7,Home,L,0,1,Manchester City,0.5,1.6,35.0,3.0,1.0,Sheffield United,2021,20
2933,2020-11-07,17:30,Matchweek 8,Away,L,1,4,Chelsea,0.4,2.2,31.0,6.0,3.0,Sheffield United,2021,20
2934,2020-11-22,14:00,Matchweek 9,Home,L,0,1,West Ham,0.9,2.1,51.0,9.0,5.0,Sheffield United,2021,20
2935,2020-11-28,20:00,Matchweek 10,Away,L,0,1,West Brom,2.9,1.2,51.0,21.0,5.0,Sheffield United,2021,20
2936,2020-12-06,14:15,Matchweek 11,Home,L,1,2,Leicester City,0.2,1.4,31.0,4.0,1.0,Sheffield United,2021,20
2937,2020-12-13,12:00,Matchweek 12,Away,L,0,3,Southampton,0.3,2.0,33.0,3.0,0.0,Sheffield United,2021,20
2938,2020-12-17,20:00,Matchweek 13,Home,L,2,3,Manchester United,1.5,1.9,40.0,12.0,6.0,Sheffield United,2021,20
2939,2020-12-20,12:00,Matchweek 14,Away,D,1,1,Brighton,0.5,2.8,27.0,5.0,3.0,Sheffield United,2021,20
2940,2020-12-26,20:00,Matchweek 15,Home,L,0,1,Everton,1.4,0.7,44.0,10.0,1.0,Sheffield United,2021,20
2941,2020-12-29,18:00,Matchweek 16,Away,L,0,1,Burnley,0.7,1.0,63.0,7.0,2.0,Sheffield United,2021,20
2942,2021-01-02,15:00,Matchweek 17,Away,L,0,2,Crystal Palace,0.4,0.6,56.0,7.0,2.0,Sheffield United,2021,20
2943,2021-01-12,18:00,Matchweek 18,Home,W,1,0,Newcastle United,2.1,0.6,65.0,16.0,3.0,Sheffield United,2021,20
2944,2021-01-17,14:00,Matchweek 19,Home,L,1,3,Tottenham Hotspur,0.9,1.0,43.0,15.0,5.0,Sheffield United,2021,20
2945,2021-01-27,20:15,Matchweek 20,Away,W,2,1,Manchester United,1.0,1.1,25.0,5.0,3.0,Sheffield United,2021,20
2946,2021-01-30,15:00,Matchweek 21,Away,L,0,1,Manchester City,0.2,1.5,25.0,4.0,1.0,Sheffield United,2021,20
2947,2021-02-02,18:00,Matchweek 22,Home,W,2,1,West Brom,1.3,1.6,68.0,14.0,6.0,Sheffield United,2021,20
2948,2021-02-07,19:15,Matchweek 23,Home,L,1,2,Chelsea,0.6,1.6,32.0,8.0,3.0,Sheffield United,2021,20
2949,2021-02-15,18:00,Matchweek 24,Away,L,0,3,West Ham,0.7,1.9,54.0,8.0,5.0,Sheffield United,2021,20
2950,2021-02-20,20:00,Matchweek 25,Away,L,0,1,Fulham,0.9,1.2,36.0,4.0,2.0,Sheffield United,2021,20
2951,2021-02-28,19:15,Matchweek 26,Home,L,0,2,Liverpool,0.7,2.7,40.0,8.0,2.0,Sheffield United,2021,20
2952,2021-03-03,18:00,Matchweek 29,Home,W,1,0,Aston Villa,0.9,2.3,28.0,9.0,2.0,Sheffield United,2021,20
2953,2021-03-06,15:00,Matchweek 27,Home,L,0,2,Southampton,0.7,1.9,51.0,8.0,2.0,Sheffield United,2021,20
2954,2021-03-14,14:00,Matchweek 28,Away,L,0,5,Leicester City,0.1,4.0,29.0,1.0,0.0,Sheffield United,2021,20
2955,2021-04-03,15:00,Matchweek 30,Away,L,1,2,Leeds United,1.1,2.4,46.0,9.0,1.0,Sheffield United,2021,20
2956,2021-04-11,19:00,Matchweek 31,Home,L,0,3,Arsenal,0.3,1.7,45.0,7.0,2.0,Sheffield United,2021,20
2957,2021-04-17,20:15,Matchweek 32,Away,L,0,1,Wolverhampton Wanderers,0.5,1.1,52.0,8.0,2.0,Sheffield United,2021,20
2958,2021-04-24,20:00,Matchweek 33,Home,W,1,0,Brighton,0.7,2.0,32.0,7.0,3.0,Sheffield United,2021,20
2959,2021-05-02,19:15,Matchweek 34,Away,L,0,4,Tottenham Hotspur,0.5,2.2,34.0,8.0,1.0,Sheffield United,2021,20
2960,2021-05-08,15:00,Matchweek 35,Home,L,0,2,Crystal Palace,0.7,2.0,50.0,7.0,0.0,Sheffield United,2021,20
2961,2021-05-16,19:00,Matchweek 36,Away,W,1,0,Everton,1.2,1.4,38.0,10.0,3.0,Sheffield United,2021,20
2962,2021-05-19,18:00,Matchweek 37,Away,L,0,1,Newcastle United,0.9,1.6,49.0,11.0,1.0,Sheffield United,2021,20
2963,2021-05-23,16:00,Matchweek 38,Home,W,1,0,Burnley,0.5,1.1,43.0,12.0,3.0,Sheffield United,2021,20
2964,2023-08-12,15:00,Matchweek 1,Home,L,0,1,Crystal Palace,0.5,1.9,32.0,8.0,1.0,Sheffield United,2024,20
2965,2023-08-18,19:45,Matchweek 2,Away,L,1,2,Nottingham Forest,0.5,1.4,50.0,7.0,3.0,Sheffield United,2024,20
2966,2023-08-27,14:00,Matchweek 3,Home,L,1,2,Manchester City,0.7,3.5,21.0,6.0,1.0,Sheffield United,2024,20
2967,2023-09-02,12:30,Matchweek 4,Home,D,2,2,Everton,1.2,2.5,46.0,13.0,7.0,Sheffield United,2024,20
2968,2023-09-16,15:00,Matchweek 5,Away,L,1,2,Tottenham Hotspur,0.7,2.1,30.0,7.0,5.0,Sheffield United,2024,20
2969,2023-09-24,16:30,Matchweek 6,Home,L,0,8,Newcastle United,0.9,3.9,42.0,9.0,1.0,Sheffield United,2024,20
2970,2023-09-30,15:00,Matchweek 7,Away,L,0,2,West Ham,1.1,2.1,48.0,16.0,2.0,Sheffield United,2024,20
2971,2023-10-07,15:00,Matchweek 8,Away,L,1,3,Fulham,0.6,2.2,40.0,5.0,2.0,Sheffield United,2024,20
2972,2023-10-21,20:00,Matchweek 9,Home,L,1,2,Manchester United,1.4,1.1,38.0,11.0,5.0,Sheffield United,2024,20
2973,2023-10-28,15:00,Matchweek 10,Away,L,0,5,Arsenal,0.0,2.8,33.0,2.0,0.0,Sheffield United,2024,20
2974,2023-11-04,15:00,Matchweek 11,Home,W,2,1,Wolverhampton Wanderers,1.0,1.2,39.0,10.0,1.0,Sheffield United,2024,20
2975,2023-11-12,14:00,Matchweek 12,Away,D,1,1,Brighton,1.1,1.5,39.0,9.0,1.0,Sheffield United,2024,20
2976,2023-11-25,15:00,Matchweek 13,Home,L,1,3,Bournemouth,0.8,2.9,46.0,10.0,2.0,Sheffield United,2024,20
2977,2023-12-02,15:00,Matchweek 14,Away,L,0,5,Burnley,0.4,1.8,37.0,6.0,3.0,Sheffield United,2024,20
2978,2023-12-06,19:30,Matchweek 15,Home,L,0,2,Liverpool,1.0,1.7,25.0,6.0,1.0,Sheffield United,2024,20
2979,2023-12-09,15:00,Matchweek 16,Home,W,1,0,Brentford,0.8,0.6,41.0,9.0,4.0,Sheffield United,2024,20
2980,2023-12-16,15:00,Matchweek 17,Away,L,0,2,Chelsea,0.4,3.1,22.0,6.0,1.0,Sheffield United,2024,20
2981,2023-12-22,20:00,Matchweek 18,Away,D,1,1,Aston Villa,0.6,0.9,23.0,5.0,2.0,Sheffield United,2024,20
2982,2023-12-26,15:00,Matchweek 19,Home,L,2,3,Luton Town,2.4,0.6,51.0,21.0,4.0,Sheffield United,2024,20
2983,2023-12-30,15:00,Matchweek 20,Away,L,0,2,Manchester City,0.3,2.2,20.0,4.0,2.0,Sheffield United,2024,20
2984,2024-01-21,14:00,Matchweek 21,Home,D,2,2,West Ham,2.5,2.3,57.0,20.0,5.0,Sheffield United,2024,20
2985,2024-01-30,20:00,Matchweek 22,Away,L,2,3,Crystal Palace,0.8,1.1,47.0,9.0,5.0,Sheffield United,2024,20
2986,2024-02-03,17:30,Matchweek 23,Home,L,0,5,Aston Villa,1.4,2.2,37.0,10.0,4.0,Sheffield United,2024,20
2987,2024-02-10,15:00,Matchweek 24,Away,W,3,1,Luton Town,1.7,1.8,26.0,6.0,2.0,Sheffield United,2024,20
2988,2024-02-18,14:00,Matchweek 25,Home,L,0,5,Brighton,0.6,2.9,21.0,6.0,1.0,Sheffield United,2024,20
2989,2024-02-25,13:30,Matchweek 26,Away,L,0,1,Wolverhampton Wanderers,0.6,1.3,37.0,12.0,4.0,Sheffield United,2024,20
2990,2024-03-04,20:00,Matchweek 27,Home,L,0,6,Arsenal,0.2,2.3,20.0,4.0,0.0,Sheffield United,2024,20
2991,2024-03-09,15:00,Matchweek 28,Away,D,2,2,Bournemouth,1.2,3.3,31.0,13.0,9.0,Sheffield United,2024,20
2992,2024-03-30,15:00,Matchweek 30,Home,D,3,3,Fulham,1.9,1.3,27.0,8.0,4.0,Sheffield United,2024,20
2993,2024-04-04,19:30,Matchweek 31,Away,L,1,3,Liverpool,0.6,1.8,18.0,5.0,3.0,Sheffield United,2024,20
2994,2024-04-07,17:30,Matchweek 32,Home,D,2,2,Chelsea,1.4,0.3,32.0,11.0,5.0,Sheffield United,2024,20
2995,2024-04-13,15:00,Matchweek 33,Away,L,0,2,Brentford,0.8,1.0,47.0,8.0,2.0,Sheffield United,2024,20
2996,2024-04-20,15:00,Matchweek 34,Home,L,1,4,Burnley,2.4,2.2,49.0,18.0,11.0,Sheffield United,2024,20
2997,2024-04-24,20:00,Matchweek 29,Away,L,2,4,Manchester United,0.8,2.9,29.0,10.0,4.0,Sheffield United,2024,20
2998,2024-04-27,15:00,Matchweek 35,Away,L,1,5,Newcastle United,1.5,3.1,40.0,15.0,4.0,Sheffield United,2024,20
2999,2024-05-04,15:00,Matchweek 36,Home,L,1,3,Nottingham Forest,2.2,1.4,54.0,16.0,4.0,Sheffield United,2024,20
3000,2024-05-11,15:00,Matchweek 37,Away,L,0,1,Everton,0.6,2.3,42.0,13.0,1.0,Sheffield United,2024,20
3001,2024-05-19,16:00,Matchweek 38,Home,L,0,3,Tottenham Hotspur,1.0,3.1,25.0,6.0,1.0,Sheffield United,2024,20
3002,2020-09-12,15:00,Matchweek 1,Away,L,0,1,Crystal Palace,0.9,1.1,69.0,9.0,5.0,Southampton,2021,21
3003,2020-09-20,12:00,Matchweek 2,Home,L,2,5,Tottenham Hotspur,2.0,2.1,51.0,13.0,6.0,Southampton,2021,21
3004,2020-09-26,20:00,Matchweek 3,Away,W,1,0,Burnley,0.6,0.5,47.0,5.0,1.0,Southampton,2021,21
3005,2020-10-04,12:00,Matchweek 4,Home,W,2,0,West Brom,1.2,0.2,62.0,13.0,7.0,Southampton,2021,21
3006,2020-10-17,15:00,Matchweek 5,Away,D,3,3,Chelsea,1.9,1.8,47.0,13.0,6.0,Southampton,2021,21
3007,2020-10-25,14:00,Matchweek 6,Home,W,2,0,Everton,0.7,0.4,54.0,13.0,6.0,Southampton,2021,21
3008,2020-11-01,12:00,Matchweek 7,Away,W,4,3,Aston Villa,0.7,1.9,44.0,9.0,4.0,Southampton,2021,21
3009,2020-11-06,20:00,Matchweek 8,Home,W,2,0,Newcastle United,0.7,0.3,61.0,15.0,7.0,Southampton,2021,21
3010,2020-11-23,20:00,Matchweek 9,Away,D,1,1,Wolverhampton Wanderers,1.0,1.5,54.0,7.0,2.0,Southampton,2021,21
3011,2020-11-29,14:00,Matchweek 10,Home,L,2,3,Manchester United,0.5,2.1,50.0,10.0,5.0,Southampton,2021,21
3012,2020-12-07,20:00,Matchweek 11,Away,W,2,1,Brighton,1.4,1.9,52.0,9.0,2.0,Southampton,2021,21
3013,2020-12-13,12:00,Matchweek 12,Home,W,3,0,Sheffield United,2.0,0.3,67.0,16.0,6.0,Southampton,2021,21
3014,2020-12-16,18:00,Matchweek 13,Away,D,1,1,Arsenal,1.2,0.6,64.0,13.0,3.0,Southampton,2021,21
3015,2020-12-19,15:00,Matchweek 14,Home,L,0,1,Manchester City,0.7,0.9,48.0,9.0,3.0,Southampton,2021,21
3016,2020-12-26,15:00,Matchweek 15,Away,D,0,0,Fulham,0.2,0.7,53.0,3.0,2.0,Southampton,2021,21
3017,2020-12-29,18:00,Matchweek 16,Home,D,0,0,West Ham,0.6,1.2,62.0,8.0,3.0,Southampton,2021,21
3018,2021-01-04,20:00,Matchweek 17,Home,W,1,0,Liverpool,0.4,1.5,34.0,7.0,2.0,Southampton,2021,21
3019,2021-01-16,20:00,Matchweek 19,Away,L,0,2,Leicester City,0.6,2.2,53.0,8.0,3.0,Southampton,2021,21
3020,2021-01-26,20:15,Matchweek 20,Home,L,1,3,Arsenal,0.8,2.2,58.0,13.0,5.0,Southampton,2021,21
3021,2021-01-30,20:00,Matchweek 21,Home,L,0,1,Aston Villa,1.9,0.6,59.0,20.0,4.0,Southampton,2021,21
3022,2021-02-02,20:15,Matchweek 22,Away,L,0,9,Manchester United,0.5,4.7,26.0,3.0,1.0,Southampton,2021,21
3023,2021-02-06,15:00,Matchweek 23,Away,L,2,3,Newcastle United,1.3,0.7,73.0,14.0,5.0,Southampton,2021,21
3024,2021-02-14,12:00,Matchweek 24,Home,L,1,2,Wolverhampton Wanderers,0.8,1.1,51.0,7.0,3.0,Southampton,2021,21
3025,2021-02-20,12:30,Matchweek 25,Home,D,1,1,Chelsea,0.6,1.2,30.0,4.0,1.0,Southampton,2021,21
3026,2021-02-23,18:00,Matchweek 18,Away,L,0,3,Leeds United,0.9,1.3,54.0,13.0,5.0,Southampton,2021,21
3027,2021-03-01,20:00,Matchweek 26,Away,L,0,1,Everton,0.6,1.2,53.0,9.0,1.0,Southampton,2021,21
3028,2021-03-06,15:00,Matchweek 27,Away,W,2,0,Sheffield United,1.9,0.7,49.0,14.0,6.0,Southampton,2021,21
3029,2021-03-10,18:00,Matchweek 33,Away,L,2,5,Manchester City,1.6,2.6,42.0,10.0,5.0,Southampton,2021,21
3030,2021-03-14,12:00,Matchweek 28,Home,L,1,2,Brighton,0.6,0.8,59.0,9.0,4.0,Southampton,2021,21
3031,2021-04-04,12:00,Matchweek 30,Home,W,3,2,Burnley,2.2,1.5,53.0,24.0,8.0,Southampton,2021,21
3032,2021-04-12,18:00,Matchweek 31,Away,L,0,3,West Brom,1.5,3.0,60.0,13.0,3.0,Southampton,2021,21
3033,2021-04-21,18:00,Matchweek 29,Away,L,1,2,Tottenham Hotspur,0.8,1.4,38.0,10.0,5.0,Southampton,2021,21
3034,2021-04-30,20:00,Matchweek 34,Home,D,1,1,Leicester City,0.9,1.9,30.0,4.0,2.0,Southampton,2021,21
3035,2021-05-08,20:15,Matchweek 35,Away,L,0,2,Liverpool,1.1,1.7,46.0,12.0,6.0,Southampton,2021,21
3036,2021-05-11,20:15,Matchweek 32,Home,W,3,1,Crystal Palace,1.2,1.5,62.0,13.0,6.0,Southampton,2021,21
3037,2021-05-15,15:00,Matchweek 36,Home,W,3,1,Fulham,1.6,0.8,47.0,11.0,6.0,Southampton,2021,21
3038,2021-05-18,18:00,Matchweek 37,Home,L,0,2,Leeds United,1.6,1.7,51.0,18.0,3.0,Southampton,2021,21
3039,2021-05-23,16:00,Matchweek 38,Away,L,0,3,West Ham,1.5,1.3,62.0,17.0,5.0,Southampton,2021,21
3040,2021-08-14,15:00,Matchweek 1,Away,L,1,3,Everton,0.8,2.4,52.0,6.0,3.0,Southampton,2022,21
3041,2021-08-22,14:00,Matchweek 2,Home,D,1,1,Manchester United,0.7,1.8,37.0,8.0,3.0,Southampton,2022,21
3042,2021-08-28,15:00,Matchweek 3,Away,D,2,2,Newcastle United,3.6,1.0,63.0,21.0,5.0,Southampton,2022,21
3043,2021-09-11,15:00,Matchweek 4,Home,D,0,0,West Ham,0.7,0.7,42.0,11.0,2.0,Southampton,2022,21
3044,2021-09-18,15:00,Matchweek 5,Away,D,0,0,Manchester City,0.4,1.0,36.0,10.0,2.0,Southampton,2022,21
3045,2021-09-26,14:00,Matchweek 6,Home,L,0,1,Wolverhampton Wanderers,1.0,1.0,57.0,18.0,6.0,Southampton,2022,21
3046,2021-10-02,15:00,Matchweek 7,Away,L,1,3,Chelsea,1.3,3.3,38.0,5.0,1.0,Southampton,2022,21
3047,2021-10-16,15:00,Matchweek 8,Home,W,1,0,Leeds United,1.9,0.2,46.0,19.0,4.0,Southampton,2022,21
3048,2021-10-23,15:00,Matchweek 9,Home,D,2,2,Burnley,1.6,0.7,61.0,16.0,4.0,Southampton,2022,21
3049,2021-10-30,15:00,Matchweek 10,Away,W,1,0,Watford,1.8,1.0,60.0,12.0,1.0,Southampton,2022,21
3050,2021-11-05,20:00,Matchweek 11,Home,W,1,0,Aston Villa,0.6,0.6,56.0,9.0,3.0,Southampton,2022,21
3051,2021-11-20,15:00,Matchweek 12,Away,L,1,2,Norwich City,1.0,0.5,62.0,17.0,5.0,Southampton,2022,21
3052,2021-11-27,15:00,Matchweek 13,Away,L,0,4,Liverpool,1.0,2.9,36.0,7.0,3.0,Southampton,2022,21
3053,2021-12-01,19:30,Matchweek 14,Home,D,2,2,Leicester City,1.5,1.5,45.0,15.0,7.0,Southampton,2022,21
3054,2021-12-04,15:00,Matchweek 15,Home,D,1,1,Brighton,1.6,1.6,44.0,14.0,4.0,Southampton,2022,21
3055,2021-12-11,15:00,Matchweek 16,Away,L,0,3,Arsenal,0.6,1.8,39.0,11.0,6.0,Southampton,2022,21
3056,2021-12-15,19:30,Matchweek 17,Away,D,2,2,Crystal Palace,0.6,1.2,41.0,15.0,4.0,Southampton,2022,21
3057,2021-12-26,15:00,Matchweek 19,Away,W,3,2,West Ham,1.2,1.6,44.0,10.0,5.0,Southampton,2022,21
3058,2021-12-28,15:00,Matchweek 20,Home,D,1,1,Tottenham Hotspur,0.4,2.3,35.0,9.0,2.0,Southampton,2022,21
3059,2022-01-11,19:45,Matchweek 18,Home,W,4,1,Brentford,1.4,0.5,48.0,12.0,6.0,Southampton,2022,21
3060,2022-01-15,15:00,Matchweek 22,Away,L,1,3,Wolverhampton Wanderers,0.8,2.5,57.0,13.0,10.0,Southampton,2022,21
3061,2022-01-22,17:30,Matchweek 23,Home,D,1,1,Manchester City,0.8,1.8,26.0,7.0,3.0,Southampton,2022,21
3062,2022-02-09,19:45,Matchweek 24,Away,W,3,2,Tottenham Hotspur,2.2,1.4,52.0,23.0,9.0,Southampton,2022,21
3063,2022-02-12,12:30,Matchweek 25,Away,D,1,1,Manchester United,0.8,2.1,47.0,13.0,4.0,Southampton,2022,21
3064,2022-02-19,15:00,Matchweek 26,Home,W,2,0,Everton,2.5,0.3,55.0,19.0,11.0,Southampton,2022,21
3065,2022-02-25,20:00,Matchweek 27,Home,W,2,0,Norwich City,2.6,0.6,58.0,27.0,9.0,Southampton,2022,21
3066,2022-03-05,15:00,Matchweek 28,Away,L,0,4,Aston Villa,1.1,2.5,62.0,11.0,1.0,Southampton,2022,21
3067,2022-03-10,19:30,Matchweek 21,Home,L,1,2,Newcastle United,1.1,0.6,67.0,14.0,5.0,Southampton,2022,21
3068,2022-03-13,14:00,Matchweek 29,Home,L,1,2,Watford,1.4,1.7,63.0,13.0,6.0,Southampton,2022,21
3069,2022-04-02,15:00,Matchweek 31,Away,D,1,1,Leeds United,1.4,1.2,44.0,14.0,5.0,Southampton,2022,21
3070,2022-04-09,15:00,Matchweek 32,Home,L,0,6,Chelsea,0.5,4.2,30.0,4.0,1.0,Southampton,2022,21
3071,2022-04-16,15:00,Matchweek 33,Home,W,1,0,Arsenal,0.8,1.7,25.0,9.0,3.0,Southampton,2022,21
3072,2022-04-21,19:45,Matchweek 30,Away,L,0,2,Burnley,0.9,1.5,56.0,11.0,3.0,Southampton,2022,21
3073,2022-04-24,14:00,Matchweek 34,Away,D,2,2,Brighton,0.9,1.7,52.0,18.0,5.0,Southampton,2022,21
3074,2022-04-30,15:00,Matchweek 35,Home,L,1,2,Crystal Palace,0.6,1.1,38.0,8.0,3.0,Southampton,2022,21
3075,2022-05-07,15:00,Matchweek 36,Away,L,0,3,Brentford,1.4,2.6,59.0,19.0,4.0,Southampton,2022,21
3076,2022-05-17,19:45,Matchweek 37,Home,L,1,2,Liverpool,0.1,1.3,30.0,4.0,2.0,Southampton,2022,21
3077,2022-05-22,16:00,Matchweek 38,Away,L,1,4,Leicester City,1.1,3.4,49.0,6.0,1.0,Southampton,2022,21
3078,2022-08-06,15:00,Matchweek 1,Away,L,1,4,Tottenham Hotspur,0.5,1.5,42.0,10.0,2.0,Southampton,2023,21
3079,2022-08-13,15:00,Matchweek 2,Home,D,2,2,Leeds United,1.2,1.8,43.0,14.0,4.0,Southampton,2023,21
3080,2022-08-20,15:00,Matchweek 3,Away,W,2,1,Leicester City,0.9,0.3,38.0,9.0,3.0,Southampton,2023,21
3081,2022-08-27,12:30,Matchweek 4,Home,L,0,1,Manchester United,1.4,1.1,49.0,17.0,4.0,Southampton,2023,21
3082,2022-08-30,19:45,Matchweek 5,Home,W,2,1,Chelsea,1.1,1.1,33.0,9.0,5.0,Southampton,2023,21
3083,2022-09-03,15:00,Matchweek 6,Away,L,0,1,Wolverhampton Wanderers,1.2,0.8,49.0,12.0,1.0,Southampton,2023,21
3084,2022-09-16,20:00,Matchweek 8,Away,L,0,1,Aston Villa,0.3,1.5,47.0,7.0,1.0,Southampton,2023,21
3085,2022-10-01,15:00,Matchweek 9,Home,L,1,2,Everton,1.7,2.0,55.0,22.0,6.0,Southampton,2023,21
3086,2022-10-08,15:00,Matchweek 10,Away,L,0,4,Manchester City,0.2,2.4,35.0,5.0,0.0,Southampton,2023,21
3087,2022-10-16,14:00,Matchweek 11,Home,D,1,1,West Ham,0.5,1.7,39.0,10.0,8.0,Southampton,2023,21
3088,2022-10-19,19:30,Matchweek 12,Away,W,1,0,Bournemouth,1.0,1.0,46.0,9.0,3.0,Southampton,2023,21
3089,2022-10-23,14:00,Matchweek 13,Home,D,1,1,Arsenal,0.7,1.0,41.0,10.0,3.0,Southampton,2023,21
3090,2022-10-29,15:00,Matchweek 14,Away,L,0,1,Crystal Palace,1.3,0.9,56.0,14.0,4.0,Southampton,2023,21
3091,2022-11-06,14:00,Matchweek 15,Home,L,1,4,Newcastle United,1.7,0.9,55.0,16.0,5.0,Southampton,2023,21
3092,2022-11-12,15:00,Matchweek 16,Away,L,1,3,Liverpool,1.1,1.9,40.0,9.0,5.0,Southampton,2023,21
3093,2022-12-26,15:00,Matchweek 17,Home,L,1,3,Brighton,1.9,0.6,34.0,13.0,3.0,Southampton,2023,21
3094,2022-12-31,15:00,Matchweek 18,Away,L,1,2,Fulham,0.8,1.5,38.0,9.0,3.0,Southampton,2023,21
3095,2023-01-04,19:30,Matchweek 19,Home,L,0,1,Nottingham Forest,0.5,1.4,63.0,8.0,0.0,Southampton,2023,21
3096,2023-01-14,15:00,Matchweek 20,Away,W,2,1,Everton,1.2,1.4,48.0,13.0,5.0,Southampton,2023,21
3097,2023-01-21,15:00,Matchweek 21,Home,L,0,1,Aston Villa,0.6,1.4,37.0,8.0,5.0,Southampton,2023,21
3098,2023-02-04,15:00,Matchweek 22,Away,L,0,3,Brentford,0.7,2.0,51.0,14.0,5.0,Southampton,2023,21
3099,2023-02-11,15:00,Matchweek 23,Home,L,1,2,Wolverhampton Wanderers,1.1,0.8,41.0,17.0,2.0,Southampton,2023,21
3100,2023-02-18,15:00,Matchweek 24,Away,W,1,0,Chelsea,0.6,1.6,38.0,8.0,4.0,Southampton,2023,21
3101,2023-02-25,15:00,Matchweek 25,Away,L,0,1,Leeds United,0.4,0.9,39.0,8.0,2.0,Southampton,2023,21
3102,2023-03-04,17:30,Matchweek 26,Home,W,1,0,Leicester City,1.4,1.9,35.0,10.0,4.0,Southampton,2023,21
3103,2023-03-12,14:00,Matchweek 27,Away,D,0,0,Manchester United,1.0,0.8,53.0,17.0,4.0,Southampton,2023,21
3104,2023-03-15,19:30,Matchweek 7,Home,L,0,2,Brentford,0.5,1.9,66.0,7.0,0.0,Southampton,2023,21
3105,2023-03-18,15:00,Matchweek 28,Home,D,3,3,Tottenham Hotspur,2.4,2.3,51.0,18.0,6.0,Southampton,2023,21
3106,2023-04-02,14:00,Matchweek 29,Away,L,0,1,West Ham,0.3,1.4,57.0,9.0,3.0,Southampton,2023,21
3107,2023-04-08,17:30,Matchweek 30,Home,L,1,4,Manchester City,0.4,2.9,27.0,4.0,1.0,Southampton,2023,21
3108,2023-04-15,15:00,Matchweek 31,Home,L,0,2,Crystal Palace,0.8,0.9,58.0,11.0,4.0,Southampton,2023,21
3109,2023-04-21,20:00,Matchweek 32,Away,D,3,3,Arsenal,1.3,2.4,26.0,8.0,6.0,Southampton,2023,21
3110,2023-04-27,19:45,Matchweek 33,Home,L,0,1,Bournemouth,0.5,0.9,57.0,11.0,2.0,Southampton,2023,21
3111,2023-04-30,14:00,Matchweek 34,Away,L,1,3,Newcastle United,0.8,4.3,37.0,4.0,3.0,Southampton,2023,21
3112,2023-05-08,20:00,Matchweek 35,Away,L,3,4,Nottingham Forest,3.1,1.8,64.0,18.0,4.0,Southampton,2023,21
3113,2023-05-13,15:00,Matchweek 36,Home,L,0,2,Fulham,0.4,1.4,36.0,5.0,1.0,Southampton,2023,21
3114,2023-05-21,14:00,Matchweek 37,Away,L,1,3,Brighton,0.6,2.5,37.0,5.0,1.0,Southampton,2023,21
3115,2023-05-28,16:30,Matchweek 38,Home,D,4,4,Liverpool,1.8,4.0,31.0,15.0,10.0,Southampton,2023,21
3116,2024-08-17,15:00,Matchweek 1,Away,L,0,1,Newcastle United,1.8,0.3,77.0,19.0,3.0,Southampton,2025,21
3117,2024-08-24,15:00,Matchweek 2,Home,L,0,1,Nottingham Forest,0.1,2.2,64.0,5.0,1.0,Southampton,2025,21
3118,2024-08-31,15:00,Matchweek 3,Away,L,1,3,Brentford,1.5,2.8,63.0,18.0,6.0,Southampton,2025,21
3119,2024-09-14,12:30,Matchweek 4,Home,L,0,3,Manchester United,1.1,2.6,44.0,5.0,2.0,Southampton,2025,21
3120,2024-09-21,15:00,Matchweek 5,Home,D,1,1,Ipswich Town,2.4,1.6,53.0,11.0,3.0,Southampton,2025,21
3121,2024-09-30,20:00,Matchweek 6,Away,L,1,3,Bournemouth,0.6,1.3,60.0,9.0,3.0,Southampton,2025,21
3122,2024-10-05,15:00,Matchweek 7,Away,L,1,3,Arsenal,0.6,2.8,41.0,8.0,2.0,Southampton,2025,21
3123,2024-10-19,15:00,Matchweek 8,Home,L,2,3,Leicester City,2.1,3.1,42.0,14.0,7.0,Southampton,2025,21
3124,2024-10-26,15:00,Matchweek 9,Away,L,0,1,Manchester City,0.2,2.9,43.0,5.0,2.0,Southampton,2025,21
3125,2024-11-02,15:00,Matchweek 10,Home,W,1,0,Everton,0.7,1.6,65.0,9.0,2.0,Southampton,2025,21
3126,2024-11-09,15:00,Matchweek 11,Away,L,0,2,Wolverhampton Wanderers,0.6,1.3,71.0,9.0,0.0,Southampton,2025,21
3127,2024-11-24,14:00,Matchweek 12,Home,L,2,3,Liverpool,1.3,3.1,38.0,6.0,4.0,Southampton,2025,21
3128,2024-11-29,20:00,Matchweek 13,Away,D,1,1,Brighton,1.0,1.7,47.0,10.0,2.0,Southampton,2025,21
3129,2024-12-04,19:30,Matchweek 14,Home,L,1,5,Chelsea,1.6,5.2,45.0,6.0,4.0,Southampton,2025,21
3130,2024-12-07,15:00,Matchweek 15,Away,L,0,1,Aston Villa,0.3,2.3,53.0,4.0,0.0,Southampton,2025,21
3131,2024-12-15,19:00,Matchweek 16,Home,L,0,5,Tottenham Hotspur,0.8,2.3,42.0,9.0,3.0,Southampton,2025,21
3132,2024-12-22,14:00,Matchweek 17,Away,D,0,0,Fulham,0.3,0.9,43.0,5.0,1.0,Southampton,2025,21
3133,2024-12-26,15:00,Matchweek 18,Home,L,0,1,West Ham,1.4,1.7,54.0,18.0,5.0,Southampton,2025,21
3134,2024-12-29,15:00,Matchweek 19,Away,L,1,2,Crystal Palace,0.9,2.0,53.0,7.0,3.0,Southampton,2025,21
3135,2025-01-04,15:00,Matchweek 20,Home,L,0,5,Brentford,0.3,4.4,50.0,8.0,1.0,Southampton,2025,21
3136,2025-01-16,20:00,Matchweek 21,Away,L,1,3,Manchester United,1.4,3.4,40.0,13.0,5.0,Southampton,2025,21
3137,2025-01-19,14:00,Matchweek 22,Away,L,2,3,Nottingham Forest,0.9,1.8,55.0,10.0,3.0,Southampton,2025,21
3138,2025-01-25,15:00,Matchweek 23,Home,L,1,3,Newcastle United,0.8,2.9,53.0,12.0,5.0,Southampton,2025,21
3139,2025-02-01,15:00,Matchweek 24,Away,W,2,1,Ipswich Town,0.9,1.8,43.0,9.0,4.0,Southampton,2025,21
3140,2025-02-15,15:00,Matchweek 25,Home,L,1,3,Bournemouth,0.8,1.2,44.0,11.0,4.0,Southampton,2025,21
3141,2025-02-22,15:00,Matchweek 26,Home,L,0,4,Brighton,0.1,3.9,50.0,6.0,1.0,Southampton,2025,21
3142,2025-02-25,20:15,Matchweek 27,Away,L,0,4,Chelsea,0.7,2.4,40.0,7.0,2.0,Southampton,2025,21
3143,2025-03-08,15:00,Matchweek 28,Away,L,1,3,Liverpool,0.4,3.9,29.0,6.0,4.0,Southampton,2025,21
3144,2025-03-15,15:00,Matchweek 29,Home,L,1,2,Wolverhampton Wanderers,1.3,0.4,60.0,10.0,3.0,Southampton,2025,21
3145,2025-04-02,19:45,Matchweek 30,Home,D,1,1,Crystal Palace,0.7,0.7,43.0,8.0,2.0,Southampton,2025,21
3146,2025-04-06,14:00,Matchweek 31,Away,L,1,3,Tottenham Hotspur,1.0,2.1,49.0,12.0,4.0,Southampton,2025,21
3147,2025-04-12,15:00,Matchweek 32,Home,L,0,3,Aston Villa,0.3,3.0,40.0,7.0,2.0,Southampton,2025,21
3148,2025-04-19,15:00,Matchweek 33,Away,D,1,1,West Ham,0.6,0.9,48.0,15.0,4.0,Southampton,2025,21
3149,2025-04-26,15:00,Matchweek 34,Home,L,1,2,Fulham,0.6,2.4,35.0,7.0,3.0,Southampton,2025,21
3150,2025-05-03,15:00,Matchweek 35,Away,L,0,2,Leicester City,0.5,1.4,51.0,8.0,2.0,Southampton,2025,21
3151,2025-05-10,15:00,Matchweek 36,Home,D,0,0,Manchester City,0.1,1.7,28.0,2.0,0.0,Southampton,2025,21
3152,2025-05-18,12:00,Matchweek 37,Away,L,0,2,Everton,1.2,2.7,50.0,6.0,2.0,Southampton,2025,21
3153,2025-05-25,16:00,Matchweek 38,Home,L,1,2,Arsenal,0.6,2.3,38.0,7.0,2.0,Southampton,2025,21
3154,2020-09-13,16:30,Matchweek 1,Home,L,0,1,Everton,1.1,1.2,52.0,9.0,5.0,Tottenham Hotspur,2021,22
3155,2020-09-20,12:00,Matchweek 2,Away,W,5,2,Southampton,2.1,2.0,49.0,9.0,6.0,Tottenham Hotspur,2021,22
3156,2020-09-27,14:00,Matchweek 3,Home,D,1,1,Newcastle United,2.9,1.0,66.0,23.0,12.0,Tottenham Hotspur,2021,22
3157,2020-10-04,16:30,Matchweek 4,Away,W,6,1,Manchester United,3.4,0.9,61.0,21.0,7.0,Tottenham Hotspur,2021,22
3158,2020-10-18,16:30,Matchweek 5,Home,D,3,3,West Ham,1.7,1.9,50.0,11.0,6.0,Tottenham Hotspur,2021,22
3159,2020-10-26,20:00,Matchweek 6,Away,W,1,0,Burnley,0.6,1.0,61.0,9.0,3.0,Tottenham Hotspur,2021,22
3160,2020-11-01,19:15,Matchweek 7,Home,W,2,1,Brighton,1.7,0.3,44.0,8.0,2.0,Tottenham Hotspur,2021,22
3161,2020-11-08,12:00,Matchweek 8,Away,W,1,0,West Brom,1.9,0.8,58.0,19.0,5.0,Tottenham Hotspur,2021,22
3162,2020-11-21,17:30,Matchweek 9,Home,W,2,0,Manchester City,0.7,1.4,34.0,4.0,2.0,Tottenham Hotspur,2021,22
3163,2020-11-29,16:30,Matchweek 10,Away,D,0,0,Chelsea,0.2,0.8,40.0,5.0,1.0,Tottenham Hotspur,2021,22
3164,2020-12-06,16:30,Matchweek 11,Home,W,2,0,Arsenal,0.3,0.6,31.0,5.0,3.0,Tottenham Hotspur,2021,22
3165,2020-12-13,14:15,Matchweek 12,Away,D,1,1,Crystal Palace,0.9,1.6,56.0,14.0,6.0,Tottenham Hotspur,2021,22
3166,2020-12-16,20:00,Matchweek 13,Away,L,1,2,Liverpool,1.1,1.0,25.0,8.0,2.0,Tottenham Hotspur,2021,22
3167,2020-12-20,14:15,Matchweek 14,Home,L,0,2,Leicester City,0.7,1.7,56.0,8.0,3.0,Tottenham Hotspur,2021,22
3168,2020-12-27,19:15,Matchweek 15,Away,D,1,1,Wolverhampton Wanderers,0.4,0.9,45.0,6.0,3.0,Tottenham Hotspur,2021,22
3169,2021-01-02,12:30,Matchweek 17,Home,W,3,0,Leeds United,2.6,1.1,37.0,19.0,6.0,Tottenham Hotspur,2021,22
3170,2021-01-13,20:15,Matchweek 16,Home,D,1,1,Fulham,2.4,1.1,53.0,15.0,6.0,Tottenham Hotspur,2021,22
3171,2021-01-17,14:00,Matchweek 19,Away,W,3,1,Sheffield United,1.0,0.9,57.0,14.0,5.0,Tottenham Hotspur,2021,22
3172,2021-01-28,20:00,Matchweek 20,Home,L,1,3,Liverpool,0.1,2.5,50.0,3.0,2.0,Tottenham Hotspur,2021,22
3173,2021-01-31,19:15,Matchweek 21,Away,L,0,1,Brighton,0.4,1.6,57.0,8.0,4.0,Tottenham Hotspur,2021,22
3174,2021-02-04,20:00,Matchweek 22,Home,L,0,1,Chelsea,0.6,1.6,43.0,7.0,2.0,Tottenham Hotspur,2021,22
3175,2021-02-07,12:00,Matchweek 23,Home,W,2,0,West Brom,1.5,0.6,65.0,13.0,6.0,Tottenham Hotspur,2021,22
3176,2021-02-13,17:30,Matchweek 24,Away,L,0,3,Manchester City,0.3,2.2,40.0,7.0,3.0,Tottenham Hotspur,2021,22
3177,2021-02-21,12:00,Matchweek 25,Away,L,1,2,West Ham,1.1,1.1,68.0,20.0,4.0,Tottenham Hotspur,2021,22
3178,2021-02-28,14:00,Matchweek 26,Home,W,4,0,Burnley,2.1,0.7,58.0,16.0,7.0,Tottenham Hotspur,2021,22
3179,2021-03-04,18:00,Matchweek 33,Away,W,1,0,Fulham,1.6,0.7,40.0,9.0,2.0,Tottenham Hotspur,2021,22
3180,2021-03-07,19:15,Matchweek 27,Home,W,4,1,Crystal Palace,2.7,0.5,63.0,12.0,5.0,Tottenham Hotspur,2021,22
3181,2021-03-14,16:30,Matchweek 28,Away,L,1,2,Arsenal,0.4,1.7,48.0,6.0,3.0,Tottenham Hotspur,2021,22
3182,2021-03-21,19:30,Matchweek 18,Away,W,2,0,Aston Villa,1.8,0.4,50.0,8.0,2.0,Tottenham Hotspur,2021,22
3183,2021-04-04,14:05,Matchweek 30,Away,D,2,2,Newcastle United,2.7,3.4,58.0,11.0,4.0,Tottenham Hotspur,2021,22
3184,2021-04-11,16:30,Matchweek 31,Home,L,1,3,Manchester United,0.9,2.1,47.0,12.0,3.0,Tottenham Hotspur,2021,22
3185,2021-04-16,20:00,Matchweek 32,Away,D,2,2,Everton,1.4,1.8,47.0,12.0,3.0,Tottenham Hotspur,2021,22
3186,2021-04-21,18:00,Matchweek 29,Home,W,2,1,Southampton,1.4,0.8,62.0,11.0,2.0,Tottenham Hotspur,2021,22
3187,2021-05-02,19:15,Matchweek 34,Home,W,4,0,Sheffield United,2.2,0.5,66.0,20.0,10.0,Tottenham Hotspur,2021,22
3188,2021-05-08,12:30,Matchweek 35,Away,L,1,3,Leeds United,0.9,2.5,47.0,11.0,3.0,Tottenham Hotspur,2021,22
3189,2021-05-16,14:05,Matchweek 36,Home,W,2,0,Wolverhampton Wanderers,3.2,0.9,62.0,24.0,11.0,Tottenham Hotspur,2021,22
3190,2021-05-19,18:00,Matchweek 37,Home,L,1,2,Aston Villa,0.8,1.4,60.0,10.0,4.0,Tottenham Hotspur,2021,22
3191,2021-05-23,16:00,Matchweek 38,Away,W,4,2,Leicester City,1.5,1.9,53.0,11.0,4.0,Tottenham Hotspur,2021,22
3192,2021-08-15,16:30,Matchweek 1,Home,W,1,0,Manchester City,1.0,1.8,35.0,13.0,2.0,Tottenham Hotspur,2022,22
3193,2021-08-22,14:00,Matchweek 2,Away,W,1,0,Wolverhampton Wanderers,1.7,1.7,42.0,7.0,5.0,Tottenham Hotspur,2022,22
3194,2021-08-29,14:00,Matchweek 3,Home,W,1,0,Watford,1.0,0.8,57.0,15.0,8.0,Tottenham Hotspur,2022,22
3195,2021-09-11,12:30,Matchweek 4,Away,L,0,3,Crystal Palace,0.1,2.1,38.0,2.0,1.0,Tottenham Hotspur,2022,22
3196,2021-09-19,16:30,Matchweek 5,Home,L,0,3,Chelsea,0.5,2.1,47.0,8.0,2.0,Tottenham Hotspur,2022,22
3197,2021-09-26,16:30,Matchweek 6,Away,L,1,3,Arsenal,1.0,1.1,54.0,10.0,4.0,Tottenham Hotspur,2022,22
3198,2021-10-03,14:00,Matchweek 7,Home,W,2,1,Aston Villa,1.3,1.2,56.0,17.0,7.0,Tottenham Hotspur,2022,22
3199,2021-10-17,16:30,Matchweek 8,Away,W,3,2,Newcastle United,1.7,0.4,64.0,14.0,4.0,Tottenham Hotspur,2022,22
3200,2021-10-24,14:00,Matchweek 9,Away,L,0,1,West Ham,0.7,1.3,62.0,7.0,4.0,Tottenham Hotspur,2022,22
3201,2021-10-30,17:30,Matchweek 10,Home,L,0,3,Manchester United,1.0,1.5,58.0,9.0,0.0,Tottenham Hotspur,2022,22
3202,2021-11-07,14:00,Matchweek 11,Away,D,0,0,Everton,0.7,0.6,55.0,8.0,0.0,Tottenham Hotspur,2022,22
3203,2021-11-21,16:30,Matchweek 12,Home,W,2,1,Leeds United,2.1,1.4,43.0,13.0,4.0,Tottenham Hotspur,2022,22
3204,2021-12-02,19:30,Matchweek 14,Home,W,2,0,Brentford,1.9,0.3,47.0,11.0,6.0,Tottenham Hotspur,2022,22
3205,2021-12-05,14:00,Matchweek 15,Home,W,3,0,Norwich City,1.6,1.2,41.0,17.0,7.0,Tottenham Hotspur,2022,22
3206,2021-12-19,16:30,Matchweek 18,Home,D,2,2,Liverpool,3.0,1.1,44.0,10.0,5.0,Tottenham Hotspur,2022,22
3207,2021-12-26,15:00,Matchweek 19,Home,W,3,0,Crystal Palace,2.3,0.2,60.0,17.0,6.0,Tottenham Hotspur,2022,22
3208,2021-12-28,15:00,Matchweek 20,Away,D,1,1,Southampton,2.3,0.4,65.0,20.0,10.0,Tottenham Hotspur,2022,22
3209,2022-01-01,15:00,Matchweek 21,Away,W,1,0,Watford,2.2,0.3,74.0,21.0,9.0,Tottenham Hotspur,2022,22
3210,2022-01-19,19:30,Matchweek 17,Away,W,3,2,Leicester City,3.1,1.2,51.0,27.0,8.0,Tottenham Hotspur,2022,22
3211,2022-01-23,16:30,Matchweek 23,Away,L,0,2,Chelsea,0.5,1.2,36.0,6.0,3.0,Tottenham Hotspur,2022,22
3212,2022-02-09,19:45,Matchweek 24,Home,L,2,3,Southampton,1.4,2.2,48.0,8.0,3.0,Tottenham Hotspur,2022,22
3213,2022-02-13,14:00,Matchweek 25,Home,L,0,2,Wolverhampton Wanderers,1.2,1.3,58.0,17.0,7.0,Tottenham Hotspur,2022,22
3214,2022-02-19,17:30,Matchweek 26,Away,W,3,2,Manchester City,1.4,2.1,29.0,6.0,5.0,Tottenham Hotspur,2022,22
3215,2022-02-23,19:30,Matchweek 13,Away,L,0,1,Burnley,0.7,0.9,66.0,12.0,2.0,Tottenham Hotspur,2022,22
3216,2022-02-26,12:30,Matchweek 27,Away,W,4,0,Leeds United,1.9,1.5,50.0,15.0,10.0,Tottenham Hotspur,2022,22
3217,2022-03-07,20:00,Matchweek 28,Home,W,5,0,Everton,2.5,0.2,55.0,14.0,7.0,Tottenham Hotspur,2022,22
3218,2022-03-12,17:30,Matchweek 29,Away,L,2,3,Manchester United,1.5,1.0,57.0,9.0,1.0,Tottenham Hotspur,2022,22
3219,2022-03-16,19:30,Matchweek 16,Away,W,2,0,Brighton,2.2,0.7,52.0,17.0,7.0,Tottenham Hotspur,2022,22
3220,2022-03-20,16:30,Matchweek 30,Home,W,3,1,West Ham,3.0,0.6,53.0,17.0,4.0,Tottenham Hotspur,2022,22
3221,2022-04-03,16:30,Matchweek 31,Home,W,5,1,Newcastle United,3.1,0.5,60.0,19.0,6.0,Tottenham Hotspur,2022,22
3222,2022-04-09,17:30,Matchweek 32,Away,W,4,0,Aston Villa,1.1,1.6,48.0,11.0,5.0,Tottenham Hotspur,2022,22
3223,2022-04-16,12:30,Matchweek 33,Home,L,0,1,Brighton,0.5,0.6,49.0,5.0,0.0,Tottenham Hotspur,2022,22
3224,2022-04-23,17:30,Matchweek 34,Away,D,0,0,Brentford,0.6,0.9,56.0,9.0,0.0,Tottenham Hotspur,2022,22
3225,2022-05-01,14:00,Matchweek 35,Home,W,3,1,Leicester City,1.2,0.5,40.0,13.0,7.0,Tottenham Hotspur,2022,22
3226,2022-05-07,19:45,Matchweek 36,Away,D,1,1,Liverpool,0.9,1.3,36.0,8.0,3.0,Tottenham Hotspur,2022,22
3227,2022-05-12,19:45,Matchweek 22,Home,W,3,0,Arsenal,2.7,0.5,57.0,15.0,5.0,Tottenham Hotspur,2022,22
3228,2022-05-15,12:00,Matchweek 37,Home,W,1,0,Burnley,2.2,0.7,68.0,20.0,6.0,Tottenham Hotspur,2022,22
3229,2022-05-22,16:00,Matchweek 38,Away,W,5,0,Norwich City,3.4,0.5,59.0,19.0,12.0,Tottenham Hotspur,2022,22
3230,2022-08-06,15:00,Matchweek 1,Home,W,4,1,Southampton,1.5,0.5,58.0,18.0,8.0,Tottenham Hotspur,2023,22
3231,2022-08-14,16:30,Matchweek 2,Away,D,2,2,Chelsea,1.0,1.6,37.0,10.0,5.0,Tottenham Hotspur,2023,22
3232,2022-08-20,12:30,Matchweek 3,Home,W,1,0,Wolverhampton Wanderers,1.7,0.7,50.0,11.0,4.0,Tottenham Hotspur,2023,22
3233,2022-08-28,16:30,Matchweek 4,Away,W,2,0,Nottingham Forest,2.4,0.9,45.0,17.0,5.0,Tottenham Hotspur,2023,22
3234,2022-08-31,19:45,Matchweek 5,Away,D,1,1,West Ham,0.6,1.2,61.0,12.0,3.0,Tottenham Hotspur,2023,22
3235,2022-09-03,15:00,Matchweek 6,Home,W,2,1,Fulham,2.9,0.7,52.0,23.0,10.0,Tottenham Hotspur,2023,22
3236,2022-09-17,17:30,Matchweek 8,Home,W,6,2,Leicester City,2.2,1.8,44.0,16.0,11.0,Tottenham Hotspur,2023,22
3237,2022-10-01,12:30,Matchweek 9,Away,L,1,3,Arsenal,1.6,2.4,36.0,6.0,2.0,Tottenham Hotspur,2023,22
3238,2022-10-08,17:30,Matchweek 10,Away,W,1,0,Brighton,0.8,0.7,41.0,8.0,3.0,Tottenham Hotspur,2023,22
3239,2022-10-15,17:30,Matchweek 11,Home,W,2,0,Everton,2.2,0.4,62.0,20.0,6.0,Tottenham Hotspur,2023,22
3240,2022-10-19,20:15,Matchweek 12,Away,L,0,2,Manchester United,0.6,1.5,48.0,9.0,2.0,Tottenham Hotspur,2023,22
3241,2022-10-23,16:30,Matchweek 13,Home,L,1,2,Newcastle United,1.6,1.2,53.0,17.0,4.0,Tottenham Hotspur,2023,22
3242,2022-10-29,15:00,Matchweek 14,Away,W,3,2,Bournemouth,2.0,0.5,69.0,23.0,7.0,Tottenham Hotspur,2023,22
3243,2022-11-06,16:30,Matchweek 15,Home,L,1,2,Liverpool,1.2,1.2,47.0,14.0,5.0,Tottenham Hotspur,2023,22
3244,2022-11-12,15:00,Matchweek 16,Home,W,4,3,Leeds United,1.8,1.1,55.0,14.0,7.0,Tottenham Hotspur,2023,22
3245,2022-12-26,12:30,Matchweek 17,Away,D,2,2,Brentford,1.1,2.0,61.0,15.0,8.0,Tottenham Hotspur,2023,22
3246,2023-01-01,14:00,Matchweek 18,Home,L,0,2,Aston Villa,0.7,1.0,59.0,6.0,1.0,Tottenham Hotspur,2023,22
3247,2023-01-04,20:00,Matchweek 19,Away,W,4,0,Crystal Palace,1.4,0.8,53.0,14.0,6.0,Tottenham Hotspur,2023,22
3248,2023-01-15,16:30,Matchweek 20,Home,L,0,2,Arsenal,1.6,1.8,51.0,17.0,7.0,Tottenham Hotspur,2023,22
3249,2023-01-19,20:00,Matchweek 7,Away,L,2,4,Manchester City,0.8,2.3,42.0,9.0,3.0,Tottenham Hotspur,2023,22
3250,2023-01-23,20:00,Matchweek 21,Away,W,1,0,Fulham,0.9,1.0,46.0,10.0,3.0,Tottenham Hotspur,2023,22
3251,2023-02-05,16:30,Matchweek 22,Home,W,1,0,Manchester City,1.4,1.3,36.0,12.0,3.0,Tottenham Hotspur,2023,22
3252,2023-02-11,15:00,Matchweek 23,Away,L,1,4,Leicester City,1.3,1.7,51.0,11.0,4.0,Tottenham Hotspur,2023,22
3253,2023-02-19,16:30,Matchweek 24,Home,W,2,0,West Ham,1.5,0.5,57.0,16.0,6.0,Tottenham Hotspur,2023,22
3254,2023-02-26,13:30,Matchweek 25,Home,W,2,0,Chelsea,0.8,0.4,41.0,8.0,3.0,Tottenham Hotspur,2023,22
3255,2023-03-04,15:00,Matchweek 26,Away,L,0,1,Wolverhampton Wanderers,1.2,0.5,54.0,21.0,6.0,Tottenham Hotspur,2023,22
3256,2023-03-11,15:00,Matchweek 27,Home,W,3,1,Nottingham Forest,2.0,1.5,55.0,14.0,6.0,Tottenham Hotspur,2023,22
3257,2023-03-18,15:00,Matchweek 28,Away,D,3,3,Southampton,2.3,2.4,49.0,17.0,3.0,Tottenham Hotspur,2023,22
3258,2023-04-03,20:00,Matchweek 29,Away,D,1,1,Everton,1.4,0.9,61.0,7.0,0.0,Tottenham Hotspur,2023,22
3259,2023-04-08,15:00,Matchweek 30,Home,W,2,1,Brighton,0.8,1.4,35.0,9.0,3.0,Tottenham Hotspur,2023,22
3260,2023-04-15,15:00,Matchweek 31,Home,L,2,3,Bournemouth,2.2,1.3,58.0,24.0,8.0,Tottenham Hotspur,2023,22
3261,2023-04-23,14:00,Matchweek 32,Away,L,1,6,Newcastle United,1.0,3.7,44.0,11.0,3.0,Tottenham Hotspur,2023,22
3262,2023-04-27,20:15,Matchweek 33,Home,D,2,2,Manchester United,2.5,2.0,40.0,18.0,7.0,Tottenham Hotspur,2023,22
3263,2023-04-30,16:30,Matchweek 34,Away,L,3,4,Liverpool,2.0,2.2,33.0,10.0,6.0,Tottenham Hotspur,2023,22
3264,2023-05-06,15:00,Matchweek 35,Home,W,1,0,Crystal Palace,0.9,0.4,56.0,8.0,3.0,Tottenham Hotspur,2023,22
3265,2023-05-13,15:00,Matchweek 36,Away,L,1,2,Aston Villa,1.4,1.2,52.0,4.0,1.0,Tottenham Hotspur,2023,22
3266,2023-05-20,12:30,Matchweek 37,Home,L,1,3,Brentford,1.7,1.2,61.0,22.0,7.0,Tottenham Hotspur,2023,22
3267,2023-05-28,16:30,Matchweek 38,Away,W,4,1,Leeds United,2.2,1.5,48.0,11.0,7.0,Tottenham Hotspur,2023,22
3268,2023-08-13,14:00,Matchweek 1,Away,D,2,2,Brentford,1.3,2.2,69.0,18.0,6.0,Tottenham Hotspur,2024,22
3269,2023-08-19,17:30,Matchweek 2,Home,W,2,0,Manchester United,1.7,2.1,55.0,17.0,6.0,Tottenham Hotspur,2024,22
3270,2023-08-26,12:30,Matchweek 3,Away,W,2,0,Bournemouth,2.1,0.7,56.0,17.0,6.0,Tottenham Hotspur,2024,22
3271,2023-09-02,15:00,Matchweek 4,Away,W,5,2,Burnley,2.2,1.3,53.0,21.0,11.0,Tottenham Hotspur,2024,22
3272,2023-09-16,15:00,Matchweek 5,Home,W,2,1,Sheffield United,2.1,0.7,70.0,28.0,10.0,Tottenham Hotspur,2024,22
3273,2023-09-24,14:00,Matchweek 6,Away,D,2,2,Arsenal,1.4,1.8,53.0,13.0,5.0,Tottenham Hotspur,2024,22
3274,2023-09-30,17:30,Matchweek 7,Home,W,2,1,Liverpool,2.2,1.3,64.0,24.0,8.0,Tottenham Hotspur,2024,22
3275,2023-10-07,12:30,Matchweek 8,Away,W,1,0,Luton Town,1.9,0.8,66.0,15.0,4.0,Tottenham Hotspur,2024,22
3276,2023-10-23,20:00,Matchweek 9,Home,W,2,0,Fulham,1.5,1.0,55.0,15.0,5.0,Tottenham Hotspur,2024,22
3277,2023-10-27,20:00,Matchweek 10,Away,W,2,1,Crystal Palace,1.1,0.6,75.0,10.0,1.0,Tottenham Hotspur,2024,22
3278,2023-11-06,20:00,Matchweek 11,Home,L,1,4,Chelsea,0.9,4.1,40.0,8.0,5.0,Tottenham Hotspur,2024,22
3279,2023-11-11,12:30,Matchweek 12,Away,L,1,2,Wolverhampton Wanderers,0.7,2.1,58.0,6.0,2.0,Tottenham Hotspur,2024,22
3280,2023-11-26,14:00,Matchweek 13,Home,L,1,2,Aston Villa,2.3,1.7,62.0,18.0,7.0,Tottenham Hotspur,2024,22
3281,2023-12-03,16:30,Matchweek 14,Away,D,3,3,Manchester City,0.5,2.6,45.0,8.0,4.0,Tottenham Hotspur,2024,22
3282,2023-12-07,20:15,Matchweek 15,Home,L,1,2,West Ham,1.8,2.2,74.0,23.0,6.0,Tottenham Hotspur,2024,22
3283,2023-12-10,16:30,Matchweek 16,Home,W,4,1,Newcastle United,3.8,1.7,56.0,22.0,10.0,Tottenham Hotspur,2024,22
3284,2023-12-15,20:00,Matchweek 17,Away,W,2,0,Nottingham Forest,1.5,1.3,66.0,12.0,6.0,Tottenham Hotspur,2024,22
3285,2023-12-23,15:00,Matchweek 18,Home,W,2,1,Everton,1.5,1.8,61.0,13.0,6.0,Tottenham Hotspur,2024,22
3286,2023-12-28,19:30,Matchweek 19,Away,L,2,4,Brighton,2.3,3.2,55.0,19.0,3.0,Tottenham Hotspur,2024,22
3287,2023-12-31,14:00,Matchweek 20,Home,W,3,1,Bournemouth,2.3,1.7,50.0,12.0,6.0,Tottenham Hotspur,2024,22
3288,2024-01-14,16:30,Matchweek 21,Away,D,2,2,Manchester United,1.2,0.8,63.0,16.0,5.0,Tottenham Hotspur,2024,22
3289,2024-01-31,19:30,Matchweek 22,Home,W,3,2,Brentford,2.9,1.6,67.0,19.0,5.0,Tottenham Hotspur,2024,22
3290,2024-02-03,12:30,Matchweek 23,Away,D,2,2,Everton,1.0,2.6,57.0,9.0,6.0,Tottenham Hotspur,2024,22
3291,2024-02-10,15:00,Matchweek 24,Home,W,2,1,Brighton,1.6,1.2,52.0,16.0,6.0,Tottenham Hotspur,2024,22
3292,2024-02-17,15:00,Matchweek 25,Home,L,1,2,Wolverhampton Wanderers,1.6,1.8,71.0,15.0,4.0,Tottenham Hotspur,2024,22
3293,2024-03-02,15:00,Matchweek 27,Home,W,3,1,Crystal Palace,1.9,0.3,78.0,14.0,6.0,Tottenham Hotspur,2024,22
3294,2024-03-10,13:00,Matchweek 28,Away,W,4,0,Aston Villa,1.5,0.8,68.0,9.0,5.0,Tottenham Hotspur,2024,22
3295,2024-03-16,17:30,Matchweek 29,Away,L,0,3,Fulham,2.4,2.6,57.0,14.0,5.0,Tottenham Hotspur,2024,22
3296,2024-03-30,15:00,Matchweek 30,Home,W,2,1,Luton Town,2.9,0.5,70.0,17.0,2.0,Tottenham Hotspur,2024,22
3297,2024-04-02,20:15,Matchweek 31,Away,D,1,1,West Ham,1.0,1.5,67.0,13.0,4.0,Tottenham Hotspur,2024,22
3298,2024-04-07,18:00,Matchweek 32,Home,W,3,1,Nottingham Forest,1.5,1.5,63.0,17.0,7.0,Tottenham Hotspur,2024,22
3299,2024-04-13,12:30,Matchweek 33,Away,L,0,4,Newcastle United,0.8,2.8,72.0,11.0,2.0,Tottenham Hotspur,2024,22
3300,2024-04-28,14:00,Matchweek 35,Home,L,2,3,Arsenal,2.3,1.0,62.0,14.0,1.0,Tottenham Hotspur,2024,22
3301,2024-05-02,19:30,Matchweek 26,Away,L,0,2,Chelsea,1.6,2.2,63.0,19.0,3.0,Tottenham Hotspur,2024,22
3302,2024-05-05,16:30,Matchweek 36,Away,L,2,4,Liverpool,1.2,3.3,56.0,11.0,6.0,Tottenham Hotspur,2024,22
3303,2024-05-11,15:00,Matchweek 37,Home,W,2,1,Burnley,2.7,0.7,63.0,21.0,9.0,Tottenham Hotspur,2024,22
3304,2024-05-14,20:00,Matchweek 34,Home,L,0,2,Manchester City,1.7,2.4,53.0,10.0,5.0,Tottenham Hotspur,2024,22
3305,2024-05-19,16:00,Matchweek 38,Away,W,3,0,Sheffield United,3.1,1.0,75.0,18.0,9.0,Tottenham Hotspur,2024,22
3306,2024-08-19,20:00,Matchweek 1,Away,D,1,1,Leicester City,1.2,1.0,70.0,15.0,6.0,Tottenham Hotspur,2025,22
3307,2024-08-24,15:00,Matchweek 2,Home,W,4,0,Everton,2.4,1.0,70.0,13.0,7.0,Tottenham Hotspur,2025,22
3308,2024-09-01,13:30,Matchweek 3,Away,L,1,2,Newcastle United,1.2,1.8,65.0,20.0,6.0,Tottenham Hotspur,2025,22
3309,2024-09-15,14:00,Matchweek 4,Home,L,0,1,Arsenal,0.7,0.7,63.0,15.0,5.0,Tottenham Hotspur,2025,22
3310,2024-09-21,15:00,Matchweek 5,Home,W,3,1,Brentford,3.5,0.8,48.0,23.0,9.0,Tottenham Hotspur,2025,22
3311,2024-09-29,16:30,Matchweek 6,Away,W,3,0,Manchester United,4.4,1.0,61.0,24.0,10.0,Tottenham Hotspur,2025,22
3312,2024-10-06,16:30,Matchweek 7,Away,L,2,3,Brighton,1.3,1.8,59.0,13.0,3.0,Tottenham Hotspur,2025,22
3313,2024-10-19,12:30,Matchweek 8,Home,W,4,1,West Ham,1.9,0.8,57.0,22.0,7.0,Tottenham Hotspur,2025,22
3314,2024-10-27,14:00,Matchweek 9,Away,L,0,1,Crystal Palace,0.7,0.8,66.0,11.0,3.0,Tottenham Hotspur,2025,22
3315,2024-11-03,14:00,Matchweek 10,Home,W,4,1,Aston Villa,2.4,1.8,51.0,16.0,6.0,Tottenham Hotspur,2025,22
3316,2024-11-10,14:00,Matchweek 11,Home,L,1,2,Ipswich Town,1.5,1.6,66.0,17.0,5.0,Tottenham Hotspur,2025,22
3317,2024-11-23,17:30,Matchweek 12,Away,W,4,0,Manchester City,2.5,2.1,42.0,9.0,7.0,Tottenham Hotspur,2025,22
3318,2024-12-01,13:30,Matchweek 13,Home,D,1,1,Fulham,0.8,1.5,51.0,8.0,3.0,Tottenham Hotspur,2025,22
3319,2024-12-05,20:15,Matchweek 14,Away,L,0,1,Bournemouth,0.9,3.5,65.0,12.0,4.0,Tottenham Hotspur,2025,22
3320,2024-12-08,16:30,Matchweek 15,Home,L,3,4,Chelsea,2.8,2.8,39.0,13.0,5.0,Tottenham Hotspur,2025,22
3321,2024-12-15,19:00,Matchweek 16,Away,W,5,0,Southampton,2.3,0.8,58.0,18.0,9.0,Tottenham Hotspur,2025,22
3322,2024-12-22,16:30,Matchweek 17,Home,L,3,6,Liverpool,1.3,5.6,52.0,9.0,5.0,Tottenham Hotspur,2025,22
3323,2024-12-26,15:00,Matchweek 18,Away,L,0,1,Nottingham Forest,0.9,1.1,70.0,13.0,4.0,Tottenham Hotspur,2025,22
3324,2024-12-29,15:00,Matchweek 19,Home,D,2,2,Wolverhampton Wanderers,2.2,0.7,48.0,12.0,2.0,Tottenham Hotspur,2025,22
3325,2025-01-04,12:30,Matchweek 20,Home,L,1,2,Newcastle United,0.9,2.5,56.0,13.0,4.0,Tottenham Hotspur,2025,22
3326,2025-01-15,20:00,Matchweek 21,Away,L,1,2,Arsenal,0.8,1.4,47.0,10.0,2.0,Tottenham Hotspur,2025,22
3327,2025-01-19,14:00,Matchweek 22,Away,L,2,3,Everton,1.1,1.8,64.0,11.0,5.0,Tottenham Hotspur,2025,22
3328,2025-01-26,14:00,Matchweek 23,Home,L,1,2,Leicester City,1.0,1.6,61.0,15.0,6.0,Tottenham Hotspur,2025,22
3329,2025-02-02,14:00,Matchweek 24,Away,W,2,0,Brentford,0.8,2.1,46.0,13.0,2.0,Tottenham Hotspur,2025,22
3330,2025-02-16,16:30,Matchweek 25,Home,W,1,0,Manchester United,2.2,1.5,55.0,22.0,7.0,Tottenham Hotspur,2025,22
3331,2025-02-22,15:00,Matchweek 26,Away,W,4,1,Ipswich Town,1.7,1.1,58.0,10.0,6.0,Tottenham Hotspur,2025,22
3332,2025-02-26,19:30,Matchweek 27,Home,L,0,1,Manchester City,1.3,2.1,55.0,11.0,6.0,Tottenham Hotspur,2025,22
3333,2025-03-09,14:00,Matchweek 28,Home,D,2,2,Bournemouth,1.5,2.2,61.0,11.0,3.0,Tottenham Hotspur,2025,22
3334,2025-03-16,13:30,Matchweek 29,Away,L,0,2,Fulham,0.9,1.0,43.0,12.0,4.0,Tottenham Hotspur,2025,22
3335,2025-04-03,20:00,Matchweek 30,Away,L,0,1,Chelsea,0.9,1.0,49.0,8.0,2.0,Tottenham Hotspur,2025,22
3336,2025-04-06,14:00,Matchweek 31,Home,W,3,1,Southampton,2.1,1.0,51.0,12.0,7.0,Tottenham Hotspur,2025,22
3337,2025-04-13,14:00,Matchweek 32,Away,L,2,4,Wolverhampton Wanderers,2.0,2.4,63.0,11.0,4.0,Tottenham Hotspur,2025,22
3338,2025-04-21,20:00,Matchweek 33,Home,L,1,2,Nottingham Forest,2.1,0.5,69.0,22.0,5.0,Tottenham Hotspur,2025,22
3339,2025-04-27,16:30,Matchweek 34,Away,L,1,5,Liverpool,0.5,2.2,39.0,8.0,3.0,Tottenham Hotspur,2025,22
3340,2025-05-04,14:00,Matchweek 35,Away,D,1,1,West Ham,0.8,0.8,45.0,7.0,2.0,Tottenham Hotspur,2025,22
3341,2025-05-11,14:15,Matchweek 36,Home,L,0,2,Crystal Palace,0.7,3.3,48.0,8.0,1.0,Tottenham Hotspur,2025,22
3342,2025-05-16,19:30,Matchweek 37,Away,L,0,2,Aston Villa,0.5,1.4,33.0,3.0,1.0,Tottenham Hotspur,2025,22
3343,2025-05-25,16:00,Matchweek 38,Home,L,1,4,Brighton,2.0,2.2,34.0,3.0,1.0,Tottenham Hotspur,2025,22
3344,2021-08-14,15:00,Matchweek 1,Home,W,3,2,Aston Villa,1.2,1.2,38.0,13.0,7.0,Watford,2022,23
3345,2021-08-21,17:30,Matchweek 2,Away,L,0,2,Brighton,0.5,1.3,44.0,10.0,1.0,Watford,2022,23
3346,2021-08-29,14:00,Matchweek 3,Away,L,0,1,Tottenham Hotspur,0.8,1.0,43.0,9.0,2.0,Watford,2022,23
3347,2021-09-11,15:00,Matchweek 4,Home,L,0,2,Wolverhampton Wanderers,0.2,2.2,45.0,6.0,2.0,Watford,2022,23
3348,2021-09-18,15:00,Matchweek 5,Away,W,3,1,Norwich City,2.4,1.0,51.0,12.0,8.0,Watford,2022,23
3349,2021-09-25,15:00,Matchweek 6,Home,D,1,1,Newcastle United,0.9,1.9,53.0,15.0,4.0,Watford,2022,23
3350,2021-10-02,15:00,Matchweek 7,Away,L,0,1,Leeds United,0.2,1.3,34.0,5.0,1.0,Watford,2022,23
3351,2021-10-16,12:30,Matchweek 8,Home,L,0,5,Liverpool,0.5,3.3,25.0,6.0,2.0,Watford,2022,23
3352,2021-10-23,15:00,Matchweek 9,Away,W,5,2,Everton,3.7,1.5,51.0,20.0,8.0,Watford,2022,23
3353,2021-10-30,15:00,Matchweek 10,Home,L,0,1,Southampton,1.0,1.8,40.0,10.0,3.0,Watford,2022,23
3354,2021-11-07,14:00,Matchweek 11,Away,L,0,1,Arsenal,0.5,1.6,40.0,7.0,1.0,Watford,2022,23
3355,2021-11-20,15:00,Matchweek 12,Home,W,4,1,Manchester United,2.7,1.4,39.0,19.0,6.0,Watford,2022,23
3356,2021-11-28,14:00,Matchweek 13,Away,L,2,4,Leicester City,2.8,2.1,44.0,16.0,4.0,Watford,2022,23
3357,2021-12-01,19:30,Matchweek 14,Home,L,1,2,Chelsea,1.0,0.9,51.0,14.0,6.0,Watford,2022,23
3358,2021-12-04,17:30,Matchweek 15,Home,L,1,3,Manchester City,0.8,3.1,23.0,11.0,4.0,Watford,2022,23
3359,2021-12-10,20:00,Matchweek 16,Away,L,1,2,Brentford,0.5,1.6,37.0,6.0,2.0,Watford,2022,23
3360,2021-12-28,15:00,Matchweek 20,Home,L,1,4,West Ham,1.6,3.6,43.0,14.0,5.0,Watford,2022,23
3361,2022-01-01,15:00,Matchweek 21,Home,L,0,1,Tottenham Hotspur,0.3,2.2,26.0,6.0,4.0,Watford,2022,23
3362,2022-01-15,15:00,Matchweek 22,Away,D,1,1,Newcastle United,1.4,1.2,48.0,18.0,5.0,Watford,2022,23
3363,2022-01-21,20:00,Matchweek 23,Home,L,0,3,Norwich City,1.2,1.1,67.0,15.0,3.0,Watford,2022,23
3364,2022-02-05,18:00,Matchweek 17,Away,D,0,0,Burnley,0.8,0.6,47.0,11.0,5.0,Watford,2022,23
3365,2022-02-08,19:45,Matchweek 24,Away,L,0,1,West Ham,0.3,0.8,36.0,6.0,1.0,Watford,2022,23
3366,2022-02-12,15:00,Matchweek 25,Home,L,0,2,Brighton,0.5,1.6,36.0,9.0,1.0,Watford,2022,23
3367,2022-02-19,15:00,Matchweek 26,Away,W,1,0,Aston Villa,1.2,1.3,41.0,8.0,4.0,Watford,2022,23
3368,2022-02-23,19:30,Matchweek 18,Home,L,1,4,Crystal Palace,1.4,1.1,46.0,8.0,1.0,Watford,2022,23
3369,2022-02-26,15:00,Matchweek 27,Away,D,0,0,Manchester United,0.6,2.8,33.0,10.0,2.0,Watford,2022,23
3370,2022-03-06,14:00,Matchweek 28,Home,L,2,3,Arsenal,1.0,1.0,44.0,13.0,7.0,Watford,2022,23
3371,2022-03-10,19:30,Matchweek 19,Away,L,0,4,Wolverhampton Wanderers,0.6,0.7,34.0,9.0,0.0,Watford,2022,23
3372,2022-03-13,14:00,Matchweek 29,Away,W,2,1,Southampton,1.7,1.4,37.0,9.0,5.0,Watford,2022,23
3373,2022-04-02,12:30,Matchweek 31,Away,L,0,2,Liverpool,0.6,2.2,27.0,5.0,2.0,Watford,2022,23
3374,2022-04-09,15:00,Matchweek 32,Home,L,0,3,Leeds United,1.1,0.7,49.0,8.0,1.0,Watford,2022,23
3375,2022-04-16,15:00,Matchweek 33,Home,L,1,2,Brentford,1.7,1.9,50.0,18.0,4.0,Watford,2022,23
3376,2022-04-23,15:00,Matchweek 34,Away,L,1,5,Manchester City,0.5,3.6,27.0,5.0,2.0,Watford,2022,23
3377,2022-04-30,15:00,Matchweek 35,Home,L,1,2,Burnley,1.0,1.6,47.0,13.0,1.0,Watford,2022,23
3378,2022-05-07,15:00,Matchweek 36,Away,L,0,1,Crystal Palace,0.4,2.2,33.0,6.0,1.0,Watford,2022,23
3379,2022-05-11,19:45,Matchweek 30,Home,D,0,0,Everton,0.3,0.7,48.0,6.0,0.0,Watford,2022,23
3380,2022-05-15,14:00,Matchweek 37,Home,L,1,5,Leicester City,1.4,2.5,41.0,13.0,5.0,Watford,2022,23
3381,2022-05-22,16:00,Matchweek 38,Away,L,1,2,Chelsea,0.6,2.2,29.0,8.0,3.0,Watford,2022,23
3382,2020-09-13,14:00,Matchweek 1,Home,L,0,3,Leicester City,0.4,2.8,36.0,7.0,1.0,West Brom,2021,24
3383,2020-09-19,12:30,Matchweek 2,Away,L,2,5,Everton,0.3,3.9,29.0,6.0,4.0,West Brom,2021,24
3384,2020-09-26,17:30,Matchweek 3,Home,D,3,3,Chelsea,0.6,2.0,25.0,9.0,3.0,West Brom,2021,24
3385,2020-10-04,12:00,Matchweek 4,Away,L,0,2,Southampton,0.2,1.2,38.0,5.0,2.0,West Brom,2021,24
3386,2020-10-19,17:30,Matchweek 5,Home,D,0,0,Burnley,0.8,1.1,57.0,13.0,6.0,West Brom,2021,24
3387,2020-10-26,17:30,Matchweek 6,Away,D,1,1,Brighton,0.4,0.5,50.0,9.0,3.0,West Brom,2021,24
3388,2020-11-02,17:30,Matchweek 7,Away,L,0,2,Fulham,0.5,1.5,53.0,10.0,1.0,West Brom,2021,24
3389,2020-11-08,12:00,Matchweek 8,Home,L,0,1,Tottenham Hotspur,0.8,1.9,42.0,12.0,2.0,West Brom,2021,24
3390,2020-11-21,20:00,Matchweek 9,Away,L,0,1,Manchester United,0.6,2.4,37.0,7.0,2.0,West Brom,2021,24
3391,2020-11-28,20:00,Matchweek 10,Home,W,1,0,Sheffield United,1.2,2.9,49.0,17.0,6.0,West Brom,2021,24
3392,2020-12-06,12:00,Matchweek 11,Home,L,1,5,Crystal Palace,0.7,1.6,50.0,9.0,4.0,West Brom,2021,24
3393,2020-12-12,15:00,Matchweek 12,Away,L,1,2,Newcastle United,0.6,0.8,54.0,13.0,3.0,West Brom,2021,24
3394,2020-12-15,20:00,Matchweek 13,Away,D,1,1,Manchester City,0.4,2.2,23.0,5.0,1.0,West Brom,2021,24
3395,2020-12-20,19:15,Matchweek 14,Home,L,0,3,Aston Villa,0.0,2.4,33.0,1.0,1.0,West Brom,2021,24
3396,2020-12-27,16:30,Matchweek 15,Away,D,1,1,Liverpool,0.6,1.5,23.0,5.0,3.0,West Brom,2021,24
3397,2020-12-29,18:00,Matchweek 16,Home,L,0,5,Leeds United,0.5,1.2,25.0,4.0,1.0,West Brom,2021,24
3398,2021-01-02,20:00,Matchweek 17,Home,L,0,4,Arsenal,1.0,3.7,39.0,7.0,3.0,West Brom,2021,24
3399,2021-01-16,12:30,Matchweek 19,Away,W,3,2,Wolverhampton Wanderers,2.4,1.5,33.0,10.0,3.0,West Brom,2021,24
3400,2021-01-19,18:00,Matchweek 18,Away,L,1,2,West Ham,0.5,2.0,41.0,6.0,2.0,West Brom,2021,24
3401,2021-01-26,20:15,Matchweek 20,Home,L,0,5,Manchester City,0.5,1.8,23.0,4.0,1.0,West Brom,2021,24
3402,2021-01-30,15:00,Matchweek 21,Home,D,2,2,Fulham,1.0,1.3,38.0,5.0,3.0,West Brom,2021,24
3403,2021-02-02,18:00,Matchweek 22,Away,L,1,2,Sheffield United,1.6,1.3,32.0,8.0,4.0,West Brom,2021,24
3404,2021-02-07,12:00,Matchweek 23,Away,L,0,2,Tottenham Hotspur,0.6,1.5,35.0,4.0,1.0,West Brom,2021,24
3405,2021-02-14,14:00,Matchweek 24,Home,D,1,1,Manchester United,1.0,0.5,27.0,7.0,3.0,West Brom,2021,24
3406,2021-02-20,15:00,Matchweek 25,Away,D,0,0,Burnley,1.6,0.5,38.0,10.0,2.0,West Brom,2021,24
3407,2021-02-27,15:00,Matchweek 26,Home,W,1,0,Brighton,0.8,2.9,32.0,6.0,2.0,West Brom,2021,24
3408,2021-03-04,18:00,Matchweek 29,Home,L,0,1,Everton,1.0,1.0,49.0,11.0,3.0,West Brom,2021,24
3409,2021-03-07,12:00,Matchweek 27,Home,D,0,0,Newcastle United,2.0,0.5,53.0,13.0,3.0,West Brom,2021,24
3410,2021-03-13,15:00,Matchweek 28,Away,L,0,1,Crystal Palace,0.8,1.2,55.0,12.0,1.0,West Brom,2021,24
3411,2021-04-03,12:30,Matchweek 30,Away,W,5,2,Chelsea,1.6,2.1,35.0,14.0,7.0,West Brom,2021,24
3412,2021-04-12,18:00,Matchweek 31,Home,W,3,0,Southampton,3.0,1.5,40.0,14.0,5.0,West Brom,2021,24
3413,2021-04-22,20:00,Matchweek 32,Away,L,0,3,Leicester City,0.5,2.1,28.0,4.0,1.0,West Brom,2021,24
3414,2021-04-25,19:00,Matchweek 33,Away,D,2,2,Aston Villa,1.5,3.2,30.0,9.0,3.0,West Brom,2021,24
3415,2021-05-03,18:00,Matchweek 34,Home,D,1,1,Wolverhampton Wanderers,1.1,1.0,43.0,10.0,3.0,West Brom,2021,24
3416,2021-05-09,19:00,Matchweek 35,Away,L,1,3,Arsenal,1.8,0.9,35.0,12.0,1.0,West Brom,2021,24
3417,2021-05-16,16:30,Matchweek 36,Home,L,1,2,Liverpool,1.0,1.9,24.0,9.0,3.0,West Brom,2021,24
3418,2021-05-19,20:15,Matchweek 37,Home,L,1,3,West Ham,1.1,3.4,52.0,14.0,4.0,West Brom,2021,24
3419,2021-05-23,16:00,Matchweek 38,Away,L,1,3,Leeds United,1.0,2.3,36.0,14.0,5.0,West Brom,2021,24
3420,2020-09-12,20:00,Matchweek 1,Home,L,0,2,Newcastle United,1.0,1.6,58.0,15.0,3.0,West Ham,2021,25
3421,2020-09-19,20:00,Matchweek 2,Away,L,1,2,Arsenal,2.0,1.1,38.0,14.0,2.0,West Ham,2021,25
3422,2020-09-27,19:00,Matchweek 3,Home,W,4,0,Wolverhampton Wanderers,2.4,0.5,37.0,15.0,7.0,West Ham,2021,25
3423,2020-10-04,12:00,Matchweek 4,Away,W,3,0,Leicester City,2.0,0.6,31.0,14.0,6.0,West Ham,2021,25
3424,2020-10-18,16:30,Matchweek 5,Away,D,3,3,Tottenham Hotspur,1.9,1.7,50.0,13.0,4.0,West Ham,2021,25
3425,2020-10-24,12:30,Matchweek 6,Home,D,1,1,Manchester City,0.3,1.0,31.0,6.0,2.0,West Ham,2021,25
3426,2020-10-31,17:30,Matchweek 7,Away,L,1,2,Liverpool,0.3,1.7,28.0,4.0,3.0,West Ham,2021,25
3427,2020-11-07,20:00,Matchweek 8,Home,W,1,0,Fulham,1.3,1.7,53.0,16.0,7.0,West Ham,2021,25
3428,2020-11-22,14:00,Matchweek 9,Away,W,1,0,Sheffield United,2.1,0.9,49.0,15.0,3.0,West Ham,2021,25
3429,2020-11-30,20:00,Matchweek 10,Home,W,2,1,Aston Villa,0.4,2.5,34.0,6.0,2.0,West Ham,2021,25
3430,2020-12-05,17:30,Matchweek 11,Home,L,1,3,Manchester United,2.0,1.7,40.0,19.0,6.0,West Ham,2021,25
3431,2020-12-11,20:00,Matchweek 12,Away,W,2,1,Leeds United,1.3,1.6,37.0,19.0,8.0,West Ham,2021,25
3432,2020-12-16,20:00,Matchweek 13,Home,D,1,1,Crystal Palace,0.4,1.1,52.0,9.0,2.0,West Ham,2021,25
3433,2020-12-21,20:00,Matchweek 14,Away,L,0,3,Chelsea,0.4,2.0,47.0,6.0,0.0,West Ham,2021,25
3434,2020-12-27,14:15,Matchweek 15,Home,D,2,2,Brighton,1.3,1.1,44.0,11.0,4.0,West Ham,2021,25
3435,2020-12-29,18:00,Matchweek 16,Away,D,0,0,Southampton,1.2,0.6,38.0,8.0,3.0,West Ham,2021,25
3436,2021-01-01,17:30,Matchweek 17,Away,W,1,0,Everton,1.3,0.4,40.0,11.0,5.0,West Ham,2021,25
3437,2021-01-16,15:00,Matchweek 19,Home,W,1,0,Burnley,1.7,0.5,45.0,15.0,3.0,West Ham,2021,25
3438,2021-01-19,18:00,Matchweek 18,Home,W,2,1,West Brom,2.0,0.5,59.0,14.0,6.0,West Ham,2021,25
3439,2021-01-26,18:00,Matchweek 20,Away,W,3,2,Crystal Palace,2.8,0.7,46.0,17.0,7.0,West Ham,2021,25
3440,2021-01-31,16:30,Matchweek 21,Home,L,1,3,Liverpool,0.8,2.0,33.0,8.0,2.0,West Ham,2021,25
3441,2021-02-03,20:15,Matchweek 22,Away,W,3,1,Aston Villa,1.7,0.7,44.0,20.0,9.0,West Ham,2021,25
3442,2021-02-06,17:30,Matchweek 23,Away,D,0,0,Fulham,1.0,1.5,40.0,8.0,1.0,West Ham,2021,25
3443,2021-02-15,18:00,Matchweek 24,Home,W,3,0,Sheffield United,1.9,0.7,46.0,12.0,8.0,West Ham,2021,25
3444,2021-02-21,12:00,Matchweek 25,Home,W,2,1,Tottenham Hotspur,1.1,1.1,32.0,4.0,4.0,West Ham,2021,25
3445,2021-02-27,12:30,Matchweek 26,Away,L,1,2,Manchester City,1.5,0.5,37.0,9.0,3.0,West Ham,2021,25
3446,2021-03-08,20:00,Matchweek 27,Home,W,2,0,Leeds United,1.8,1.4,35.0,15.0,4.0,West Ham,2021,25
3447,2021-03-14,19:15,Matchweek 28,Away,L,0,1,Manchester United,0.6,1.5,39.0,7.0,0.0,West Ham,2021,25
3448,2021-03-21,15:00,Matchweek 29,Home,D,3,3,Arsenal,2.4,1.4,38.0,15.0,5.0,West Ham,2021,25
3449,2021-04-05,20:15,Matchweek 30,Away,W,3,2,Wolverhampton Wanderers,1.2,2.1,35.0,9.0,6.0,West Ham,2021,25
3450,2021-04-11,14:05,Matchweek 31,Home,W,3,2,Leicester City,0.8,0.9,37.0,4.0,4.0,West Ham,2021,25
3451,2021-04-17,12:30,Matchweek 32,Away,L,2,3,Newcastle United,1.9,2.2,66.0,15.0,5.0,West Ham,2021,25
3452,2021-04-24,17:30,Matchweek 33,Home,L,0,1,Chelsea,0.4,2.5,45.0,9.0,2.0,West Ham,2021,25
3453,2021-05-03,20:15,Matchweek 34,Away,W,2,1,Burnley,2.3,2.0,55.0,22.0,4.0,West Ham,2021,25
3454,2021-05-09,16:30,Matchweek 35,Home,L,0,1,Everton,1.3,1.5,68.0,11.0,0.0,West Ham,2021,25
3455,2021-05-15,20:00,Matchweek 36,Away,D,1,1,Brighton,1.7,0.8,49.0,15.0,2.0,West Ham,2021,25
3456,2021-05-19,20:15,Matchweek 37,Away,W,3,1,West Brom,3.4,1.1,48.0,20.0,9.0,West Ham,2021,25
3457,2021-05-23,16:00,Matchweek 38,Home,W,3,0,Southampton,1.3,1.5,38.0,14.0,7.0,West Ham,2021,25
3458,2021-08-15,14:00,Matchweek 1,Away,W,4,2,Newcastle United,2.7,1.8,54.0,17.0,7.0,West Ham,2022,25
3459,2021-08-23,20:00,Matchweek 2,Home,W,4,1,Leicester City,2.3,0.6,52.0,19.0,7.0,West Ham,2022,25
3460,2021-08-28,15:00,Matchweek 3,Home,D,2,2,Crystal Palace,1.3,1.1,47.0,14.0,4.0,West Ham,2022,25
3461,2021-09-11,15:00,Matchweek 4,Away,D,0,0,Southampton,0.7,0.7,58.0,13.0,3.0,West Ham,2022,25
3462,2021-09-19,14:00,Matchweek 5,Home,L,1,2,Manchester United,1.6,2.0,40.0,12.0,3.0,West Ham,2022,25
3463,2021-09-25,15:00,Matchweek 6,Away,W,2,1,Leeds United,1.6,1.2,47.0,20.0,6.0,West Ham,2022,25
3464,2021-10-03,14:00,Matchweek 7,Home,L,1,2,Brentford,1.5,1.2,59.0,18.0,5.0,West Ham,2022,25
3465,2021-10-17,14:00,Matchweek 8,Away,W,1,0,Everton,1.2,0.9,61.0,16.0,4.0,West Ham,2022,25
3466,2021-10-24,14:00,Matchweek 9,Home,W,1,0,Tottenham Hotspur,1.3,0.7,38.0,13.0,4.0,West Ham,2022,25
3467,2021-10-31,16:30,Matchweek 10,Away,W,4,1,Aston Villa,2.3,0.7,57.0,21.0,8.0,West Ham,2022,25
3468,2021-11-07,16:30,Matchweek 11,Home,W,3,2,Liverpool,1.0,1.2,31.0,7.0,3.0,West Ham,2022,25
3469,2021-11-20,15:00,Matchweek 12,Away,L,0,1,Wolverhampton Wanderers,0.4,1.4,48.0,8.0,3.0,West Ham,2022,25
3470,2021-11-28,14:00,Matchweek 13,Away,L,1,2,Manchester City,0.2,2.1,32.0,5.0,3.0,West Ham,2022,25
3471,2021-12-01,19:30,Matchweek 14,Home,D,1,1,Brighton,1.3,1.3,35.0,14.0,5.0,West Ham,2022,25
3472,2021-12-04,12:30,Matchweek 15,Home,W,3,2,Chelsea,1.8,1.1,37.0,10.0,3.0,West Ham,2022,25
3473,2021-12-12,14:00,Matchweek 16,Away,D,0,0,Burnley,0.8,0.8,60.0,16.0,3.0,West Ham,2022,25
3474,2021-12-15,20:00,Matchweek 17,Away,L,0,2,Arsenal,0.4,2.8,45.0,7.0,1.0,West Ham,2022,25
3475,2021-12-26,15:00,Matchweek 19,Home,L,2,3,Southampton,1.6,1.2,56.0,11.0,4.0,West Ham,2022,25
3476,2021-12-28,15:00,Matchweek 20,Away,W,4,1,Watford,3.6,1.6,57.0,12.0,5.0,West Ham,2022,25
3477,2022-01-01,17:30,Matchweek 21,Away,W,3,2,Crystal Palace,2.2,2.4,38.0,9.0,4.0,West Ham,2022,25
3478,2022-01-12,19:45,Matchweek 18,Home,W,2,0,Norwich City,2.5,0.3,62.0,13.0,5.0,West Ham,2022,25
3479,2022-01-16,14:00,Matchweek 22,Home,L,2,3,Leeds United,2.4,2.2,48.0,15.0,5.0,West Ham,2022,25
3480,2022-01-22,15:00,Matchweek 23,Away,L,0,1,Manchester United,0.3,1.9,43.0,6.0,1.0,West Ham,2022,25
3481,2022-02-08,19:45,Matchweek 24,Home,W,1,0,Watford,0.8,0.3,64.0,9.0,2.0,West Ham,2022,25
3482,2022-02-13,16:30,Matchweek 25,Away,D,2,2,Leicester City,1.1,1.4,45.0,8.0,3.0,West Ham,2022,25
3483,2022-02-19,12:30,Matchweek 26,Home,D,1,1,Newcastle United,0.6,0.8,47.0,11.0,3.0,West Ham,2022,25
3484,2022-02-27,14:00,Matchweek 27,Home,W,1,0,Wolverhampton Wanderers,1.8,0.7,39.0,13.0,4.0,West Ham,2022,25
3485,2022-03-05,17:30,Matchweek 28,Away,L,0,1,Liverpool,1.3,2.4,32.0,13.0,4.0,West Ham,2022,25
3486,2022-03-13,14:00,Matchweek 29,Home,W,2,1,Aston Villa,1.2,1.1,47.0,11.0,4.0,West Ham,2022,25
3487,2022-03-20,16:30,Matchweek 30,Away,L,1,3,Tottenham Hotspur,0.6,3.0,47.0,6.0,1.0,West Ham,2022,25
3488,2022-04-03,14:00,Matchweek 31,Home,W,2,1,Everton,1.2,0.7,55.0,11.0,5.0,West Ham,2022,25
3489,2022-04-10,14:00,Matchweek 32,Away,L,0,2,Brentford,0.3,1.4,53.0,5.0,1.0,West Ham,2022,25
3490,2022-04-17,14:15,Matchweek 33,Home,D,1,1,Burnley,2.2,1.8,61.0,21.0,6.0,West Ham,2022,25
3491,2022-04-24,14:00,Matchweek 34,Away,L,0,1,Chelsea,0.5,3.0,34.0,6.0,2.0,West Ham,2022,25
3492,2022-05-01,16:30,Matchweek 35,Home,L,1,2,Arsenal,0.5,0.9,57.0,8.0,3.0,West Ham,2022,25
3493,2022-05-08,14:00,Matchweek 36,Away,W,4,0,Norwich City,3.0,0.8,63.0,12.0,4.0,West Ham,2022,25
3494,2022-05-15,14:00,Matchweek 37,Home,D,2,2,Manchester City,1.1,2.4,22.0,6.0,2.0,West Ham,2022,25
3495,2022-05-22,16:00,Matchweek 38,Away,L,1,3,Brighton,0.2,1.6,50.0,7.0,2.0,West Ham,2022,25
3496,2022-08-07,16:30,Matchweek 1,Home,L,0,2,Manchester City,0.5,2.2,25.0,6.0,1.0,West Ham,2023,25
3497,2022-08-14,14:00,Matchweek 2,Away,L,0,1,Nottingham Forest,2.1,1.3,57.0,18.0,3.0,West Ham,2023,25
3498,2022-08-21,14:00,Matchweek 3,Home,L,0,2,Brighton,0.8,1.7,50.0,13.0,3.0,West Ham,2023,25
3499,2022-08-28,14:00,Matchweek 4,Away,W,1,0,Aston Villa,0.6,0.5,42.0,7.0,2.0,West Ham,2023,25
3500,2022-08-31,19:45,Matchweek 5,Home,D,1,1,Tottenham Hotspur,1.2,0.6,39.0,14.0,4.0,West Ham,2023,25
3501,2022-09-03,15:00,Matchweek 6,Away,L,1,2,Chelsea,1.1,0.9,33.0,6.0,3.0,West Ham,2023,25
3502,2022-09-18,14:15,Matchweek 8,Away,L,0,1,Everton,1.0,0.4,47.0,14.0,4.0,West Ham,2023,25
3503,2022-10-01,17:30,Matchweek 9,Home,W,2,0,Wolverhampton Wanderers,0.9,0.7,39.0,18.0,5.0,West Ham,2023,25
3504,2022-10-09,14:00,Matchweek 10,Home,W,3,1,Fulham,2.4,0.7,50.0,16.0,7.0,West Ham,2023,25
3505,2022-10-16,14:00,Matchweek 11,Away,D,1,1,Southampton,1.7,0.5,61.0,25.0,4.0,West Ham,2023,25
3506,2022-10-19,19:30,Matchweek 12,Away,L,0,1,Liverpool,1.7,1.7,46.0,7.0,2.0,West Ham,2023,25
3507,2022-10-24,20:00,Matchweek 13,Home,W,2,0,Bournemouth,1.9,0.4,55.0,19.0,3.0,West Ham,2023,25
3508,2022-10-30,16:15,Matchweek 14,Away,L,0,1,Manchester United,1.1,1.2,47.0,13.0,4.0,West Ham,2023,25
3509,2022-11-06,14:00,Matchweek 15,Home,L,1,2,Crystal Palace,0.3,1.0,42.0,5.0,2.0,West Ham,2023,25
3510,2022-11-12,15:00,Matchweek 16,Home,L,0,2,Leicester City,1.4,1.8,54.0,18.0,6.0,West Ham,2023,25
3511,2022-12-26,20:00,Matchweek 17,Away,L,1,3,Arsenal,1.0,2.1,34.0,7.0,3.0,West Ham,2023,25
3512,2022-12-30,19:45,Matchweek 18,Home,L,0,2,Brentford,1.3,1.6,63.0,20.0,5.0,West Ham,2023,25
3513,2023-01-04,19:45,Matchweek 19,Away,D,2,2,Leeds United,1.4,1.6,38.0,14.0,1.0,West Ham,2023,25
3514,2023-01-14,15:00,Matchweek 20,Away,L,0,1,Wolverhampton Wanderers,1.1,0.9,42.0,16.0,3.0,West Ham,2023,25
3515,2023-01-21,15:00,Matchweek 21,Home,W,2,0,Everton,2.2,0.5,33.0,11.0,4.0,West Ham,2023,25
3516,2023-02-04,17:30,Matchweek 22,Away,D,1,1,Newcastle United,1.0,1.0,38.0,10.0,1.0,West Ham,2023,25
3517,2023-02-11,12:30,Matchweek 23,Home,D,1,1,Chelsea,1.3,1.1,29.0,10.0,2.0,West Ham,2023,25
3518,2023-02-19,16:30,Matchweek 24,Away,L,0,2,Tottenham Hotspur,0.5,1.5,43.0,6.0,1.0,West Ham,2023,25
3519,2023-02-25,15:00,Matchweek 25,Home,W,4,0,Nottingham Forest,2.7,0.4,49.0,18.0,5.0,West Ham,2023,25
3520,2023-03-04,15:00,Matchweek 26,Away,L,0,4,Brighton,0.3,3.5,35.0,3.0,2.0,West Ham,2023,25
3521,2023-03-12,14:00,Matchweek 27,Home,D,1,1,Aston Villa,2.1,1.5,41.0,16.0,4.0,West Ham,2023,25
3522,2023-04-02,14:00,Matchweek 29,Home,W,1,0,Southampton,1.4,0.3,43.0,12.0,2.0,West Ham,2023,25
3523,2023-04-05,20:00,Matchweek 7,Home,L,1,5,Newcastle United,1.0,3.3,42.0,7.0,2.0,West Ham,2023,25
3524,2023-04-08,15:00,Matchweek 30,Away,W,1,0,Fulham,1.1,0.7,24.0,9.0,5.0,West Ham,2023,25
3525,2023-04-16,14:00,Matchweek 31,Home,D,2,2,Arsenal,1.8,2.7,30.0,15.0,2.0,West Ham,2023,25
3526,2023-04-23,14:00,Matchweek 32,Away,W,4,0,Bournemouth,2.4,1.5,36.0,18.0,10.0,West Ham,2023,25
3527,2023-04-26,19:45,Matchweek 33,Home,L,1,2,Liverpool,0.8,1.9,28.0,7.0,2.0,West Ham,2023,25
3528,2023-04-29,12:30,Matchweek 34,Away,L,3,4,Crystal Palace,1.7,2.1,41.0,8.0,4.0,West Ham,2023,25
3529,2023-05-03,20:00,Matchweek 28,Away,L,0,3,Manchester City,0.4,2.3,31.0,6.0,2.0,West Ham,2023,25
3530,2023-05-07,19:00,Matchweek 35,Home,W,1,0,Manchester United,1.3,1.2,35.0,15.0,4.0,West Ham,2023,25
3531,2023-05-14,14:00,Matchweek 36,Away,L,0,2,Brentford,0.2,3.4,47.0,4.0,4.0,West Ham,2023,25
3532,2023-05-21,13:30,Matchweek 37,Home,W,3,1,Leeds United,2.1,0.9,59.0,19.0,9.0,West Ham,2023,25
3533,2023-05-28,16:30,Matchweek 38,Away,L,1,2,Leicester City,1.4,1.4,52.0,16.0,3.0,West Ham,2023,25
3534,2023-08-12,15:00,Matchweek 1,Away,D,1,1,Bournemouth,1.1,1.3,38.0,16.0,2.0,West Ham,2024,25
3535,2023-08-20,16:30,Matchweek 2,Home,W,3,1,Chelsea,1.8,2.5,25.0,11.0,5.0,West Ham,2024,25
3536,2023-08-26,17:30,Matchweek 3,Away,W,3,1,Brighton,3.0,1.5,22.0,12.0,7.0,West Ham,2024,25
3537,2023-09-01,20:00,Matchweek 4,Away,W,2,1,Luton Town,1.0,1.4,61.0,9.0,3.0,West Ham,2024,25
3538,2023-09-16,15:00,Matchweek 5,Home,L,1,3,Manchester City,0.9,3.6,32.0,6.0,3.0,West Ham,2024,25
3539,2023-09-24,14:00,Matchweek 6,Away,L,1,3,Liverpool,1.1,3.0,37.0,11.0,4.0,West Ham,2024,25
3540,2023-09-30,15:00,Matchweek 7,Home,W,2,0,Sheffield United,2.1,1.1,52.0,20.0,8.0,West Ham,2024,25
3541,2023-10-08,14:00,Matchweek 8,Home,D,2,2,Newcastle United,1.2,2.0,36.0,5.0,3.0,West Ham,2024,25
3542,2023-10-22,16:30,Matchweek 9,Away,L,1,4,Aston Villa,1.1,1.9,42.0,14.0,4.0,West Ham,2024,25
3543,2023-10-29,13:00,Matchweek 10,Home,L,0,1,Everton,0.7,0.8,64.0,12.0,2.0,West Ham,2024,25
3544,2023-11-04,15:00,Matchweek 11,Away,L,2,3,Brentford,1.8,1.5,42.0,12.0,2.0,West Ham,2024,25
3545,2023-11-12,14:00,Matchweek 12,Home,W,3,2,Nottingham Forest,1.8,1.7,54.0,16.0,6.0,West Ham,2024,25
3546,2023-11-25,15:00,Matchweek 13,Away,W,2,1,Burnley,0.9,1.3,50.0,11.0,3.0,West Ham,2024,25
3547,2023-12-03,14:00,Matchweek 14,Home,D,1,1,Crystal Palace,1.1,0.9,55.0,9.0,3.0,West Ham,2024,25
3548,2023-12-07,20:15,Matchweek 15,Away,W,2,1,Tottenham Hotspur,2.2,1.8,26.0,11.0,5.0,West Ham,2024,25
3549,2023-12-10,14:00,Matchweek 16,Away,L,0,5,Fulham,1.3,2.3,37.0,9.0,5.0,West Ham,2024,25
3550,2023-12-17,14:00,Matchweek 17,Home,W,3,0,Wolverhampton Wanderers,1.1,0.7,45.0,13.0,4.0,West Ham,2024,25
3551,2023-12-23,12:30,Matchweek 18,Home,W,2,0,Manchester United,1.2,1.0,35.0,12.0,5.0,West Ham,2024,25
3552,2023-12-28,20:15,Matchweek 19,Away,W,2,0,Arsenal,1.4,2.7,27.0,5.0,2.0,West Ham,2024,25
3553,2024-01-02,19:30,Matchweek 20,Home,D,0,0,Brighton,0.7,2.3,32.0,6.0,2.0,West Ham,2024,25
3554,2024-01-21,14:00,Matchweek 21,Away,D,2,2,Sheffield United,2.3,2.5,43.0,15.0,4.0,West Ham,2024,25
3555,2024-02-01,19:30,Matchweek 22,Home,D,1,1,Bournemouth,1.4,1.2,48.0,8.0,2.0,West Ham,2024,25
3556,2024-02-04,14:00,Matchweek 23,Away,L,0,3,Manchester United,1.4,0.7,49.0,22.0,3.0,West Ham,2024,25
3557,2024-02-11,14:00,Matchweek 24,Home,L,0,6,Arsenal,0.2,3.6,30.0,5.0,1.0,West Ham,2024,25
3558,2024-02-17,15:00,Matchweek 25,Away,L,0,2,Nottingham Forest,0.5,2.8,51.0,10.0,3.0,West Ham,2024,25
3559,2024-02-26,20:00,Matchweek 26,Home,W,4,2,Brentford,1.7,0.9,41.0,17.0,6.0,West Ham,2024,25
3560,2024-03-02,15:00,Matchweek 27,Away,W,3,1,Everton,1.9,2.7,45.0,12.0,5.0,West Ham,2024,25
3561,2024-03-10,14:00,Matchweek 28,Home,D,2,2,Burnley,2.1,0.7,52.0,22.0,4.0,West Ham,2024,25
3562,2024-03-17,14:00,Matchweek 29,Home,D,1,1,Aston Villa,2.0,0.7,31.0,13.0,4.0,West Ham,2024,25
3563,2024-03-30,12:30,Matchweek 30,Away,L,3,4,Newcastle United,1.4,4.1,40.0,10.0,4.0,West Ham,2024,25
3564,2024-04-02,20:15,Matchweek 31,Home,D,1,1,Tottenham Hotspur,1.5,1.0,33.0,11.0,4.0,West Ham,2024,25
3565,2024-04-06,15:00,Matchweek 32,Away,W,2,1,Wolverhampton Wanderers,1.2,1.5,42.0,10.0,3.0,West Ham,2024,25
3566,2024-04-14,14:00,Matchweek 33,Home,L,0,2,Fulham,0.9,3.2,58.0,15.0,4.0,West Ham,2024,25
3567,2024-04-21,15:00,Matchweek 34,Away,L,2,5,Crystal Palace,1.3,2.4,40.0,4.0,1.0,West Ham,2024,25
3568,2024-04-27,12:30,Matchweek 35,Home,D,2,2,Liverpool,0.7,1.7,29.0,11.0,8.0,West Ham,2024,25
3569,2024-05-05,14:00,Matchweek 36,Away,L,0,5,Chelsea,0.9,4.1,31.0,13.0,2.0,West Ham,2024,25
3570,2024-05-11,15:00,Matchweek 37,Home,W,3,1,Luton Town,3.2,0.3,58.0,24.0,8.0,West Ham,2024,25
3571,2024-05-19,16:00,Matchweek 38,Away,L,1,3,Manchester City,0.4,1.9,29.0,3.0,2.0,West Ham,2024,25
3572,2024-08-17,17:30,Matchweek 1,Home,L,1,2,Aston Villa,2.3,2.0,52.0,13.0,2.0,West Ham,2025,25
3573,2024-08-24,15:00,Matchweek 2,Away,W,2,0,Crystal Palace,1.4,1.3,42.0,18.0,3.0,West Ham,2025,25
3574,2024-08-31,17:30,Matchweek 3,Home,L,1,3,Manchester City,0.7,3.0,33.0,10.0,2.0,West Ham,2025,25
3575,2024-09-14,15:00,Matchweek 4,Away,D,1,1,Fulham,0.8,1.5,46.0,11.0,3.0,West Ham,2025,25
3576,2024-09-21,12:30,Matchweek 5,Home,L,0,3,Chelsea,0.9,2.2,53.0,15.0,7.0,West Ham,2025,25
3577,2024-09-28,15:00,Matchweek 6,Away,D,1,1,Brentford,1.0,0.4,43.0,19.0,3.0,West Ham,2025,25
3578,2024-10-05,15:00,Matchweek 7,Home,W,4,1,Ipswich Town,3.6,0.6,52.0,23.0,12.0,West Ham,2025,25
3579,2024-10-19,12:30,Matchweek 8,Away,L,1,4,Tottenham Hotspur,0.8,1.9,43.0,11.0,3.0,West Ham,2025,25
3580,2024-10-27,14:00,Matchweek 9,Home,W,2,1,Manchester United,2.8,2.3,42.0,11.0,2.0,West Ham,2025,25
3581,2024-11-02,15:00,Matchweek 10,Away,L,0,3,Nottingham Forest,0.1,2.2,46.0,4.0,1.0,West Ham,2025,25
3582,2024-11-09,15:00,Matchweek 11,Home,D,0,0,Everton,0.8,1.1,49.0,11.0,6.0,West Ham,2025,25
3583,2024-11-25,20:00,Matchweek 12,Away,W,2,0,Newcastle United,0.9,1.6,47.0,15.0,6.0,West Ham,2025,25
3584,2024-11-30,17:30,Matchweek 13,Home,L,2,5,Arsenal,1.5,3.5,40.0,12.0,5.0,West Ham,2025,25
3585,2024-12-03,20:15,Matchweek 14,Away,L,1,3,Leicester City,3.0,1.7,61.0,31.0,8.0,West Ham,2025,25
3586,2024-12-09,20:00,Matchweek 15,Home,W,2,1,Wolverhampton Wanderers,1.0,1.4,54.0,19.0,4.0,West Ham,2025,25
3587,2024-12-16,20:00,Matchweek 16,Away,D,1,1,Bournemouth,2.1,1.9,48.0,15.0,2.0,West Ham,2025,25
3588,2024-12-21,15:00,Matchweek 17,Home,D,1,1,Brighton,1.2,0.9,47.0,11.0,4.0,West Ham,2025,25
3589,2024-12-26,15:00,Matchweek 18,Away,W,1,0,Southampton,1.7,1.4,46.0,16.0,2.0,West Ham,2025,25
3590,2024-12-29,17:15,Matchweek 19,Home,L,0,5,Liverpool,0.4,3.1,46.0,7.0,0.0,West Ham,2025,25
3591,2025-01-04,15:00,Matchweek 20,Away,L,1,4,Manchester City,1.4,1.9,44.0,17.0,4.0,West Ham,2025,25
3592,2025-01-14,19:30,Matchweek 21,Home,W,3,2,Fulham,1.0,1.7,44.0,4.0,3.0,West Ham,2025,25
3593,2025-01-18,15:00,Matchweek 22,Home,L,0,2,Crystal Palace,0.3,1.3,53.0,7.0,0.0,West Ham,2025,25
3594,2025-01-26,16:30,Matchweek 23,Away,D,1,1,Aston Villa,1.3,0.9,54.0,14.0,3.0,West Ham,2025,25
3595,2025-02-03,20:00,Matchweek 24,Away,L,1,2,Chelsea,1.2,1.6,32.0,14.0,5.0,West Ham,2025,25
3596,2025-02-15,15:00,Matchweek 25,Home,L,0,1,Brentford,0.8,1.6,58.0,13.0,3.0,West Ham,2025,25
3597,2025-02-22,15:00,Matchweek 26,Away,W,1,0,Arsenal,1.1,1.2,32.0,5.0,2.0,West Ham,2025,25
3598,2025-02-27,20:00,Matchweek 27,Home,W,2,0,Leicester City,1.3,0.4,58.0,8.0,2.0,West Ham,2025,25
3599,2025-03-10,20:00,Matchweek 28,Home,L,0,1,Newcastle United,0.7,1.4,51.0,9.0,2.0,West Ham,2025,25
3600,2025-03-15,15:00,Matchweek 29,Away,D,1,1,Everton,0.8,1.0,46.0,10.0,5.0,West Ham,2025,25
3601,2025-04-01,19:45,Matchweek 30,Away,L,0,1,Wolverhampton Wanderers,1.3,1.2,58.0,10.0,1.0,West Ham,2025,25
3602,2025-04-05,15:00,Matchweek 31,Home,D,2,2,Bournemouth,0.7,2.1,56.0,9.0,3.0,West Ham,2025,25
3603,2025-04-13,14:00,Matchweek 32,Away,L,1,2,Liverpool,1.4,1.8,45.0,11.0,4.0,West Ham,2025,25
3604,2025-04-19,15:00,Matchweek 33,Home,D,1,1,Southampton,0.9,0.6,52.0,12.0,4.0,West Ham,2025,25
3605,2025-04-26,15:00,Matchweek 34,Away,L,2,3,Brighton,1.3,1.3,47.0,12.0,4.0,West Ham,2025,25
3606,2025-05-04,14:00,Matchweek 35,Home,D,1,1,Tottenham Hotspur,0.8,0.8,55.0,11.0,2.0,West Ham,2025,25
3607,2025-05-11,14:15,Matchweek 36,Away,W,2,0,Manchester United,1.7,2.1,48.0,9.0,4.0,West Ham,2025,25
3608,2025-05-18,14:15,Matchweek 37,Home,L,1,2,Nottingham Forest,1.1,1.9,60.0,16.0,5.0,West Ham,2025,25
3609,2025-05-25,16:00,Matchweek 38,Away,W,3,1,Ipswich Town,1.1,0.7,58.0,10.0,6.0,West Ham,2025,25
3610,2020-09-14,18:00,Matchweek 1,Away,W,2,0,Sheffield United,1.4,1.0,45.0,11.0,4.0,Wolverhampton Wanderers,2021,26
3611,2020-09-21,20:15,Matchweek 2,Home,L,1,3,Manchester City,0.6,1.9,35.0,10.0,1.0,Wolverhampton Wanderers,2021,26
3612,2020-09-27,19:00,Matchweek 3,Away,L,0,4,West Ham,0.5,2.4,63.0,11.0,2.0,Wolverhampton Wanderers,2021,26
3613,2020-10-04,14:00,Matchweek 4,Home,W,1,0,Fulham,1.2,0.9,48.0,14.0,5.0,Wolverhampton Wanderers,2021,26
3614,2020-10-19,20:00,Matchweek 5,Away,W,1,0,Leeds United,0.4,1.0,34.0,7.0,3.0,Wolverhampton Wanderers,2021,26
3615,2020-10-25,16:30,Matchweek 6,Home,D,1,1,Newcastle United,0.7,0.3,63.0,16.0,3.0,Wolverhampton Wanderers,2021,26
3616,2020-10-30,20:00,Matchweek 7,Home,W,2,0,Crystal Palace,1.3,0.7,45.0,15.0,5.0,Wolverhampton Wanderers,2021,26
3617,2020-11-08,14:00,Matchweek 8,Away,L,0,1,Leicester City,0.8,2.0,51.0,8.0,2.0,Wolverhampton Wanderers,2021,26
3618,2020-11-23,20:00,Matchweek 9,Home,D,1,1,Southampton,1.5,1.0,46.0,20.0,9.0,Wolverhampton Wanderers,2021,26
3619,2020-11-29,19:15,Matchweek 10,Away,W,2,1,Arsenal,1.8,1.5,44.0,11.0,5.0,Wolverhampton Wanderers,2021,26
3620,2020-12-06,19:15,Matchweek 11,Away,L,0,4,Liverpool,0.4,1.2,40.0,9.0,3.0,Wolverhampton Wanderers,2021,26
3621,2020-12-12,12:30,Matchweek 12,Home,L,0,1,Aston Villa,1.1,1.4,50.0,16.0,7.0,Wolverhampton Wanderers,2021,26
3622,2020-12-15,18:00,Matchweek 13,Home,W,2,1,Chelsea,0.5,1.0,45.0,12.0,4.0,Wolverhampton Wanderers,2021,26
3623,2020-12-21,17:30,Matchweek 14,Away,L,1,2,Burnley,1.5,1.7,63.0,14.0,2.0,Wolverhampton Wanderers,2021,26
3624,2020-12-27,19:15,Matchweek 15,Home,D,1,1,Tottenham Hotspur,0.9,0.4,55.0,11.0,6.0,Wolverhampton Wanderers,2021,26
3625,2020-12-29,20:00,Matchweek 16,Away,L,0,1,Manchester United,0.5,1.5,42.0,9.0,5.0,Wolverhampton Wanderers,2021,26
3626,2021-01-02,17:30,Matchweek 17,Away,D,3,3,Brighton,1.6,2.2,46.0,10.0,3.0,Wolverhampton Wanderers,2021,26
3627,2021-01-12,20:15,Matchweek 18,Home,L,1,2,Everton,0.7,0.6,52.0,12.0,3.0,Wolverhampton Wanderers,2021,26
3628,2021-01-16,12:30,Matchweek 19,Home,L,2,3,West Brom,1.5,2.4,67.0,23.0,6.0,Wolverhampton Wanderers,2021,26
3629,2021-01-27,18:00,Matchweek 20,Away,D,0,0,Chelsea,0.5,0.7,22.0,4.0,0.0,Wolverhampton Wanderers,2021,26
3630,2021-01-30,15:00,Matchweek 21,Away,L,0,1,Crystal Palace,0.4,1.4,52.0,6.0,4.0,Wolverhampton Wanderers,2021,26
3631,2021-02-02,18:00,Matchweek 22,Home,W,2,1,Arsenal,1.5,0.8,55.0,10.0,6.0,Wolverhampton Wanderers,2021,26
3632,2021-02-07,14:00,Matchweek 23,Home,D,0,0,Leicester City,1.1,0.8,44.0,13.0,1.0,Wolverhampton Wanderers,2021,26
3633,2021-02-14,12:00,Matchweek 24,Away,W,2,1,Southampton,1.1,0.8,49.0,9.0,3.0,Wolverhampton Wanderers,2021,26
3634,2021-02-19,20:00,Matchweek 25,Home,W,1,0,Leeds United,0.6,1.7,42.0,15.0,5.0,Wolverhampton Wanderers,2021,26
3635,2021-02-27,20:00,Matchweek 26,Away,D,1,1,Newcastle United,1.1,1.7,52.0,14.0,4.0,Wolverhampton Wanderers,2021,26
3636,2021-03-02,20:00,Matchweek 29,Away,L,1,4,Manchester City,0.3,3.3,28.0,6.0,1.0,Wolverhampton Wanderers,2021,26
3637,2021-03-06,17:30,Matchweek 27,Away,D,0,0,Aston Villa,1.6,0.6,51.0,10.0,2.0,Wolverhampton Wanderers,2021,26
3638,2021-03-15,20:00,Matchweek 28,Home,L,0,1,Liverpool,1.1,0.9,53.0,10.0,5.0,Wolverhampton Wanderers,2021,26
3639,2021-04-05,20:15,Matchweek 30,Home,L,2,3,West Ham,2.1,1.2,65.0,20.0,5.0,Wolverhampton Wanderers,2021,26
3640,2021-04-09,20:00,Matchweek 31,Away,W,1,0,Fulham,0.5,0.9,50.0,7.0,3.0,Wolverhampton Wanderers,2021,26
3641,2021-04-17,20:15,Matchweek 32,Home,W,1,0,Sheffield United,1.1,0.5,48.0,10.0,4.0,Wolverhampton Wanderers,2021,26
3642,2021-04-25,12:00,Matchweek 33,Home,L,0,4,Burnley,0.4,2.0,58.0,12.0,2.0,Wolverhampton Wanderers,2021,26
3643,2021-05-03,18:00,Matchweek 34,Away,D,1,1,West Brom,1.0,1.1,57.0,20.0,10.0,Wolverhampton Wanderers,2021,26
3644,2021-05-09,12:00,Matchweek 35,Home,W,2,1,Brighton,1.1,0.3,61.0,16.0,6.0,Wolverhampton Wanderers,2021,26
3645,2021-05-16,14:05,Matchweek 36,Away,L,0,2,Tottenham Hotspur,0.9,3.2,38.0,15.0,3.0,Wolverhampton Wanderers,2021,26
3646,2021-05-19,18:00,Matchweek 37,Away,L,0,1,Everton,0.3,0.7,59.0,9.0,3.0,Wolverhampton Wanderers,2021,26
3647,2021-05-23,16:00,Matchweek 38,Home,L,1,2,Manchester United,0.9,2.0,57.0,14.0,4.0,Wolverhampton Wanderers,2021,26
3648,2021-08-14,15:00,Matchweek 1,Away,L,0,1,Leicester City,1.3,0.5,44.0,17.0,3.0,Wolverhampton Wanderers,2022,26
3649,2021-08-22,14:00,Matchweek 2,Home,L,0,1,Tottenham Hotspur,1.7,1.7,58.0,25.0,6.0,Wolverhampton Wanderers,2022,26
3650,2021-08-29,16:30,Matchweek 3,Home,L,0,1,Manchester United,2.1,0.6,44.0,15.0,5.0,Wolverhampton Wanderers,2022,26
3651,2021-09-11,15:00,Matchweek 4,Away,W,2,0,Watford,2.2,0.2,55.0,14.0,5.0,Wolverhampton Wanderers,2022,26
3652,2021-09-18,12:30,Matchweek 5,Home,L,0,2,Brentford,0.6,2.5,62.0,11.0,0.0,Wolverhampton Wanderers,2022,26
3653,2021-09-26,14:00,Matchweek 6,Away,W,1,0,Southampton,1.0,1.0,43.0,5.0,3.0,Wolverhampton Wanderers,2022,26
3654,2021-10-02,15:00,Matchweek 7,Home,W,2,1,Newcastle United,1.0,0.6,52.0,7.0,3.0,Wolverhampton Wanderers,2022,26
3655,2021-10-16,15:00,Matchweek 8,Away,W,3,2,Aston Villa,2.0,1.0,52.0,9.0,4.0,Wolverhampton Wanderers,2022,26
3656,2021-10-23,15:00,Matchweek 9,Away,D,1,1,Leeds United,0.9,1.6,38.0,8.0,4.0,Wolverhampton Wanderers,2022,26
3657,2021-11-01,20:00,Matchweek 10,Home,W,2,1,Everton,1.7,1.5,61.0,10.0,4.0,Wolverhampton Wanderers,2022,26
3658,2021-11-06,15:00,Matchweek 11,Away,L,0,2,Crystal Palace,0.3,1.9,40.0,4.0,2.0,Wolverhampton Wanderers,2022,26
3659,2021-11-20,15:00,Matchweek 12,Home,W,1,0,West Ham,1.4,0.4,52.0,15.0,5.0,Wolverhampton Wanderers,2022,26
3660,2021-11-27,15:00,Matchweek 13,Away,D,0,0,Norwich City,0.3,1.6,57.0,5.0,2.0,Wolverhampton Wanderers,2022,26
3661,2021-12-01,19:30,Matchweek 14,Home,D,0,0,Burnley,0.7,0.2,65.0,16.0,2.0,Wolverhampton Wanderers,2022,26
3662,2021-12-04,15:00,Matchweek 15,Home,L,0,1,Liverpool,0.1,2.7,34.0,3.0,1.0,Wolverhampton Wanderers,2022,26
3663,2021-12-11,12:30,Matchweek 16,Away,L,0,1,Manchester City,0.2,3.2,29.0,2.0,1.0,Wolverhampton Wanderers,2022,26
3664,2021-12-15,19:30,Matchweek 17,Away,W,1,0,Brighton,1.0,1.2,41.0,8.0,5.0,Wolverhampton Wanderers,2022,26
3665,2021-12-19,14:00,Matchweek 18,Home,D,0,0,Chelsea,0.2,0.9,37.0,4.0,1.0,Wolverhampton Wanderers,2022,26
3666,2022-01-03,17:30,Matchweek 21,Away,W,1,0,Manchester United,0.7,0.8,49.0,19.0,6.0,Wolverhampton Wanderers,2022,26
3667,2022-01-15,15:00,Matchweek 22,Home,W,3,1,Southampton,2.5,0.8,43.0,8.0,4.0,Wolverhampton Wanderers,2022,26
3668,2022-01-22,15:00,Matchweek 23,Away,W,2,1,Brentford,0.2,1.1,50.0,7.0,2.0,Wolverhampton Wanderers,2022,26
3669,2022-02-10,19:45,Matchweek 24,Home,L,0,1,Arsenal,0.8,1.8,58.0,15.0,4.0,Wolverhampton Wanderers,2022,26
3670,2022-02-13,14:00,Matchweek 25,Away,W,2,0,Tottenham Hotspur,1.3,1.2,42.0,11.0,7.0,Wolverhampton Wanderers,2022,26
3671,2022-02-20,16:30,Matchweek 26,Home,W,2,1,Leicester City,0.5,1.7,37.0,11.0,3.0,Wolverhampton Wanderers,2022,26
3672,2022-02-24,19:45,Matchweek 20,Away,L,1,2,Arsenal,1.0,3.1,44.0,6.0,2.0,Wolverhampton Wanderers,2022,26
3673,2022-02-27,14:00,Matchweek 27,Away,L,0,1,West Ham,0.7,1.8,61.0,14.0,1.0,Wolverhampton Wanderers,2022,26
3674,2022-03-05,15:00,Matchweek 28,Home,L,0,2,Crystal Palace,0.7,2.7,63.0,12.0,5.0,Wolverhampton Wanderers,2022,26
3675,2022-03-10,19:30,Matchweek 19,Home,W,4,0,Watford,0.7,0.6,66.0,10.0,5.0,Wolverhampton Wanderers,2022,26
3676,2022-03-13,14:00,Matchweek 29,Away,W,1,0,Everton,0.8,0.4,61.0,14.0,3.0,Wolverhampton Wanderers,2022,26
3677,2022-03-18,20:00,Matchweek 30,Home,L,2,3,Leeds United,1.2,2.0,48.0,14.0,8.0,Wolverhampton Wanderers,2022,26
3678,2022-04-02,15:00,Matchweek 31,Home,W,2,1,Aston Villa,1.3,2.1,49.0,11.0,4.0,Wolverhampton Wanderers,2022,26
3679,2022-04-08,20:00,Matchweek 32,Away,L,0,1,Newcastle United,0.4,1.5,58.0,5.0,2.0,Wolverhampton Wanderers,2022,26
3680,2022-04-24,14:00,Matchweek 34,Away,L,0,1,Burnley,0.6,1.4,64.0,10.0,4.0,Wolverhampton Wanderers,2022,26
3681,2022-04-30,15:00,Matchweek 35,Home,L,0,3,Brighton,0.7,2.6,49.0,11.0,1.0,Wolverhampton Wanderers,2022,26
3682,2022-05-07,15:00,Matchweek 36,Away,D,2,2,Chelsea,2.0,1.7,41.0,14.0,4.0,Wolverhampton Wanderers,2022,26
3683,2022-05-11,20:15,Matchweek 33,Home,L,1,5,Manchester City,0.5,2.3,34.0,7.0,3.0,Wolverhampton Wanderers,2022,26
3684,2022-05-15,14:00,Matchweek 37,Home,D,1,1,Norwich City,0.9,1.1,64.0,17.0,4.0,Wolverhampton Wanderers,2022,26
3685,2022-05-22,16:00,Matchweek 38,Away,L,1,3,Liverpool,1.3,2.7,37.0,7.0,5.0,Wolverhampton Wanderers,2022,26
3686,2022-08-06,15:00,Matchweek 1,Away,L,1,2,Leeds United,1.3,0.8,60.0,15.0,6.0,Wolverhampton Wanderers,2023,26
3687,2022-08-13,15:00,Matchweek 2,Home,D,0,0,Fulham,0.9,1.5,59.0,7.0,1.0,Wolverhampton Wanderers,2023,26
3688,2022-08-20,12:30,Matchweek 3,Away,L,0,1,Tottenham Hotspur,0.7,1.7,50.0,20.0,3.0,Wolverhampton Wanderers,2023,26
3689,2022-08-28,14:00,Matchweek 4,Home,D,1,1,Newcastle United,0.7,1.7,37.0,10.0,4.0,Wolverhampton Wanderers,2023,26
3690,2022-08-31,19:30,Matchweek 5,Away,D,0,0,Bournemouth,1.5,0.4,65.0,17.0,3.0,Wolverhampton Wanderers,2023,26
3691,2022-09-03,15:00,Matchweek 6,Home,W,1,0,Southampton,0.8,1.2,51.0,7.0,2.0,Wolverhampton Wanderers,2023,26
3692,2022-09-17,12:30,Matchweek 8,Home,L,0,3,Manchester City,0.4,1.1,41.0,6.0,1.0,Wolverhampton Wanderers,2023,26
3693,2022-10-01,17:30,Matchweek 9,Away,L,0,2,West Ham,0.7,0.9,61.0,15.0,4.0,Wolverhampton Wanderers,2023,26
3694,2022-10-08,15:00,Matchweek 10,Away,L,0,3,Chelsea,1.1,1.9,43.0,8.0,2.0,Wolverhampton Wanderers,2023,26
3695,2022-10-15,15:00,Matchweek 11,Home,W,1,0,Nottingham Forest,1.3,1.5,58.0,8.0,1.0,Wolverhampton Wanderers,2023,26
3696,2022-10-18,20:15,Matchweek 12,Away,L,1,2,Crystal Palace,0.8,1.2,49.0,10.0,4.0,Wolverhampton Wanderers,2023,26
3697,2022-10-23,14:00,Matchweek 13,Home,L,0,4,Leicester City,2.1,0.9,60.0,21.0,5.0,Wolverhampton Wanderers,2023,26
3698,2022-10-29,15:00,Matchweek 14,Away,D,1,1,Brentford,0.6,1.4,42.0,13.0,4.0,Wolverhampton Wanderers,2023,26
3699,2022-11-05,15:00,Matchweek 15,Home,L,2,3,Brighton,1.2,1.5,29.0,7.0,4.0,Wolverhampton Wanderers,2023,26
3700,2022-11-12,19:45,Matchweek 16,Home,L,0,2,Arsenal,0.7,2.1,38.0,11.0,2.0,Wolverhampton Wanderers,2023,26
3701,2022-12-26,15:00,Matchweek 17,Away,W,2,1,Everton,0.8,1.7,42.0,7.0,4.0,Wolverhampton Wanderers,2023,26
3702,2022-12-31,12:30,Matchweek 18,Home,L,0,1,Manchester United,0.7,2.0,46.0,10.0,3.0,Wolverhampton Wanderers,2023,26
3703,2023-01-04,20:00,Matchweek 19,Away,D,1,1,Aston Villa,0.9,1.8,44.0,10.0,3.0,Wolverhampton Wanderers,2023,26
3704,2023-01-14,15:00,Matchweek 20,Home,W,1,0,West Ham,0.9,1.1,58.0,17.0,4.0,Wolverhampton Wanderers,2023,26
3705,2023-01-22,14:00,Matchweek 21,Away,L,0,3,Manchester City,0.8,2.8,45.0,10.0,1.0,Wolverhampton Wanderers,2023,26
3706,2023-02-04,15:00,Matchweek 22,Home,W,3,0,Liverpool,2.0,1.8,41.0,12.0,5.0,Wolverhampton Wanderers,2023,26
3707,2023-02-11,15:00,Matchweek 23,Away,W,2,1,Southampton,0.8,1.1,59.0,11.0,1.0,Wolverhampton Wanderers,2023,26
3708,2023-02-18,15:00,Matchweek 24,Home,L,0,1,Bournemouth,1.3,1.1,68.0,15.0,4.0,Wolverhampton Wanderers,2023,26
3709,2023-02-24,20:00,Matchweek 25,Away,D,1,1,Fulham,0.8,0.5,49.0,8.0,2.0,Wolverhampton Wanderers,2023,26
3710,2023-03-01,20:00,Matchweek 7,Away,L,0,2,Liverpool,0.8,2.6,43.0,4.0,1.0,Wolverhampton Wanderers,2023,26
3711,2023-03-04,15:00,Matchweek 26,Home,W,1,0,Tottenham Hotspur,0.5,1.2,46.0,8.0,5.0,Wolverhampton Wanderers,2023,26
3712,2023-03-12,16:30,Matchweek 27,Away,L,1,2,Newcastle United,1.1,1.8,57.0,7.0,4.0,Wolverhampton Wanderers,2023,26
3713,2023-03-18,15:00,Matchweek 28,Home,L,2,4,Leeds United,2.7,1.6,65.0,23.0,8.0,Wolverhampton Wanderers,2023,26
3714,2023-04-01,15:00,Matchweek 29,Away,D,1,1,Nottingham Forest,0.5,1.3,71.0,8.0,1.0,Wolverhampton Wanderers,2023,26
3715,2023-04-08,15:00,Matchweek 30,Home,W,1,0,Chelsea,0.6,1.1,38.0,9.0,4.0,Wolverhampton Wanderers,2023,26
3716,2023-04-15,15:00,Matchweek 31,Home,W,2,0,Brentford,0.8,1.1,50.0,11.0,9.0,Wolverhampton Wanderers,2023,26
3717,2023-04-22,15:00,Matchweek 32,Away,L,1,2,Leicester City,0.9,2.4,58.0,16.0,3.0,Wolverhampton Wanderers,2023,26
3718,2023-04-25,19:30,Matchweek 33,Home,W,2,0,Crystal Palace,1.4,0.8,41.0,8.0,2.0,Wolverhampton Wanderers,2023,26
3719,2023-04-29,15:00,Matchweek 34,Away,L,0,6,Brighton,0.8,3.3,43.0,10.0,2.0,Wolverhampton Wanderers,2023,26
3720,2023-05-06,15:00,Matchweek 35,Home,W,1,0,Aston Villa,0.8,1.5,38.0,6.0,2.0,Wolverhampton Wanderers,2023,26
3721,2023-05-13,15:00,Matchweek 36,Away,L,0,2,Manchester United,0.3,3.2,52.0,5.0,0.0,Wolverhampton Wanderers,2023,26
3722,2023-05-20,15:00,Matchweek 37,Home,D,1,1,Everton,1.6,2.0,52.0,13.0,5.0,Wolverhampton Wanderers,2023,26
3723,2023-05-28,16:30,Matchweek 38,Away,L,0,5,Arsenal,0.5,2.8,49.0,6.0,0.0,Wolverhampton Wanderers,2023,26
3724,2023-08-14,20:00,Matchweek 1,Away,L,0,1,Manchester United,2.2,2.2,49.0,23.0,6.0,Wolverhampton Wanderers,2024,26
3725,2023-08-19,15:00,Matchweek 2,Home,L,1,4,Brighton,2.1,2.2,47.0,16.0,5.0,Wolverhampton Wanderers,2024,26
3726,2023-08-26,15:00,Matchweek 3,Away,W,1,0,Everton,1.1,1.3,53.0,11.0,2.0,Wolverhampton Wanderers,2024,26
3727,2023-09-03,14:00,Matchweek 4,Away,L,2,3,Crystal Palace,1.2,2.1,57.0,12.0,4.0,Wolverhampton Wanderers,2024,26
3728,2023-09-16,12:30,Matchweek 5,Home,L,1,3,Liverpool,0.6,2.5,35.0,11.0,2.0,Wolverhampton Wanderers,2024,26
3729,2023-09-23,15:00,Matchweek 6,Away,D,1,1,Luton Town,0.6,2.1,43.0,3.0,3.0,Wolverhampton Wanderers,2024,26
3730,2023-09-30,15:00,Matchweek 7,Home,W,2,1,Manchester City,0.4,0.9,32.0,3.0,1.0,Wolverhampton Wanderers,2024,26
3731,2023-10-08,14:00,Matchweek 8,Home,D,1,1,Aston Villa,1.7,1.6,47.0,8.0,3.0,Wolverhampton Wanderers,2024,26
3732,2023-10-21,15:00,Matchweek 9,Away,W,2,1,Bournemouth,2.4,0.6,65.0,21.0,7.0,Wolverhampton Wanderers,2024,26
3733,2023-10-28,17:30,Matchweek 10,Home,D,2,2,Newcastle United,0.9,2.2,43.0,11.0,6.0,Wolverhampton Wanderers,2024,26
3734,2023-11-04,15:00,Matchweek 11,Away,L,1,2,Sheffield United,1.2,1.0,61.0,10.0,3.0,Wolverhampton Wanderers,2024,26
3735,2023-11-11,12:30,Matchweek 12,Home,W,2,1,Tottenham Hotspur,2.1,0.7,42.0,17.0,4.0,Wolverhampton Wanderers,2024,26
3736,2023-11-27,20:00,Matchweek 13,Away,L,2,3,Fulham,1.4,2.9,40.0,9.0,5.0,Wolverhampton Wanderers,2024,26
3737,2023-12-02,15:00,Matchweek 14,Away,L,1,2,Arsenal,0.7,2.8,43.0,6.0,3.0,Wolverhampton Wanderers,2024,26
3738,2023-12-05,19:30,Matchweek 15,Home,W,1,0,Burnley,0.8,0.9,51.0,7.0,4.0,Wolverhampton Wanderers,2024,26
3739,2023-12-09,15:00,Matchweek 16,Home,D,1,1,Nottingham Forest,1.2,1.3,68.0,10.0,4.0,Wolverhampton Wanderers,2024,26
3740,2023-12-17,14:00,Matchweek 17,Away,L,0,3,West Ham,0.7,1.1,55.0,14.0,3.0,Wolverhampton Wanderers,2024,26
3741,2023-12-24,13:00,Matchweek 18,Home,W,2,1,Chelsea,1.3,2.0,32.0,14.0,6.0,Wolverhampton Wanderers,2024,26
3742,2023-12-27,19:30,Matchweek 19,Away,W,4,1,Brentford,2.4,2.2,40.0,11.0,5.0,Wolverhampton Wanderers,2024,26
3743,2023-12-30,15:00,Matchweek 20,Home,W,3,0,Everton,1.9,0.4,53.0,12.0,6.0,Wolverhampton Wanderers,2024,26
3744,2024-01-22,19:45,Matchweek 21,Away,D,0,0,Brighton,1.1,1.0,28.0,8.0,3.0,Wolverhampton Wanderers,2024,26
3745,2024-02-01,20:15,Matchweek 22,Home,L,3,4,Manchester United,2.1,3.3,53.0,15.0,5.0,Wolverhampton Wanderers,2024,26
3746,2024-02-04,14:00,Matchweek 23,Away,W,4,2,Chelsea,2.0,1.7,36.0,13.0,6.0,Wolverhampton Wanderers,2024,26
3747,2024-02-10,15:00,Matchweek 24,Home,L,0,2,Brentford,1.0,1.9,71.0,17.0,5.0,Wolverhampton Wanderers,2024,26
3748,2024-02-17,15:00,Matchweek 25,Away,W,2,1,Tottenham Hotspur,1.8,1.6,29.0,12.0,7.0,Wolverhampton Wanderers,2024,26
3749,2024-02-25,13:30,Matchweek 26,Home,W,1,0,Sheffield United,1.3,0.6,63.0,13.0,2.0,Wolverhampton Wanderers,2024,26
3750,2024-03-02,15:00,Matchweek 27,Away,L,0,3,Newcastle United,0.8,2.1,56.0,12.0,3.0,Wolverhampton Wanderers,2024,26
3751,2024-03-09,15:00,Matchweek 28,Home,W,2,1,Fulham,0.8,2.6,48.0,8.0,3.0,Wolverhampton Wanderers,2024,26
3752,2024-03-30,17:30,Matchweek 30,Away,L,0,2,Aston Villa,1.5,1.0,52.0,13.0,3.0,Wolverhampton Wanderers,2024,26
3753,2024-04-02,19:45,Matchweek 31,Away,D,1,1,Burnley,0.9,1.3,49.0,8.0,2.0,Wolverhampton Wanderers,2024,26
3754,2024-04-06,15:00,Matchweek 32,Home,L,1,2,West Ham,1.5,1.2,58.0,13.0,6.0,Wolverhampton Wanderers,2024,26
3755,2024-04-13,15:00,Matchweek 33,Away,D,2,2,Nottingham Forest,1.0,1.9,54.0,11.0,3.0,Wolverhampton Wanderers,2024,26
3756,2024-04-20,19:30,Matchweek 34,Home,L,0,2,Arsenal,0.2,1.2,46.0,5.0,3.0,Wolverhampton Wanderers,2024,26
3757,2024-04-24,19:45,Matchweek 29,Home,L,0,1,Bournemouth,0.5,1.9,63.0,15.0,4.0,Wolverhampton Wanderers,2024,26
3758,2024-04-27,15:00,Matchweek 35,Home,W,2,1,Luton Town,1.2,0.6,58.0,13.0,5.0,Wolverhampton Wanderers,2024,26
3759,2024-05-04,17:30,Matchweek 36,Away,L,1,5,Manchester City,0.3,3.7,42.0,2.0,1.0,Wolverhampton Wanderers,2024,26
3760,2024-05-11,15:00,Matchweek 37,Home,L,1,3,Crystal Palace,1.6,2.6,62.0,14.0,8.0,Wolverhampton Wanderers,2024,26
3761,2024-05-19,16:00,Matchweek 38,Away,L,0,2,Liverpool,0.5,4.5,33.0,4.0,2.0,Wolverhampton Wanderers,2024,26
3762,2024-08-17,15:00,Matchweek 1,Away,L,0,2,Arsenal,0.5,1.2,47.0,9.0,3.0,Wolverhampton Wanderers,2025,26
3763,2024-08-25,14:00,Matchweek 2,Home,L,2,6,Chelsea,1.9,1.6,40.0,12.0,4.0,Wolverhampton Wanderers,2025,26
3764,2024-08-31,15:00,Matchweek 3,Away,D,1,1,Nottingham Forest,0.7,1.0,48.0,11.0,2.0,Wolverhampton Wanderers,2025,26
3765,2024-09-15,16:30,Matchweek 4,Home,L,1,2,Newcastle United,1.2,1.5,49.0,12.0,5.0,Wolverhampton Wanderers,2025,26
3766,2024-09-21,15:00,Matchweek 5,Away,L,1,3,Aston Villa,0.5,1.7,47.0,10.0,4.0,Wolverhampton Wanderers,2025,26
3767,2024-09-28,17:30,Matchweek 6,Home,L,1,2,Liverpool,0.6,2.5,45.0,8.0,3.0,Wolverhampton Wanderers,2025,26
3768,2024-10-05,15:00,Matchweek 7,Away,L,3,5,Brentford,1.0,4.2,56.0,17.0,6.0,Wolverhampton Wanderers,2025,26
3769,2024-10-20,14:00,Matchweek 8,Home,L,1,2,Manchester City,0.8,1.6,23.0,3.0,2.0,Wolverhampton Wanderers,2025,26
3770,2024-10-26,15:00,Matchweek 9,Away,D,2,2,Brighton,1.3,1.3,49.0,14.0,7.0,Wolverhampton Wanderers,2025,26
3771,2024-11-02,17:30,Matchweek 10,Home,D,2,2,Crystal Palace,1.5,2.4,57.0,11.0,6.0,Wolverhampton Wanderers,2025,26
3772,2024-11-09,15:00,Matchweek 11,Home,W,2,0,Southampton,1.3,0.6,29.0,8.0,4.0,Wolverhampton Wanderers,2025,26
3773,2024-11-23,15:00,Matchweek 12,Away,W,4,1,Fulham,1.3,1.0,41.0,10.0,5.0,Wolverhampton Wanderers,2025,26
3774,2024-11-30,15:00,Matchweek 13,Home,L,2,4,Bournemouth,0.5,3.3,60.0,10.0,3.0,Wolverhampton Wanderers,2025,26
3775,2024-12-04,19:30,Matchweek 14,Away,L,0,4,Everton,0.8,1.0,56.0,6.0,2.0,Wolverhampton Wanderers,2025,26
3776,2024-12-09,20:00,Matchweek 15,Away,L,1,2,West Ham,1.4,1.0,46.0,19.0,5.0,Wolverhampton Wanderers,2025,26
3777,2024-12-14,15:00,Matchweek 16,Home,L,1,2,Ipswich Town,1.3,1.1,54.0,16.0,6.0,Wolverhampton Wanderers,2025,26
3778,2024-12-22,14:00,Matchweek 17,Away,W,3,0,Leicester City,1.1,0.8,46.0,8.0,4.0,Wolverhampton Wanderers,2025,26
3779,2024-12-26,17:30,Matchweek 18,Home,W,2,0,Manchester United,0.9,0.4,51.0,7.0,4.0,Wolverhampton Wanderers,2025,26
3780,2024-12-29,15:00,Matchweek 19,Away,D,2,2,Tottenham Hotspur,0.7,2.2,52.0,11.0,3.0,Wolverhampton Wanderers,2025,26
3781,2025-01-06,20:00,Matchweek 20,Home,L,0,3,Nottingham Forest,1.5,2.1,60.0,13.0,5.0,Wolverhampton Wanderers,2025,26
3782,2025-01-15,19:30,Matchweek 21,Away,L,0,3,Newcastle United,1.6,2.1,40.0,13.0,7.0,Wolverhampton Wanderers,2025,26
3783,2025-01-20,20:00,Matchweek 22,Away,L,1,3,Chelsea,0.8,3.1,37.0,9.0,4.0,Wolverhampton Wanderers,2025,26
3784,2025-01-25,15:00,Matchweek 23,Home,L,0,1,Arsenal,0.7,1.0,51.0,9.0,4.0,Wolverhampton Wanderers,2025,26
3785,2025-02-01,17:30,Matchweek 24,Home,W,2,0,Aston Villa,1.6,0.4,32.0,8.0,5.0,Wolverhampton Wanderers,2025,26
3786,2025-02-16,14:00,Matchweek 25,Away,L,1,2,Liverpool,1.5,1.7,50.0,16.0,4.0,Wolverhampton Wanderers,2025,26
3787,2025-02-22,15:00,Matchweek 26,Away,W,1,0,Bournemouth,2.0,0.9,54.0,13.0,5.0,Wolverhampton Wanderers,2025,26
3788,2025-02-25,19:30,Matchweek 27,Home,L,1,2,Fulham,1.3,1.7,60.0,18.0,5.0,Wolverhampton Wanderers,2025,26
3789,2025-03-08,20:00,Matchweek 28,Home,D,1,1,Everton,0.8,1.2,66.0,11.0,3.0,Wolverhampton Wanderers,2025,26
3790,2025-03-15,15:00,Matchweek 29,Away,W,2,1,Southampton,0.4,1.3,40.0,5.0,3.0,Wolverhampton Wanderers,2025,26
3791,2025-04-01,19:45,Matchweek 30,Home,W,1,0,West Ham,1.2,1.3,42.0,9.0,2.0,Wolverhampton Wanderers,2025,26
3792,2025-04-05,15:00,Matchweek 31,Away,W,2,1,Ipswich Town,2.6,0.8,55.0,22.0,6.0,Wolverhampton Wanderers,2025,26
3793,2025-04-13,14:00,Matchweek 32,Home,W,4,2,Tottenham Hotspur,2.4,2.0,37.0,13.0,5.0,Wolverhampton Wanderers,2025,26
3794,2025-04-20,14:00,Matchweek 33,Away,W,1,0,Manchester United,0.2,1.3,41.0,4.0,2.0,Wolverhampton Wanderers,2025,26
3795,2025-04-26,15:00,Matchweek 34,Home,W,3,0,Leicester City,2.0,1.1,56.0,20.0,5.0,Wolverhampton Wanderers,2025,26
3796,2025-05-02,20:00,Matchweek 35,Away,L,0,1,Manchester City,0.4,0.7,37.0,6.0,0.0,Wolverhampton Wanderers,2025,26
3797,2025-05-10,15:00,Matchweek 36,Home,L,0,2,Brighton,0.9,1.6,56.0,10.0,3.0,Wolverhampton Wanderers,2025,26
3798,2025-05-20,20:00,Matchweek 37,Away,L,2,4,Crystal Palace,1.4,1.7,69.0,12.0,3.0,Wolverhampton Wanderers,2025,26
3799,2025-05-25,16:00,Matchweek 38,Home,D,1,1,Brentford,1.0,1.4,49.0,18.0,6.0,Wolverhampton Wanderers,2025,26
