ID,Season,Round,Home,Away,HomeWin,AwayWin,Draw,HomeGoal,AwayGoal,HomeXG,AwayXG,HomePoss,AwayPoss,HomeCaptain,HomeFormation,HomeSH,HomeSOT,HomeDist,HomeFK,HomePK,HomePKAtt,AwayCaptain,AwayFormation,AwaySH,AwaySOT,AwayDist,AwayFK,AwayPK,AwayPKAtt,Referee,Date,Day,Time
1,2021,1,Fulham,Arsenal,0,1,0,0,3,0.1,1.9,46,54,Tom Cairney,4-2-3-1,5,2,25.1,0,0,0,Pierre-Emerick Aubameyang,3-4-3,13,5,14.1,2,0,0,Chris Kavanagh,2020-09-12,Sat,12:30
2,2021,1,Crystal Palace,Southampton,1,0,0,1,0,1.1,0.9,31,69,Scott Dann,4-4-2,5,3,10.6,0,0,0,James Ward-Prowse,4-4-2,9,5,15.3,2,0,0,Jonathan Moss,2020-09-12,Sat,15:00
3,2021,1,Liverpool,Leeds United,1,0,0,4,3,2.7,0.3,49,51,Jordan Henderson,4-3-3,20,4,18.4,0,2,2,Luke Ayling,4-1-4-1,6,3,19.9,1,0,0,Michael Oliver,2020-09-12,Sat,17:30
4,2021,1,West Ham United,Newcastle United,0,1,0,0,2,1.0,1.6,58,42,Mark Noble,4-2-3-1,15,3,16.5,0,0,0,Jamaal Lascelles,4-4-2,15,2,17.6,1,0,0,Stuart Attwell,2020-09-12,Sat,20:00
5,2021,1,West Bromwich Albion,Leicester City,0,1,0,0,3,0.4,2.8,36,64,Jake Livermore,5-4-1,7,1,18.4,1,0,0,Kasper Schmeichel,4-1-4-1,11,5,19.3,1,2,2,Anthony Taylor,2020-09-13,Sun,14:00
6,2021,1,Tottenham Hotspur,Everton,0,1,0,0,1,1.1,1.2,52,48,Hugo Lloris,4-2-3-1,9,5,12.6,0,0,0,Séamus Coleman,4-3-3,15,4,17.8,0,0,0,Martin Atkinson,2020-09-13,Sun,16:30
7,2021,1,Sheffield United,Wolverhampton Wanderers,0,1,0,0,2,1.0,1.4,55,45,Billy Sharp,3-5-2,9,1,12.9,0,0,0,Conor Coady,3-4-3,11,4,17.2,0,0,0,Mike Dean,2020-09-14,Mon,18:00
8,2021,1,Brighton And Hove Albion,Chelsea,0,1,0,1,3,1.1,1.2,52,48,Lewis Dunk,3-5-2,13,3,17.6,0,0,0,Jorginho,4-2-2-2,9,4,21.3,0,1,1,Craig Pawson,2020-09-14,Mon,20:15
9,2021,2,Everton,West Bromwich Albion,1,0,0,5,2,3.9,0.3,71,29,Séamus Coleman,4-3-3,17,7,12.0,1,0,0,Jake Livermore,5-4-1,6,4,22.2,1,0,0,Mike Dean,2020-09-19,Sat,12:30
10,2021,2,Leeds United,Fulham,1,0,0,4,3,1.4,1.7,51,49,Liam Cooper,4-1-4-1,9,6,16.9,1,1,1,Aleksandar Mitrović,4-2-3-1,13,5,21.5,1,1,1,Anthony Taylor,2020-09-19,Sat,15:00
11,2021,2,Manchester United,Crystal Palace,0,1,0,1,3,1.2,1.6,75,25,Harry Maguire,4-2-3-1,17,4,20.2,1,0,0,Wilfried Zaha,4-4-2,13,4,18.6,0,1,1,Martin Atkinson,2020-09-19,Sat,17:30
12,2021,2,Arsenal,West Ham United,1,0,0,2,1,1.1,2.0,62,38,Pierre-Emerick Aubameyang,3-4-3,7,3,14.8,0,0,0,Declan Rice,5-4-1,14,2,18.1,1,0,0,Michael Oliver,2020-09-19,Sat,20:00
13,2021,2,Southampton,Tottenham Hotspur,0,1,0,2,5,2.0,2.1,51,49,James Ward-Prowse,4-4-2,13,6,20.0,1,1,1,Hugo Lloris,4-3-3,9,6,17.4,0,0,0,David Coote,2020-09-20,Sun,12:00
14,2021,2,Newcastle United,Brighton And Hove Albion,0,1,0,0,3,0.5,1.8,47,53,Jamaal Lascelles,4-4-2,6,0,21.3,0,0,0,Lewis Dunk,3-4-3,12,5,22.5,0,1,1,Kevin Friend,2020-09-20,Sun,14:00
15,2021,2,Chelsea,Liverpool,0,1,0,0,2,0.9,2.1,39,61,Jorginho,4-3-3,4,2,22.7,0,0,1,Jordan Henderson,4-3-3,18,5,18.2,1,0,0,Paul Tierney,2020-09-20,Sun,16:30
16,2021,2,Leicester City,Burnley,1,0,0,4,2,1.2,1.4,67,33,Kasper Schmeichel,4-1-4-1,14,6,14.5,0,0,0,Ashley Westwood,4-4-2,16,5,16.4,1,0,0,Lee Mason,2020-09-20,Sun,19:00
17,2021,2,Aston Villa,Sheffield United,1,0,0,1,0,1.0,0.9,71,29,Jack Grealish,4-3-3,18,2,17.4,0,0,0,John Egan,3-5-2,3,0,20.2,0,0,1,Graham Scott,2020-09-21,Mon,18:00
18,2021,2,Wolverhampton Wanderers,Manchester City,0,1,0,1,3,0.6,1.9,35,65,Conor Coady,5-3-2,10,1,17.4,0,0,0,Fernandinho,4-2-3-1,13,8,21.1,2,1,1,Andre Marriner,2020-09-21,Mon,20:15
19,2021,3,Brighton And Hove Albion,Manchester United,0,1,0,2,3,2.5,1.5,53,47,Lewis Dunk,3-4-3,17,4,16.5,0,1,1,Harry Maguire,4-2-3-1,6,2,18.2,0,1,1,Chris Kavanagh,2020-09-26,Sat,12:30
20,2021,3,Crystal Palace,Everton,0,1,0,1,2,0.4,1.9,42,58,Wilfried Zaha,4-4-2,8,1,18.3,0,0,0,Séamus Coleman,4-3-3,9,4,17.2,1,1,1,Kevin Friend,2020-09-26,Sat,15:00
21,2021,3,West Bromwich Albion,Chelsea,0,0,1,3,3,0.6,2.0,25,75,Jake Livermore,5-4-1,9,3,20.7,0,0,0,Thiago Silva,4-2-3-1,22,10,19.4,1,0,0,Jonathan Moss,2020-09-26,Sat,17:30
22,2021,3,Burnley,Southampton,0,1,0,0,1,0.5,0.6,53,47,Ashley Westwood,4-4-2,10,2,18.3,1,0,0,James Ward-Prowse,4-4-2,5,1,15.9,0,0,0,Andre Marriner,2020-09-26,Sat,20:00
23,2021,3,Sheffield United,Leeds United,0,1,0,0,1,1.4,1.2,36,64,David McGoldrick,3-5-2,14,4,16.7,0,0,0,Liam Cooper,3-1-4-2,17,8,19.0,0,0,0,Paul Tierney,2020-09-27,Sun,12:00
24,2021,3,Tottenham Hotspur,Newcastle United,0,0,1,1,1,2.9,1.0,66,34,Hugo Lloris,4-2-3-1,23,12,14.7,2,0,0,Jamaal Lascelles,5-4-1,5,0,19.1,0,1,1,Peter Bankes,2020-09-27,Sun,14:00
25,2021,3,Manchester City,Leicester City,0,1,0,2,5,0.9,2.9,72,28,Fernandinho,4-2-3-1,16,5,19.8,1,0,0,Kasper Schmeichel,5-4-1,4,4,30.1,0,3,3,Michael Oliver,2020-09-27,Sun,16:30
26,2021,3,West Ham United,Wolverhampton Wanderers,1,0,0,4,0,2.4,0.5,37,63,Declan Rice,5-4-1,15,7,12.6,0,0,0,Conor Coady,3-4-3,11,2,21.1,0,0,0,Martin Atkinson,2020-09-27,Sun,19:00
27,2021,3,Fulham,Aston Villa,0,1,0,0,3,0.7,1.4,64,36,Tom Cairney,3-4-3,16,2,16.6,0,0,0,Jack Grealish,4-3-3,12,5,14.5,0,0,0,Stuart Attwell,2020-09-28,Mon,17:45
28,2021,3,Liverpool,Arsenal,1,0,0,3,1,2.7,1.3,66,34,Virgil van Dijk,4-3-3,21,8,17.9,0,0,0,Pierre-Emerick Aubameyang,3-4-3,4,3,15.0,0,0,0,Craig Pawson,2020-09-28,Mon,20:00
29,2021,4,Chelsea,Crystal Palace,1,0,0,4,0,2.7,0.2,70,30,César Azpilicueta,4-2-3-1,15,4,17.2,0,2,2,Wilfried Zaha,4-4-2,4,0,22.5,0,0,0,Michael Oliver,2020-10-03,Sat,12:30
30,2021,4,Everton,Brighton And Hove Albion,1,0,0,4,2,1.6,1.3,43,57,Séamus Coleman,4-3-3,11,6,16.3,0,0,0,Lewis Dunk,3-4-3,11,3,18.7,1,0,0,Simon Hooper,2020-10-03,Sat,15:00
31,2021,4,Leeds United,Manchester City,0,0,1,1,1,2.4,1.2,51,49,Liam Cooper,4-1-4-1,12,7,11.5,0,0,0,Kevin De Bruyne,4-3-3,23,1,18.2,1,0,0,Mike Dean,2020-10-03,Sat,17:30
32,2021,4,Newcastle United,Burnley,1,0,0,3,1,1.8,0.4,48,52,Jonjo Shelvey,4-4-2,9,4,19.8,0,1,1,Ashley Westwood,4-4-2,7,3,13.4,0,0,0,David Coote,2020-10-03,Sat,20:00
33,2021,4,Leicester City,West Ham United,0,1,0,0,3,0.6,2.0,69,31,Kasper Schmeichel,3-4-3,4,0,18.2,0,0,0,Declan Rice,5-4-1,14,6,13.2,0,0,0,Andy Madley,2020-10-04,Sun,12:00
34,2021,4,Southampton,West Bromwich Albion,1,0,0,2,0,1.2,0.2,62,38,James Ward-Prowse,4-4-2,13,7,17.9,0,0,0,Jake Livermore,4-2-3-1,5,2,20.6,0,0,0,Chris Kavanagh,2020-10-04,Sun,12:00
35,2021,4,Wolverhampton Wanderers,Fulham,1,0,0,1,0,1.2,0.9,48,52,Conor Coady,3-5-2,14,5,19.5,1,0,0,Tom Cairney,4-2-3-1,10,2,18.3,1,0,0,Darren England,2020-10-04,Sun,14:00
36,2021,4,Arsenal,Sheffield United,1,0,0,2,1,0.6,0.2,64,36,Pierre-Emerick Aubameyang,4-3-3,6,5,16.3,0,0,0,John Egan,3-5-2,6,2,24.7,0,0,0,Lee Mason,2020-10-04,Sun,14:00
37,2021,4,Manchester United,Tottenham Hotspur,0,1,0,1,6,0.9,3.4,39,61,Harry Maguire,4-2-3-1,4,1,25.4,0,1,1,Hugo Lloris,4-3-3,21,7,16.4,1,1,1,Anthony Taylor,2020-10-04,Sun,16:30
38,2021,4,Aston Villa,Liverpool,1,0,0,7,2,2.7,1.8,31,69,Jack Grealish,4-2-3-1,18,11,16.7,0,0,0,Virgil van Dijk,4-3-3,14,8,16.3,1,0,0,Martin Atkinson,2020-10-04,Sun,19:15
39,2021,5,Everton,Liverpool,0,0,1,2,2,1.2,2.6,42,58,Séamus Coleman,4-3-3,11,5,17.4,0,0,0,Jordan Henderson,4-3-3,22,8,16.0,2,0,0,Michael Oliver,2020-10-17,Sat,12:30
40,2021,5,Chelsea,Southampton,0,0,1,3,3,1.8,1.9,53,47,César Azpilicueta,4-2-3-1,11,5,11.3,0,0,0,James Ward-Prowse,4-4-2,13,6,17.1,0,0,0,Peter Bankes,2020-10-17,Sat,15:00
41,2021,5,Manchester City,Arsenal,1,0,0,1,0,1.3,0.9,58,42,Raheem Sterling,3-1-4-2,13,5,17.7,0,0,0,Pierre-Emerick Aubameyang,4-3-3,11,3,18.4,2,0,0,Chris Kavanagh,2020-10-17,Sat,17:30
42,2021,5,Newcastle United,Manchester United,0,1,0,1,4,0.9,2.3,37,63,Jamaal Lascelles,4-1-4-1,7,4,20.6,0,0,0,Harry Maguire,4-2-3-1,27,11,20.5,0,0,1,Craig Pawson,2020-10-17,Sat,20:00
43,2021,5,Sheffield United,Fulham,0,0,1,1,1,1.7,1.5,42,58,John Egan,3-5-2,9,5,20.1,0,1,1,Tom Cairney,3-4-3,14,6,18.8,1,0,1,Andre Marriner,2020-10-18,Sun,12:00
44,2021,5,Crystal Palace,Brighton And Hove Albion,0,0,1,1,1,0.8,1.7,34,66,Gary Cahill,4-4-2,0,0,0.0,0,1,1,Lewis Dunk,3-4-3,20,3,16.0,0,0,0,Stuart Attwell,2020-10-18,Sun,14:00
45,2021,5,Tottenham Hotspur,West Ham United,0,0,1,3,3,1.7,1.9,50,50,Hugo Lloris,4-2-3-1,11,6,19.8,1,0,0,Declan Rice,5-4-1,13,4,15.2,1,0,0,Paul Tierney,2020-10-18,Sun,16:30
46,2021,5,Leicester City,Aston Villa,0,1,0,0,1,0.6,0.7,50,50,Kasper Schmeichel,4-1-4-1,11,5,19.2,2,0,0,Jack Grealish,4-2-3-1,10,4,19.4,1,0,0,Jonathan Moss,2020-10-18,Sun,19:15
47,2021,5,West Bromwich Albion,Burnley,0,0,1,0,0,0.8,1.1,57,43,Jake Livermore,4-1-4-1,13,6,17.3,0,0,0,Ashley Westwood,4-4-2,9,4,16.1,1,0,0,Anthony Taylor,2020-10-19,Mon,17:30
48,2021,5,Leeds United,Wolverhampton Wanderers,0,1,0,0,1,1.0,0.4,66,34,Luke Ayling,4-1-4-1,13,2,12.8,0,0,0,Conor Coady,3-5-2,7,3,18.3,0,0,0,David Coote,2020-10-19,Mon,20:00
49,2021,6,Aston Villa,Leeds United,0,1,0,0,3,1.4,2.7,41,59,Jack Grealish,4-2-3-1,12,3,18.5,0,0,0,Luke Ayling,4-4-1-1,27,9,16.9,1,0,0,Paul Tierney,2020-10-23,Fri,20:00
50,2021,6,West Ham United,Manchester City,0,0,1,1,1,0.3,1.0,31,69,Declan Rice,5-4-1,6,2,22.3,0,0,0,Raheem Sterling,4-3-3,14,7,20.9,1,0,0,Anthony Taylor,2020-10-24,Sat,12:30
51,2021,6,Fulham,Crystal Palace,0,1,0,1,2,1.1,2.5,64,36,Tom Cairney,4-3-2-1,16,3,18.5,0,0,0,Luka Milivojević,4-4-2,14,10,11.9,1,0,0,Graham Scott,2020-10-24,Sat,15:00
52,2021,6,Manchester United,Chelsea,0,0,1,0,0,0.6,0.2,51,49,Harry Maguire,4-2-3-1,14,4,17.9,0,0,0,César Azpilicueta,3-4-3,6,1,20.3,0,0,0,Martin Atkinson,2020-10-24,Sat,17:30
53,2021,6,Liverpool,Sheffield United,1,0,0,2,1,2.3,1.6,62,38,Jordan Henderson,4-2-3-1,17,5,18.8,1,0,0,John Egan,3-5-2,12,1,18.5,0,1,1,Mike Dean,2020-10-24,Sat,20:00
54,2021,6,Southampton,Everton,1,0,0,2,0,0.7,0.4,54,46,James Ward-Prowse,4-4-2,13,6,17.4,0,0,0,Gylfi Sigurðsson,4-3-3,6,2,20.3,1,0,0,Kevin Friend,2020-10-25,Sun,14:00
55,2021,6,Wolverhampton Wanderers,Newcastle United,0,0,1,1,1,0.7,0.3,63,37,Conor Coady,3-4-3,16,3,23.2,0,0,0,Jamaal Lascelles,5-3-2,5,2,21.2,1,0,0,Lee Mason,2020-10-25,Sun,16:30
56,2021,6,Arsenal,Leicester City,0,1,0,0,1,0.7,0.7,56,44,Pierre-Emerick Aubameyang,3-4-3,12,4,15.0,1,0,0,Kasper Schmeichel,3-4-3,6,2,29.5,1,0,0,Craig Pawson,2020-10-25,Sun,19:15
57,2021,6,Brighton And Hove Albion,West Bromwich Albion,0,0,1,1,1,0.5,0.4,50,50,Adam Webster,3-4-3,5,3,18.4,0,0,0,Jake Livermore,4-1-4-1,9,3,21.9,0,0,0,Jonathan Moss,2020-10-26,Mon,17:30
58,2021,6,Burnley,Tottenham Hotspur,0,1,0,0,1,1.0,0.6,39,61,Ashley Westwood,4-4-2,13,3,21.1,1,0,0,Hugo Lloris,4-2-3-1,9,3,14.5,0,0,0,Michael Oliver,2020-10-26,Mon,20:00
59,2021,7,Wolverhampton Wanderers,Crystal Palace,1,0,0,2,0,1.3,0.7,45,55,Conor Coady,3-4-3,15,5,18.8,0,0,0,Luka Milivojević,4-3-3,11,2,19.3,2,0,0,Martin Atkinson,2020-10-30,Fri,20:00
60,2021,7,Sheffield United,Manchester City,0,1,0,0,1,0.5,1.6,35,65,John Egan,5-3-2,3,1,18.3,0,0,0,Kevin De Bruyne,4-3-3,16,8,18.5,2,0,0,Michael Oliver,2020-10-31,Sat,12:30
61,2021,7,Burnley,Chelsea,0,1,0,0,3,0.5,0.9,37,63,Ashley Westwood,4-4-2,5,0,24.4,0,0,0,Thiago Silva,4-3-3,14,9,18.9,1,0,0,David Coote,2020-10-31,Sat,15:00
62,2021,7,Liverpool,West Ham United,1,0,0,2,1,1.7,0.3,72,28,Jordan Henderson,4-3-3,8,4,20.0,1,1,1,Declan Rice,5-4-1,4,3,14.2,0,0,0,Kevin Friend,2020-10-31,Sat,17:30
63,2021,7,Aston Villa,Southampton,0,1,0,3,4,1.9,0.7,56,44,Jack Grealish,4-2-3-1,18,9,15.9,1,1,1,James Ward-Prowse,4-4-2,9,4,18.4,2,0,0,Darren England,2020-11-01,Sun,12:00
64,2021,7,Newcastle United,Everton,1,0,0,2,1,2.9,1.5,39,61,Jamaal Lascelles,5-3-2,10,3,17.8,0,1,1,Gylfi Sigurðsson,4-3-2-1,15,4,19.1,0,0,0,Stuart Attwell,2020-11-01,Sun,14:00
65,2021,7,Manchester United,Arsenal,0,1,0,0,1,0.4,1.0,54,46,Harry Maguire,4-1-2-1-2◆,8,2,19.9,0,0,0,Pierre-Emerick Aubameyang,3-4-3,6,1,24.6,0,1,1,Mike Dean,2020-11-01,Sun,16:30
66,2021,7,Tottenham Hotspur,Brighton And Hove Albion,1,0,0,2,1,1.7,0.3,44,56,Hugo Lloris,4-2-3-1,8,2,18.7,1,1,1,Adam Webster,3-5-1-1,6,2,16.1,0,0,0,Graham Scott,2020-11-01,Sun,19:15
67,2021,7,Fulham,West Bromwich Albion,1,0,0,2,0,1.5,0.5,47,53,Tom Cairney,4-2-3-1,13,4,18.8,0,0,0,Jake Livermore,4-1-4-1,10,1,21.4,1,0,0,Simon Hooper,2020-11-02,Mon,17:30
68,2021,7,Leeds United,Leicester City,0,1,0,1,4,2.1,2.9,67,33,Liam Cooper,4-1-4-1,11,4,18.0,0,0,0,Kasper Schmeichel,3-4-3,9,7,14.9,0,1,1,Andre Marriner,2020-11-02,Mon,20:00
69,2021,8,Brighton And Hove Albion,Burnley,0,0,1,0,0,1.5,0.5,59,41,Adam Webster,5-3-2,19,3,17.1,1,0,0,Ben Mee,4-4-2,4,1,11.7,0,0,0,Mike Dean,2020-11-06,Fri,17:30
70,2021,8,Southampton,Newcastle United,1,0,0,2,0,0.7,0.3,61,39,James Ward-Prowse,4-4-2,15,7,18.9,0,0,0,Jamaal Lascelles,5-3-2,4,2,15.2,1,0,0,Peter Bankes,2020-11-06,Fri,20:00
71,2021,8,Everton,Manchester United,0,1,0,1,3,0.4,1.5,55,45,Séamus Coleman,4-3-3,7,1,16.2,0,0,0,Harry Maguire,4-2-3-1,13,5,21.1,2,0,0,Paul Tierney,2020-11-07,Sat,12:30
72,2021,8,Crystal Palace,Leeds United,1,0,0,4,1,0.9,0.8,36,64,Scott Dann,4-4-2,10,6,17.2,1,0,0,Liam Cooper,3-3-3-1,9,3,18.9,1,0,0,Chris Kavanagh,2020-11-07,Sat,15:00
73,2021,8,Chelsea,Sheffield United,1,0,0,4,1,2.2,0.4,69,31,Thiago Silva,4-3-3,20,9,17.0,1,0,0,John Egan,3-5-2,6,3,18.0,0,0,0,Jonathan Moss,2020-11-07,Sat,17:30
74,2021,8,West Ham United,Fulham,1,0,0,1,0,1.3,1.7,53,47,Declan Rice,3-4-3,16,7,15.8,1,0,0,Tom Cairney,4-2-3-1,12,2,21.1,2,0,1,Robert Jones,2020-11-07,Sat,20:00
75,2021,8,West Bromwich Albion,Tottenham Hotspur,0,1,0,0,1,0.8,1.9,42,58,Jake Livermore,5-3-2,12,2,18.1,0,0,0,Harry Kane,4-2-3-1,19,5,17.5,1,0,0,Andy Madley,2020-11-08,Sun,12:00
76,2021,8,Leicester City,Wolverhampton Wanderers,1,0,0,1,0,2.0,0.8,49,51,Kasper Schmeichel,3-4-3,8,1,22.8,0,1,2,Conor Coady,3-4-3,8,2,19.4,1,0,0,Anthony Taylor,2020-11-08,Sun,14:00
77,2021,8,Manchester City,Liverpool,0,0,1,1,1,1.4,1.2,54,46,Kevin De Bruyne,4-2-3-1,6,2,20.6,0,0,1,Jordan Henderson,4-2-3-1,9,2,22.1,1,1,1,Craig Pawson,2020-11-08,Sun,16:30
78,2021,8,Arsenal,Aston Villa,0,1,0,0,3,1.5,1.8,59,41,Pierre-Emerick Aubameyang,3-4-3,13,2,16.4,0,0,0,Jack Grealish,4-2-3-1,15,5,12.7,0,0,0,Martin Atkinson,2020-11-08,Sun,19:15
79,2021,9,Newcastle United,Chelsea,0,1,0,0,2,0.3,1.5,30,70,Jamaal Lascelles,5-4-1,8,1,23.7,0,0,0,N'Golo Kanté,4-3-3,14,3,18.5,0,0,0,Craig Pawson,2020-11-21,Sat,12:30
80,2021,9,Aston Villa,Brighton And Hove Albion,0,1,0,1,2,1.5,1.4,56,44,Jack Grealish,4-2-3-1,15,4,18.2,0,0,0,Lewis Dunk,3-4-1-2,7,3,13.3,0,0,0,Michael Oliver,2020-11-21,Sat,15:00
81,2021,9,Tottenham Hotspur,Manchester City,1,0,0,2,0,0.7,1.4,34,66,Hugo Lloris,4-2-3-1,4,2,21.3,1,0,0,Kevin De Bruyne,4-3-3,22,5,16.0,0,0,0,Mike Dean,2020-11-21,Sat,17:30
82,2021,9,Manchester United,West Bromwich Albion,1,0,0,1,0,2.4,0.6,63,37,Harry Maguire,4-2-3-1,16,6,18.4,1,1,1,Kyle Bartley,5-4-1,7,2,15.2,0,0,0,David Coote,2020-11-21,Sat,20:00
83,2021,9,Fulham,Everton,0,1,0,2,3,1.9,2.0,54,46,Tom Cairney,4-2-3-1,13,6,20.1,0,0,1,Lucas Digne,3-4-3,9,7,15.1,0,0,0,Andy Madley,2020-11-22,Sun,12:00
84,2021,9,Sheffield United,West Ham United,0,1,0,0,1,0.9,2.1,51,49,John Egan,3-5-2,9,5,17.6,0,0,0,Declan Rice,3-4-3,15,3,12.3,0,0,0,Martin Atkinson,2020-11-22,Sun,14:00
85,2021,9,Leeds United,Arsenal,0,0,1,0,0,1.8,0.9,66,34,Liam Cooper,4-1-4-1,25,4,18.0,0,0,0,Pierre-Emerick Aubameyang,4-2-3-1,9,2,19.6,2,0,0,Anthony Taylor,2020-11-22,Sun,16:30
86,2021,9,Liverpool,Leicester City,1,0,0,3,0,3.1,1.6,56,44,James Milner,4-3-3,24,11,12.7,0,0,0,Kasper Schmeichel,3-4-3,11,4,16.3,0,0,0,Chris Kavanagh,2020-11-22,Sun,19:15
87,2021,9,Burnley,Crystal Palace,1,0,0,1,0,1.5,1.5,46,54,Ben Mee,4-4-2,10,4,18.6,0,0,0,Scott Dann,4-4-2,15,5,19.5,0,0,0,Kevin Friend,2020-11-23,Mon,17:30
88,2021,9,Wolverhampton Wanderers,Southampton,0,0,1,1,1,1.5,1.0,46,54,Rúben Neves,4-3-3,20,9,16.5,1,0,0,James Ward-Prowse,4-4-2,7,2,15.9,0,0,0,Andre Marriner,2020-11-23,Mon,20:00
89,2021,10,Crystal Palace,Newcastle United,0,1,0,0,2,0.6,1.3,57,43,Scott Dann,4-4-2,12,3,17.0,1,0,0,Jonjo Shelvey,4-4-2,14,7,19.5,2,0,0,Graham Scott,2020-11-27,Fri,20:00
90,2021,10,Brighton And Hove Albion,Liverpool,0,0,1,1,1,2.3,0.2,40,60,Lewis Dunk,3-4-1-2,9,2,20.9,1,1,2,James Milner,4-3-3,6,2,21.1,0,0,0,Stuart Attwell,2020-11-28,Sat,12:30
91,2021,10,Manchester City,Burnley,1,0,0,5,0,1.7,0.5,68,32,Kevin De Bruyne,4-2-3-1,19,6,16.4,0,0,0,Ben Mee,4-4-1-1,9,1,19.9,1,0,0,Lee Mason,2020-11-28,Sat,15:00
92,2021,10,Everton,Leeds United,0,1,0,0,1,1.2,2.9,41,59,Mason Holgate,3-4-3,15,8,17.7,0,0,0,Liam Cooper,4-4-1-1,23,6,16.5,0,0,0,Chris Kavanagh,2020-11-28,Sat,17:30
93,2021,10,West Bromwich Albion,Sheffield United,1,0,0,1,0,1.2,2.9,49,51,Kyle Bartley,3-4-1-2,17,6,17.1,1,0,0,John Egan,3-5-2,21,5,15.0,0,0,0,Mike Dean,2020-11-28,Sat,20:00
94,2021,10,Southampton,Manchester United,0,1,0,2,3,0.5,2.1,50,50,James Ward-Prowse,4-4-2,10,5,19.4,1,0,0,Harry Maguire,4-3-1-2,15,6,16.2,0,0,0,Jonathan Moss,2020-11-29,Sun,14:00
95,2021,10,Chelsea,Tottenham Hotspur,0,0,1,0,0,0.8,0.2,60,40,Thiago Silva,4-3-3,13,3,17.3,0,0,0,Hugo Lloris,4-2-3-1,5,1,23.8,1,0,0,Paul Tierney,2020-11-29,Sun,16:30
96,2021,10,Arsenal,Wolverhampton Wanderers,0,1,0,1,2,1.5,1.8,56,44,Pierre-Emerick Aubameyang,4-2-3-1,13,2,15.6,2,0,0,Conor Coady,4-2-3-1,11,5,12.1,0,0,0,Michael Oliver,2020-11-29,Sun,19:15
97,2021,10,Leicester City,Fulham,0,1,0,1,2,1.2,2.2,68,32,Kasper Schmeichel,3-4-3,16,3,18.1,1,0,0,Joachim Andersen,5-4-1,9,4,21.5,1,1,1,Simon Hooper,2020-11-30,Mon,17:30
98,2021,10,West Ham United,Aston Villa,1,0,0,2,1,0.4,2.5,34,66,Declan Rice,3-4-3,6,2,15.8,0,0,0,Jack Grealish,4-3-3,15,6,18.5,2,0,1,Peter Bankes,2020-11-30,Mon,20:00
99,2021,11,Burnley,Everton,0,0,1,1,1,0.8,2.2,42,58,Ben Mee,4-4-2,8,3,18.6,0,0,0,Michael Keane,3-4-3,13,6,17.8,0,0,0,Anthony Taylor,2020-12-05,Sat,12:30
100,2021,11,Manchester City,Fulham,1,0,0,2,0,2.9,0.3,69,31,Kevin De Bruyne,4-2-3-1,14,4,15.9,0,1,1,Joachim Andersen,3-4-1-2,6,1,18.8,0,0,0,Jonathan Moss,2020-12-05,Sat,15:00
101,2021,11,West Ham United,Manchester United,0,1,0,1,3,2.0,1.7,40,60,Declan Rice,3-4-3,19,6,15.7,1,0,0,Harry Maguire,4-2-3-1,15,6,19.3,0,0,0,Andre Marriner,2020-12-05,Sat,17:30
102,2021,11,Chelsea,Leeds United,1,0,0,3,1,4.1,0.8,46,54,Thiago Silva,4-3-3,23,10,11.6,0,0,0,Liam Cooper,4-4-1-1,8,3,16.8,0,0,0,Kevin Friend,2020-12-05,Sat,20:00
103,2021,11,West Bromwich Albion,Crystal Palace,0,1,0,1,5,0.7,1.6,50,50,Kyle Bartley,3-4-1-2,9,4,16.4,0,0,0,Luka Milivojević,4-4-2,18,6,16.0,0,0,0,Paul Tierney,2020-12-06,Sun,12:00
104,2021,11,Sheffield United,Leicester City,0,1,0,1,2,0.2,1.4,31,69,John Egan,5-3-2,4,1,14.9,0,0,0,Kasper Schmeichel,3-4-3,13,4,18.4,1,0,0,Stuart Attwell,2020-12-06,Sun,14:15
105,2021,11,Tottenham Hotspur,Arsenal,1,0,0,2,0,0.3,0.6,31,69,Hugo Lloris,4-2-3-1,5,3,23.3,1,0,0,Pierre-Emerick Aubameyang,4-2-3-1,11,2,16.8,1,0,0,Martin Atkinson,2020-12-06,Sun,16:30
106,2021,11,Liverpool,Wolverhampton Wanderers,1,0,0,4,0,1.2,0.4,60,40,Jordan Henderson,4-3-3,11,6,17.2,1,0,0,Conor Coady,4-3-3,9,3,18.5,1,0,0,Craig Pawson,2020-12-06,Sun,19:15
107,2021,11,Brighton And Hove Albion,Southampton,0,1,0,1,2,1.9,1.4,48,52,Lewis Dunk,3-4-1-2,11,3,15.8,0,1,1,James Ward-Prowse,4-4-2,9,2,19.2,0,1,1,David Coote,2020-12-07,Mon,20:00
108,2021,12,Leeds United,West Ham United,0,1,0,1,2,1.6,1.3,63,37,Liam Cooper,4-1-4-1,12,6,17.7,0,1,1,Declan Rice,4-2-3-1,19,8,16.8,1,0,0,Michael Oliver,2020-12-11,Fri,20:00
109,2021,12,Wolverhampton Wanderers,Aston Villa,0,1,0,0,1,1.1,1.4,50,50,Conor Coady,4-2-3-1,16,7,18.5,1,0,0,Jack Grealish,4-3-3,12,1,20.1,1,1,1,Mike Dean,2020-12-12,Sat,12:30
110,2021,12,Newcastle United,West Bromwich Albion,1,0,0,2,1,0.8,0.6,46,54,Jonjo Shelvey,4-4-2,12,6,16.7,0,0,0,Branislav Ivanović,3-5-2,13,3,23.1,1,0,0,Darren England,2020-12-12,Sat,15:00
111,2021,12,Manchester United,Manchester City,0,0,1,0,0,0.6,1.3,46,54,Harry Maguire,4-2-3-1,11,2,17.2,1,0,0,Fernandinho,4-2-3-1,9,2,18.3,1,0,0,Chris Kavanagh,2020-12-12,Sat,17:30
112,2021,12,Everton,Chelsea,1,0,0,1,0,1.2,0.7,29,71,Gylfi Sigurðsson,4-3-3,8,3,17.1,1,1,1,Thiago Silva,4-3-3,10,3,20.3,2,0,0,Jonathan Moss,2020-12-12,Sat,20:00
113,2021,12,Southampton,Sheffield United,1,0,0,3,0,2.0,0.3,67,33,James Ward-Prowse,4-4-2,16,6,17.0,1,0,0,Billy Sharp,5-3-2,3,0,11.2,0,0,0,Andy Madley,2020-12-13,Sun,12:00
114,2021,12,Crystal Palace,Tottenham Hotspur,0,0,1,1,1,1.6,0.9,44,56,Luka Milivojević,4-4-2,16,5,16.0,2,0,0,Hugo Lloris,4-2-3-1,14,6,20.4,3,0,0,Kevin Friend,2020-12-13,Sun,14:15
115,2021,12,Fulham,Liverpool,0,0,1,1,1,1.5,1.8,26,74,Joachim Andersen,3-4-3,10,5,16.9,0,0,0,Jordan Henderson,4-3-3,11,5,21.7,1,1,1,Andre Marriner,2020-12-13,Sun,16:30
116,2021,12,Arsenal,Burnley,0,1,0,0,1,1.6,1.4,65,35,Pierre-Emerick Aubameyang,4-2-3-1,18,6,17.6,0,0,0,Ben Mee,4-4-1-1,10,2,15.9,0,0,0,Graham Scott,2020-12-13,Sun,19:15
117,2021,12,Leicester City,Brighton And Hove Albion,1,0,0,3,0,1.5,0.9,54,46,Kasper Schmeichel,3-4-3,15,6,16.3,0,0,0,Lewis Dunk,4-2-3-1,12,4,20.3,0,0,0,Martin Atkinson,2020-12-13,Sun,19:15
118,2021,13,Wolverhampton Wanderers,Chelsea,1,0,0,2,1,0.5,1.0,45,55,Conor Coady,3-4-1-2,12,4,21.9,0,0,0,Thiago Silva,4-3-3,13,3,18.5,1,0,0,Stuart Attwell,2020-12-15,Tue,18:00
119,2021,13,Manchester City,West Bromwich Albion,0,0,1,1,1,2.2,0.4,77,23,Kevin De Bruyne,4-2-3-1,26,7,17.1,2,0,0,Jake Livermore,4-1-4-1,5,1,19.7,0,0,0,Peter Bankes,2020-12-15,Tue,20:00
120,2021,13,Leicester City,Everton,0,1,0,0,2,0.8,1.4,61,39,Kasper Schmeichel,4-2-3-1,14,2,20.5,0,0,0,Gylfi Sigurðsson,4-3-3,11,6,13.0,0,0,0,Lee Mason,2020-12-16,Wed,18:00
121,2021,13,Arsenal,Southampton,0,0,1,1,1,0.6,1.2,36,64,Pierre-Emerick Aubameyang,3-4-3,9,4,22.3,0,0,0,James Ward-Prowse,4-4-2,13,3,23.5,0,0,0,Paul Tierney,2020-12-16,Wed,18:00
122,2021,13,Leeds United,Newcastle United,1,0,0,5,2,2.7,1.5,68,32,Liam Cooper,4-1-4-1,25,10,16.7,0,0,0,Federico Fernández,4-4-2,10,4,13.9,1,0,0,Simon Hooper,2020-12-16,Wed,18:00
123,2021,13,Liverpool,Tottenham Hotspur,1,0,0,2,1,1.0,1.1,75,25,Jordan Henderson,4-3-3,17,11,16.4,0,0,0,Hugo Lloris,4-4-2,8,2,19.2,1,0,0,Anthony Taylor,2020-12-16,Wed,20:00
124,2021,13,West Ham United,Crystal Palace,0,0,1,1,1,0.4,1.1,52,48,Declan Rice,4-2-3-1,9,2,20.1,1,0,0,Luka Milivojević,4-4-2,8,2,13.2,0,0,0,David Coote,2020-12-16,Wed,20:00
125,2021,13,Fulham,Brighton And Hove Albion,0,0,1,0,0,1.0,0.5,46,54,Joachim Andersen,3-4-3,9,4,14.7,0,0,0,Lewis Dunk,3-4-3,9,4,23.5,1,0,0,Robert Jones,2020-12-16,Wed,20:00
126,2021,13,Aston Villa,Burnley,0,0,1,0,0,1.5,0.3,59,41,Jack Grealish,4-2-3-1,27,6,17.0,1,0,0,Ben Mee,4-4-2,6,4,19.7,1,0,0,Craig Pawson,2020-12-17,Thu,18:00
127,2021,13,Sheffield United,Manchester United,0,1,0,2,3,1.5,1.9,40,60,John Egan,5-3-2,12,6,15.8,1,0,0,Harry Maguire,4-2-3-1,15,8,18.4,1,0,0,Michael Oliver,2020-12-17,Thu,20:00
128,2021,14,Crystal Palace,Liverpool,0,1,0,0,7,0.3,2.5,36,64,Luka Milivojević,4-4-2,5,3,20.8,0,0,0,Jordan Henderson,4-3-3,14,7,14.1,1,0,0,Jonathan Moss,2020-12-19,Sat,12:30
129,2021,14,Southampton,Manchester City,0,1,0,0,1,0.7,0.9,48,52,James Ward-Prowse,4-4-2,9,3,15.1,0,0,0,Kevin De Bruyne,4-2-3-1,11,5,20.1,0,0,0,Mike Dean,2020-12-19,Sat,15:00
130,2021,14,Everton,Arsenal,1,0,0,2,1,0.6,1.4,43,57,Gylfi Sigurðsson,4-2-3-1,9,2,19.7,1,0,0,Rob Holding,3-4-3,12,1,18.9,1,1,1,Andre Marriner,2020-12-19,Sat,17:30
131,2021,14,Newcastle United,Fulham,0,0,1,1,1,1.4,1.0,49,51,Jonjo Shelvey,4-4-2,11,4,22.3,2,1,1,Tom Cairney,3-4-3,11,4,18.3,1,0,0,Graham Scott,2020-12-19,Sat,20:00
132,2021,14,Brighton And Hove Albion,Sheffield United,0,0,1,1,1,2.8,0.5,73,27,Lewis Dunk,3-4-3,21,4,14.0,0,0,0,John Egan,5-3-2,5,3,26.0,1,0,0,Peter Bankes,2020-12-20,Sun,12:00
133,2021,14,Tottenham Hotspur,Leicester City,0,1,0,0,2,0.7,1.7,56,44,Hugo Lloris,4-2-3-1,8,3,16.5,2,0,0,Kasper Schmeichel,4-2-3-1,16,3,18.6,0,1,1,Craig Pawson,2020-12-20,Sun,14:15
134,2021,14,Manchester United,Leeds United,1,0,0,6,2,3.6,1.8,41,59,Harry Maguire,4-2-3-1,25,13,15.9,0,1,1,Liam Cooper,4-1-4-1,17,4,13.9,0,0,0,Anthony Taylor,2020-12-20,Sun,16:30
135,2021,14,West Bromwich Albion,Aston Villa,0,1,0,0,3,0.0,2.4,33,67,Jake Livermore,4-1-4-1,1,1,34.1,1,0,0,Jack Grealish,4-2-3-1,18,9,19.7,1,1,1,Martin Atkinson,2020-12-20,Sun,19:15
136,2021,14,Burnley,Wolverhampton Wanderers,1,0,0,2,1,1.7,1.5,37,63,Ben Mee,4-4-2,10,4,15.8,1,0,0,Conor Coady,3-4-1-2,14,2,20.5,2,1,1,Lee Mason,2020-12-21,Mon,17:30
137,2021,14,Chelsea,West Ham United,1,0,0,3,0,2.0,0.4,53,47,César Azpilicueta,4-3-3,11,7,14.1,0,0,0,Mark Noble,4-2-3-1,6,0,12.8,0,0,0,Chris Kavanagh,2020-12-21,Mon,20:00
138,2021,15,Leicester City,Manchester United,0,0,1,2,2,0.9,1.7,54,46,Kasper Schmeichel,4-2-3-1,10,2,17.6,1,0,0,Harry Maguire,4-2-3-1,9,4,12.7,0,0,0,Mike Dean,2020-12-26,Sat,12:30
139,2021,15,Aston Villa,Crystal Palace,1,0,0,3,0,3.9,0.9,39,61,Jack Grealish,4-2-3-1,20,9,12.3,0,0,0,Luka Milivojević,4-4-2,13,6,20.2,2,0,0,Anthony Taylor,2020-12-26,Sat,15:00
140,2021,15,Fulham,Southampton,0,0,1,0,0,0.7,0.2,47,53,Joachim Andersen,3-5-2,10,1,17.6,0,0,0,James Ward-Prowse,4-4-2,3,2,22.4,1,0,0,Darren England,2020-12-26,Sat,15:00
141,2021,15,Arsenal,Chelsea,1,0,0,3,1,2.0,2.6,40,60,Héctor Bellerín,4-2-3-1,14,6,17.9,1,1,1,Thiago Silva,4-3-3,18,2,16.8,1,0,1,Michael Oliver,2020-12-26,Sat,17:30
142,2021,15,Manchester City,Newcastle United,1,0,0,2,0,3.0,0.3,74,26,Kevin De Bruyne,3-4-3◆,11,6,12.3,0,0,0,Federico Fernández,5-4-1,7,2,21.2,0,0,0,Andre Marriner,2020-12-26,Sat,20:00
143,2021,15,Sheffield United,Everton,0,1,0,0,1,1.4,0.7,44,56,John Egan,3-4-3,10,1,12.6,0,0,0,Gylfi Sigurðsson,4-2-3-1,7,3,19.9,0,0,0,David Coote,2020-12-26,Sat,20:00
144,2021,15,Leeds United,Burnley,1,0,0,1,0,1.9,1.5,51,49,Luke Ayling,3-3-3-1,10,3,21.1,0,1,1,Ben Mee,4-4-2,14,6,16.1,0,0,0,Robert Jones,2020-12-27,Sun,12:00
145,2021,15,West Ham United,Brighton And Hove Albion,0,0,1,2,2,1.3,1.1,44,56,Mark Noble,3-4-1-2,11,4,13.4,0,0,0,Lewis Dunk,3-4-3,13,4,16.2,0,0,0,Simon Hooper,2020-12-27,Sun,14:15
146,2021,15,Liverpool,West Bromwich Albion,0,0,1,1,1,1.5,0.6,77,23,Jordan Henderson,4-3-3,17,2,19.2,2,0,0,Matt Phillips,4-5-1,5,3,17.5,0,0,0,Kevin Friend,2020-12-27,Sun,16:30
147,2021,15,Wolverhampton Wanderers,Tottenham Hotspur,0,0,1,1,1,0.9,0.4,55,45,Conor Coady,4-2-3-1,11,6,17.2,1,0,0,Hugo Lloris,3-4-1-2,6,3,17.2,1,0,0,Paul Tierney,2020-12-27,Sun,19:15
148,2021,16,Crystal Palace,Leicester City,0,0,1,1,1,0.5,1.9,34,66,Luka Milivojević,4-4-2,4,1,10.1,0,0,0,Kasper Schmeichel,4-2-3-1,16,2,20.4,2,0,1,Graham Scott,2020-12-28,Mon,15:00
149,2021,16,Chelsea,Aston Villa,0,0,1,1,1,1.7,0.7,63,37,César Azpilicueta,4-3-3,16,5,17.1,0,0,0,Jack Grealish,4-2-3-1,10,2,17.5,0,0,0,Stuart Attwell,2020-12-28,Mon,17:30
150,2021,16,Southampton,West Ham United,0,0,1,0,0,0.6,1.2,62,38,James Ward-Prowse,4-4-2,8,3,20.7,1,0,0,Declan Rice,4-1-4-1,8,3,13.9,0,0,0,Andy Madley,2020-12-29,Tue,18:00
151,2021,16,Burnley,Sheffield United,1,0,0,1,0,1.0,0.7,37,63,Ben Mee,4-4-2,5,3,11.8,1,0,0,John Egan,3-4-3,7,2,16.6,0,0,0,Chris Kavanagh,2020-12-29,Tue,18:00
152,2021,16,West Bromwich Albion,Leeds United,0,1,0,0,5,0.5,1.2,25,75,Matt Phillips,4-1-4-1,4,1,20.3,0,0,0,Luke Ayling,4-1-4-1,14,6,18.6,0,0,0,Lee Mason,2020-12-29,Tue,18:00
153,2021,16,Brighton And Hove Albion,Arsenal,0,1,0,0,1,0.8,1.1,50,50,Lewis Dunk,3-5-2,13,2,13.9,0,0,0,Pierre-Emerick Aubameyang,4-2-3-1,11,3,14.5,1,0,0,Martin Atkinson,2020-12-29,Tue,18:00
154,2021,16,Manchester United,Wolverhampton Wanderers,1,0,0,1,0,1.5,0.5,58,42,Harry Maguire,4-2-3-1,11,3,17.3,0,0,0,Conor Coady,3-4-1-2,9,5,18.3,0,0,0,Jonathan Moss,2020-12-29,Tue,20:00
155,2021,16,Newcastle United,Liverpool,0,0,1,0,0,0.5,1.4,28,72,Federico Fernández,5-4-1,8,2,17.0,0,0,0,Jordan Henderson,4-3-3,11,4,18.3,0,0,0,Paul Tierney,2020-12-30,Wed,20:00
156,2021,17,Everton,West Ham United,0,1,0,0,1,0.4,1.3,60,40,Séamus Coleman,4-2-3-1,10,2,21.0,0,0,0,Declan Rice,4-2-3-1,11,5,16.9,1,0,0,Kevin Friend,2021-01-01,Fri,17:30
157,2021,17,Manchester United,Aston Villa,1,0,0,2,1,2.1,1.4,48,52,Harry Maguire,4-2-3-1,18,8,18.5,0,1,1,Jack Grealish,4-2-3-1,15,5,14.4,1,0,0,Michael Oliver,2021-01-01,Fri,20:00
158,2021,17,Tottenham Hotspur,Leeds United,1,0,0,3,0,2.6,1.1,37,63,Hugo Lloris,4-2-3-1,19,6,19.0,0,1,1,Luke Ayling,4-1-4-1,18,5,18.5,0,0,0,David Coote,2021-01-02,Sat,12:30
159,2021,17,Crystal Palace,Sheffield United,1,0,0,2,0,0.6,0.4,44,56,Luka Milivojević,4-4-2,9,4,17.9,0,0,0,John Egan,3-5-2,7,2,19.4,0,0,0,Stuart Attwell,2021-01-02,Sat,15:00
160,2021,17,Brighton And Hove Albion,Wolverhampton Wanderers,0,0,1,3,3,2.2,1.6,54,46,Lewis Dunk,3-4-3,12,3,16.7,0,1,1,Conor Coady,4-2-3-1,10,3,19.7,0,1,1,Andy Madley,2021-01-02,Sat,17:30
161,2021,17,West Bromwich Albion,Arsenal,0,1,0,0,4,1.0,3.7,39,61,Matt Phillips,4-4-1-1,7,3,19.4,0,0,0,Pierre-Emerick Aubameyang,4-2-3-1,21,11,15.2,0,0,0,Martin Atkinson,2021-01-02,Sat,20:00
162,2021,17,Newcastle United,Leicester City,0,1,0,1,2,0.5,0.6,44,56,Federico Fernández,5-4-1,8,2,15.1,0,0,0,Kasper Schmeichel,4-2-3-1,9,3,20.2,0,0,0,Robert Jones,2021-01-03,Sun,14:15
163,2021,17,Chelsea,Manchester City,0,1,0,1,3,0.8,2.7,54,46,César Azpilicueta,4-3-3,9,2,17.0,1,0,0,Kevin De Bruyne,4-3-3,18,6,15.1,1,0,0,Anthony Taylor,2021-01-03,Sun,16:30
164,2021,17,Southampton,Liverpool,1,0,0,1,0,0.4,1.5,34,66,James Ward-Prowse,4-4-2,7,2,25.1,0,0,0,Jordan Henderson,4-3-3,17,1,15.7,0,0,0,Andre Marriner,2021-01-04,Mon,20:00
165,2021,18,Sheffield United,Newcastle United,1,0,0,1,0,2.1,0.6,65,35,John Egan,3-5-2,16,3,17.0,0,1,1,Federico Fernández,5-4-1,7,3,22.6,2,0,0,Andy Madley,2021-01-12,Tue,18:00
166,2021,1,Burnley,Manchester United,0,1,0,0,1,0.9,1.2,38,62,Ben Mee,4-4-2,11,0,20.0,0,0,0,Harry Maguire,4-2-3-1,13,7,17.6,0,0,0,Kevin Friend,2021-01-12,Tue,20:15
167,2021,18,Wolverhampton Wanderers,Everton,0,1,0,1,2,0.7,0.6,52,48,Conor Coady,4-3-3,12,3,17.9,1,0,0,Gylfi Sigurðsson,4-4-2,5,3,11.7,0,0,0,Martin Atkinson,2021-01-12,Tue,20:15
168,2021,18,Manchester City,Brighton And Hove Albion,1,0,0,1,0,2.0,0.2,65,35,Kevin De Bruyne,4-3-3,15,6,16.9,0,0,1,Lewis Dunk,4-1-2-1-2◆,5,1,21.0,0,0,0,Darren England,2021-01-13,Wed,18:00
169,2021,16,Tottenham Hotspur,Fulham,0,0,1,1,1,2.4,1.1,53,47,Hugo Lloris,4-2-3-1,15,6,15.7,1,0,0,Joachim Andersen,3-5-2,15,4,17.3,1,0,0,Paul Tierney,2021-01-13,Wed,20:15
170,2021,18,Arsenal,Crystal Palace,0,0,1,0,0,0.4,0.8,67,33,Pierre-Emerick Aubameyang,4-2-3-1,11,4,20.1,0,0,0,Luka Milivojević,4-4-2,12,2,18.2,1,0,0,Andre Marriner,2021-01-14,Thu,20:00
171,2021,19,Wolverhampton Wanderers,West Bromwich Albion,0,1,0,2,3,1.5,2.4,67,33,Conor Coady,4-3-3,23,6,17.2,1,0,0,Jake Livermore,4-2-3-1,10,3,20.1,0,2,2,Michael Oliver,2021-01-16,Sat,12:30
172,2021,19,West Ham United,Burnley,1,0,0,1,0,1.7,0.5,45,55,Declan Rice,4-2-3-1,15,3,12.9,1,0,0,Ben Mee,4-4-2,10,2,24.2,1,0,0,Chris Kavanagh,2021-01-16,Sat,15:00
173,2021,19,Leeds United,Brighton And Hove Albion,0,1,0,0,1,0.3,1.4,66,34,Liam Cooper,4-1-4-1,7,2,18.4,0,0,0,Lewis Dunk,3-4-3,7,2,15.1,0,0,0,Kevin Friend,2021-01-16,Sat,15:00
174,2021,19,Fulham,Chelsea,0,1,0,0,1,0.7,1.6,31,69,Joachim Andersen,5-4-1,10,2,20.1,1,0,0,César Azpilicueta,4-3-3,21,6,18.6,0,0,0,Peter Bankes,2021-01-16,Sat,17:30
175,2021,19,Leicester City,Southampton,1,0,0,2,0,2.2,0.6,47,53,Kasper Schmeichel,4-2-3-1,16,4,15.1,0,0,0,James Ward-Prowse,4-4-2,8,3,17.3,0,0,0,Stuart Attwell,2021-01-16,Sat,20:00
176,2021,19,Sheffield United,Tottenham Hotspur,0,1,0,1,3,0.9,1.0,43,57,John Egan,3-5-2,15,5,21.1,0,0,0,Hugo Lloris,3-4-3,14,5,22.1,0,0,0,Andre Marriner,2021-01-17,Sun,14:00
177,2021,19,Liverpool,Manchester United,0,0,1,0,0,1.2,1.1,65,35,Jordan Henderson,4-3-3,17,3,17.9,0,0,0,Harry Maguire,4-2-3-1,8,4,17.3,2,0,0,Paul Tierney,2021-01-17,Sun,16:30
178,2021,19,Manchester City,Crystal Palace,1,0,0,4,0,0.7,0.1,71,29,Fernandinho,4-3-3,13,6,19.1,2,0,0,Luka Milivojević,4-1-4-1,2,0,28.2,0,0,0,Lee Mason,2021-01-17,Sun,19:15
179,2021,19,Arsenal,Newcastle United,1,0,0,3,0,2.4,0.2,66,34,Pierre-Emerick Aubameyang,4-2-3-1,20,6,16.6,1,0,0,Jamaal Lascelles,4-4-2,4,1,17.3,0,0,0,David Coote,2021-01-18,Mon,20:00
180,2021,18,West Ham United,West Bromwich Albion,1,0,0,2,1,2.0,0.5,59,41,Declan Rice,4-2-3-1,14,6,18.3,1,0,0,Jake Livermore,4-4-1-1,6,2,20.5,0,0,0,Graham Scott,2021-01-19,Tue,18:00
181,2021,18,Leicester City,Chelsea,1,0,0,2,0,1.4,0.7,36,64,Kasper Schmeichel,4-1-4-1,8,6,17.1,0,0,0,Thiago Silva,4-2-3-1,9,5,12.7,1,0,0,Craig Pawson,2021-01-19,Tue,20:15
182,2021,1,Manchester City,Aston Villa,1,0,0,2,0,3.4,0.6,69,31,Kevin De Bruyne,4-3-3,27,8,15.8,0,1,1,Jack Grealish,4-2-3-1,11,4,18.6,1,0,0,Jonathan Moss,2021-01-20,Wed,18:00
183,2021,18,Fulham,Manchester United,0,1,0,1,2,0.9,1.7,38,62,Joachim Andersen,3-4-3,12,5,18.4,0,0,0,Harry Maguire,4-2-3-1,15,5,15.5,1,0,0,Martin Atkinson,2021-01-20,Wed,20:15
184,2021,18,Liverpool,Burnley,0,1,0,0,1,1.6,1.1,72,28,Georginio Wijnaldum,4-3-3,27,6,18.6,0,0,0,Ben Mee,4-4-2,5,3,18.2,0,1,1,Mike Dean,2021-01-21,Thu,20:00
185,2021,11,Aston Villa,Newcastle United,1,0,0,2,0,2.3,0.5,58,42,Jack Grealish,4-2-3-1,14,5,17.4,0,0,0,Jamaal Lascelles,5-3-2,7,1,14.5,0,0,0,Simon Hooper,2021-01-23,Sat,20:00
186,2021,20,Newcastle United,Leeds United,0,1,0,1,2,1.4,0.7,42,58,Jamaal Lascelles,4-4-1-1,22,5,22.0,4,0,0,Liam Cooper,4-1-4-1,9,2,13.6,0,0,0,Anthony Taylor,2021-01-26,Tue,18:00
187,2021,20,Crystal Palace,West Ham United,0,1,0,2,3,0.7,2.8,54,46,Luka Milivojević,4-4-2,6,3,21.8,0,0,0,Declan Rice,4-2-3-1,17,7,15.5,0,0,0,Stuart Attwell,2021-01-26,Tue,18:00
188,2021,20,West Bromwich Albion,Manchester City,0,1,0,0,5,0.5,1.8,23,77,Jake Livermore,4-4-1-1,4,1,10.4,0,0,0,Raheem Sterling,4-3-3,18,7,17.4,0,0,0,Chris Kavanagh,2021-01-26,Tue,20:15
189,2021,20,Southampton,Arsenal,0,1,0,1,3,0.8,2.2,58,42,James Ward-Prowse,4-4-2,13,5,17.5,1,0,0,Héctor Bellerín,4-2-3-1,9,4,15.2,0,0,0,Kevin Friend,2021-01-26,Tue,20:15
190,2021,20,Chelsea,Wolverhampton Wanderers,0,0,1,0,0,0.7,0.5,78,22,César Azpilicueta,3-4-3,14,5,16.5,0,0,0,Conor Coady,3-4-1-2,4,0,19.9,1,0,0,Andy Madley,2021-01-27,Wed,18:00
191,2021,20,Burnley,Aston Villa,1,0,0,3,2,0.5,2.2,39,61,Ben Mee,4-4-2,10,5,20.0,0,0,0,Jack Grealish,4-2-3-1,18,10,15.1,1,0,0,Paul Tierney,2021-01-27,Wed,18:00
192,2021,20,Brighton And Hove Albion,Fulham,0,0,1,0,0,1.8,0.5,50,50,Lewis Dunk,3-5-2,16,5,16.0,1,0,0,Joachim Andersen,3-4-3,10,2,16.8,0,0,0,Craig Pawson,2021-01-27,Wed,19:30
193,2021,20,Everton,Leicester City,0,0,1,1,1,0.5,1.2,35,65,Lucas Digne,4-4-2,8,2,15.0,0,0,0,Kasper Schmeichel,4-2-3-1,19,6,21.4,2,0,0,Mike Dean,2021-01-27,Wed,20:15
194,2021,20,Manchester United,Sheffield United,0,1,0,1,2,1.1,1.0,75,25,Harry Maguire,4-2-3-1,16,4,18.9,2,0,0,Billy Sharp,3-5-2,5,3,13.4,0,0,0,Peter Bankes,2021-01-27,Wed,20:15
195,2021,20,Tottenham Hotspur,Liverpool,0,1,0,1,3,0.1,2.5,50,50,Hugo Lloris,3-4-3,3,2,35.0,0,0,0,Jordan Henderson,4-3-3,14,7,15.5,0,0,0,Martin Atkinson,2021-01-28,Thu,20:00
196,2021,21,Everton,Newcastle United,0,1,0,0,2,0.8,1.7,60,40,Séamus Coleman,4-2-3-1,11,3,17.5,0,0,0,Jamaal Lascelles,4-3-1-2,13,3,17.1,2,0,0,Stuart Attwell,2021-01-30,Sat,12:30
197,2021,21,West Bromwich Albion,Fulham,0,0,1,2,2,1.0,1.3,38,62,Jake Livermore,3-5-2,5,3,15.3,0,0,0,Joachim Andersen,3-4-3,12,7,17.6,0,0,0,Anthony Taylor,2021-01-30,Sat,15:00
198,2021,21,Manchester City,Sheffield United,1,0,0,1,0,1.5,0.2,75,25,Fernandinho,4-3-3,10,5,17.2,0,0,0,John Egan,5-3-2,4,1,23.2,0,0,0,David Coote,2021-01-30,Sat,15:00
199,2021,21,Crystal Palace,Wolverhampton Wanderers,1,0,0,1,0,1.4,0.4,48,52,Luka Milivojević,4-2-3-1,11,2,20.0,2,0,0,Conor Coady,3-4-3,6,4,15.7,0,0,0,Simon Hooper,2021-01-30,Sat,15:00
200,2021,21,Arsenal,Manchester United,0,0,1,0,0,0.9,1.6,43,57,Héctor Bellerín,4-2-3-1,17,3,20.8,3,0,0,Harry Maguire,4-2-3-1,14,3,18.2,1,0,0,Michael Oliver,2021-01-30,Sat,17:30
201,2021,21,Southampton,Aston Villa,0,1,0,0,1,1.9,0.6,59,41,James Ward-Prowse,4-4-2,20,4,18.0,1,0,0,Jack Grealish,4-2-3-1,8,4,16.2,0,0,0,Lee Mason,2021-01-30,Sat,20:00
202,2021,21,Chelsea,Burnley,1,0,0,2,0,1.2,0.2,70,30,César Azpilicueta,3-4-3,19,8,16.7,0,0,0,Ben Mee,4-4-2,1,0,5.3,0,0,0,Graham Scott,2021-01-31,Sun,12:00
203,2021,21,Leicester City,Leeds United,0,1,0,1,3,1.8,2.1,51,49,Kasper Schmeichel,4-2-3-1,18,8,19.3,1,0,0,Liam Cooper,4-1-4-1,8,6,13.3,0,0,0,Chris Kavanagh,2021-01-31,Sun,14:00
204,2021,21,West Ham United,Liverpool,0,1,0,1,3,0.8,2.0,33,67,Declan Rice,4-2-3-1,8,2,14.7,0,0,0,Jordan Henderson,4-3-1-2,14,5,15.7,0,0,0,Jonathan Moss,2021-01-31,Sun,16:30
205,2021,21,Brighton And Hove Albion,Tottenham Hotspur,1,0,0,1,0,1.6,0.4,43,57,Lewis Dunk,3-4-3,16,3,15.5,0,0,0,Hugo Lloris,3-4-3,8,4,21.2,1,0,0,Peter Bankes,2021-01-31,Sun,19:15
206,2021,22,Wolverhampton Wanderers,Arsenal,1,0,0,2,1,1.5,0.8,55,45,Conor Coady,4-2-3-1,10,6,19.4,0,1,1,Héctor Bellerín,4-2-3-1,9,3,18.7,0,0,0,Craig Pawson,2021-02-02,Tue,18:00
207,2021,22,Sheffield United,West Bromwich Albion,1,0,0,2,1,1.3,1.6,68,32,Billy Sharp,3-5-2,14,6,16.8,1,0,0,Jake Livermore,4-4-1-1,8,4,13.6,0,0,0,Paul Tierney,2021-02-02,Tue,18:00
208,2021,22,Newcastle United,Crystal Palace,0,1,0,1,2,1.9,0.7,61,39,Jonjo Shelvey,4-3-1-2,21,5,16.2,1,0,0,Luka Milivojević,4-4-2,6,3,18.6,0,0,0,Darren England,2021-02-02,Tue,20:15
209,2021,22,Manchester United,Southampton,1,0,0,9,0,4.7,0.5,74,26,Harry Maguire,4-2-3-1,23,13,17.1,1,1,1,James Ward-Prowse,4-4-2,3,1,21.6,1,0,0,Mike Dean,2021-02-02,Tue,20:15
210,2021,22,Burnley,Manchester City,0,1,0,0,2,0.1,2.0,26,74,Ben Mee,4-4-2,2,0,22.9,0,0,0,Raheem Sterling,4-3-3,13,6,15.5,0,0,0,Martin Atkinson,2021-02-03,Wed,18:00
211,2021,22,Fulham,Leicester City,0,1,0,0,2,0.6,1.4,57,43,Joachim Andersen,3-4-3,8,1,18.4,0,0,0,Kasper Schmeichel,4-2-3-1,9,5,15.6,0,0,0,Robert Jones,2021-02-03,Wed,18:00
212,2021,22,Leeds United,Everton,0,1,0,1,2,1.3,1.6,63,37,Liam Cooper,4-1-4-1,16,7,14.8,0,0,0,Gylfi Sigurðsson,4-2-3-1,10,6,15.9,0,0,0,Michael Oliver,2021-02-03,Wed,19:30
213,2021,22,Aston Villa,West Ham United,0,1,0,1,3,0.7,1.7,56,44,Jack Grealish,4-2-3-1,9,2,17.5,1,0,0,Declan Rice,4-2-3-1,20,9,18.9,1,0,0,Andy Madley,2021-02-03,Wed,20:15
214,2021,22,Liverpool,Brighton And Hove Albion,0,1,0,0,1,1.0,1.3,63,37,Jordan Henderson,4-3-3,11,1,20.9,0,0,0,Lewis Dunk,3-5-2,13,4,13.7,0,0,0,Kevin Friend,2021-02-03,Wed,20:15
215,2021,22,Tottenham Hotspur,Chelsea,0,1,0,0,1,0.6,1.6,43,58,Hugo Lloris,4-2-2-2,7,2,20.9,1,0,0,César Azpilicueta,3-4-1-2,15,1,18.0,0,1,1,Andre Marriner,2021-02-04,Thu,20:00
216,2021,23,Aston Villa,Arsenal,1,0,0,1,0,1.2,0.8,35,65,Jack Grealish,4-2-3-1,12,8,16.6,0,0,0,Héctor Bellerín,4-2-3-1,14,3,17.3,1,0,0,Chris Kavanagh,2021-02-06,Sat,12:30
217,2021,23,Burnley,Brighton And Hove Albion,0,0,1,1,1,1.8,0.5,55,45,Ben Mee,4-4-2,20,7,17.8,1,0,0,Lewis Dunk,3-4-1-2,10,2,19.1,1,0,0,Anthony Taylor,2021-02-06,Sat,15:00
218,2021,23,Newcastle United,Southampton,1,0,0,3,2,0.7,1.3,27,73,Jonjo Shelvey,4-3-1-2,6,4,16.1,1,0,0,James Ward-Prowse,4-4-2,14,5,16.1,1,0,0,Craig Pawson,2021-02-06,Sat,15:00
219,2021,23,Fulham,West Ham United,0,0,1,0,0,1.5,1.0,60,40,Joachim Andersen,4-2-3-1,20,2,16.5,2,0,0,Declan Rice,4-2-3-1,8,1,13.3,1,0,0,Mike Dean,2021-02-06,Sat,17:30
220,2021,23,Manchester United,Everton,0,0,1,3,3,1.8,1.5,61,39,Harry Maguire,4-2-3-1,14,5,15.2,1,0,0,Lucas Digne,4-3-1-2,6,3,13.7,0,0,0,Jonathan Moss,2021-02-06,Sat,20:00
221,2021,23,Tottenham Hotspur,West Bromwich Albion,1,0,0,2,0,1.5,0.6,65,35,Hugo Lloris,4-2-3-1,13,6,16.7,0,0,0,Kyle Bartley,4-1-4-1,4,1,10.7,0,0,0,Stuart Attwell,2021-02-07,Sun,12:00
222,2021,23,Wolverhampton Wanderers,Leicester City,0,0,1,0,0,1.1,0.8,44,56,Conor Coady,3-4-3,13,1,17.5,1,0,0,Kasper Schmeichel,4-2-3-1,13,3,19.8,1,0,0,Martin Atkinson,2021-02-07,Sun,14:00
223,2021,23,Liverpool,Manchester City,0,1,0,1,4,1.2,3.5,56,44,Jordan Henderson,4-3-3,7,2,19.4,1,1,1,Raheem Sterling,4-3-3,7,5,13.4,0,0,1,Michael Oliver,2021-02-07,Sun,16:30
224,2021,23,Sheffield United,Chelsea,0,1,0,1,2,0.6,1.6,32,68,John Egan,3-5-2,8,3,20.8,0,0,0,César Azpilicueta,3-4-3,8,1,20.3,0,1,1,Kevin Friend,2021-02-07,Sun,19:15
225,2021,23,Leeds United,Crystal Palace,1,0,0,2,0,1.9,0.4,67,33,Liam Cooper,4-1-4-1,17,7,14.3,1,0,0,Luka Milivojević,4-4-2,8,3,19.3,0,0,0,Andre Marriner,2021-02-08,Mon,20:00
226,2021,24,Leicester City,Liverpool,1,0,0,3,1,1.9,1.7,38,62,Kasper Schmeichel,4-2-3-1,11,6,18.4,1,0,0,Jordan Henderson,4-3-3,15,4,15.4,2,0,0,Anthony Taylor,2021-02-13,Sat,12:30
227,2021,24,Crystal Palace,Burnley,0,1,0,0,3,0.5,1.4,54,46,Luka Milivojević,4-4-2,13,3,18.6,0,0,0,Ben Mee,4-4-2,16,4,17.7,0,0,0,Michael Oliver,2021-02-13,Sat,15:00
228,2021,24,Manchester City,Tottenham Hotspur,1,0,0,3,0,2.2,0.3,60,40,Raheem Sterling,4-3-3,14,5,16.3,0,1,1,Hugo Lloris,4-2-3-1,7,3,20.9,1,0,0,Paul Tierney,2021-02-13,Sat,17:30
229,2021,24,Brighton And Hove Albion,Aston Villa,0,0,1,0,0,2.2,0.1,58,42,Lewis Dunk,4-1-3-2,26,9,18.3,3,0,0,Jack Grealish,4-2-3-1,4,1,23.9,0,0,0,Darren England,2021-02-13,Sat,20:00
230,2021,24,Southampton,Wolverhampton Wanderers,0,1,0,1,2,0.8,1.1,51,49,James Ward-Prowse,4-4-2,7,3,17.8,0,0,0,Conor Coady,3-4-3,9,3,19.2,0,1,1,Graham Scott,2021-02-14,Sun,12:00
231,2021,24,West Bromwich Albion,Manchester United,0,0,1,1,1,1.0,0.5,27,73,Kyle Bartley,4-1-4-1,7,3,14.0,0,0,0,Harry Maguire,4-2-3-1,10,6,19.1,0,0,0,Craig Pawson,2021-02-14,Sun,14:00
232,2021,24,Arsenal,Leeds United,1,0,0,4,2,2.3,0.9,46,54,Pierre-Emerick Aubameyang,4-2-3-1,12,4,19.1,0,1,1,Liam Cooper,4-1-4-1,9,5,17.6,0,0,0,Stuart Attwell,2021-02-14,Sun,16:30
233,2021,24,Everton,Fulham,0,1,0,0,2,0.3,2.5,50,50,Séamus Coleman,4-3-1-2,7,2,18.7,0,0,0,Joachim Andersen,4-4-2,12,3,16.0,0,0,0,Andy Madley,2021-02-14,Sun,19:00
234,2021,24,West Ham United,Sheffield United,1,0,0,3,0,1.9,0.7,46,54,Declan Rice,3-4-3,12,8,19.0,2,1,1,Billy Sharp,3-5-2,8,5,15.4,0,0,0,Simon Hooper,2021-02-15,Mon,18:00
235,2021,24,Chelsea,Newcastle United,1,0,0,2,0,2.2,0.6,64,36,César Azpilicueta,3-4-3,18,5,14.2,0,0,0,Jamaal Lascelles,4-3-3,10,4,20.5,1,0,0,Peter Bankes,2021-02-15,Mon,20:00
236,2021,17,Burnley,Fulham,0,0,1,1,1,0.9,0.5,47,53,James Tarkowski,4-4-2,8,3,12.6,0,0,0,Joachim Andersen,4-4-1-1,8,3,17.2,0,0,0,Jonathan Moss,2021-02-17,Wed,18:00
237,2021,16,Everton,Manchester City,0,1,0,1,3,1.0,1.0,29,71,Gylfi Sigurðsson,4-4-1-1,3,2,9.4,0,0,0,Raheem Sterling,4-3-3,16,7,17.9,0,0,0,Andre Marriner,2021-02-17,Wed,20:15
238,2021,25,Wolverhampton Wanderers,Leeds United,1,0,0,1,0,0.6,1.7,42,58,Conor Coady,3-4-3,15,5,23.1,0,0,0,Liam Cooper,4-4-1-1,18,7,13.2,0,0,0,David Coote,2021-02-19,Fri,20:00
239,2021,25,Southampton,Chelsea,0,0,1,1,1,0.6,1.2,30,70,James Ward-Prowse,4-4-2,4,1,9.6,0,0,0,César Azpilicueta,3-4-3,8,2,19.6,1,1,1,Anthony Taylor,2021-02-20,Sat,12:30
240,2021,25,Burnley,West Bromwich Albion,0,0,1,0,0,0.5,1.6,62,38,Ben Mee,4-4-2,6,1,18.9,1,0,0,Kyle Bartley,4-1-4-1,10,2,22.9,2,0,0,Mike Dean,2021-02-20,Sat,15:00
241,2021,25,Liverpool,Everton,0,1,0,0,2,1.4,1.6,71,29,Jordan Henderson,4-3-3,15,6,17.1,1,0,0,Séamus Coleman,5-3-2,8,5,22.8,1,1,1,Chris Kavanagh,2021-02-20,Sat,17:30
242,2021,25,Fulham,Sheffield United,1,0,0,1,0,1.2,0.9,64,36,Joachim Andersen,4-2-3-1,15,5,21.0,0,0,0,Billy Sharp,3-5-2,4,2,9.8,0,0,0,Martin Atkinson,2021-02-20,Sat,20:00
243,2021,25,West Ham United,Tottenham Hotspur,1,0,0,2,1,1.1,1.1,32,68,Declan Rice,4-2-3-1,4,4,7.6,0,0,0,Hugo Lloris,4-2-3-1,20,4,19.4,2,0,0,Craig Pawson,2021-02-21,Sun,12:00
244,2021,25,Aston Villa,Leicester City,0,1,0,1,2,1.4,1.1,51,49,Tyrone Mings,4-2-3-1,11,2,16.6,0,0,0,Kasper Schmeichel,4-2-3-1,16,7,20.7,1,0,0,Michael Oliver,2021-02-21,Sun,14:05
245,2021,25,Arsenal,Manchester City,0,1,0,0,1,0.3,1.8,45,55,Pierre-Emerick Aubameyang,4-2-3-1,7,1,19.5,0,0,0,Fernandinho,4-3-3,15,3,16.2,0,0,0,Jonathan Moss,2021-02-21,Sun,16:30
246,2021,25,Manchester United,Newcastle United,1,0,0,3,1,1.7,0.4,71,29,Harry Maguire,4-2-3-1,14,6,19.1,0,1,1,Jamaal Lascelles,4-3-1-2,10,6,23.0,0,0,0,Paul Tierney,2021-02-21,Sun,19:00
247,2021,25,Brighton And Hove Albion,Crystal Palace,0,1,0,1,2,2.4,0.2,74,26,Lewis Dunk,4-4-2,25,5,14.5,0,0,0,Luka Milivojević,4-3-3,3,2,15.0,0,0,0,Kevin Friend,2021-02-22,Mon,20:00
248,2021,18,Leeds United,Southampton,1,0,0,3,0,1.3,0.9,46,54,Liam Cooper,3-3-3-1,11,7,16.2,1,0,0,James Ward-Prowse,4-4-2,13,5,18.6,0,0,0,Andre Marriner,2021-02-23,Tue,18:00
249,2021,26,Manchester City,West Ham United,1,0,0,2,1,0.5,1.5,63,37,Fernandinho,4-3-3,10,3,20.4,0,0,0,Declan Rice,3-4-3,9,3,13.0,0,0,0,Michael Oliver,2021-02-27,Sat,12:30
250,2021,26,West Bromwich Albion,Brighton And Hove Albion,1,0,0,1,0,0.8,2.9,32,68,Kyle Bartley,4-1-4-1,6,2,18.3,0,0,0,Lewis Dunk,4-2-3-1,13,6,19.1,1,0,2,Lee Mason,2021-02-27,Sat,15:00
251,2021,26,Leeds United,Aston Villa,0,1,0,0,1,0.9,0.7,69,31,Liam Cooper,4-1-4-1,13,3,18.9,0,0,0,Tyrone Mings,4-3-3,9,4,15.8,0,0,0,Peter Bankes,2021-02-27,Sat,17:30
252,2021,26,Newcastle United,Wolverhampton Wanderers,0,0,1,1,1,1.7,1.1,48,52,Jamaal Lascelles,4-3-3,19,6,18.9,1,0,0,Conor Coady,3-4-3,14,4,19.1,1,0,0,Mike Dean,2021-02-27,Sat,20:00
253,2021,26,Crystal Palace,Fulham,0,0,1,0,0,0.1,1.4,40,60,Luka Milivojević,4-2-3-1,3,0,15.8,0,0,0,Joachim Andersen,4-2-3-1,16,4,18.6,1,0,0,Anthony Taylor,2021-02-28,Sun,12:00
254,2021,26,Leicester City,Arsenal,0,1,0,1,3,0.4,2.3,44,56,Kasper Schmeichel,4-4-2,8,3,18.1,0,0,0,Alexandre Lacazette,4-2-3-1,11,3,18.5,0,1,1,Paul Tierney,2021-02-28,Sun,12:00
255,2021,26,Tottenham Hotspur,Burnley,1,0,0,4,0,2.1,0.7,58,42,Hugo Lloris,4-2-3-1,16,7,18.9,0,0,0,Ben Mee,4-4-2,10,3,19.3,0,0,0,Kevin Friend,2021-02-28,Sun,14:00
256,2021,26,Chelsea,Manchester United,0,0,1,0,0,1.1,0.4,57,43,César Azpilicueta,3-4-3,18,6,21.9,0,0,0,Harry Maguire,4-2-3-1,11,4,25.2,1,0,0,Stuart Attwell,2021-02-28,Sun,16:30
257,2021,26,Sheffield United,Liverpool,0,1,0,0,2,0.7,2.7,40,60,David McGoldrick,3-5-2,8,2,17.4,0,0,0,Georginio Wijnaldum,4-3-3,16,8,13.9,0,0,0,Jonathan Moss,2021-02-28,Sun,19:15
258,2021,26,Everton,Southampton,1,0,0,1,0,1.2,0.6,47,53,Gylfi Sigurðsson,4-3-1-2,7,1,13.8,1,0,0,James Ward-Prowse,4-4-2,9,1,16.7,0,0,0,Martin Atkinson,2021-03-01,Mon,20:00
259,2021,29,Manchester City,Wolverhampton Wanderers,1,0,0,4,1,3.3,0.3,72,28,Kevin De Bruyne,4-3-3,22,10,14.6,0,0,0,Conor Coady,3-4-3,6,1,15.3,0,0,0,Chris Kavanagh,2021-03-02,Tue,20:00
260,2021,29,Burnley,Leicester City,0,0,1,1,1,1.8,1.2,39,61,Ben Mee,4-4-2,12,7,18.0,1,0,0,Kasper Schmeichel,3-1-4-2,16,4,20.0,0,0,0,Andy Madley,2021-03-03,Wed,18:00
261,2021,29,Sheffield United,Aston Villa,1,0,0,1,0,0.9,2.3,28,72,David McGoldrick,3-5-2,9,2,23.6,0,0,0,Tyrone Mings,4-3-3,16,4,16.1,1,0,0,Robert Jones,2021-03-03,Wed,18:00
262,2021,29,Crystal Palace,Manchester United,0,0,1,0,0,0.9,0.9,37,63,Luka Milivojević,4-4-2,8,2,18.3,1,0,0,Harry Maguire,4-2-3-1,11,1,18.4,0,0,0,Andre Marriner,2021-03-03,Wed,20:15
263,2021,29,West Bromwich Albion,Everton,0,1,0,0,1,1.0,1.0,49,51,Kyle Bartley,4-1-4-1,11,3,16.9,0,0,0,Lucas Digne,4-4-2,11,3,20.8,0,0,0,Darren England,2021-03-04,Thu,18:00
264,2021,33,Fulham,Tottenham Hotspur,0,1,0,0,1,0.7,1.6,60,40,Joachim Andersen,4-4-2,11,3,17.1,0,0,0,Hugo Lloris,4-2-3-1,9,2,18.9,2,0,0,David Coote,2021-03-04,Thu,18:00
265,2021,29,Liverpool,Chelsea,0,1,0,0,1,0.3,1.0,54,46,Georginio Wijnaldum,4-3-3,7,1,19.7,0,0,0,César Azpilicueta,3-4-3,11,4,17.7,0,0,0,Martin Atkinson,2021-03-04,Thu,20:15
266,2021,27,Burnley,Arsenal,0,0,1,1,1,1.1,2.5,41,59,Ben Mee,4-4-2,9,5,18.2,0,0,0,Pierre-Emerick Aubameyang,4-2-3-1,15,2,15.5,0,0,0,Andre Marriner,2021-03-06,Sat,12:30
267,2021,27,Sheffield United,Southampton,0,1,0,0,2,0.7,1.9,51,49,David McGoldrick,3-5-2,8,2,16.7,0,0,0,James Ward-Prowse,4-4-2,14,6,22.2,0,1,1,Paul Tierney,2021-03-06,Sat,15:00
268,2021,27,Aston Villa,Wolverhampton Wanderers,0,0,1,0,0,0.6,1.6,49,51,Tyrone Mings,4-3-3,9,1,18.0,0,0,0,Conor Coady,3-4-3,10,2,17.4,1,0,0,Andy Madley,2021-03-06,Sat,17:30
269,2021,27,Brighton And Hove Albion,Leicester City,0,1,0,1,2,0.8,0.9,37,63,Lewis Dunk,4-4-2,7,2,15.0,0,0,0,Kasper Schmeichel,3-1-4-2,8,4,17.1,0,0,0,Michael Oliver,2021-03-06,Sat,20:00
270,2021,27,West Bromwich Albion,Newcastle United,0,0,1,0,0,2.0,0.5,53,47,Kyle Bartley,4-1-4-1,13,3,17.9,0,0,0,Jamaal Lascelles,4-3-1-2,9,5,18.6,0,0,0,Martin Atkinson,2021-03-07,Sun,12:00
271,2021,27,Liverpool,Fulham,0,1,0,0,1,0.9,1.3,63,37,James Milner,4-3-3,16,3,17.3,1,0,0,Joachim Andersen,4-4-2,10,3,12.7,0,0,0,Kevin Friend,2021-03-07,Sun,14:00
272,2021,27,Manchester City,Manchester United,0,1,0,0,2,1.3,1.7,66,34,Kevin De Bruyne,4-2-3-1,23,6,18.7,1,0,0,Harry Maguire,4-2-3-1,7,5,17.5,0,1,1,Anthony Taylor,2021-03-07,Sun,16:30
273,2021,27,Tottenham Hotspur,Crystal Palace,1,0,0,4,1,2.7,0.5,63,37,Hugo Lloris,4-2-3-1,12,5,12.5,1,0,0,Luka Milivojević,4-4-2,5,1,14.9,0,0,0,Stuart Attwell,2021-03-07,Sun,19:15
274,2021,27,Chelsea,Everton,1,0,0,2,0,2.4,0.3,65,35,César Azpilicueta,3-4-3,18,8,20.2,1,1,1,Gylfi Sigurðsson,3-4-1-2,7,1,24.0,1,0,0,David Coote,2021-03-08,Mon,18:00
275,2021,27,West Ham United,Leeds United,1,0,0,2,0,1.8,1.4,35,65,Declan Rice,4-2-3-1,15,4,21.2,1,0,1,Liam Cooper,4-1-4-1,17,2,18.4,0,0,0,Mike Dean,2021-03-08,Mon,20:00
276,2021,33,Manchester City,Southampton,1,0,0,5,2,2.6,1.6,58,42,Fernandinho,4-3-3,17,10,16.0,0,0,0,James Ward-Prowse,4-4-2,10,5,21.5,2,1,1,Jonathan Moss,2021-03-10,Wed,18:00
277,2021,28,Newcastle United,Aston Villa,0,0,1,1,1,1.5,0.9,49,51,Jamaal Lascelles,4-3-3,12,3,15.8,0,0,0,Tyrone Mings,4-3-3,15,6,20.1,0,0,0,Paul Tierney,2021-03-12,Fri,20:00
278,2021,28,Leeds United,Chelsea,0,0,1,0,0,0.4,1.0,38,62,Luke Ayling,4-1-4-1,7,4,16.0,0,0,0,César Azpilicueta,4-2-3-1,15,8,17.6,0,0,0,Kevin Friend,2021-03-13,Sat,12:30
279,2021,28,Crystal Palace,West Bromwich Albion,1,0,0,1,0,1.2,0.8,45,55,Luka Milivojević,4-4-2,5,3,23.0,0,1,1,Kyle Bartley,4-1-4-1,12,1,18.0,1,0,0,Simon Hooper,2021-03-13,Sat,15:00
280,2021,28,Everton,Burnley,0,1,0,1,2,1.5,0.8,65,35,Lucas Digne,4-1-2-1-2◆,14,4,16.6,0,0,0,Ben Mee,4-4-2,14,5,19.1,1,0,0,Jonathan Moss,2021-03-13,Sat,17:30
281,2021,28,Fulham,Manchester City,0,1,0,0,3,0.3,2.2,46,54,Joachim Andersen,4-3-3,3,0,11.2,0,0,0,Sergio Agüero,3-4-3,7,6,15.3,0,1,1,Andre Marriner,2021-03-13,Sat,20:00
282,2021,28,Southampton,Brighton And Hove Albion,0,1,0,1,2,0.6,0.8,59,41,James Ward-Prowse,4-4-2,9,4,19.2,1,0,0,Lewis Dunk,4-4-2,8,6,18.8,1,0,0,Stuart Attwell,2021-03-14,Sun,12:00
283,2021,28,Leicester City,Sheffield United,1,0,0,5,0,4.0,0.1,71,29,Kasper Schmeichel,3-4-1-2,19,9,16.3,0,0,0,Billy Sharp,3-5-2,1,0,10.2,0,0,0,Peter Bankes,2021-03-14,Sun,14:00
284,2021,28,Arsenal,Tottenham Hotspur,1,0,0,2,1,1.7,0.4,52,48,Alexandre Lacazette,4-2-3-1,12,2,22.5,0,1,1,Hugo Lloris,4-2-3-1,6,3,18.9,2,0,0,Michael Oliver,2021-03-14,Sun,16:30
285,2021,28,Manchester United,West Ham United,1,0,0,1,0,1.5,0.6,61,39,Harry Maguire,4-2-3-1,15,4,18.0,0,0,0,Mark Noble,3-1-4-2,7,0,14.0,0,0,0,Martin Atkinson,2021-03-14,Sun,19:15
286,2021,28,Wolverhampton Wanderers,Liverpool,0,1,0,0,1,1.1,0.9,53,47,Conor Coady,3-4-1-2,10,5,15.1,1,0,0,Georginio Wijnaldum,4-3-3,12,4,16.2,0,0,0,Craig Pawson,2021-03-15,Mon,20:00
287,2021,29,Fulham,Leeds United,0,1,0,1,2,1.6,1.3,51,49,Joachim Andersen,4-2-3-1,13,6,13.0,0,0,0,Luke Ayling,4-1-4-1,13,4,17.5,1,0,0,David Coote,2021-03-19,Fri,20:00
288,2021,29,Brighton And Hove Albion,Newcastle United,1,0,0,3,0,0.9,0.1,65,35,Lewis Dunk,3-4-1-2,11,6,15.7,0,0,0,Jamaal Lascelles,4-3-3,3,1,19.5,0,0,0,Anthony Taylor,2021-03-20,Sat,20:00
289,2021,29,West Ham United,Arsenal,0,0,1,3,3,2.4,1.4,38,62,Declan Rice,4-2-3-1,15,5,12.9,0,0,0,Pierre-Emerick Aubameyang,4-2-3-1,16,6,18.2,0,0,0,Jonathan Moss,2021-03-21,Sun,15:00
290,2021,18,Aston Villa,Tottenham Hotspur,0,1,0,0,2,0.4,1.8,50,50,Tyrone Mings,4-2-3-1,8,1,19.9,0,0,0,Hugo Lloris,4-4-2,8,2,18.8,0,1,1,Mike Dean,2021-03-21,Sun,19:30
291,2021,30,Chelsea,West Bromwich Albion,0,1,0,2,5,2.1,1.6,65,35,César Azpilicueta,3-4-3,18,7,16.1,2,0,0,Kyle Bartley,5-4-1,14,7,19.4,2,0,0,David Coote,2021-04-03,Sat,12:30
292,2021,30,Leeds United,Sheffield United,1,0,0,2,1,2.4,1.1,54,46,Liam Cooper,4-1-4-1,23,8,18.3,1,0,0,David McGoldrick,3-5-2,9,1,21.8,0,0,0,Graham Scott,2021-04-03,Sat,15:00
293,2021,30,Leicester City,Manchester City,0,1,0,0,2,0.3,1.4,44,56,Kasper Schmeichel,3-5-2,5,2,19.3,0,0,0,Fernandinho,4-2-3-1,11,4,14.5,1,0,0,Anthony Taylor,2021-04-03,Sat,17:30
294,2021,30,Arsenal,Liverpool,0,1,0,0,3,0.1,2.4,36,64,Pierre-Emerick Aubameyang,4-2-3-1,3,2,18.9,0,0,0,James Milner,4-3-3,16,7,18.2,0,0,0,Stuart Attwell,2021-04-03,Sat,20:00
295,2021,30,Southampton,Burnley,1,0,0,3,2,2.2,1.5,53,47,James Ward-Prowse,4-4-2,24,8,19.0,0,0,0,Ben Mee,4-4-2,6,4,16.7,0,1,1,Andre Marriner,2021-04-04,Sun,12:00
296,2021,30,Newcastle United,Tottenham Hotspur,0,0,1,2,2,3.4,2.7,42,58,Jamaal Lascelles,5-3-2,22,6,13.9,0,0,0,Hugo Lloris,4-4-2,11,4,16.0,3,0,0,Craig Pawson,2021-04-04,Sun,14:05
297,2021,30,Aston Villa,Fulham,1,0,0,3,1,1.5,1.0,53,47,Tyrone Mings,4-2-3-1,14,4,19.7,0,0,0,Joachim Andersen,4-2-3-1,15,7,22.5,0,0,0,Andy Madley,2021-04-04,Sun,16:30
298,2021,30,Manchester United,Brighton And Hove Albion,1,0,0,2,1,1.5,1.2,57,43,Harry Maguire,4-2-3-1,15,7,18.4,0,0,0,Lewis Dunk,3-4-1-2,5,3,10.3,0,0,0,Mike Dean,2021-04-04,Sun,19:30
299,2021,30,Everton,Crystal Palace,0,0,1,1,1,2.5,0.7,48,52,Séamus Coleman,3-4-1-2,15,7,15.1,1,0,0,Luka Milivojević,4-4-2,13,6,20.1,0,0,0,Kevin Friend,2021-04-05,Mon,18:00
300,2021,30,Wolverhampton Wanderers,West Ham United,0,1,0,2,3,2.1,1.2,65,35,Conor Coady,4-2-3-1,20,5,15.6,0,0,0,Mark Noble,4-2-3-1,9,6,12.6,0,0,0,Michael Oliver,2021-04-05,Mon,20:15
301,2021,31,Fulham,Wolverhampton Wanderers,0,1,0,0,1,0.9,0.5,50,50,Joachim Andersen,3-4-3,14,3,17.3,0,0,0,Conor Coady,4-2-3-1,7,3,14.9,1,0,0,Jonathan Moss,2021-04-09,Fri,20:00
302,2021,31,Manchester City,Leeds United,0,1,0,1,2,2.1,0.1,71,29,Fernandinho,4-3-3,29,7,18.9,1,0,0,Liam Cooper,4-1-4-1,2,2,20.5,0,0,0,Andre Marriner,2021-04-10,Sat,12:30
303,2021,31,Liverpool,Aston Villa,1,0,0,2,1,2.3,0.5,65,35,James Milner,4-3-3,23,10,16.7,1,0,0,Tyrone Mings,4-3-3,9,5,17.4,0,0,0,Paul Tierney,2021-04-10,Sat,15:00
304,2021,31,Crystal Palace,Chelsea,0,1,0,1,4,0.4,3.1,36,64,Luka Milivojević,4-4-2,1,1,5.9,0,0,0,César Azpilicueta,3-4-3,23,9,13.6,0,0,0,Michael Oliver,2021-04-10,Sat,17:30
305,2021,31,Burnley,Newcastle United,0,1,0,1,2,2.0,1.2,56,44,Ben Mee,4-4-2,24,4,15.3,1,0,0,Jonjo Shelvey,5-3-2,10,4,12.7,0,0,0,Anthony Taylor,2021-04-11,Sun,12:00
306,2021,31,West Ham United,Leicester City,1,0,0,3,2,0.8,0.9,37,63,Mark Noble,3-4-1-2,4,4,15.4,0,0,0,Kasper Schmeichel,3-5-2,15,4,16.2,0,0,0,Mike Dean,2021-04-11,Sun,14:05
307,2021,31,Tottenham Hotspur,Manchester United,0,1,0,1,3,0.9,2.1,47,53,Hugo Lloris,4-3-3,12,3,16.5,0,0,0,Harry Maguire,4-2-3-1,12,7,15.0,0,0,0,Chris Kavanagh,2021-04-11,Sun,16:30
308,2021,31,Sheffield United,Arsenal,0,1,0,0,3,0.3,1.7,45,55,John Egan,3-5-2,7,2,20.0,0,0,0,Alexandre Lacazette,4-2-3-1,14,5,18.3,1,0,0,Peter Bankes,2021-04-11,Sun,19:00
309,2021,31,West Bromwich Albion,Southampton,1,0,0,3,0,3.0,1.5,40,60,Kyle Bartley,4-4-1-1,14,5,14.9,1,1,1,James Ward-Prowse,4-4-2,13,3,19.4,1,0,1,Simon Hooper,2021-04-12,Mon,18:00
310,2021,31,Brighton And Hove Albion,Everton,0,0,1,0,0,1.2,0.4,55,45,Lewis Dunk,3-4-3,23,3,19.0,2,0,0,Séamus Coleman,5-3-2,8,1,22.0,1,0,0,Darren England,2021-04-12,Mon,20:15
311,2021,32,Everton,Tottenham Hotspur,0,0,1,2,2,1.8,1.4,53,47,Gylfi Sigurðsson,4-4-2,17,6,18.5,1,1,1,Hugo Lloris,3-4-1-2,12,3,19.3,0,0,0,Michael Oliver,2021-04-16,Fri,20:00
312,2021,32,Newcastle United,West Ham United,1,0,0,3,2,2.2,1.9,34,66,Jonjo Shelvey,5-3-2,16,6,19.1,0,0,0,Mark Noble,3-4-1-2,15,5,19.3,0,1,1,Kevin Friend,2021-04-17,Sat,12:30
313,2021,32,Wolverhampton Wanderers,Sheffield United,1,0,0,1,0,1.1,0.5,48,52,Conor Coady,3-4-3,10,4,13.6,0,0,0,John Egan,3-4-3,8,2,20.9,0,0,0,Robert Jones,2021-04-17,Sat,20:15
314,2021,32,Arsenal,Fulham,0,0,1,1,1,2.7,0.9,69,31,Héctor Bellerín,4-2-3-1,18,5,16.0,1,0,0,Joachim Andersen,4-4-2,2,0,29.8,0,1,1,Craig Pawson,2021-04-18,Sun,13:30
315,2021,32,Manchester United,Burnley,1,0,0,3,1,2.5,0.9,69,31,Harry Maguire,4-2-3-1,17,8,12.9,0,0,0,Ben Mee,4-4-1-1,10,3,19.0,0,0,0,Jonathan Moss,2021-04-18,Sun,16:00
316,2021,32,Leeds United,Liverpool,0,0,1,1,1,2.3,1.4,61,39,Luke Ayling,4-1-4-1,12,5,12.0,0,0,0,James Milner,4-3-3,17,7,17.1,0,0,0,Anthony Taylor,2021-04-19,Mon,20:00
317,2021,32,Chelsea,Brighton And Hove Albion,0,0,1,0,0,0.7,0.5,64,36,Jorginho,3-4-3,7,4,16.9,0,0,0,Lewis Dunk,3-1-4-2,11,2,23.6,1,0,0,Stuart Attwell,2021-04-20,Tue,20:15
318,2021,29,Tottenham Hotspur,Southampton,1,0,0,2,1,1.4,0.8,62,38,Hugo Lloris,4-2-3-1,11,2,19.0,1,1,1,James Ward-Prowse,4-4-2,10,5,19.3,0,0,0,David Coote,2021-04-21,Wed,18:00
319,2021,32,Aston Villa,Manchester City,0,1,0,1,2,0.7,1.2,28,72,Tyrone Mings,4-1-4-1,8,3,14.6,0,0,0,İlkay Gündoğan,4-3-3,13,3,19.3,2,0,0,Peter Bankes,2021-04-21,Wed,20:15
320,2021,32,Leicester City,West Bromwich Albion,1,0,0,3,0,2.1,0.5,72,28,Kasper Schmeichel,3-4-1-2,17,7,20.5,1,0,0,Kyle Bartley,4-4-1-1,4,1,15.2,0,0,0,Andy Madley,2021-04-22,Thu,20:00
321,2021,33,Arsenal,Everton,0,1,0,0,1,0.8,0.5,59,41,Rob Holding,4-2-3-1,14,3,18.3,0,0,0,Séamus Coleman,4-2-3-1,8,1,20.8,2,0,0,Jonathan Moss,2021-04-23,Fri,20:00
322,2021,33,Liverpool,Newcastle United,0,0,1,1,1,2.4,1.0,68,32,Georginio Wijnaldum,4-4-2,22,9,17.6,1,0,0,Jonjo Shelvey,5-3-2,7,4,16.0,0,0,0,Andre Marriner,2021-04-24,Sat,12:30
323,2021,33,West Ham United,Chelsea,0,1,0,0,1,0.4,2.5,45,55,Mark Noble,3-4-1-2,9,2,23.2,1,0,0,César Azpilicueta,3-4-3,17,6,18.8,1,0,0,Chris Kavanagh,2021-04-24,Sat,17:30
324,2021,33,Sheffield United,Brighton And Hove Albion,1,0,0,1,0,0.7,2.0,32,68,John Egan,3-4-1-2,7,3,17.8,0,0,0,Lewis Dunk,3-4-1-2,17,4,16.7,0,0,0,Kevin Friend,2021-04-24,Sat,20:00
325,2021,33,Wolverhampton Wanderers,Burnley,0,1,0,0,4,0.4,2.0,58,42,Conor Coady,3-4-1-2,12,2,24.8,1,0,0,Ben Mee,4-4-2,14,7,18.8,0,0,0,Darren England,2021-04-25,Sun,12:00
326,2021,33,Leeds United,Manchester United,0,0,1,0,0,0.3,1.2,44,56,Luke Ayling,4-1-4-1,6,3,21.9,0,0,0,Harry Maguire,4-2-3-1,16,4,18.4,3,0,0,Craig Pawson,2021-04-25,Sun,14:00
327,2021,33,Aston Villa,West Bromwich Albion,0,0,1,2,2,3.2,1.5,70,30,Tyrone Mings,4-2-3-1,23,10,16.1,0,1,1,Kyle Bartley,4-1-4-1,9,3,22.4,2,1,1,Stuart Attwell,2021-04-25,Sun,19:00
328,2021,33,Leicester City,Crystal Palace,1,0,0,2,1,1.5,0.7,66,34,Kasper Schmeichel,3-4-1-2,13,5,17.0,1,0,0,Luka Milivojević,4-3-3,4,2,14.6,0,0,0,Graham Scott,2021-04-26,Mon,20:00
329,2021,34,Southampton,Leicester City,0,0,1,1,1,0.9,1.9,30,70,James Ward-Prowse,4-4-2,4,2,24.4,0,1,1,Kasper Schmeichel,3-4-1-2,23,9,18.6,1,0,0,Robert Jones,2021-04-30,Fri,20:00
330,2021,34,Crystal Palace,Manchester City,0,1,0,0,2,0.9,1.7,32,68,Luka Milivojević,4-3-3,9,4,19.6,0,0,0,Fernandinho,4-4-1-1,20,3,14.6,1,0,0,David Coote,2021-05-01,Sat,12:30
331,2021,34,Brighton And Hove Albion,Leeds United,1,0,0,2,0,2.3,0.6,42,58,Lewis Dunk,3-4-1-2,16,4,18.4,0,1,1,Luke Ayling,4-1-4-1,11,2,21.6,0,0,0,Chris Kavanagh,2021-05-01,Sat,15:00
332,2021,34,Chelsea,Fulham,1,0,0,2,0,1.7,0.3,49,51,Thiago Silva,3-5-2,9,5,14.4,1,0,0,Joachim Andersen,4-2-3-1,10,3,20.6,0,0,0,Kevin Friend,2021-05-01,Sat,17:30
333,2021,34,Everton,Aston Villa,0,1,0,1,2,1.0,1.6,47,53,Séamus Coleman,4-2-3-1,16,3,19.6,0,0,0,Tyrone Mings,4-2-3-1,13,5,19.6,1,0,0,Simon Hooper,2021-05-01,Sat,20:00
334,2021,34,Newcastle United,Arsenal,0,1,0,0,2,0.3,2.0,39,61,Jonjo Shelvey,5-3-2,5,1,20.4,0,0,0,Pierre-Emerick Aubameyang,4-2-3-1,19,4,17.0,1,0,0,Mike Dean,2021-05-02,Sun,14:00
335,2021,34,Tottenham Hotspur,Sheffield United,1,0,0,4,0,2.2,0.5,66,34,Hugo Lloris,4-2-3-1,20,10,19.6,2,0,0,John Egan,3-4-1-2,8,1,18.2,0,0,0,Andre Marriner,2021-05-02,Sun,19:15
336,2021,34,West Bromwich Albion,Wolverhampton Wanderers,0,0,1,1,1,1.1,1.0,43,57,Kyle Bartley,3-5-1-1,10,3,15.7,0,0,0,Conor Coady,4-2-3-1,20,10,19.0,0,0,0,Paul Tierney,2021-05-03,Mon,18:00
337,2021,34,Burnley,West Ham United,0,1,0,1,2,2.0,2.3,45,55,Ben Mee,4-4-2,7,1,12.3,0,1,1,Aaron Cresswell,4-2-3-1,22,4,16.9,1,0,0,Anthony Taylor,2021-05-03,Mon,20:15
338,2021,35,Leicester City,Newcastle United,0,1,0,2,4,2.2,2.7,68,32,Kasper Schmeichel,3-4-1-2,25,9,16.2,1,0,0,Jonjo Shelvey,5-3-2,14,6,17.2,2,0,0,Darren England,2021-05-07,Fri,20:00
339,2021,35,Leeds United,Tottenham Hotspur,1,0,0,3,1,2.5,0.9,53,47,Luke Ayling,4-1-4-1,16,7,15.0,0,0,0,Hugo Lloris,4-2-3-1,11,3,16.8,1,0,0,Michael Oliver,2021-05-08,Sat,12:30
340,2021,35,Sheffield United,Crystal Palace,0,1,0,0,2,0.7,2.0,50,50,John Egan,3-5-2,7,0,13.4,1,0,0,Luka Milivojević,4-3-3,21,8,16.1,1,0,0,Simon Hooper,2021-05-08,Sat,15:00
341,2021,35,Manchester City,Chelsea,0,1,0,1,2,1.8,0.7,48,52,Raheem Sterling,3-1-4-2,15,3,20.0,0,0,1,César Azpilicueta,3-4-3,12,5,22.3,1,0,0,Anthony Taylor,2021-05-08,Sat,17:30
342,2021,35,Liverpool,Southampton,1,0,0,2,0,1.7,1.1,54,46,Georginio Wijnaldum,4-3-3,14,6,13.6,0,0,0,James Ward-Prowse,4-4-2,12,6,20.3,0,0,0,Kevin Friend,2021-05-08,Sat,20:15
343,2021,35,Wolverhampton Wanderers,Brighton And Hove Albion,1,0,0,2,1,1.1,0.3,61,39,Conor Coady,4-2-3-1,16,6,20.5,1,0,0,Lewis Dunk,4-4-1-1,5,3,12.8,0,0,0,Jonathan Moss,2021-05-09,Sun,12:00
344,2021,35,Aston Villa,Manchester United,0,1,0,1,3,0.5,1.7,41,59,Tyrone Mings,4-2-3-1,11,5,20.5,0,0,0,Harry Maguire,4-2-3-1,17,6,21.5,0,1,1,Chris Kavanagh,2021-05-09,Sun,14:05
345,2021,35,West Ham United,Everton,0,1,0,0,1,1.3,1.5,68,32,Aaron Cresswell,4-2-3-1,11,0,15.8,0,0,0,Séamus Coleman,4-4-2,9,3,12.5,1,0,0,Stuart Attwell,2021-05-09,Sun,16:30
346,2021,35,Arsenal,West Bromwich Albion,1,0,0,3,1,0.9,1.8,65,35,Rob Holding,4-2-3-1,15,7,19.7,1,0,0,Kyle Bartley,4-4-1-1,12,1,19.3,0,0,0,Peter Bankes,2021-05-09,Sun,19:00
347,2021,35,Fulham,Burnley,0,1,0,0,2,1.0,1.5,68,32,Joachim Andersen,4-2-3-1,21,3,18.2,0,0,0,Ben Mee,4-4-2,14,5,14.6,0,0,0,David Coote,2021-05-10,Mon,20:00
348,2021,36,Manchester United,Leicester City,0,1,0,1,2,0.2,0.9,53,47,Nemanja Matić,4-2-3-1,4,1,12.3,0,0,0,Kasper Schmeichel,4-4-2,12,3,20.3,1,0,0,Craig Pawson,2021-05-11,Tue,18:00
349,2021,32,Southampton,Crystal Palace,1,0,0,3,1,1.2,1.5,62,38,James Ward-Prowse,4-4-2,13,6,15.8,1,0,0,Luka Milivojević,4-3-3,10,3,18.9,1,0,1,Andy Madley,2021-05-11,Tue,20:15
350,2021,36,Chelsea,Arsenal,0,1,0,0,1,1.8,0.6,67,33,César Azpilicueta,3-4-3,19,4,15.0,0,0,0,Pierre-Emerick Aubameyang,3-4-3,5,2,20.7,0,0,0,Andre Marriner,2021-05-12,Wed,20:15
351,2021,19,Aston Villa,Everton,0,0,1,0,0,0.6,1.0,58,42,Tyrone Mings,4-2-3-1,13,2,19.2,1,0,0,Séamus Coleman,4-4-2,15,5,14.6,1,0,0,Martin Atkinson,2021-05-13,Thu,18:00
352,2021,34,Manchester United,Liverpool,0,1,0,2,4,1.9,2.7,53,47,Bruno Fernandes,4-2-3-1,18,2,15.5,1,0,0,Georginio Wijnaldum,4-3-3,17,8,14.9,0,0,0,Anthony Taylor,2021-05-13,Thu,20:15
353,2021,36,Newcastle United,Manchester City,0,1,0,3,4,2.2,1.5,18,82,Jonjo Shelvey,5-3-2,9,3,17.8,1,1,2,Raheem Sterling,4-3-3,15,6,20.0,1,0,0,Kevin Friend,2021-05-14,Fri,20:00
354,2021,36,Burnley,Leeds United,0,1,0,0,4,1.3,1.5,48,52,Ben Mee,4-4-2,16,4,17.9,1,0,0,Luke Ayling,3-3-3-1,16,6,16.8,0,0,0,Graham Scott,2021-05-15,Sat,12:30
355,2021,36,Southampton,Fulham,1,0,0,3,1,1.6,0.8,47,53,James Ward-Prowse,4-4-2,11,6,14.2,1,0,0,Joachim Andersen,3-4-3,10,3,16.8,0,0,0,Craig Pawson,2021-05-15,Sat,15:00
356,2021,36,Brighton And Hove Albion,West Ham United,0,0,1,1,1,0.8,1.7,51,49,Pascal Groß,3-4-3,10,2,23.8,0,0,0,Declan Rice,4-2-3-1,15,2,18.6,0,0,0,Andre Marriner,2021-05-15,Sat,20:00
357,2021,36,Crystal Palace,Aston Villa,1,0,0,3,2,1.9,1.4,45,55,Gary Cahill,4-3-3,23,8,18.0,2,0,0,John McGinn,4-3-3,19,5,17.9,2,0,0,David Coote,2021-05-16,Sun,12:00
358,2021,36,Tottenham Hotspur,Wolverhampton Wanderers,1,0,0,2,0,3.2,0.9,62,38,Hugo Lloris,4-2-3-1,24,11,17.3,1,0,0,Conor Coady,4-2-3-1,15,3,17.6,0,0,0,Martin Atkinson,2021-05-16,Sun,14:05
359,2021,36,West Bromwich Albion,Liverpool,0,1,0,1,2,1.0,1.9,24,76,Kyle Bartley,4-4-1-1,9,3,15.6,1,0,0,Roberto Firmino,4-3-3,26,6,18.3,1,0,0,Mike Dean,2021-05-16,Sun,16:30
360,2021,36,Everton,Sheffield United,0,1,0,0,1,1.4,1.2,62,38,Séamus Coleman,4-2-3-1,16,6,15.9,0,0,0,John Egan,3-4-3,10,3,18.5,0,0,0,Jonathan Moss,2021-05-16,Sun,19:00
361,2021,37,Manchester United,Fulham,0,0,1,1,1,0.9,0.9,57,43,Bruno Fernandes,4-2-3-1,13,6,21.7,2,0,0,Tim Ream,3-4-3,8,5,16.8,0,0,0,Lee Mason,2021-05-18,Tue,18:00
362,2021,37,Southampton,Leeds United,0,1,0,0,2,1.6,1.7,51,49,James Ward-Prowse,4-4-2,18,3,21.4,1,0,0,Liam Cooper,3-3-3-1,15,7,18.8,0,0,0,Peter Bankes,2021-05-18,Tue,18:00
363,2021,37,Brighton And Hove Albion,Manchester City,1,0,0,3,2,1.1,0.9,63,37,Pascal Groß,3-5-2,19,6,19.7,1,0,0,İlkay Gündoğan,4-3-3,8,4,14.2,1,0,0,Stuart Attwell,2021-05-18,Tue,19:00
364,2021,37,Chelsea,Leicester City,1,0,0,2,1,3.1,0.8,58,42,César Azpilicueta,3-4-3,16,5,13.8,0,1,1,Kasper Schmeichel,3-4-3,7,3,19.0,0,0,0,Mike Dean,2021-05-18,Tue,20:15
365,2021,37,Everton,Wolverhampton Wanderers,1,0,0,1,0,0.7,0.3,41,59,Séamus Coleman,4-4-2,14,4,15.9,0,0,0,Conor Coady,3-4-1-2,9,3,21.5,0,0,0,Andy Madley,2021-05-19,Wed,18:00
366,2021,37,Tottenham Hotspur,Aston Villa,0,1,0,1,2,0.8,1.4,60,40,Hugo Lloris,4-2-3-1,10,4,17.6,0,0,0,Jack Grealish,4-2-3-1,20,4,17.0,0,0,0,Craig Pawson,2021-05-19,Wed,18:00
367,2021,37,Newcastle United,Sheffield United,1,0,0,1,0,1.6,0.9,51,49,Jonjo Shelvey,5-3-2,16,5,19.2,2,0,0,John Egan,3-4-3,11,1,18.3,1,0,0,Robert Jones,2021-05-19,Wed,18:00
368,2021,37,Crystal Palace,Arsenal,0,1,0,1,3,1.0,1.8,32,68,Gary Cahill,4-3-3,12,6,13.6,0,0,0,Pierre-Emerick Aubameyang,4-2-3-1,6,3,14.2,0,0,0,Anthony Taylor,2021-05-19,Wed,19:00
369,2021,37,Burnley,Liverpool,0,1,0,0,3,0.8,2.6,41,59,Ben Mee,4-4-1-1,10,3,15.3,0,0,0,Georginio Wijnaldum,4-3-3,20,3,16.2,1,0,0,Chris Kavanagh,2021-05-19,Wed,20:15
370,2021,37,West Bromwich Albion,West Ham United,0,1,0,1,3,1.1,3.4,52,48,Kyle Bartley,4-4-1-1,14,4,19.5,1,0,0,Declan Rice,4-2-3-1,20,9,16.2,1,0,1,Michael Oliver,2021-05-19,Wed,20:15
371,2021,38,Leicester City,Tottenham Hotspur,0,1,0,2,4,1.9,1.5,47,53,Kasper Schmeichel,4-4-2,8,4,22.6,0,2,2,Hugo Lloris,4-2-3-1,11,4,13.9,0,0,0,Anthony Taylor,2021-05-23,Sun,16:00
372,2021,38,Fulham,Newcastle United,0,1,0,0,2,1.0,1.3,64,36,Tim Ream,3-4-3,14,0,19.6,0,0,0,Jonjo Shelvey,5-3-2,9,3,21.4,0,1,1,Chris Kavanagh,2021-05-23,Sun,16:00
373,2021,38,Liverpool,Crystal Palace,1,0,0,2,0,1.6,0.6,69,31,Georginio Wijnaldum,4-3-3,19,5,14.7,1,0,0,Gary Cahill,4-3-3,5,4,19.4,1,0,0,Craig Pawson,2021-05-23,Sun,16:00
374,2021,38,Leeds United,West Bromwich Albion,1,0,0,3,1,2.3,1.0,64,36,Liam Cooper,3-4-3,16,8,18.9,1,1,1,Kyle Bartley,5-3-2,14,5,18.9,0,0,0,David Coote,2021-05-23,Sun,16:00
375,2021,38,Arsenal,Brighton And Hove Albion,1,0,0,2,0,0.8,0.2,54,46,Pierre-Emerick Aubameyang,4-2-3-1,16,5,20.8,1,0,0,Lewis Dunk,4-3-3,5,1,22.6,0,0,0,Jonathan Moss,2021-05-23,Sun,16:00
376,2021,38,Sheffield United,Burnley,1,0,0,1,0,0.5,1.1,43,57,John Egan,3-4-3,12,3,17.4,0,0,0,James Tarkowski,4-4-1-1,10,3,13.4,0,0,0,Kevin Friend,2021-05-23,Sun,16:00
377,2021,38,West Ham United,Southampton,1,0,0,3,0,1.3,1.5,38,62,Declan Rice,4-2-3-1,14,7,15.9,0,0,0,James Ward-Prowse,4-4-2,17,5,17.0,0,0,0,Martin Atkinson,2021-05-23,Sun,16:00
378,2021,38,Manchester City,Everton,1,0,0,5,0,2.5,1.1,67,33,Fernandinho,4-3-3,21,11,15.6,0,0,0,Gylfi Sigurðsson,4-3-1-2,7,2,23.1,0,0,1,Michael Oliver,2021-05-23,Sun,16:00
379,2021,38,Wolverhampton Wanderers,Manchester United,0,1,0,1,2,0.9,2.0,57,43,Conor Coady,3-5-2,14,4,18.0,0,0,0,Nemanja Matić,4-2-3-1,8,3,18.6,0,1,1,Mike Dean,2021-05-23,Sun,16:00
380,2021,38,Aston Villa,Chelsea,1,0,0,2,1,1.1,3.3,29,71,Jack Grealish,4-2-3-1,5,2,21.4,0,1,1,César Azpilicueta,3-4-3,23,7,15.9,0,0,0,Stuart Attwell,2021-05-23,Sun,16:00
381,2022,1,Brentford,Arsenal,1,0,0,2,0,1.2,1.3,36,64,Pontus Jansson,3-5-2,8,3,12.1,0,0,0,Granit Xhaka,4-2-3-1,22,4,19.0,1,0,0,Michael Oliver,2021-08-13,Fri,20:00
382,2022,1,Manchester United,Leeds United,1,0,0,5,1,1.5,0.5,49,51,Harry Maguire,4-2-3-1,16,8,18.2,0,0,0,Liam Cooper,4-1-4-1,10,3,21.3,0,0,0,Paul Tierney,2021-08-14,Sat,12:30
383,2022,1,Everton,Southampton,1,0,0,3,1,2.4,0.8,48,52,Séamus Coleman,4-2-3-1,14,6,12.5,1,0,0,James Ward-Prowse,4-4-2,6,3,15.5,0,0,0,Andy Madley,2021-08-14,Sat,15:00
384,2022,1,Leicester City,Wolverhampton Wanderers,1,0,0,1,0,0.5,1.3,56,44,Kasper Schmeichel,4-2-3-1,9,5,17.1,0,0,0,Conor Coady,3-4-3,17,3,17.9,0,0,0,Craig Pawson,2021-08-14,Sat,15:00
385,2022,1,Burnley,Brighton And Hove Albion,0,1,0,1,2,1.5,1.0,37,63,Ben Mee,4-4-2,14,3,16.2,1,0,0,Lewis Dunk,4-1-4-1,14,6,14.9,1,0,0,David Coote,2021-08-14,Sat,15:00
386,2022,1,Chelsea,Crystal Palace,1,0,0,3,0,0.7,0.2,62,38,César Azpilicueta,3-4-3,13,6,21.0,4,0,0,James McArthur,4-4-2,4,1,10.8,0,0,0,Jonathan Moss,2021-08-14,Sat,15:00
387,2022,1,Watford,Aston Villa,1,0,0,3,2,1.2,1.2,38,62,Tom Cleverley,4-1-4-1,13,7,17.9,0,0,0,Tyrone Mings,4-2-3-1,10,1,22.8,1,1,1,Mike Dean,2021-08-14,Sat,15:00
388,2022,1,Norwich City,Liverpool,0,1,0,0,3,1.4,1.6,50,50,Grant Hanley,4-3-3,14,3,17.1,0,0,0,James Milner,4-3-3,19,6,17.3,1,0,0,Andre Marriner,2021-08-14,Sat,17:30
389,2022,1,Newcastle United,West Ham United,0,1,0,2,4,1.8,2.7,46,54,Federico Fernández,5-3-2,17,3,16.3,0,0,0,Declan Rice,4-2-3-1,17,7,17.1,1,0,1,Martin Atkinson,2021-08-15,Sun,14:00
390,2022,1,Tottenham Hotspur,Manchester City,1,0,0,1,0,1.0,1.8,35,65,Hugo Lloris,4-3-3,13,2,20.3,0,0,0,Fernandinho,4-3-3,18,4,17.3,1,0,0,Anthony Taylor,2021-08-15,Sun,16:30
391,2022,2,Liverpool,Burnley,1,0,0,2,0,2.7,0.9,65,35,Jordan Henderson,4-3-3,27,8,16.1,0,0,0,Ben Mee,4-4-2,9,3,15.3,0,0,0,Mike Dean,2021-08-21,Sat,12:30
392,2022,2,Leeds United,Everton,0,0,1,2,2,1.2,1.8,69,31,Liam Cooper,3-3-3-1,17,4,20.9,0,0,0,Séamus Coleman,4-4-1-1,16,7,20.9,0,1,1,Darren England,2021-08-21,Sat,15:00
393,2022,2,Aston Villa,Newcastle United,1,0,0,2,0,1.2,0.7,47,53,Tyrone Mings,4-3-3,9,1,19.5,0,1,1,Jamaal Lascelles,5-3-2,9,1,16.1,0,0,0,David Coote,2021-08-21,Sat,15:00
394,2022,2,Manchester City,Norwich City,1,0,0,5,0,2.6,0.1,67,33,İlkay Gündoğan,4-3-3,16,4,18.5,1,0,0,Grant Hanley,4-3-3,1,0,16.8,0,0,0,Graham Scott,2021-08-21,Sat,15:00
395,2022,2,Crystal Palace,Brentford,0,0,1,0,0,0.5,0.9,53,47,James McArthur,4-3-3,7,2,15.9,0,0,0,Pontus Jansson,3-5-2,14,3,18.0,1,0,0,Martin Atkinson,2021-08-21,Sat,15:00
396,2022,2,Brighton And Hove Albion,Watford,1,0,0,2,0,1.3,0.5,56,44,Lewis Dunk,4-4-1-1,13,3,16.9,0,0,0,Tom Cleverley,4-1-4-1,10,1,19.3,0,0,0,Anthony Taylor,2021-08-21,Sat,17:30
397,2022,2,Southampton,Manchester United,0,0,1,1,1,0.7,1.8,37,63,James Ward-Prowse,4-4-2,8,3,21.5,2,0,0,Harry Maguire,4-2-3-1,15,3,15.1,1,0,0,Craig Pawson,2021-08-22,Sun,14:00
398,2022,2,Wolverhampton Wanderers,Tottenham Hotspur,0,1,0,0,1,1.7,1.7,58,42,Conor Coady,3-4-3,25,6,20.3,0,0,0,Hugo Lloris,4-3-3,7,5,14.6,0,1,1,Stuart Attwell,2021-08-22,Sun,14:00
399,2022,2,Arsenal,Chelsea,0,1,0,0,2,0.3,3.1,35,65,Granit Xhaka,4-2-3-1,6,3,18.7,0,0,0,César Azpilicueta,3-4-3,22,5,16.0,0,0,0,Paul Tierney,2021-08-22,Sun,16:30
400,2022,2,West Ham United,Leicester City,1,0,0,4,1,2.3,0.6,52,48,Declan Rice,4-2-3-1,19,7,13.9,0,0,0,Kasper Schmeichel,4-2-3-1,5,1,14.3,0,0,0,Michael Oliver,2021-08-23,Mon,20:00
401,2022,3,Manchester City,Arsenal,1,0,0,5,0,4.4,0.2,80,20,İlkay Gündoğan,4-3-3,25,10,14.8,0,0,0,Pierre-Emerick Aubameyang,5-4-1,1,0,6.8,0,0,0,Martin Atkinson,2021-08-28,Sat,12:30
402,2022,3,Brighton And Hove Albion,Everton,0,1,0,0,2,0.7,1.4,65,35,Lewis Dunk,3-4-3,14,3,22.3,2,0,0,Séamus Coleman,4-4-1-1,13,4,21.2,0,1,1,Jonathan Moss,2021-08-28,Sat,15:00
403,2022,3,Newcastle United,Southampton,0,0,1,2,2,1.0,3.6,37,63,Jamaal Lascelles,3-5-2,10,4,16.5,1,0,0,James Ward-Prowse,4-4-2,21,5,19.2,1,1,1,Paul Tierney,2021-08-28,Sat,15:00
404,2022,3,Aston Villa,Brentford,0,0,1,1,1,0.7,0.9,46,54,Ezri Konsa,4-1-4-1,7,5,13.8,0,0,0,Pontus Jansson,3-4-1-2,9,2,15.6,0,0,0,Peter Bankes,2021-08-28,Sat,15:00
405,2022,3,Norwich City,Leicester City,0,1,0,1,2,1.5,1.5,45,55,Grant Hanley,4-3-3,13,3,22.6,1,1,1,Kasper Schmeichel,4-4-2,9,3,16.0,0,0,0,Robert Jones,2021-08-28,Sat,15:00
406,2022,3,West Ham United,Crystal Palace,0,0,1,2,2,1.3,1.1,47,53,Declan Rice,4-2-3-1,14,4,15.2,0,0,0,James McArthur,4-3-3,9,2,15.2,0,0,0,Stuart Attwell,2021-08-28,Sat,15:00
407,2022,3,Liverpool,Chelsea,0,0,1,1,1,2.5,0.6,65,35,Jordan Henderson,4-3-3,23,6,16.2,0,1,1,César Azpilicueta,3-4-3,6,3,12.5,0,0,0,Anthony Taylor,2021-08-28,Sat,17:30
408,2022,3,Tottenham Hotspur,Watford,1,0,0,1,0,1.0,0.8,57,43,Hugo Lloris,4-3-3,15,8,18.8,3,0,0,Craig Cathcart,4-1-4-1,9,2,16.3,1,0,0,Andre Marriner,2021-08-29,Sun,14:00
409,2022,3,Burnley,Leeds United,0,0,1,1,1,1.0,1.2,36,64,Ben Mee,4-4-2,12,3,16.5,0,0,0,Liam Cooper,3-3-3-1,12,2,16.1,0,0,0,Michael Oliver,2021-08-29,Sun,14:00
410,2022,3,Wolverhampton Wanderers,Manchester United,0,1,0,0,1,2.1,0.6,44,56,Conor Coady,3-4-3,15,5,15.9,0,0,0,Harry Maguire,4-2-3-1,10,3,18.8,1,0,0,Mike Dean,2021-08-29,Sun,16:30
411,2022,4,Crystal Palace,Tottenham Hotspur,1,0,0,3,0,2.1,0.1,62,38,James McArthur,4-3-3,17,3,17.5,1,1,1,Hugo Lloris,4-1-2-1-2◆,2,1,19.1,0,0,0,Jonathan Moss,2021-09-11,Sat,12:30
412,2022,4,Manchester United,Newcastle United,1,0,0,4,1,2.5,0.4,63,37,Harry Maguire,4-2-3-1,21,6,20.5,0,0,0,Jamaal Lascelles,5-4-1,12,3,22.5,0,0,0,Anthony Taylor,2021-09-11,Sat,15:00
413,2022,4,Southampton,West Ham United,0,0,1,0,0,0.7,0.7,42,58,James Ward-Prowse,4-1-4-1,11,2,14.2,0,0,0,Declan Rice,4-2-3-1,13,3,20.0,1,0,0,David Coote,2021-09-11,Sat,15:00
414,2022,4,Brentford,Brighton And Hove Albion,0,1,0,0,1,0.4,0.3,41,59,Pontus Jansson,3-5-2,7,1,20.3,0,0,0,Lewis Dunk,3-4-1-2,4,2,19.0,0,0,0,Graham Scott,2021-09-11,Sat,15:00
415,2022,4,Arsenal,Norwich City,1,0,0,1,0,2.7,0.7,51,49,Pierre-Emerick Aubameyang,4-2-3-1,30,6,16.9,1,0,0,Grant Hanley,4-3-3,10,1,19.9,1,0,0,Michael Oliver,2021-09-11,Sat,15:00
416,2022,4,Leicester City,Manchester City,0,1,0,0,1,0.6,2.8,39,61,Kasper Schmeichel,4-2-3-1,6,1,12.1,0,0,0,İlkay Gündoğan,4-3-3,25,8,14.3,0,0,0,Paul Tierney,2021-09-11,Sat,15:00
417,2022,4,Watford,Wolverhampton Wanderers,0,1,0,0,2,0.2,2.2,45,55,William Troost-Ekong,4-1-4-1,6,2,23.1,0,0,0,Conor Coady,3-4-3,14,5,16.4,1,0,0,Peter Bankes,2021-09-11,Sat,15:00
418,2022,4,Chelsea,Aston Villa,1,0,0,3,0,1.3,1.2,57,43,Marcos Alonso,3-4-3,12,4,22.6,0,0,0,Tyrone Mings,5-3-2,18,6,18.6,0,0,0,Stuart Attwell,2021-09-11,Sat,17:30
419,2022,4,Leeds United,Liverpool,0,1,0,0,3,1.2,4.3,44,56,Liam Cooper,4-1-4-1,9,4,15.2,0,0,0,Virgil van Dijk,4-3-3,30,8,16.1,1,0,0,Craig Pawson,2021-09-12,Sun,16:30
420,2022,4,Everton,Burnley,1,0,0,3,1,1.4,1.0,52,48,Séamus Coleman,3-4-3,14,6,19.5,1,0,0,Ben Mee,4-4-2,11,6,16.8,0,0,0,Martin Atkinson,2021-09-13,Mon,20:00
421,2022,5,Newcastle United,Leeds United,0,0,1,1,1,1.3,1.5,35,65,Jamaal Lascelles,5-4-1,17,7,19.2,0,0,0,Liam Cooper,4-1-4-1,22,9,20.4,0,0,0,Mike Dean,2021-09-17,Fri,20:00
422,2022,5,Wolverhampton Wanderers,Brentford,0,1,0,0,2,0.6,2.5,62,38,Conor Coady,3-4-3,11,0,22.8,1,0,0,Pontus Jansson,3-5-2,8,2,18.7,0,1,1,Darren England,2021-09-18,Sat,12:30
423,2022,5,Liverpool,Crystal Palace,1,0,0,3,0,3.1,0.6,59,41,Jordan Henderson,4-3-3,25,10,16.4,1,0,0,James McArthur,4-3-3,13,2,19.0,1,0,0,Andy Madley,2021-09-18,Sat,15:00
424,2022,5,Burnley,Arsenal,0,1,0,0,1,1.0,1.1,46,54,Ben Mee,4-4-2,18,3,15.4,0,0,0,Pierre-Emerick Aubameyang,4-1-4-1,13,3,20.7,1,0,0,Anthony Taylor,2021-09-18,Sat,15:00
425,2022,5,Manchester City,Southampton,0,0,1,0,0,1.0,0.4,64,36,Fernandinho,4-3-3,16,1,16.4,1,0,0,James Ward-Prowse,4-4-2,10,2,19.8,0,0,0,Jonathan Moss,2021-09-18,Sat,15:00
426,2022,5,Norwich City,Watford,0,1,0,1,3,1.0,2.4,49,51,Grant Hanley,4-3-3,12,5,20.7,1,0,0,Tom Cleverley,4-2-3-1,12,8,13.5,0,0,0,Robert Jones,2021-09-18,Sat,15:00
427,2022,5,Aston Villa,Everton,1,0,0,3,0,0.8,0.7,55,45,Tyrone Mings,5-3-2,15,3,19.3,1,0,0,Lucas Digne,4-4-1-1,11,1,16.2,1,0,0,Craig Pawson,2021-09-18,Sat,17:30
428,2022,5,West Ham United,Manchester United,0,1,0,1,2,1.6,2.0,40,60,Declan Rice,4-4-2,12,3,22.0,0,0,1,Harry Maguire,4-2-3-1,17,10,17.1,0,0,0,Martin Atkinson,2021-09-19,Sun,14:00
429,2022,5,Brighton And Hove Albion,Leicester City,1,0,0,2,1,1.7,1.6,37,63,Lewis Dunk,4-4-2,11,4,16.9,2,1,1,Kasper Schmeichel,4-3-3,14,3,19.9,0,0,0,Stuart Attwell,2021-09-19,Sun,14:00
430,2022,5,Tottenham Hotspur,Chelsea,0,1,0,0,3,0.5,2.1,47,53,Hugo Lloris,4-3-2-1,8,2,20.0,1,0,0,César Azpilicueta,3-4-3,20,9,14.5,0,0,0,Paul Tierney,2021-09-19,Sun,16:30
431,2022,6,Chelsea,Manchester City,0,1,0,0,1,0.2,1.7,41,59,César Azpilicueta,3-5-2,5,0,27.9,1,0,0,Rúben Dias,4-3-3,15,3,17.1,0,0,0,Michael Oliver,2021-09-25,Sat,12:30
432,2022,6,Manchester United,Aston Villa,0,1,0,0,1,2.2,1.0,59,41,Harry Maguire,4-2-3-1,27,4,19.7,2,0,1,Tyrone Mings,3-5-2,7,3,14.1,1,0,0,Mike Dean,2021-09-25,Sat,12:30
433,2022,6,Leicester City,Burnley,0,0,1,2,2,2.4,0.5,66,34,Kasper Schmeichel,4-3-3,22,4,16.8,0,0,0,Ben Mee,4-4-2,9,3,22.7,1,0,0,Chris Kavanagh,2021-09-25,Sat,15:00
434,2022,6,Everton,Norwich City,1,0,0,2,0,1.9,0.5,47,53,Lucas Digne,4-4-1-1,10,3,18.8,0,1,1,Grant Hanley,5-3-2,10,2,22.3,1,0,0,David Coote,2021-09-25,Sat,15:00
435,2022,6,Watford,Newcastle United,0,0,1,1,1,0.9,1.9,53,47,Tom Cleverley,4-2-3-1,15,4,21.2,1,0,0,Federico Fernández,4-1-4-1,20,6,17.9,1,0,0,Jarred Gillett,2021-09-25,Sat,15:00
436,2022,6,Leeds United,West Ham United,0,1,0,1,2,1.2,1.6,53,47,Liam Cooper,4-1-4-1,15,5,19.5,0,0,0,Declan Rice,4-2-3-1,20,6,18.2,2,0,0,Kevin Friend,2021-09-25,Sat,15:00
437,2022,6,Brentford,Liverpool,0,0,1,3,3,2.1,2.8,33,67,Pontus Jansson,3-5-2,12,3,12.0,0,0,0,Jordan Henderson,4-3-3,16,5,17.0,1,0,0,Stuart Attwell,2021-09-25,Sat,17:30
438,2022,6,Southampton,Wolverhampton Wanderers,0,1,0,0,1,1.0,1.0,57,43,James Ward-Prowse,4-4-2,18,6,20.7,1,0,0,Conor Coady,3-4-3,5,3,13.5,0,0,0,Andy Madley,2021-09-26,Sun,14:00
439,2022,6,Arsenal,Tottenham Hotspur,1,0,0,3,1,1.1,1.0,46,54,Pierre-Emerick Aubameyang,4-2-3-1,12,7,17.7,0,0,0,Hugo Lloris,4-3-3,10,4,16.3,0,0,0,Craig Pawson,2021-09-26,Sun,16:30
440,2022,6,Crystal Palace,Brighton And Hove Albion,0,0,1,1,1,1.4,0.8,47,53,Luka Milivojević,4-3-3,7,2,24.1,1,1,1,Lewis Dunk,3-4-3,8,4,15.8,0,0,0,Andre Marriner,2021-09-27,Mon,20:00
441,2022,7,Manchester United,Everton,0,0,1,1,1,1.0,1.3,72,28,Bruno Fernandes,4-2-3-1,13,6,15.1,0,0,0,Lucas Digne,4-4-1-1,12,2,14.5,0,0,0,Michael Oliver,2021-10-02,Sat,12:30
442,2022,7,Wolverhampton Wanderers,Newcastle United,1,0,0,2,1,1.0,0.6,52,48,Conor Coady,3-4-3,7,3,19.7,0,0,0,Federico Fernández,4-1-4-1,8,2,16.5,1,0,0,Graham Scott,2021-10-02,Sat,15:00
443,2022,7,Burnley,Norwich City,0,0,1,0,0,1.2,0.6,56,44,James Tarkowski,4-4-2,14,4,16.6,1,0,0,Grant Hanley,5-3-2,10,2,20.7,2,0,0,Kevin Friend,2021-10-02,Sat,15:00
444,2022,7,Chelsea,Southampton,1,0,0,3,1,3.3,1.3,62,38,César Azpilicueta,3-4-3,20,9,12.8,0,0,0,James Ward-Prowse,4-4-2,5,1,24.0,0,1,1,Martin Atkinson,2021-10-02,Sat,15:00
445,2022,7,Leeds United,Watford,1,0,0,1,0,1.3,0.2,66,34,Liam Cooper,4-1-4-1,20,3,18.8,1,0,0,Ben Foster,4-2-3-1,5,1,19.4,0,0,0,Simon Hooper,2021-10-02,Sat,15:00
446,2022,7,Brighton And Hove Albion,Arsenal,0,0,1,0,0,1.1,0.4,58,42,Lewis Dunk,3-5-2,21,2,17.7,0,0,0,Pierre-Emerick Aubameyang,4-2-3-1,8,2,21.1,1,0,0,Jonathan Moss,2021-10-02,Sat,17:30
447,2022,7,Crystal Palace,Leicester City,0,0,1,2,2,1.5,1.2,60,40,Luka Milivojević,4-3-3,18,4,15.3,0,0,0,Kasper Schmeichel,4-4-2,9,5,17.9,0,0,0,Anthony Taylor,2021-10-03,Sun,14:00
448,2022,7,Tottenham Hotspur,Aston Villa,1,0,0,2,1,1.3,1.2,56,44,Hugo Lloris,4-2-3-1,17,7,20.5,2,0,0,Tyrone Mings,3-5-2,14,3,18.0,0,0,0,Chris Kavanagh,2021-10-03,Sun,14:00
449,2022,7,West Ham United,Brentford,0,1,0,1,2,1.5,1.2,59,41,Declan Rice,4-2-3-1,18,5,16.7,1,0,0,Pontus Jansson,3-5-2,13,6,13.9,1,0,0,Peter Bankes,2021-10-03,Sun,14:00
450,2022,7,Liverpool,Manchester City,0,0,1,2,2,0.9,1.2,49,51,Jordan Henderson,4-3-3,6,3,15.0,1,0,0,Rúben Dias,4-3-3,12,3,17.0,1,0,0,Paul Tierney,2021-10-03,Sun,16:30
451,2022,8,Watford,Liverpool,0,1,0,0,5,0.5,3.3,25,75,Moussa Sissoko,5-4-1,6,2,18.2,0,0,0,Jordan Henderson,4-3-3,19,8,16.0,0,0,0,Jonathan Moss,2021-10-16,Sat,12:30
452,2022,8,Leicester City,Manchester United,1,0,0,4,2,2.4,1.2,49,51,Kasper Schmeichel,3-4-1-2,22,11,18.4,1,0,0,Harry Maguire,4-2-3-1,18,6,21.0,0,0,0,Craig Pawson,2021-10-16,Sat,15:00
453,2022,8,Southampton,Leeds United,1,0,0,1,0,1.9,0.2,46,54,Oriol Romeu,4-4-2,19,4,18.7,1,0,0,Liam Cooper,3-3-3-1,3,0,21.7,0,0,0,David Coote,2021-10-16,Sat,15:00
454,2022,8,Manchester City,Burnley,1,0,0,2,0,2.1,0.9,70,30,Kevin De Bruyne,4-3-3,15,6,14.4,0,0,0,James Tarkowski,4-4-2,7,2,14.5,0,0,0,Martin Atkinson,2021-10-16,Sat,15:00
455,2022,8,Aston Villa,Wolverhampton Wanderers,0,1,0,2,3,1.0,2.0,48,52,Tyrone Mings,3-4-1-2,14,5,18.0,0,0,0,Conor Coady,3-4-3,9,4,14.4,1,0,0,Michael Oliver,2021-10-16,Sat,15:00
456,2022,8,Norwich City,Brighton And Hove Albion,0,0,1,0,0,1.2,0.8,36,64,Grant Hanley,5-3-2,15,2,21.7,1,0,0,Lewis Dunk,3-5-2,11,3,16.1,0,0,0,Peter Bankes,2021-10-16,Sat,15:00
457,2022,8,Brentford,Chelsea,0,1,0,0,1,1.4,0.3,45,55,Pontus Jansson,3-5-2,17,6,14.5,0,0,0,César Azpilicueta,3-5-2,5,1,24.7,2,0,0,Anthony Taylor,2021-10-16,Sat,17:30
458,2022,8,Everton,West Ham United,0,1,0,0,1,0.9,1.2,39,61,Séamus Coleman,4-4-1-1,15,2,14.7,0,0,0,Declan Rice,4-2-3-1,16,4,16.5,0,0,0,Stuart Attwell,2021-10-17,Sun,14:00
459,2022,8,Newcastle United,Tottenham Hotspur,0,1,0,2,3,0.4,1.7,36,64,Jamaal Lascelles,4-1-4-1,7,1,17.4,0,0,0,Hugo Lloris,4-2-3-1,14,4,17.9,1,0,0,Andre Marriner,2021-10-17,Sun,16:30
460,2022,8,Arsenal,Crystal Palace,0,0,1,2,2,1.7,0.7,54,46,Pierre-Emerick Aubameyang,4-1-4-1,17,6,17.6,1,0,0,Luka Milivojević,4-2-3-1,9,6,21.4,0,0,0,Mike Dean,2021-10-18,Mon,20:00
461,2022,9,Arsenal,Aston Villa,1,0,0,3,1,2.7,1.4,53,47,Pierre-Emerick Aubameyang,4-2-3-1,21,8,17.3,1,0,1,Tyrone Mings,3-4-1-2,10,4,17.2,1,0,0,Craig Pawson,2021-10-22,Fri,20:00
462,2022,9,Chelsea,Norwich City,1,0,0,7,0,3.1,0.1,62,38,Jorginho,3-4-3,22,12,19.8,0,1,1,Grant Hanley,3-5-2,3,1,20.8,0,0,0,Andy Madley,2021-10-23,Sat,12:30
463,2022,9,Southampton,Burnley,0,0,1,2,2,1.6,0.7,61,39,Oriol Romeu,4-4-2,16,4,16.9,0,0,0,James Tarkowski,4-4-2,9,5,20.9,0,0,0,Chris Kavanagh,2021-10-23,Sat,15:00
464,2022,9,Crystal Palace,Newcastle United,0,0,1,1,1,1.9,0.3,74,26,Luka Milivojević,4-3-3,15,3,15.6,0,0,0,Jamaal Lascelles,5-3-2,6,1,14.2,0,0,0,Darren England,2021-10-23,Sat,15:00
465,2022,9,Everton,Watford,0,1,0,2,5,1.5,3.7,49,51,Séamus Coleman,4-4-1-1,15,4,15.7,0,0,0,Moussa Sissoko,4-1-4-1,20,8,19.2,0,0,0,Graham Scott,2021-10-23,Sat,15:00
466,2022,9,Leeds United,Wolverhampton Wanderers,0,0,1,1,1,1.6,0.9,62,38,Liam Cooper,4-4-1-1,17,3,19.2,0,1,1,Conor Coady,3-4-3,8,4,16.5,1,0,0,Robert Jones,2021-10-23,Sat,15:00
467,2022,9,Brighton And Hove Albion,Manchester City,0,1,0,1,4,1.3,3.8,48,52,Lewis Dunk,3-5-2,9,4,18.9,0,1,1,İlkay Gündoğan,4-3-3,23,12,16.0,1,0,0,Kevin Friend,2021-10-23,Sat,17:30
468,2022,9,West Ham United,Tottenham Hotspur,1,0,0,1,0,1.3,0.7,38,62,Declan Rice,4-2-3-1,13,4,14.8,0,0,0,Hugo Lloris,4-2-3-1,7,4,17.8,0,0,0,Paul Tierney,2021-10-24,Sun,14:00
469,2022,9,Brentford,Leicester City,0,1,0,1,2,1.0,1.5,54,46,Pontus Jansson,3-5-2,15,5,16.3,0,0,0,Kasper Schmeichel,3-4-1-2,10,6,21.9,0,0,0,Simon Hooper,2021-10-24,Sun,14:00
470,2022,9,Manchester United,Liverpool,0,1,0,0,5,1.6,3.4,38,62,Harry Maguire,4-2-3-1,12,3,15.5,0,0,0,Jordan Henderson,4-3-3,19,8,16.6,0,0,0,Anthony Taylor,2021-10-24,Sun,16:30
471,2022,10,Leicester City,Arsenal,0,1,0,0,2,1.3,0.7,64,36,Kasper Schmeichel,3-4-1-2,16,8,17.3,2,0,0,Pierre-Emerick Aubameyang,4-4-1-1,9,5,16.7,0,0,0,Michael Oliver,2021-10-30,Sat,12:30
472,2022,10,Manchester City,Crystal Palace,0,1,0,0,2,0.7,0.7,68,32,Rúben Dias,4-3-3,14,3,17.7,0,0,0,James McArthur,4-3-3,8,3,15.3,0,0,0,Andre Marriner,2021-10-30,Sat,15:00
473,2022,10,Burnley,Brentford,1,0,0,3,1,2.3,0.8,41,59,Ben Mee,4-4-2,15,5,16.6,1,0,0,Pontus Jansson,3-5-2,12,4,18.2,1,0,0,Jonathan Moss,2021-10-30,Sat,15:00
474,2022,10,Liverpool,Brighton And Hove Albion,0,0,1,2,2,1.5,1.0,58,42,Jordan Henderson,4-3-3,14,3,20.8,0,0,0,Lewis Dunk,4-2-3-1,9,6,17.0,0,0,0,Mike Dean,2021-10-30,Sat,15:00
475,2022,10,Newcastle United,Chelsea,0,1,0,0,3,0.2,2.2,21,79,Jamaal Lascelles,5-3-2,6,1,19.7,0,0,0,Jorginho,3-4-3,18,5,20.5,1,1,1,Paul Tierney,2021-10-30,Sat,15:00
476,2022,10,Watford,Southampton,0,1,0,0,1,1.0,1.8,40,60,Moussa Sissoko,4-4-1-1,10,3,20.2,1,0,0,James Ward-Prowse,4-4-2,12,1,15.0,0,0,0,Peter Bankes,2021-10-30,Sat,15:00
477,2022,10,Tottenham Hotspur,Manchester United,0,1,0,0,3,1.0,1.5,58,42,Hugo Lloris,4-2-3-1,9,0,16.6,1,0,0,Harry Maguire,3-5-2,10,4,17.9,0,0,0,Stuart Attwell,2021-10-30,Sat,17:30
478,2022,10,Norwich City,Leeds United,0,1,0,1,2,0.8,0.7,48,52,Grant Hanley,4-4-2,14,3,21.8,3,0,0,Liam Cooper,3-3-3-1,13,5,20.9,0,0,0,Anthony Taylor,2021-10-31,Sun,14:00
479,2022,10,Aston Villa,West Ham United,0,1,0,1,4,0.7,2.3,43,57,John McGinn,4-3-3,9,3,16.4,0,0,0,Declan Rice,4-2-3-1,21,8,16.5,3,0,0,Chris Kavanagh,2021-10-31,Sun,16:30
480,2022,10,Wolverhampton Wanderers,Everton,1,0,0,2,1,1.7,1.5,61,39,Conor Coady,3-4-3,10,4,15.6,1,0,0,Séamus Coleman,4-4-2,14,5,15.7,0,0,0,Martin Atkinson,2021-11-01,Mon,20:00
481,2022,11,Southampton,Aston Villa,1,0,0,1,0,0.6,0.6,56,44,James Ward-Prowse,4-4-2,9,3,15.6,0,0,0,Tyrone Mings,4-2-3-1,14,3,19.5,1,0,0,Andy Madley,2021-11-05,Fri,20:00
482,2022,11,Manchester United,Manchester City,0,1,0,0,2,0.9,1.6,33,67,Harry Maguire,3-5-2,5,1,17.3,0,0,0,İlkay Gündoğan,4-3-3,16,5,14.7,0,0,0,Michael Oliver,2021-11-06,Sat,12:30
483,2022,11,Chelsea,Burnley,0,0,1,1,1,1.8,0.7,70,30,Jorginho,3-4-1-2,25,4,16.0,0,0,0,Ben Mee,4-4-2,5,2,15.9,0,0,0,Andre Marriner,2021-11-06,Sat,15:00
484,2022,11,Crystal Palace,Wolverhampton Wanderers,1,0,0,2,0,1.9,0.3,60,40,James McArthur,4-3-3,13,6,13.2,0,0,0,Conor Coady,3-4-3,4,2,18.8,1,0,0,Graham Scott,2021-11-06,Sat,15:00
485,2022,11,Brentford,Norwich City,0,1,0,1,2,2.5,1.2,64,36,Pontus Jansson,3-5-2,19,7,10.8,0,0,0,Ben Gibson,4-2-3-1,8,4,25.6,1,1,1,Jarred Gillett,2021-11-06,Sat,15:00
486,2022,11,Brighton And Hove Albion,Newcastle United,0,0,1,1,1,1.5,0.3,65,35,Lewis Dunk,4-2-3-1,13,4,17.9,0,1,1,Jamaal Lascelles,5-4-1,6,1,18.1,0,0,0,David Coote,2021-11-06,Sat,17:30
487,2022,11,Everton,Tottenham Hotspur,0,0,1,0,0,0.6,0.7,45,55,Séamus Coleman,4-4-1-1,12,2,18.3,0,0,0,Hugo Lloris,3-4-3,8,0,19.5,0,0,0,Chris Kavanagh,2021-11-07,Sun,14:00
488,2022,11,Leeds United,Leicester City,0,0,1,1,1,1.3,0.7,56,44,Liam Cooper,4-2-3-1,18,5,17.7,1,0,0,Kasper Schmeichel,4-3-3,9,3,16.5,0,0,0,Darren England,2021-11-07,Sun,14:00
489,2022,11,Arsenal,Watford,1,0,0,1,0,1.6,0.5,60,40,Pierre-Emerick Aubameyang,4-4-1-1,13,5,21.1,1,0,1,Moussa Sissoko,4-1-4-1,7,1,19.7,0,0,0,Kevin Friend,2021-11-07,Sun,14:00
490,2022,11,West Ham United,Liverpool,1,0,0,3,2,1.0,1.2,31,69,Declan Rice,4-2-3-1,7,3,14.5,0,0,0,Jordan Henderson,4-3-3,16,5,16.7,1,0,0,Craig Pawson,2021-11-07,Sun,16:30
491,2022,12,Leicester City,Chelsea,0,1,0,0,3,0.4,2.0,39,61,Kasper Schmeichel,3-4-3,4,3,24.4,0,0,0,Jorginho,3-4-3,16,7,16.7,2,0,0,Paul Tierney,2021-11-20,Sat,12:30
492,2022,12,Aston Villa,Brighton And Hove Albion,1,0,0,2,0,0.7,0.4,38,62,Tyrone Mings,4-3-3,9,5,16.5,0,0,0,Lewis Dunk,3-5-2,6,2,17.7,0,0,0,Anthony Taylor,2021-11-20,Sat,15:00
493,2022,12,Watford,Manchester United,1,0,0,4,1,2.7,1.4,39,61,Moussa Sissoko,4-1-4-1,19,6,15.9,2,0,1,Harry Maguire,4-2-3-1,9,3,14.9,0,0,0,Jonathan Moss,2021-11-20,Sat,15:00
494,2022,12,Norwich City,Southampton,1,0,0,2,1,0.5,1.0,38,62,Grant Hanley,4-3-3,8,4,16.3,0,0,0,James Ward-Prowse,4-4-2,17,5,18.8,0,0,0,Martin Atkinson,2021-11-20,Sat,15:00
495,2022,12,Wolverhampton Wanderers,West Ham United,1,0,0,1,0,1.4,0.4,52,48,Conor Coady,3-4-3,15,5,19.1,0,0,0,Declan Rice,4-2-3-1,8,3,20.2,0,0,0,Mike Dean,2021-11-20,Sat,15:00
496,2022,12,Newcastle United,Brentford,0,0,1,3,3,1.5,0.9,53,47,Jamaal Lascelles,3-4-3,23,8,16.1,0,0,0,Pontus Jansson,3-5-2,10,3,18.5,1,0,0,Robert Jones,2021-11-20,Sat,15:00
497,2022,12,Burnley,Crystal Palace,0,0,1,3,3,1.5,1.9,40,60,Ben Mee,4-4-2,15,9,16.1,1,0,0,Luka Milivojević,4-3-3,18,8,16.4,1,0,0,Simon Hooper,2021-11-20,Sat,15:00
498,2022,12,Liverpool,Arsenal,1,0,0,4,0,4.3,0.4,62,38,Virgil van Dijk,4-3-3,19,9,13.4,0,0,0,Pierre-Emerick Aubameyang,4-4-1-1,5,3,19.9,0,0,0,Michael Oliver,2021-11-20,Sat,17:30
499,2022,12,Manchester City,Everton,1,0,0,3,0,2.5,0.2,77,23,İlkay Gündoğan,4-3-3,17,7,16.4,1,0,0,Séamus Coleman,4-4-1-1,4,1,15.5,1,0,0,Stuart Attwell,2021-11-21,Sun,14:00
500,2022,12,Tottenham Hotspur,Leeds United,1,0,0,2,1,2.1,1.4,43,57,Hugo Lloris,3-4-3,13,4,17.5,1,0,0,Liam Cooper,3-3-3-1,18,7,21.4,1,0,0,Andre Marriner,2021-11-21,Sun,16:30
501,2022,13,Arsenal,Newcastle United,1,0,0,2,0,2.5,0.3,66,34,Pierre-Emerick Aubameyang,4-4-1-1,24,6,17.8,1,0,0,Jamaal Lascelles,4-4-2,9,5,24.5,0,0,0,Stuart Attwell,2021-11-27,Sat,12:30
502,2022,13,Liverpool,Southampton,1,0,0,4,0,2.9,1.0,64,36,Jordan Henderson,4-3-3,20,6,15.5,0,0,0,James Ward-Prowse,3-4-3,7,3,10.5,0,0,0,Andre Marriner,2021-11-27,Sat,15:00
503,2022,13,Crystal Palace,Aston Villa,0,1,0,1,2,1.0,0.5,64,36,Luka Milivojević,4-2-3-1,8,3,13.9,0,0,0,Tyrone Mings,4-3-3,10,3,20.5,2,0,0,Michael Salisbury,2021-11-27,Sat,15:00
504,2022,13,Norwich City,Wolverhampton Wanderers,0,0,1,0,0,1.6,0.3,43,57,Grant Hanley,4-1-4-1,14,4,18.2,1,0,0,Conor Coady,3-4-3,5,2,17.0,0,0,0,Simon Hooper,2021-11-27,Sat,15:00
505,2022,13,Brighton And Hove Albion,Leeds United,0,0,1,0,0,2.1,0.6,57,43,Lewis Dunk,4-2-3-1,20,4,16.6,0,0,0,Liam Cooper,4-2-3-1,11,4,17.4,1,0,0,Craig Pawson,2021-11-27,Sat,17:30
506,2022,13,Leicester City,Watford,1,0,0,4,2,2.1,2.8,56,44,Kasper Schmeichel,4-2-3-1,18,8,14.6,0,0,0,Moussa Sissoko,4-1-4-1,16,4,16.4,1,1,1,Andy Madley,2021-11-28,Sun,14:00
507,2022,13,Brentford,Everton,1,0,0,1,0,1.2,1.0,40,60,Pontus Jansson,3-5-2,5,3,18.9,0,1,1,Séamus Coleman,4-4-1-1,14,5,16.6,1,0,0,Darren England,2021-11-28,Sun,14:00
508,2022,13,Manchester City,West Ham United,1,0,0,2,1,2.1,0.2,68,32,İlkay Gündoğan,4-3-3,19,8,16.0,0,0,0,Declan Rice,4-2-3-1,5,3,21.4,1,0,0,Michael Oliver,2021-11-28,Sun,14:00
509,2022,13,Chelsea,Manchester United,0,0,1,1,1,2.7,0.9,65,35,Jorginho,3-4-3,23,5,16.8,0,1,1,Bruno Fernandes,4-3-1-2,3,2,20.7,0,0,0,Anthony Taylor,2021-11-28,Sun,16:30
510,2022,14,Newcastle United,Norwich City,0,0,1,1,1,1.1,1.2,32,68,Callum Wilson,4-4-2,8,0,22.6,0,1,1,Grant Hanley,4-1-4-1,16,6,16.9,1,0,0,Andy Madley,2021-11-30,Tue,19:30
511,2022,14,Leeds United,Crystal Palace,1,0,0,1,0,1.4,1.1,61,39,Liam Cooper,4-1-4-1,14,2,20.1,0,1,1,Joel Ward,4-3-3,9,1,18.1,1,0,0,Kevin Friend,2021-11-30,Tue,20:15
512,2022,14,West Ham United,Brighton And Hove Albion,0,0,1,1,1,1.3,1.3,35,65,Declan Rice,4-2-3-1,14,5,22.6,0,0,0,Lewis Dunk,4-2-3-1,9,3,16.0,1,0,0,Chris Kavanagh,2021-12-01,Wed,19:30
513,2022,14,Watford,Chelsea,0,1,0,1,2,1.0,0.9,51,49,Moussa Sissoko,4-1-4-1,14,6,21.4,2,0,0,César Azpilicueta,3-4-3,8,4,15.1,0,0,0,David Coote,2021-12-01,Wed,19:30
514,2022,14,Wolverhampton Wanderers,Burnley,0,0,1,0,0,0.7,0.2,65,35,Conor Coady,3-4-3,16,2,20.1,0,0,0,Ben Mee,4-4-2,6,1,21.3,0,0,0,John Brooks,2021-12-01,Wed,19:30
515,2022,14,Southampton,Leicester City,0,0,1,2,2,1.5,1.5,45,55,James Ward-Prowse,4-4-2,15,7,14.9,0,0,0,Kasper Schmeichel,4-2-3-1,15,6,17.3,0,0,0,Robert Jones,2021-12-01,Wed,19:30
516,2022,14,Aston Villa,Manchester City,0,1,0,1,2,0.8,1.0,36,64,Tyrone Mings,4-3-3,9,3,13.1,0,0,0,Fernandinho,4-2-3-1,17,7,19.2,1,0,0,Mike Dean,2021-12-01,Wed,20:15
517,2022,14,Everton,Liverpool,0,1,0,1,4,0.7,2.4,33,67,Séamus Coleman,4-4-2,8,2,20.8,1,0,0,Jordan Henderson,4-3-3,16,7,16.5,1,0,0,Paul Tierney,2021-12-01,Wed,20:15
518,2022,14,Tottenham Hotspur,Brentford,1,0,0,2,0,1.9,0.3,47,53,Hugo Lloris,3-4-3,11,6,9.8,0,0,0,Pontus Jansson,3-5-2,6,2,17.1,0,0,0,Jonathan Moss,2021-12-02,Thu,19:30
519,2022,14,Manchester United,Arsenal,1,0,0,3,2,1.9,1.4,44,56,Harry Maguire,4-2-3-1,13,9,19.7,0,1,1,Pierre-Emerick Aubameyang,4-4-1-1,17,7,16.5,1,0,0,Martin Atkinson,2021-12-02,Thu,20:15
520,2022,15,West Ham United,Chelsea,1,0,0,3,2,1.8,1.1,37,63,Declan Rice,3-4-3,10,3,20.1,0,1,1,Jorginho,3-4-3,19,7,17.5,0,0,0,Andre Marriner,2021-12-04,Sat,12:30
521,2022,15,Southampton,Brighton And Hove Albion,0,0,1,1,1,1.6,1.6,44,56,James Ward-Prowse,4-4-2,14,4,17.6,1,0,0,Shane Duffy,3-5-2,14,4,18.7,1,0,0,Anthony Taylor,2021-12-04,Sat,15:00
522,2022,15,Wolverhampton Wanderers,Liverpool,0,1,0,0,1,0.1,2.7,34,66,Conor Coady,3-4-3,3,1,23.7,0,0,0,Jordan Henderson,4-3-3,17,4,13.6,0,0,0,Chris Kavanagh,2021-12-04,Sat,15:00
523,2022,15,Newcastle United,Burnley,1,0,0,1,0,1.0,0.6,48,52,Jamaal Lascelles,4-4-2,19,4,17.9,0,0,0,James Tarkowski,4-4-2,10,1,18.8,2,0,0,Paul Tierney,2021-12-04,Sat,15:00
524,2022,15,Watford,Manchester City,0,1,0,1,3,0.8,3.1,23,77,Moussa Sissoko,4-1-4-1,11,4,19.6,1,0,0,İlkay Gündoğan,4-3-3,26,12,14.4,0,0,0,Simon Hooper,2021-12-04,Sat,17:30
525,2022,15,Manchester United,Crystal Palace,1,0,0,1,0,0.9,0.5,61,39,Harry Maguire,4-2-2-2,16,3,19.2,2,0,0,Wilfried Zaha,4-3-3,8,2,19.2,0,0,0,Craig Pawson,2021-12-05,Sun,14:00
526,2022,15,Leeds United,Brentford,0,0,1,2,2,1.2,1.0,63,37,Liam Cooper,3-4-3,13,6,17.3,0,0,0,Pontus Jansson,3-5-2,9,3,16.7,1,0,0,David Coote,2021-12-05,Sun,14:00
527,2022,15,Tottenham Hotspur,Norwich City,1,0,0,3,0,1.6,1.2,41,59,Hugo Lloris,3-4-3,17,7,18.5,0,0,0,Grant Hanley,5-3-2,10,1,16.2,0,0,0,Jarred Gillett,2021-12-05,Sun,14:00
528,2022,15,Aston Villa,Leicester City,1,0,0,2,1,2.1,1.1,41,59,Tyrone Mings,4-3-3,13,4,13.9,0,0,0,Kasper Schmeichel,4-2-3-1,12,4,15.9,0,0,0,Michael Oliver,2021-12-05,Sun,16:30
529,2022,15,Everton,Arsenal,1,0,0,2,1,0.9,1.0,37,63,Séamus Coleman,4-4-1-1,11,5,17.1,0,0,0,Alexandre Lacazette,4-2-3-1,10,3,16.1,0,0,0,Mike Dean,2021-12-06,Mon,20:00
530,2022,16,Brentford,Watford,1,0,0,2,1,1.6,0.5,63,37,Pontus Jansson,3-5-2,13,4,15.5,0,1,1,Moussa Sissoko,4-2-3-1,6,2,14.9,1,0,0,Michael Oliver,2021-12-10,Fri,20:00
531,2022,16,Manchester City,Wolverhampton Wanderers,1,0,0,1,0,3.2,0.2,71,29,İlkay Gündoğan,4-3-3,23,8,15.7,0,1,1,Conor Coady,3-5-2,2,1,10.2,0,0,0,Jonathan Moss,2021-12-11,Sat,12:30
532,2022,16,Chelsea,Leeds United,1,0,0,3,2,2.5,1.4,57,43,César Azpilicueta,3-4-3,14,4,20.0,2,2,2,Luke Ayling,4-3-1-2,11,4,19.4,2,1,1,Chris Kavanagh,2021-12-11,Sat,15:00
533,2022,16,Arsenal,Southampton,1,0,0,3,0,1.8,0.6,61,39,Alexandre Lacazette,4-4-1-1,15,5,15.7,0,0,0,James Ward-Prowse,4-4-2,11,6,22.1,3,0,0,Jarred Gillett,2021-12-11,Sat,15:00
534,2022,16,Liverpool,Aston Villa,1,0,0,1,0,2.2,0.2,62,38,Jordan Henderson,4-3-3,19,4,16.1,0,1,1,Tyrone Mings,4-3-3,4,0,23.6,1,0,0,Stuart Attwell,2021-12-11,Sat,15:00
535,2022,16,Norwich City,Manchester United,0,1,0,0,1,1.2,2.0,48,52,Grant Hanley,4-3-3,11,5,14.2,0,0,0,Harry Maguire,4-2-2-2,12,4,19.2,2,1,1,Darren England,2021-12-11,Sat,17:30
536,2022,16,Burnley,West Ham United,0,0,1,0,0,0.8,0.8,40,60,Ben Mee,4-4-2,9,1,15.2,0,0,0,Declan Rice,4-2-3-1,16,3,18.6,0,0,0,Graham Scott,2021-12-12,Sun,14:00
537,2022,16,Leicester City,Newcastle United,1,0,0,4,0,2.6,1.0,47,53,Kasper Schmeichel,4-2-3-1,7,4,19.1,1,1,1,Jamaal Lascelles,4-4-2,12,3,18.1,0,0,0,Peter Bankes,2021-12-12,Sun,14:00
538,2022,16,Crystal Palace,Everton,1,0,0,3,1,1.8,1.0,61,39,Joel Ward,4-3-3,17,6,16.8,1,0,0,Séamus Coleman,4-1-4-1,12,6,20.5,1,0,0,Andy Madley,2021-12-12,Sun,16:30
539,2022,17,Norwich City,Aston Villa,0,1,0,0,2,0.5,2.0,50,50,Ben Gibson,4-3-3,7,3,14.3,0,0,0,Tyrone Mings,4-3-3,17,6,16.7,0,0,0,David Coote,2021-12-14,Tue,19:45
540,2022,17,Manchester City,Leeds United,1,0,0,7,0,3.1,0.3,63,37,Rúben Dias,4-2-3-1,31,15,17.3,2,0,0,Luke Ayling,4-2-3-1,6,3,25.3,1,0,0,Paul Tierney,2021-12-14,Tue,20:00
541,2022,17,Crystal Palace,Southampton,0,0,1,2,2,1.2,0.6,59,41,Joel Ward,4-3-3,9,6,10.9,0,0,0,James Ward-Prowse,4-4-2,15,4,21.3,1,0,0,Simon Hooper,2021-12-15,Wed,19:30
542,2022,17,Brighton And Hove Albion,Wolverhampton Wanderers,0,1,0,0,1,1.2,1.0,59,41,Dan Burn,4-3-3,12,2,17.8,2,0,0,Conor Coady,3-4-3,8,5,18.0,1,0,0,Tony Harrington,2021-12-15,Wed,19:30
543,2022,17,Arsenal,West Ham United,1,0,0,2,0,2.8,0.4,55,45,Alexandre Lacazette,4-4-1-1,20,7,19.6,2,0,1,Declan Rice,4-2-3-1,7,1,22.3,1,0,0,Anthony Taylor,2021-12-15,Wed,20:00
544,2022,17,Chelsea,Everton,0,0,1,1,1,2.9,0.6,80,20,César Azpilicueta,3-4-3,23,10,14.7,2,0,0,Michael Keane,5-4-1,5,3,21.1,0,0,0,Michael Oliver,2021-12-16,Thu,19:45
545,2022,17,Liverpool,Newcastle United,1,0,0,3,1,2.7,0.3,74,26,Jordan Henderson,4-3-3,23,8,16.4,0,0,0,Jamaal Lascelles,4-5-1,5,3,31.4,2,0,0,Mike Dean,2021-12-16,Thu,20:00
546,2022,18,Leeds United,Arsenal,0,1,0,1,4,1.6,3.5,51,49,Luke Ayling,4-2-3-1,8,1,24.8,0,1,1,Alexandre Lacazette,4-2-3-1,21,12,16.7,0,0,0,Andre Marriner,2021-12-18,Sat,17:30
547,2022,18,Wolverhampton Wanderers,Chelsea,0,0,1,0,0,0.2,0.9,37,63,Conor Coady,3-5-2,4,1,27.4,0,0,0,César Azpilicueta,3-4-3,8,1,14.9,0,0,0,David Coote,2021-12-19,Sun,14:00
548,2022,18,Newcastle United,Manchester City,0,1,0,0,4,0.3,2.9,29,71,Jamaal Lascelles,4-5-1,5,1,19.9,0,0,0,Rúben Dias,4-2-3-1,18,7,12.9,0,0,0,Martin Atkinson,2021-12-19,Sun,14:15
549,2022,18,Tottenham Hotspur,Liverpool,0,0,1,2,2,3.0,1.1,44,56,Hugo Lloris,5-3-2,10,5,10.4,0,0,0,James Milner,4-3-3,18,6,16.7,0,0,0,Paul Tierney,2021-12-19,Sun,16:30
550,2022,19,Manchester City,Leicester City,1,0,0,6,3,3.6,2.7,72,28,Fernandinho,4-3-3,15,6,17.5,1,2,2,Kasper Schmeichel,4-4-1-1,14,8,16.9,1,0,0,Chris Kavanagh,2021-12-26,Sun,15:00
551,2022,19,Norwich City,Arsenal,0,1,0,0,5,0.1,2.5,36,64,Ben Gibson,4-2-3-1,4,2,17.9,0,0,0,Alexandre Lacazette,4-2-3-1,15,5,17.7,1,1,1,Graham Scott,2021-12-26,Sun,15:00
552,2022,19,Tottenham Hotspur,Crystal Palace,1,0,0,3,0,2.3,0.2,60,40,Hugo Lloris,3-4-3,17,6,14.5,0,0,0,Joel Ward,4-3-3,4,0,17.7,0,0,0,Jonathan Moss,2021-12-26,Sun,15:00
553,2022,19,West Ham United,Southampton,0,1,0,2,3,1.6,1.2,56,44,Declan Rice,4-2-3-1,11,4,17.2,0,0,0,James Ward-Prowse,4-1-4-1,10,5,22.8,0,1,1,Kevin Friend,2021-12-26,Sun,15:00
554,2022,19,Aston Villa,Chelsea,0,1,0,1,3,0.4,2.6,42,58,Tyrone Mings,4-3-1-2,8,1,18.8,0,0,0,Jorginho,3-4-3,8,2,17.6,1,2,2,Martin Atkinson,2021-12-26,Sun,17:30
555,2022,19,Brighton And Hove Albion,Brentford,1,0,0,2,0,0.8,0.7,50,50,Adam Lallana,4-1-2-1-2◆,15,5,21.7,3,0,0,Pontus Jansson,3-5-2,16,5,17.1,0,0,0,Darren England,2021-12-26,Sun,20:00
556,2022,19,Newcastle United,Manchester United,0,0,1,1,1,1.3,1.6,32,68,Jamaal Lascelles,4-5-1,13,8,22.6,0,0,0,Harry Maguire,4-2-2-2,13,3,17.9,0,0,0,Craig Pawson,2021-12-27,Mon,20:00
557,2022,20,Southampton,Tottenham Hotspur,0,0,1,1,1,0.4,2.3,35,65,James Ward-Prowse,5-3-2,9,2,20.7,0,0,0,Hugo Lloris,3-4-3,20,10,15.8,1,1,1,Anthony Taylor,2021-12-28,Tue,15:00
558,2022,20,Watford,West Ham United,0,1,0,1,4,1.6,3.6,43,57,Moussa Sissoko,4-1-4-1,14,5,15.2,0,0,0,Mark Noble,4-2-3-1,12,5,16.0,0,1,1,Darren England,2021-12-28,Tue,15:00
559,2022,20,Crystal Palace,Norwich City,1,0,0,3,0,1.9,0.9,51,49,Joel Ward,4-3-3,18,5,13.3,0,1,1,Ben Gibson,4-2-3-1,12,2,17.7,0,0,0,Paul Tierney,2021-12-28,Tue,15:00
560,2022,20,Leicester City,Liverpool,1,0,0,1,0,0.4,2.3,37,63,Kasper Schmeichel,4-3-1-2,6,1,14.9,0,0,0,Jordan Henderson,4-3-3,20,3,15.0,0,0,1,Michael Oliver,2021-12-28,Tue,20:00
561,2022,20,Chelsea,Brighton And Hove Albion,0,0,1,1,1,0.7,0.9,47,53,César Azpilicueta,3-4-3,11,5,13.6,0,0,0,Adam Lallana,3-4-3,18,6,20.2,1,0,0,Mike Dean,2021-12-29,Wed,19:30
562,2022,20,Brentford,Manchester City,0,1,0,0,1,0.4,1.1,24,76,Pontus Jansson,3-5-2,6,2,24.6,0,0,0,Fernandinho,4-3-3,12,3,19.8,0,0,0,David Coote,2021-12-29,Wed,20:15
563,2022,20,Manchester United,Burnley,1,0,0,3,1,2.4,1.1,57,43,Harry Maguire,4-2-2-2,18,6,17.5,1,0,0,Ben Mee,4-4-2,10,3,13.3,0,0,0,Jonathan Moss,2021-12-30,Thu,20:15
564,2022,21,Arsenal,Manchester City,0,1,0,1,2,0.8,2.0,29,71,Alexandre Lacazette,4-2-3-1,7,2,15.6,0,0,0,Rúben Dias,4-2-3-1,14,1,18.7,0,1,1,Stuart Attwell,2022-01-01,Sat,12:30
565,2022,21,Watford,Tottenham Hotspur,0,1,0,0,1,0.3,2.2,26,74,Moussa Sissoko,4-4-2,6,4,19.0,1,0,0,Hugo Lloris,3-4-3,21,9,17.6,0,0,0,Robert Jones,2022-01-01,Sat,15:00
566,2022,21,Crystal Palace,West Ham United,0,1,0,2,3,2.4,2.2,62,38,Luka Milivojević,4-3-3,22,6,15.8,2,0,0,Declan Rice,4-2-3-1,9,4,14.5,0,1,1,Darren England,2022-01-01,Sat,17:30
567,2022,21,Brentford,Aston Villa,1,0,0,2,1,0.6,0.8,45,55,Pontus Jansson,3-5-2,10,4,17.7,0,0,0,John McGinn,4-3-3,16,5,17.1,0,0,0,Craig Pawson,2022-01-02,Sun,14:00
568,2022,21,Everton,Brighton And Hove Albion,0,1,0,2,3,1.6,1.7,50,50,Séamus Coleman,5-4-1,16,6,17.9,0,0,1,Adam Lallana,4-4-2,12,5,19.1,0,0,0,John Brooks,2022-01-02,Sun,14:00
569,2022,21,Leeds United,Burnley,1,0,0,3,1,1.9,1.0,55,45,Luke Ayling,3-4-3,22,7,18.9,0,0,0,Ben Mee,4-4-2,8,2,17.8,1,0,0,Paul Tierney,2022-01-02,Sun,14:00
570,2022,21,Chelsea,Liverpool,0,0,1,2,2,1.2,1.3,54,46,César Azpilicueta,3-4-3,15,6,18.0,3,0,0,Jordan Henderson,4-3-3,10,6,17.9,0,0,0,Anthony Taylor,2022-01-02,Sun,16:30
571,2022,21,Manchester United,Wolverhampton Wanderers,0,1,0,0,1,0.8,0.7,51,49,Cristiano Ronaldo,4-2-2-2,9,2,20.8,1,0,0,Conor Coady,3-4-3,19,6,20.4,1,0,0,Mike Dean,2022-01-03,Mon,17:30
572,2022,18,Southampton,Brentford,1,0,0,4,1,1.4,0.5,48,52,James Ward-Prowse,3-5-2,12,6,17.9,0,0,0,Pontus Jansson,3-5-2,5,4,12.8,0,0,0,Stuart Attwell,2022-01-11,Tue,19:45
573,2022,18,West Ham United,Norwich City,1,0,0,2,0,2.5,0.3,62,38,Declan Rice,4-2-3-1,13,5,15.1,0,0,0,Grant Hanley,4-2-3-1,7,3,21.4,0,0,0,Simon Hooper,2022-01-12,Wed,19:45
574,2022,22,Brighton And Hove Albion,Crystal Palace,0,0,1,1,1,2.0,0.2,63,37,Adam Lallana,4-1-2-1-2◆,18,3,18.2,0,0,1,Joel Ward,4-3-3,3,1,22.2,0,0,0,Robert Jones,2022-01-14,Fri,20:00
575,2022,22,Manchester City,Chelsea,1,0,0,1,0,1.0,0.3,56,44,Kevin De Bruyne,4-2-3-1,11,6,16.5,1,0,0,César Azpilicueta,3-4-3,4,1,19.1,0,0,0,Craig Pawson,2022-01-15,Sat,12:30
576,2022,22,Norwich City,Everton,1,0,0,2,1,1.0,0.6,41,59,Grant Hanley,4-4-2,14,3,21.5,0,0,0,Séamus Coleman,4-4-2,12,5,17.0,1,0,0,Andy Madley,2022-01-15,Sat,15:00
577,2022,22,Wolverhampton Wanderers,Southampton,1,0,0,3,1,2.5,0.8,43,57,Conor Coady,3-4-3,8,4,15.4,0,1,1,James Ward-Prowse,3-5-2,13,10,20.4,2,0,0,Michael Salisbury,2022-01-15,Sat,15:00
578,2022,22,Newcastle United,Watford,0,0,1,1,1,1.2,1.4,52,48,Jamaal Lascelles,4-3-3,12,1,14.6,0,0,0,Moussa Sissoko,4-3-3,18,5,19.3,2,0,0,Paul Tierney,2022-01-15,Sat,15:00
579,2022,22,Aston Villa,Manchester United,0,0,1,2,2,1.9,1.0,54,46,Tyrone Mings,4-3-3,13,9,12.7,0,0,0,Bruno Fernandes,4-3-3,13,6,17.5,1,0,0,David Coote,2022-01-15,Sat,17:30
580,2022,22,Liverpool,Brentford,1,0,0,3,0,2.7,0.7,68,32,Jordan Henderson,4-3-3,27,13,16.7,0,0,0,Pontus Jansson,3-5-2,6,1,21.2,0,0,0,Jonathan Moss,2022-01-16,Sun,14:00
581,2022,22,West Ham United,Leeds United,0,1,0,2,3,2.4,2.2,48,52,Declan Rice,4-2-3-1,15,5,12.6,0,0,0,Luke Ayling,4-1-4-1,18,5,16.8,2,0,0,Mike Dean,2022-01-16,Sun,14:00
582,2022,24,Brighton And Hove Albion,Chelsea,0,0,1,1,1,0.7,0.7,44,56,Adam Webster,4-1-4-1,10,2,16.2,0,0,0,César Azpilicueta,4-2-2-2,15,3,21.1,1,0,0,Kevin Friend,2022-01-18,Tue,20:00
583,2022,17,Leicester City,Tottenham Hotspur,0,1,0,2,3,1.2,3.1,49,51,Kasper Schmeichel,3-5-2,14,4,18.2,0,0,0,Hugo Lloris,3-5-2,27,8,16.4,1,0,0,Jonathan Moss,2022-01-19,Wed,19:30
584,2022,17,Brentford,Manchester United,0,1,0,1,3,2.3,2.3,44,56,Pontus Jansson,3-5-2,18,9,16.7,0,0,0,Bruno Fernandes,4-2-3-1,13,5,17.8,0,0,0,Andre Marriner,2022-01-19,Wed,20:00
585,2022,23,Watford,Norwich City,0,1,0,0,3,1.2,1.1,67,33,Moussa Sissoko,4-3-3,15,3,19.1,0,0,0,Grant Hanley,4-4-2,7,2,15.7,1,0,0,Mike Dean,2022-01-21,Fri,20:00
586,2022,23,Everton,Aston Villa,0,1,0,0,1,1.6,0.8,50,50,Yerry Mina,4-4-2,15,0,14.1,2,0,0,Tyrone Mings,4-3-3,8,3,19.8,2,0,0,Craig Pawson,2022-01-22,Sat,12:30
587,2022,23,Leeds United,Newcastle United,0,1,0,0,1,0.7,0.9,62,38,Luke Ayling,4-2-3-1,13,4,16.1,0,0,0,Jamaal Lascelles,4-3-3,15,3,19.7,1,0,0,Chris Kavanagh,2022-01-22,Sat,15:00
588,2022,23,Manchester United,West Ham United,1,0,0,1,0,1.9,0.3,57,43,Harry Maguire,4-2-3-1,18,3,18.3,1,0,0,Declan Rice,4-2-3-1,6,1,17.9,0,0,0,Jonathan Moss,2022-01-22,Sat,15:00
589,2022,23,Brentford,Wolverhampton Wanderers,0,1,0,1,2,1.1,0.2,50,50,Pontus Jansson,3-5-2,11,1,13.6,1,0,0,Conor Coady,3-5-2,7,2,21.7,0,0,0,Peter Bankes,2022-01-22,Sat,15:00
590,2022,23,Southampton,Manchester City,0,0,1,1,1,0.8,1.8,26,74,James Ward-Prowse,4-4-2,7,3,11.0,0,0,0,Rúben Dias,4-3-3,20,5,17.5,0,0,0,Simon Hooper,2022-01-22,Sat,17:30
591,2022,23,Arsenal,Burnley,0,0,1,0,0,1.2,0.4,75,25,Alexandre Lacazette,4-1-4-1,20,5,18.8,2,0,0,Ben Mee,4-4-2,10,1,21.2,0,0,0,David Coote,2022-01-23,Sun,14:00
592,2022,23,Crystal Palace,Liverpool,0,1,0,1,3,2.2,1.9,43,57,Joel Ward,4-3-3,8,5,12.2,0,0,0,Jordan Henderson,4-3-3,13,6,21.6,0,1,1,Kevin Friend,2022-01-23,Sun,14:00
593,2022,23,Leicester City,Brighton And Hove Albion,0,0,1,1,1,1.4,1.1,44,56,Kasper Schmeichel,4-2-3-1,15,5,19.8,1,0,0,Adam Webster,4-1-2-1-2◆,14,4,17.9,0,0,0,Martin Atkinson,2022-01-23,Sun,14:00
594,2022,23,Chelsea,Tottenham Hotspur,1,0,0,2,0,1.2,0.5,64,36,César Azpilicueta,4-3-3,15,7,15.9,0,0,0,Hugo Lloris,4-4-2,6,3,16.6,0,0,0,Paul Tierney,2022-01-23,Sun,16:30
595,2022,17,Burnley,Watford,0,0,1,0,0,0.6,0.8,53,47,Ben Mee,4-4-2,13,2,19.5,1,0,0,Moussa Sissoko,4-4-2,11,5,16.3,0,0,0,Craig Pawson,2022-02-05,Sat,18:00
596,2022,24,Newcastle United,Everton,1,0,0,3,1,1.9,0.7,40,60,Jamaal Lascelles,4-3-3,20,9,14.0,1,0,0,Séamus Coleman,3-4-3,11,2,19.1,1,0,0,Anthony Taylor,2022-02-08,Tue,19:45
597,2022,24,West Ham United,Watford,1,0,0,1,0,0.8,0.3,64,36,Declan Rice,4-2-3-1,9,2,13.2,0,0,0,Moussa Sissoko,4-4-2,6,1,22.6,0,0,0,Martin Atkinson,2022-02-08,Tue,19:45
598,2022,24,Burnley,Manchester United,0,0,1,1,1,0.4,1.8,37,63,Ben Mee,4-4-2,9,3,20.5,0,0,0,Harry Maguire,4-2-3-1,22,5,15.9,0,0,0,Mike Dean,2022-02-08,Tue,20:00
599,2022,24,Manchester City,Brentford,1,0,0,2,0,1.9,0.4,74,26,Rúben Dias,4-3-3,14,6,19.8,0,1,1,Pontus Jansson,3-5-2,6,2,18.3,0,0,0,Darren England,2022-02-09,Wed,19:45
600,2022,24,Tottenham Hotspur,Southampton,0,1,0,2,3,1.4,2.2,48,52,Hugo Lloris,3-4-3,8,3,15.3,0,0,0,James Ward-Prowse,4-4-2,23,9,16.8,0,0,0,David Coote,2022-02-09,Wed,19:45
601,2022,24,Norwich City,Crystal Palace,0,0,1,1,1,0.4,1.3,30,70,Grant Hanley,4-4-2,5,1,15.7,0,0,0,Joel Ward,4-3-3,12,5,22.3,1,0,1,Paul Tierney,2022-02-09,Wed,19:45
602,2022,24,Aston Villa,Leeds United,0,0,1,3,3,1.6,1.8,40,60,Tyrone Mings,4-3-3,12,4,15.7,0,0,0,Luke Ayling,4-2-3-1,16,7,13.9,0,0,0,Jarred Gillett,2022-02-09,Wed,20:00
603,2022,24,Liverpool,Leicester City,1,0,0,2,0,1.8,0.5,64,36,Virgil van Dijk,4-3-3,22,11,15.7,0,0,0,Kasper Schmeichel,4-2-3-1,5,1,17.3,1,0,0,Chris Kavanagh,2022-02-10,Thu,19:45
604,2022,24,Wolverhampton Wanderers,Arsenal,0,1,0,0,1,0.8,1.8,58,42,Conor Coady,3-4-3,15,4,19.1,2,0,0,Alexandre Lacazette,4-2-3-1,12,2,17.2,0,0,0,Michael Oliver,2022-02-10,Thu,19:45
605,2022,25,Manchester United,Southampton,0,0,1,1,1,2.1,0.8,53,47,Harry Maguire,4-2-3-1,12,7,11.7,0,0,0,James Ward-Prowse,4-4-2,13,4,21.1,0,0,0,Stuart Attwell,2022-02-12,Sat,12:30
606,2022,25,Everton,Leeds United,1,0,0,3,0,2.7,0.3,42,58,Séamus Coleman,4-4-2,21,10,18.2,0,0,0,Luke Ayling,3-3-3-1,7,0,24.1,0,0,0,Graham Scott,2022-02-12,Sat,15:00
607,2022,25,Watford,Brighton And Hove Albion,0,1,0,0,2,0.5,1.6,36,64,Moussa Sissoko,4-4-2,9,1,17.4,1,0,0,Lewis Dunk,3-1-4-2,11,5,12.3,0,0,0,Jonathan Moss,2022-02-12,Sat,15:00
608,2022,25,Brentford,Crystal Palace,0,0,1,0,0,1.6,0.3,42,58,Pontus Jansson,3-5-2,9,2,12.9,0,0,0,Joel Ward,4-3-3,6,3,21.6,0,0,0,Simon Hooper,2022-02-12,Sat,15:00
609,2022,25,Norwich City,Manchester City,0,1,0,0,4,0.4,4.6,29,71,Grant Hanley,4-3-3,8,3,14.4,0,0,0,Fernandinho,4-3-3,21,8,11.8,0,0,1,Andre Marriner,2022-02-12,Sat,17:30
610,2022,25,Newcastle United,Aston Villa,1,0,0,1,0,0.5,0.6,38,62,Kieran Trippier,4-3-3,10,2,21.5,1,0,0,Tyrone Mings,4-3-3,11,1,19.9,1,0,0,Craig Pawson,2022-02-13,Sun,14:00
611,2022,25,Tottenham Hotspur,Wolverhampton Wanderers,0,1,0,0,2,1.2,1.3,58,42,Hugo Lloris,3-4-3,17,7,15.9,2,0,0,Conor Coady,3-5-2,11,7,15.9,0,0,0,Kevin Friend,2022-02-13,Sun,14:00
612,2022,25,Burnley,Liverpool,0,1,0,0,1,1.5,1.7,34,66,Ben Mee,4-4-2,8,5,19.3,0,0,0,Jordan Henderson,4-3-3,12,4,14.4,0,0,0,Martin Atkinson,2022-02-13,Sun,14:00
613,2022,25,Leicester City,West Ham United,0,0,1,2,2,1.4,1.1,55,45,Kasper Schmeichel,4-3-3,12,1,19.6,0,1,1,Declan Rice,4-2-3-1,8,3,16.1,0,0,0,Michael Oliver,2022-02-13,Sun,16:30
614,2022,18,Manchester United,Brighton And Hove Albion,1,0,0,2,0,1.7,0.7,50,50,Harry Maguire,4-2-3-1,19,7,19.7,2,0,0,Lewis Dunk,4-1-2-1-2◆,10,3,18.9,0,0,0,Peter Bankes,2022-02-15,Tue,20:15
615,2022,26,West Ham United,Newcastle United,0,0,1,1,1,0.6,0.8,47,53,Declan Rice,4-2-3-1,11,3,14.4,0,0,0,Jonjo Shelvey,4-3-3,14,3,16.0,0,0,0,Chris Kavanagh,2022-02-19,Sat,12:30
616,2022,26,Southampton,Everton,1,0,0,2,0,2.5,0.3,55,45,James Ward-Prowse,4-4-2,19,11,15.4,1,0,0,Séamus Coleman,4-4-2,9,0,23.4,0,0,0,Andy Madley,2022-02-19,Sat,15:00
617,2022,26,Crystal Palace,Chelsea,0,1,0,0,1,0.5,0.9,42,58,James McArthur,4-2-3-1,7,0,14.6,0,0,0,Jorginho,4-3-3,9,3,17.0,1,0,0,David Coote,2022-02-19,Sat,15:00
618,2022,26,Arsenal,Brentford,1,0,0,2,1,1.7,0.6,66,34,Alexandre Lacazette,4-2-3-1,24,7,16.0,0,0,0,Pontus Jansson,3-5-2,6,2,20.7,0,0,0,Jonathan Moss,2022-02-19,Sat,15:00
619,2022,26,Brighton And Hove Albion,Burnley,0,1,0,0,3,0.6,0.7,68,32,Adam Lallana,4-4-2,11,1,19.5,0,0,0,Ben Mee,4-4-2,10,4,19.7,0,0,0,Kevin Friend,2022-02-19,Sat,15:00
620,2022,26,Liverpool,Norwich City,1,0,0,3,1,3.6,0.6,69,31,Jordan Henderson,4-3-3,29,7,17.8,0,0,0,Grant Hanley,4-3-3,6,1,17.8,0,0,0,Mike Dean,2022-02-19,Sat,15:00
621,2022,26,Aston Villa,Watford,0,1,0,0,1,1.3,1.2,59,41,Tyrone Mings,4-3-3,20,1,21.0,1,0,0,Moussa Sissoko,4-3-3,8,4,18.1,0,0,0,Robert Jones,2022-02-19,Sat,15:00
622,2022,26,Manchester City,Tottenham Hotspur,0,1,0,2,3,2.1,1.4,71,29,İlkay Gündoğan,4-3-3,20,3,16.2,0,1,1,Hugo Lloris,3-4-3,6,5,15.0,0,0,0,Anthony Taylor,2022-02-19,Sat,17:30
623,2022,26,Leeds United,Manchester United,0,1,0,2,4,1.8,2.2,54,46,Luke Ayling,4-2-3-1,16,6,19.3,0,0,0,Harry Maguire,4-2-3-1,15,9,14.3,0,0,0,Paul Tierney,2022-02-20,Sun,14:00
624,2022,26,Wolverhampton Wanderers,Leicester City,1,0,0,2,1,0.5,1.7,37,63,Conor Coady,3-5-2,11,3,19.4,1,0,0,Kasper Schmeichel,4-3-3,17,7,19.6,1,0,0,Craig Pawson,2022-02-20,Sun,16:30
625,2022,18,Watford,Crystal Palace,0,1,0,1,4,1.4,1.1,46,54,Moussa Sissoko,4-3-3,8,1,13.3,0,0,0,Marc Guéhi,4-3-3,7,5,15.1,0,0,0,Andre Marriner,2022-02-23,Wed,19:30
626,2022,13,Burnley,Tottenham Hotspur,1,0,0,1,0,0.9,0.7,34,66,Ben Mee,4-4-2,15,4,17.3,0,0,0,Hugo Lloris,3-4-3,12,2,17.4,0,0,0,Graham Scott,2022-02-23,Wed,19:30
627,2022,19,Liverpool,Leeds United,1,0,0,6,0,5.9,0.2,63,37,Virgil van Dijk,4-3-3,21,12,17.7,0,2,2,Luke Ayling,4-1-4-1,3,2,21.1,0,0,0,Michael Oliver,2022-02-23,Wed,19:45
628,2022,20,Arsenal,Wolverhampton Wanderers,1,0,0,2,1,3.1,1.0,56,44,Alexandre Lacazette,4-2-3-1,26,5,15.6,1,0,0,Conor Coady,3-4-3,6,2,14.8,0,0,0,Martin Atkinson,2022-02-24,Thu,19:45
629,2022,27,Southampton,Norwich City,1,0,0,2,0,2.6,0.6,58,42,James Ward-Prowse,4-4-2,27,9,15.9,1,0,0,Grant Hanley,4-1-4-1,8,1,18.1,0,0,0,Simon Hooper,2022-02-25,Fri,20:00
630,2022,27,Leeds United,Tottenham Hotspur,0,1,0,0,4,1.5,1.9,50,50,Luke Ayling,4-1-4-1,19,2,18.0,1,0,0,Hugo Lloris,3-4-3,15,10,14.2,0,0,0,Craig Pawson,2022-02-26,Sat,12:30
631,2022,27,Brighton And Hove Albion,Aston Villa,0,1,0,0,2,0.7,1.0,66,34,Lewis Dunk,3-5-2,12,1,19.4,0,0,0,Tyrone Mings,4-1-2-1-2◆,9,4,17.5,1,0,0,John Brooks,2022-02-26,Sat,15:00
632,2022,27,Crystal Palace,Burnley,0,0,1,1,1,1.0,0.2,59,41,Luka Milivojević,4-3-3,11,4,18.7,2,0,0,Ben Mee,4-4-2,5,1,19.2,0,0,0,Jonathan Moss,2022-02-26,Sat,15:00
633,2022,27,Manchester United,Watford,0,0,1,0,0,2.8,0.6,67,33,Bruno Fernandes,4-2-3-1,22,3,16.9,1,0,0,Moussa Sissoko,4-3-3,10,2,21.7,0,0,0,Kevin Friend,2022-02-26,Sat,15:00
634,2022,27,Brentford,Newcastle United,0,1,0,0,2,0.4,2.7,37,63,Pontus Jansson,4-3-3,6,1,16.5,0,0,0,Jonjo Shelvey,4-3-3,26,11,15.7,2,0,0,Mike Dean,2022-02-26,Sat,15:00
635,2022,27,Everton,Manchester City,0,1,0,0,1,0.5,1.8,33,67,Séamus Coleman,4-3-3,6,2,19.1,1,0,0,İlkay Gündoğan,4-3-3,13,8,16.3,0,0,0,Paul Tierney,2022-02-26,Sat,17:30
636,2022,27,West Ham United,Wolverhampton Wanderers,1,0,0,1,0,1.8,0.7,39,61,Declan Rice,3-4-3,13,4,16.7,1,0,0,Conor Coady,3-4-3,14,1,21.1,0,0,0,Anthony Taylor,2022-02-27,Sun,14:00
637,2022,22,Burnley,Leicester City,0,1,0,0,2,0.9,1.5,45,55,Ben Mee,4-4-2,9,2,16.6,0,0,0,Kasper Schmeichel,4-3-3,22,6,17.7,1,0,0,Chris Kavanagh,2022-03-01,Tue,19:45
638,2022,28,Leicester City,Leeds United,1,0,0,1,0,0.4,1.7,51,49,Kasper Schmeichel,4-3-3,7,4,19.1,0,0,0,Luke Ayling,4-2-3-1,19,4,13.3,0,0,0,David Coote,2022-03-05,Sat,12:30
639,2022,28,Burnley,Chelsea,0,1,0,0,4,0.7,2.3,28,72,James Tarkowski,4-4-2,6,0,17.2,1,0,0,Jorginho,3-4-3,11,5,18.1,0,0,0,Andre Marriner,2022-03-05,Sat,15:00
640,2022,28,Wolverhampton Wanderers,Crystal Palace,0,1,0,0,2,0.7,2.7,63,37,Conor Coady,3-4-3,12,5,19.8,0,0,0,Marc Guéhi,4-2-3-1,11,7,15.1,0,1,1,Andy Madley,2022-03-05,Sat,15:00
641,2022,28,Norwich City,Brentford,0,1,0,1,3,1.0,2.0,60,40,Grant Hanley,4-2-3-1,15,7,18.6,0,0,0,Pontus Jansson,4-5-1,8,4,21.4,0,2,2,Anthony Taylor,2022-03-05,Sat,15:00
642,2022,28,Newcastle United,Brighton And Hove Albion,1,0,0,2,1,1.7,1.5,32,68,Jonjo Shelvey,4-3-3,10,4,12.2,0,0,0,Lewis Dunk,4-1-2-1-2◆,15,4,14.2,0,0,0,Martin Atkinson,2022-03-05,Sat,15:00
643,2022,28,Aston Villa,Southampton,1,0,0,4,0,2.5,1.1,38,62,Tyrone Mings,4-3-1-2,14,9,15.7,0,0,0,James Ward-Prowse,4-4-2,11,1,19.1,1,0,0,Peter Bankes,2022-03-05,Sat,15:00
644,2022,28,Liverpool,West Ham United,1,0,0,1,0,2.4,1.3,68,32,Jordan Henderson,4-3-3,22,5,19.1,1,0,0,Aaron Cresswell,4-4-2,13,4,14.9,0,0,0,Jonathan Moss,2022-03-05,Sat,17:30
645,2022,28,Watford,Arsenal,0,1,0,2,3,1.0,1.0,44,56,Moussa Sissoko,4-3-3,13,7,19.0,2,0,0,Alexandre Lacazette,4-2-3-1,16,4,17.3,0,0,0,Craig Pawson,2022-03-06,Sun,14:00
646,2022,28,Manchester City,Manchester United,1,0,0,4,1,2.7,0.5,69,31,Kevin De Bruyne,4-3-3,24,10,15.2,1,0,0,Harry Maguire,4-2-3-1,5,2,14.1,0,0,0,Michael Oliver,2022-03-06,Sun,16:30
647,2022,28,Tottenham Hotspur,Everton,1,0,0,5,0,2.5,0.2,55,45,Hugo Lloris,3-4-3,14,7,13.5,0,0,0,Séamus Coleman,4-2-3-1,6,0,22.5,1,0,0,Stuart Attwell,2022-03-07,Mon,20:00
648,2022,19,Wolverhampton Wanderers,Watford,1,0,0,4,0,0.7,0.6,66,34,Conor Coady,3-4-3,10,5,18.9,0,0,0,Moussa Sissoko,4-3-3,9,0,21.8,2,0,0,Darren England,2022-03-10,Thu,19:30
649,2022,21,Southampton,Newcastle United,0,1,0,1,2,1.1,0.6,67,33,James Ward-Prowse,4-4-2,14,5,13.9,0,0,0,Jonjo Shelvey,4-3-3,8,3,16.4,0,0,0,Kevin Friend,2022-03-10,Thu,19:30
650,2022,30,Norwich City,Chelsea,0,1,0,1,3,1.0,1.8,34,66,Grant Hanley,5-3-2,7,2,25.7,0,1,1,César Azpilicueta,3-4-3,15,7,12.7,1,0,0,Martin Atkinson,2022-03-10,Thu,19:30
651,2022,20,Leeds United,Aston Villa,0,1,0,0,3,0.2,1.5,51,49,Luke Ayling,4-2-3-1,4,1,22.5,0,0,0,Tyrone Mings,4-3-1-2,15,9,19.6,1,0,0,Simon Hooper,2022-03-10,Thu,19:45
652,2022,29,Brighton And Hove Albion,Liverpool,0,1,0,0,2,0.5,2.2,52,48,Lewis Dunk,4-2-3-1,8,3,18.4,0,0,0,Jordan Henderson,4-3-3,17,8,15.2,0,1,1,Mike Dean,2022-03-12,Sat,12:30
653,2022,29,Brentford,Burnley,1,0,0,2,0,1.9,0.7,55,45,Pontus Jansson,4-5-1,12,2,21.5,0,1,1,James Tarkowski,4-4-2,7,1,21.4,1,0,0,Paul Tierney,2022-03-12,Sat,15:00
654,2022,29,Manchester United,Tottenham Hotspur,1,0,0,3,2,1.0,1.5,43,57,Harry Maguire,4-2-3-1,10,6,16.1,0,0,0,Hugo Lloris,3-4-3,9,1,19.8,1,1,1,Jonathan Moss,2022-03-12,Sat,17:30
655,2022,29,Chelsea,Newcastle United,1,0,0,1,0,1.1,0.3,71,29,Jorginho,4-3-3,8,3,16.4,1,0,0,Jamaal Lascelles,5-4-1,7,2,18.2,0,0,0,David Coote,2022-03-13,Sun,14:00
656,2022,29,Southampton,Watford,0,1,0,1,2,1.4,1.7,63,37,James Ward-Prowse,4-4-2,13,6,12.8,1,0,0,Moussa Sissoko,4-3-3,9,5,16.9,0,0,0,Graham Scott,2022-03-13,Sun,14:00
657,2022,29,West Ham United,Aston Villa,1,0,0,2,1,1.2,1.1,47,53,Declan Rice,4-2-3-1,11,4,16.3,0,0,0,Tyrone Mings,4-1-2-1-2◆,13,7,14.9,1,0,0,Jarred Gillett,2022-03-13,Sun,14:00
658,2022,29,Everton,Wolverhampton Wanderers,0,1,0,0,1,0.4,0.8,39,61,Séamus Coleman,3-4-3,7,2,20.5,1,0,0,Conor Coady,3-5-2,14,3,21.7,0,0,0,Michael Oliver,2022-03-13,Sun,14:00
659,2022,29,Leeds United,Norwich City,1,0,0,2,1,2.5,1.5,52,48,Luke Ayling,4-2-3-1,13,7,14.4,1,0,0,Ben Gibson,4-3-3,12,4,18.8,1,0,0,Stuart Attwell,2022-03-13,Sun,14:00
660,2022,29,Arsenal,Leicester City,1,0,0,2,0,2.4,0.4,46,54,Alexandre Lacazette,4-2-3-1,20,6,16.2,0,1,1,Kasper Schmeichel,4-2-3-1,6,3,15.1,0,0,0,Anthony Taylor,2022-03-13,Sun,16:30
661,2022,29,Crystal Palace,Manchester City,0,0,1,0,0,0.6,2.8,27,73,Marc Guéhi,4-3-3,7,1,14.7,0,0,0,Kevin De Bruyne,4-3-3,19,4,17.2,0,0,0,Martin Atkinson,2022-03-14,Mon,20:00
662,2022,16,Brighton And Hove Albion,Tottenham Hotspur,0,1,0,0,2,0.7,2.2,48,52,Lewis Dunk,4-2-3-1,15,0,18.3,0,0,0,Hugo Lloris,3-4-3,17,7,19.0,1,0,0,Robert Jones,2022-03-16,Wed,19:30
663,2022,27,Arsenal,Liverpool,0,1,0,0,2,0.5,0.8,49,51,Alexandre Lacazette,4-2-3-1,9,2,22.5,0,0,0,Jordan Henderson,4-3-3,9,3,14.4,0,0,0,Andre Marriner,2022-03-16,Wed,20:15
664,2022,20,Everton,Newcastle United,1,0,0,1,0,0.7,0.9,39,61,Séamus Coleman,4-2-3-1,9,3,17.2,1,0,0,Fabian Schär,4-3-3,17,6,20.7,1,0,0,Craig Pawson,2022-03-17,Thu,19:45
665,2022,30,Wolverhampton Wanderers,Leeds United,0,1,0,2,3,1.2,2.0,48,52,Conor Coady,3-4-3,14,8,20.9,0,0,0,Luke Ayling,4-2-3-1,15,5,13.8,1,0,0,Kevin Friend,2022-03-18,Fri,20:00
666,2022,30,Aston Villa,Arsenal,0,1,0,0,1,0.5,1.3,47,53,Tyrone Mings,4-3-2-1,8,1,16.8,2,0,0,Alexandre Lacazette,4-2-3-1,10,3,19.5,0,0,0,Andy Madley,2022-03-19,Sat,12:30
667,2022,30,Leicester City,Brentford,1,0,0,2,1,1.0,1.3,52,48,Kasper Schmeichel,4-2-3-1,12,4,19.2,1,0,0,Pontus Jansson,4-5-1,15,6,14.9,0,0,0,Darren England,2022-03-20,Sun,14:00
668,2022,30,Tottenham Hotspur,West Ham United,1,0,0,3,1,3.0,0.6,53,47,Hugo Lloris,3-4-3,17,4,16.6,0,0,0,Declan Rice,3-4-3,6,1,9.1,0,0,0,Anthony Taylor,2022-03-20,Sun,16:30
669,2022,31,Liverpool,Watford,1,0,0,2,0,2.2,0.6,73,27,Jordan Henderson,4-3-3,19,2,18.7,0,1,1,Moussa Sissoko,4-1-4-1,5,2,15.3,0,0,0,Stuart Attwell,2022-04-02,Sat,12:30
670,2022,31,Chelsea,Brentford,0,1,0,1,4,1.3,1.8,70,30,César Azpilicueta,4-3-3,21,8,20.1,0,0,0,Pontus Jansson,5-3-2,17,6,13.5,1,0,0,Andy Madley,2022-04-02,Sat,15:00
671,2022,31,Leeds United,Southampton,0,0,1,1,1,1.2,1.4,56,44,Liam Cooper,4-2-3-1,12,3,17.8,0,0,0,James Ward-Prowse,4-3-1-2,14,5,16.4,1,0,0,Anthony Taylor,2022-04-02,Sat,15:00
672,2022,31,Burnley,Manchester City,0,1,0,0,2,0.1,1.8,24,76,James Tarkowski,4-5-1,3,1,18.3,0,0,0,İlkay Gündoğan,4-3-3,18,6,16.5,0,0,0,Craig Pawson,2022-04-02,Sat,15:00
673,2022,31,Wolverhampton Wanderers,Aston Villa,1,0,0,2,1,1.3,2.1,49,51,Conor Coady,3-4-3,11,4,15.0,0,0,0,Tyrone Mings,4-3-1-2,14,4,20.0,1,1,1,Darren England,2022-04-02,Sat,15:00
674,2022,31,Brighton And Hove Albion,Norwich City,0,0,1,0,0,2.8,0.4,63,37,Lewis Dunk,3-4-1-2,30,4,18.7,1,0,1,Grant Hanley,4-1-2-1-2◆,6,0,17.8,0,0,0,Simon Hooper,2022-04-02,Sat,15:00
675,2022,31,Manchester United,Leicester City,0,0,1,1,1,0.9,0.8,54,46,Harry Maguire,4-2-3-1,11,5,14.7,0,0,0,Kasper Schmeichel,4-2-3-1,11,3,16.7,0,0,0,Andre Marriner,2022-04-02,Sat,17:30
676,2022,31,West Ham United,Everton,1,0,0,2,1,1.2,0.7,55,45,Declan Rice,4-2-3-1,11,5,19.9,2,0,0,Michael Keane,4-3-3,13,2,18.7,0,0,0,Michael Oliver,2022-04-03,Sun,14:00
677,2022,31,Tottenham Hotspur,Newcastle United,1,0,0,5,1,3.1,0.5,60,40,Hugo Lloris,3-4-3,19,6,16.0,1,0,0,Jonjo Shelvey,4-3-3,8,1,18.0,1,0,0,Martin Atkinson,2022-04-03,Sun,16:30
678,2022,31,Crystal Palace,Arsenal,1,0,0,3,0,1.5,0.8,32,68,Marc Guéhi,4-2-3-1,5,4,21.0,1,1,1,Alexandre Lacazette,4-2-3-1,12,3,18.5,0,0,0,Paul Tierney,2022-04-04,Mon,20:00
679,2022,19,Burnley,Everton,1,0,0,3,2,2.0,2.4,52,48,James Tarkowski,4-4-2,13,4,15.6,0,0,0,Jordan Pickford,4-3-3,14,2,19.5,0,2,2,Mike Dean,2022-04-06,Wed,19:30
680,2022,32,Newcastle United,Wolverhampton Wanderers,1,0,0,1,0,1.5,0.4,42,58,Jonjo Shelvey,4-3-3,11,3,19.7,1,1,1,Conor Coady,3-4-3,5,2,18.2,0,0,0,Peter Bankes,2022-04-08,Fri,20:00
681,2022,32,Everton,Manchester United,1,0,0,1,0,0.4,0.8,33,67,Séamus Coleman,4-3-3,7,3,18.3,0,0,0,Harry Maguire,4-2-3-1,12,4,17.5,0,0,0,Jonathan Moss,2022-04-09,Sat,12:30
682,2022,32,Watford,Leeds United,0,1,0,0,3,1.1,0.7,49,51,Moussa Sissoko,4-3-3,8,1,26.0,1,0,0,Liam Cooper,4-2-3-1,10,5,17.9,0,0,0,Andre Marriner,2022-04-09,Sat,15:00
683,2022,32,Arsenal,Brighton And Hove Albion,0,1,0,1,2,1.9,0.6,64,36,Alexandre Lacazette,4-2-3-1,20,4,16.7,2,0,0,Lewis Dunk,3-5-2,8,3,23.1,0,0,0,David Coote,2022-04-09,Sat,15:00
684,2022,32,Southampton,Chelsea,0,1,0,0,6,0.5,4.2,30,70,James Ward-Prowse,4-4-2,4,1,17.0,0,0,0,N'Golo Kanté,3-4-1-2,24,14,15.3,0,0,0,Kevin Friend,2022-04-09,Sat,15:00
685,2022,32,Aston Villa,Tottenham Hotspur,0,1,0,0,4,1.6,1.1,52,48,Tyrone Mings,4-3-1-2,19,8,16.3,1,0,0,Hugo Lloris,3-4-3,11,5,18.8,0,0,0,Graham Scott,2022-04-09,Sat,17:30
686,2022,32,Brentford,West Ham United,1,0,0,2,0,1.4,0.3,47,53,Christian Nørgaard,4-3-3,15,7,15.8,0,0,0,Declan Rice,4-2-3-1,5,1,17.5,0,0,0,Martin Atkinson,2022-04-10,Sun,14:00
687,2022,32,Norwich City,Burnley,1,0,0,2,0,1.7,1.7,45,55,Grant Hanley,4-2-3-1,17,6,19.4,0,0,0,James Tarkowski,4-4-2,18,3,17.4,1,0,0,Michael Oliver,2022-04-10,Sun,14:00
688,2022,32,Leicester City,Crystal Palace,1,0,0,2,1,1.0,1.4,51,49,Kasper Schmeichel,4-2-3-1,12,3,21.1,2,0,0,Marc Guéhi,4-2-3-1,10,2,14.0,0,0,1,Robert Jones,2022-04-10,Sun,14:00
689,2022,32,Manchester City,Liverpool,0,0,1,2,2,1.3,1.3,55,45,Kevin De Bruyne,4-2-3-1,11,4,17.8,1,0,0,Jordan Henderson,4-3-3,6,4,22.9,0,0,0,Anthony Taylor,2022-04-10,Sun,16:30
690,2022,33,Tottenham Hotspur,Brighton And Hove Albion,0,1,0,0,1,0.5,0.6,49,51,Hugo Lloris,3-4-3,5,0,20.8,0,0,0,Lewis Dunk,3-5-2,12,4,17.0,0,0,0,Craig Pawson,2022-04-16,Sat,12:30
691,2022,33,Manchester United,Norwich City,1,0,0,3,2,1.9,1.5,61,39,Harry Maguire,4-3-3,20,9,17.3,1,0,0,Grant Hanley,4-2-3-1,15,4,19.9,1,0,0,Andy Madley,2022-04-16,Sat,15:00
692,2022,33,Southampton,Arsenal,1,0,0,1,0,0.8,1.7,25,75,James Ward-Prowse,3-4-3,9,3,15.9,1,0,0,Martin Ødegaard,4-2-3-1,23,6,18.3,1,0,0,Peter Bankes,2022-04-16,Sat,15:00
693,2022,33,Watford,Brentford,0,1,0,1,2,1.7,1.9,50,50,Moussa Sissoko,4-3-3,18,4,16.3,2,0,0,Pontus Jansson,4-3-3,16,5,19.7,0,0,0,Simon Hooper,2022-04-16,Sat,15:00
694,2022,33,Newcastle United,Leicester City,1,0,0,2,1,1.8,0.6,32,68,Jonjo Shelvey,4-3-3,16,7,15.4,1,0,0,Kasper Schmeichel,4-1-4-1,8,2,16.4,0,0,0,Jarred Gillett,2022-04-17,Sun,14:15
695,2022,33,West Ham United,Burnley,0,0,1,1,1,2.2,1.8,61,39,Declan Rice,4-2-3-1,21,6,14.7,0,0,0,James Tarkowski,4-4-2,8,1,16.4,0,0,1,Paul Tierney,2022-04-17,Sun,14:15
696,2022,30,Liverpool,Manchester United,1,0,0,4,0,2.0,0.1,71,29,Jordan Henderson,4-3-3,14,5,15.5,0,0,0,Harry Maguire,3-4-3,2,1,21.0,0,0,0,Martin Atkinson,2022-04-19,Tue,20:00
697,2022,18,Everton,Leicester City,0,0,1,1,1,1.8,0.9,37,63,Séamus Coleman,4-3-3,13,3,14.7,0,0,0,Kasper Schmeichel,4-2-3-1,11,3,16.5,0,0,0,David Coote,2022-04-20,Wed,19:45
698,2022,25,Chelsea,Arsenal,0,1,0,2,4,0.7,2.0,67,33,César Azpilicueta,3-4-1-2,11,2,15.9,0,0,0,Martin Ødegaard,4-2-3-1,13,3,19.5,0,1,1,Jonathan Moss,2022-04-20,Wed,19:45
699,2022,30,Newcastle United,Crystal Palace,1,0,0,1,0,0.9,0.5,37,63,Jonjo Shelvey,4-3-3,13,4,18.1,0,0,0,Marc Guéhi,4-2-3-1,10,2,15.4,0,0,0,Tony Harrington,2022-04-20,Wed,19:45
700,2022,30,Manchester City,Brighton And Hove Albion,1,0,0,3,0,1.3,0.2,65,35,İlkay Gündoğan,4-3-3,17,5,20.0,0,0,0,Lewis Dunk,3-5-2,2,1,19.0,1,0,0,Mike Dean,2022-04-20,Wed,20:00
701,2022,30,Burnley,Southampton,1,0,0,2,0,1.5,0.9,44,56,James Tarkowski,4-4-2,16,6,14.2,0,0,0,James Ward-Prowse,3-1-4-2,11,3,15.1,1,0,0,Stuart Attwell,2022-04-21,Thu,19:45
702,2022,34,Arsenal,Manchester United,1,0,0,3,1,2.3,1.8,54,46,Martin Ødegaard,4-2-3-1,13,6,19.3,1,1,1,Bruno Fernandes,4-2-3-1,13,5,18.1,0,0,1,Craig Pawson,2022-04-23,Sat,12:30
703,2022,34,Leicester City,Aston Villa,0,0,1,0,0,0.3,0.9,64,36,Kasper Schmeichel,4-1-4-1,5,2,24.2,2,0,0,Tyrone Mings,4-3-2-1,11,3,17.9,0,0,0,Andy Madley,2022-04-23,Sat,15:00
704,2022,34,Norwich City,Newcastle United,0,1,0,0,3,0.6,1.9,46,54,Grant Hanley,4-2-3-1,5,2,15.2,1,0,0,Jamaal Lascelles,4-3-3,13,7,15.6,0,0,0,Chris Kavanagh,2022-04-23,Sat,15:00
705,2022,34,Manchester City,Watford,1,0,0,5,1,3.6,0.5,73,27,Fernandinho,4-2-3-1,20,7,14.6,0,1,1,Moussa Sissoko,4-3-3,5,2,14.5,0,0,0,Kevin Friend,2022-04-23,Sat,15:00
706,2022,34,Brentford,Tottenham Hotspur,0,0,1,0,0,0.9,0.6,44,56,Pontus Jansson,5-3-2,15,1,15.3,1,0,0,Hugo Lloris,3-4-3,9,0,16.7,0,0,0,Martin Atkinson,2022-04-23,Sat,17:30
707,2022,34,Burnley,Wolverhampton Wanderers,1,0,0,1,0,1.4,0.6,36,64,James Tarkowski,4-4-2,14,5,18.8,0,0,0,Conor Coady,3-4-3,10,4,19.0,0,0,0,Anthony Taylor,2022-04-24,Sun,14:00
708,2022,34,Chelsea,West Ham United,1,0,0,1,0,3.0,0.5,66,34,César Azpilicueta,3-4-1-2,25,4,19.0,0,0,1,Mark Noble,3-4-3,6,2,13.4,0,0,0,Michael Oliver,2022-04-24,Sun,14:00
709,2022,34,Brighton And Hove Albion,Southampton,0,0,1,2,2,1.7,0.9,48,52,Lewis Dunk,4-3-1-2,8,5,11.4,0,0,0,James Ward-Prowse,4-4-2,18,5,20.4,1,0,0,Robert Jones,2022-04-24,Sun,14:00
710,2022,34,Liverpool,Everton,1,0,0,2,0,1.7,0.4,82,18,Virgil van Dijk,4-3-3,18,4,15.3,0,0,0,Séamus Coleman,4-3-3,9,1,19.1,1,0,0,Stuart Attwell,2022-04-24,Sun,16:30
711,2022,34,Crystal Palace,Leeds United,0,0,1,0,0,1.9,0.5,53,47,James McArthur,4-3-3,17,7,13.6,0,0,0,Liam Cooper,4-2-3-1,9,2,17.4,0,0,0,Darren England,2022-04-25,Mon,20:00
712,2022,37,Manchester United,Chelsea,0,0,1,1,1,0.5,1.9,36,64,Bruno Fernandes,4-2-3-1,6,3,15.9,0,0,0,César Azpilicueta,3-4-1-2,21,6,17.4,0,0,0,Mike Dean,2022-04-28,Thu,19:45
713,2022,35,Newcastle United,Liverpool,0,1,0,0,1,0.2,2.3,36,64,Jonjo Shelvey,4-3-3,4,2,28.3,1,0,0,Jordan Henderson,4-3-3,24,10,17.7,2,0,0,Andre Marriner,2022-04-30,Sat,12:30
714,2022,35,Watford,Burnley,0,1,0,1,2,1.0,1.6,47,53,Moussa Sissoko,4-3-3,13,1,15.5,1,0,0,James Tarkowski,4-4-2,17,6,15.9,1,0,0,Craig Pawson,2022-04-30,Sat,15:00
715,2022,35,Southampton,Crystal Palace,0,1,0,1,2,0.6,1.1,38,62,James Ward-Prowse,4-4-2,8,3,16.4,0,0,0,James McArthur,4-3-3,14,5,13.9,0,0,0,Jarred Gillett,2022-04-30,Sat,15:00
716,2022,35,Aston Villa,Norwich City,1,0,0,2,0,1.8,0.5,45,55,Tyrone Mings,4-1-4-1,21,6,15.7,0,0,0,Grant Hanley,4-2-3-1,9,3,21.6,0,0,0,John Brooks,2022-04-30,Sat,15:00
717,2022,35,Wolverhampton Wanderers,Brighton And Hove Albion,0,1,0,0,3,0.7,2.6,49,51,Conor Coady,3-5-2,11,1,18.7,1,0,0,Lewis Dunk,3-4-3,15,8,21.4,0,1,2,Simon Hooper,2022-04-30,Sat,15:00
718,2022,35,Leeds United,Manchester City,0,1,0,0,4,1.3,2.4,42,58,Luke Ayling,5-4-1,7,1,12.2,0,0,0,İlkay Gündoğan,4-2-3-1,19,6,16.2,0,0,0,Paul Tierney,2022-04-30,Sat,17:30
719,2022,35,Tottenham Hotspur,Leicester City,1,0,0,3,1,1.2,0.5,40,60,Hugo Lloris,3-4-3,13,7,14.2,0,0,0,Kasper Schmeichel,3-5-2,6,2,20.4,0,0,0,Jonathan Moss,2022-05-01,Sun,14:00
720,2022,35,Everton,Chelsea,1,0,0,1,0,0.8,0.8,23,77,Séamus Coleman,5-4-1,9,4,17.8,1,0,0,César Azpilicueta,3-4-1-2,17,5,17.9,0,0,0,Kevin Friend,2022-05-01,Sun,14:00
721,2022,35,West Ham United,Arsenal,0,1,0,1,2,0.5,0.9,57,43,Mark Noble,4-2-3-1,8,3,14.0,0,0,0,Martin Ødegaard,4-2-3-1,13,7,19.3,0,0,0,Mike Dean,2022-05-01,Sun,16:30
722,2022,35,Manchester United,Brentford,1,0,0,3,0,2.0,0.6,63,37,Bruno Fernandes,4-2-3-1,8,4,20.3,1,1,1,Pontus Jansson,5-3-2,12,4,18.9,1,0,0,Chris Kavanagh,2022-05-02,Mon,20:00
723,2022,36,Burnley,Aston Villa,0,1,0,1,3,1.9,2.1,49,51,James Tarkowski,4-4-2,14,6,16.4,0,0,0,Tyrone Mings,4-1-2-1-2◆,12,7,18.3,1,0,0,David Coote,2022-05-07,Sat,15:00
724,2022,36,Crystal Palace,Watford,1,0,0,1,0,2.2,0.4,67,33,Joel Ward,4-3-3,14,6,15.8,1,1,1,Moussa Sissoko,4-3-3,6,1,17.7,0,0,0,Graham Scott,2022-05-07,Sat,15:00
725,2022,36,Brentford,Southampton,1,0,0,3,0,2.6,1.4,41,59,Pontus Jansson,4-3-3,18,5,13.9,1,0,0,James Ward-Prowse,4-4-2,19,4,18.8,2,0,0,Michael Salisbury,2022-05-07,Sat,15:00
726,2022,36,Chelsea,Wolverhampton Wanderers,0,0,1,2,2,1.7,2.0,59,41,César Azpilicueta,3-4-1-2,18,5,18.2,2,1,1,Conor Coady,3-5-2,14,4,15.6,0,0,0,Peter Bankes,2022-05-07,Sat,15:00
727,2022,36,Brighton And Hove Albion,Manchester United,1,0,0,4,0,2.3,0.9,42,58,Lewis Dunk,3-4-3,17,5,15.9,0,0,0,Bruno Fernandes,4-2-3-1,15,5,19.4,1,0,0,Andy Madley,2022-05-07,Sat,17:30
728,2022,36,Liverpool,Tottenham Hotspur,0,0,1,1,1,1.3,0.9,64,36,Jordan Henderson,4-3-3,22,3,19.6,1,0,0,Hugo Lloris,3-4-3,8,3,17.5,0,0,0,Michael Oliver,2022-05-07,Sat,19:45
729,2022,36,Arsenal,Leeds United,1,0,0,2,1,2.0,0.3,64,36,Martin Ødegaard,4-2-3-1,19,9,14.3,2,0,0,Luke Ayling,4-2-3-1,3,2,11.0,0,0,0,Chris Kavanagh,2022-05-08,Sun,14:00
730,2022,36,Leicester City,Everton,0,1,0,1,2,1.5,1.1,66,34,Kasper Schmeichel,3-1-4-2,16,8,19.8,0,0,0,Séamus Coleman,5-4-1,10,4,13.8,0,0,0,Craig Pawson,2022-05-08,Sun,14:00
731,2022,36,Norwich City,West Ham United,0,1,0,0,4,0.8,3.0,37,63,Grant Hanley,4-2-3-1,8,2,22.2,1,0,0,Declan Rice,4-2-3-1,12,4,14.4,0,1,1,Robert Jones,2022-05-08,Sun,14:00
732,2022,36,Manchester City,Newcastle United,1,0,0,5,0,3.1,0.8,71,29,İlkay Gündoğan,4-2-3-1,21,9,16.0,1,0,0,Jamaal Lascelles,4-3-3,7,3,16.5,0,0,0,Stuart Attwell,2022-05-08,Sun,16:30
733,2022,33,Aston Villa,Liverpool,0,1,0,1,2,1.4,1.8,40,60,Tyrone Mings,4-3-1-2,9,4,13.7,0,0,0,Virgil van Dijk,4-3-3,17,5,17.0,2,0,0,Jonathan Moss,2022-05-10,Tue,20:00
734,2022,33,Leeds United,Chelsea,0,1,0,0,3,0.4,1.3,33,67,Liam Cooper,5-4-1,5,0,19.3,0,0,0,Jorginho,3-4-3,17,3,16.9,0,0,0,Anthony Taylor,2022-05-11,Wed,19:30
735,2022,30,Watford,Everton,0,0,1,0,0,0.3,0.7,48,52,Moussa Sissoko,4-3-3,6,0,20.0,1,0,0,Séamus Coleman,5-4-1,16,5,16.8,0,0,0,Mike Dean,2022-05-11,Wed,19:45
736,2022,21,Leicester City,Norwich City,1,0,0,3,0,2.0,1.1,65,35,Kasper Schmeichel,4-2-3-1,20,8,18.5,0,0,0,Grant Hanley,4-1-4-1,9,5,17.0,0,0,0,Simon Hooper,2022-05-11,Wed,19:45
737,2022,33,Wolverhampton Wanderers,Manchester City,0,1,0,1,5,0.5,2.3,34,66,Conor Coady,3-5-2,7,3,16.9,0,0,0,Fernandinho,4-2-3-1,15,5,14.7,0,0,0,Martin Atkinson,2022-05-11,Wed,20:15
738,2022,22,Tottenham Hotspur,Arsenal,1,0,0,3,0,2.7,0.5,57,43,Hugo Lloris,3-4-3,15,5,14.3,0,1,1,Martin Ødegaard,4-3-3,9,5,24.0,0,0,0,Paul Tierney,2022-05-12,Thu,19:45
739,2022,37,Tottenham Hotspur,Burnley,1,0,0,1,0,2.2,0.7,68,32,Hugo Lloris,3-4-3,20,6,20.3,0,1,1,Jack Cork,5-3-2,8,1,15.4,0,0,0,Kevin Friend,2022-05-15,Sun,12:00
740,2022,37,West Ham United,Manchester City,0,0,1,2,2,1.1,2.4,22,78,Declan Rice,4-2-3-1,6,2,13.7,0,0,0,Fernandinho,4-3-3,30,7,18.6,2,0,1,Anthony Taylor,2022-05-15,Sun,14:00
741,2022,37,Aston Villa,Crystal Palace,0,0,1,1,1,1.0,1.4,49,51,Tyrone Mings,4-3-1-2,13,4,18.7,0,0,0,Luka Milivojević,5-3-2,16,4,17.6,0,0,0,Chris Kavanagh,2022-05-15,Sun,14:00
742,2022,37,Watford,Leicester City,0,1,0,1,5,1.4,2.5,41,59,Moussa Sissoko,4-3-3,13,5,12.4,0,0,0,Jonny Evans,4-1-4-1,13,7,16.4,0,0,0,Jarred Gillett,2022-05-15,Sun,14:00
743,2022,37,Leeds United,Brighton And Hove Albion,0,0,1,1,1,1.6,2.2,50,50,Liam Cooper,4-2-3-1,19,4,15.1,1,0,0,Lewis Dunk,3-4-3,15,6,14.3,0,0,0,Mike Dean,2022-05-15,Sun,14:00
744,2022,37,Wolverhampton Wanderers,Norwich City,0,0,1,1,1,0.9,1.1,64,36,Conor Coady,3-4-3,17,4,20.8,1,0,0,Grant Hanley,3-4-3,11,2,14.4,0,0,0,Tony Harrington,2022-05-15,Sun,14:00
745,2022,37,Everton,Brentford,0,1,0,2,3,2.1,1.4,28,72,Séamus Coleman,3-4-3,9,4,17.4,0,1,1,Pontus Jansson,4-3-3,18,6,18.1,1,0,0,Michael Oliver,2022-05-15,Sun,16:30
746,2022,37,Newcastle United,Arsenal,1,0,0,2,0,1.6,0.6,51,49,Callum Wilson,4-3-3,16,4,19.1,0,0,0,Martin Ødegaard,4-2-3-1,11,2,21.1,0,0,0,Darren England,2022-05-16,Mon,20:00
747,2022,37,Southampton,Liverpool,0,1,0,1,2,0.1,1.3,30,70,James Ward-Prowse,5-4-1,4,2,25.2,1,0,0,James Milner,4-3-3,24,5,18.6,0,0,0,Martin Atkinson,2022-05-17,Tue,19:45
748,2022,33,Everton,Crystal Palace,1,0,0,3,2,0.8,1.1,43,57,Séamus Coleman,3-4-3,12,6,18.5,1,0,0,Marc Guéhi,4-3-3,7,5,14.2,0,0,0,Anthony Taylor,2022-05-19,Thu,19:45
749,2022,18,Aston Villa,Burnley,0,0,1,1,1,1.5,1.6,71,29,Tyrone Mings,4-3-2-1,22,9,19.4,0,0,0,James Tarkowski,5-3-2,9,3,17.2,0,1,1,Paul Tierney,2022-05-19,Thu,20:00
750,2022,27,Chelsea,Leicester City,0,0,1,1,1,1.6,0.1,67,33,Jorginho,3-4-3,20,7,20.0,2,0,0,Kasper Schmeichel,3-1-4-2,2,1,25.1,0,0,0,Stuart Attwell,2022-05-19,Thu,20:00
751,2022,38,Arsenal,Everton,1,0,0,5,1,4.2,1.1,73,27,Martin Ødegaard,4-2-3-1,25,8,17.0,0,1,1,Asmir Begović,5-4-1,6,2,17.7,0,0,0,Andre Marriner,2022-05-22,Sun,16:00
752,2022,38,Liverpool,Wolverhampton Wanderers,1,0,0,3,1,2.7,1.3,63,37,Jordan Henderson,4-3-3,29,7,15.6,0,0,0,Conor Coady,3-5-2,7,5,14.7,0,0,0,Anthony Taylor,2022-05-22,Sun,16:00
753,2022,38,Norwich City,Tottenham Hotspur,0,1,0,0,5,0.5,3.4,41,59,Grant Hanley,5-4-1,9,0,18.6,0,0,0,Hugo Lloris,3-4-3,19,12,14.9,0,0,0,Chris Kavanagh,2022-05-22,Sun,16:00
754,2022,38,Burnley,Newcastle United,0,1,0,1,2,1.6,1.8,52,48,James Tarkowski,4-4-2,12,4,15.7,1,0,0,Jamaal Lascelles,4-3-3,7,5,23.0,0,1,1,Craig Pawson,2022-05-22,Sun,16:00
755,2022,38,Leicester City,Southampton,1,0,0,4,1,3.4,1.1,51,49,Kasper Schmeichel,4-2-3-1,12,6,12.8,0,0,0,James Ward-Prowse,4-4-2,6,1,18.9,1,1,1,Jonathan Moss,2022-05-22,Sun,16:00
756,2022,38,Brighton And Hove Albion,West Ham United,1,0,0,3,1,1.6,0.2,50,50,Lewis Dunk,4-3-2-1,18,7,16.4,0,0,0,Declan Rice,4-2-3-1,7,2,22.0,0,0,0,Kevin Friend,2022-05-22,Sun,16:00
757,2022,38,Crystal Palace,Manchester United,1,0,0,1,0,0.6,0.7,39,61,Joel Ward,4-3-3,6,3,14.1,0,0,0,Harry Maguire,4-2-3-1,10,4,19.8,1,0,0,Martin Atkinson,2022-05-22,Sun,16:00
758,2022,38,Manchester City,Aston Villa,1,0,0,3,2,3.4,0.2,71,29,Fernandinho,4-3-3,24,5,14.2,1,0,0,Tyrone Mings,4-3-2-1,4,2,16.8,0,0,0,Michael Oliver,2022-05-22,Sun,16:00
759,2022,38,Chelsea,Watford,1,0,0,2,1,2.2,0.6,71,29,César Azpilicueta,3-4-3,19,8,16.9,0,0,0,Moussa Sissoko,4-3-3,8,3,21.9,1,0,0,Mike Dean,2022-05-22,Sun,16:00
760,2022,38,Brentford,Leeds United,0,1,0,1,2,0.8,1.3,49,51,Pontus Jansson,4-3-3,14,5,13.7,0,0,0,Liam Cooper,4-4-1-1,13,5,24.7,0,1,1,Paul Tierney,2022-05-22,Sun,16:00
761,2023,1,Crystal Palace,Arsenal,0,1,0,0,2,1.2,1.0,56,44,Marc Guéhi,4-2-3-1,10,2,14.2,0,0,0,Martin Ødegaard,4-3-3,10,2,14.6,1,0,0,Anthony Taylor,2022-08-05,Fri,20:00
762,2023,1,Fulham,Liverpool,0,0,1,2,2,1.2,1.2,33,67,Tim Ream,4-2-3-1,8,2,18.4,0,1,1,Jordan Henderson,4-3-3,11,3,12.4,0,0,0,Andy Madley,2022-08-06,Sat,12:30
763,2023,1,Tottenham Hotspur,Southampton,1,0,0,4,1,1.5,0.5,58,42,Hugo Lloris,3-4-3,18,8,16.5,0,0,0,James Ward-Prowse,5-3-2,10,2,17.1,0,0,0,Andre Marriner,2022-08-06,Sat,15:00
764,2023,1,Bournemouth,Aston Villa,1,0,0,2,0,0.6,0.7,35,65,Lloyd Kelly,3-4-3,7,3,15.7,0,0,0,John McGinn,4-3-3,15,2,24.6,0,0,0,Peter Bankes,2022-08-06,Sat,15:00
765,2023,1,Leeds United,Wolverhampton Wanderers,1,0,0,2,1,0.8,1.3,40,60,Patrick Bamford,4-2-3-1,12,4,18.6,1,0,0,Rúben Neves,4-2-3-1,15,6,18.9,0,0,0,Robert Jones,2022-08-06,Sat,15:00
766,2023,1,Newcastle United,Nottingham Forest,1,0,0,2,0,1.7,0.3,61,39,Kieran Trippier,4-3-3,23,9,16.0,1,0,0,Joe Worrall,3-4-1-2,5,0,16.0,0,0,0,Simon Hooper,2022-08-06,Sat,15:00
767,2023,1,Everton,Chelsea,0,1,0,0,1,0.7,1.5,38,62,Jordan Pickford,5-4-1,8,3,13.5,0,0,0,César Azpilicueta,3-4-3,14,5,16.1,1,1,1,Craig Pawson,2022-08-06,Sat,17:30
768,2023,1,Leicester City,Brentford,0,0,1,2,2,0.6,0.8,56,44,Jonny Evans,3-5-1-1,14,5,23.1,0,0,0,Pontus Jansson,4-3-3,8,3,17.0,0,0,0,Jarred Gillett,2022-08-07,Sun,14:00
769,2023,1,Manchester United,Brighton And Hove Albion,0,1,0,1,2,1.4,1.5,62,38,Harry Maguire,4-3-3,17,5,15.5,0,0,0,Lewis Dunk,3-3-3-1,15,4,17.4,0,0,0,Paul Tierney,2022-08-07,Sun,14:00
770,2023,1,West Ham United,Manchester City,0,1,0,0,2,0.5,2.2,25,75,Declan Rice,4-2-3-1,6,1,16.3,0,0,0,İlkay Gündoğan,4-3-3,13,1,18.7,1,1,1,Michael Oliver,2022-08-07,Sun,16:30
771,2023,2,Aston Villa,Everton,1,0,0,2,1,2.3,1.6,57,43,John McGinn,4-1-2-1-2◆,12,3,13.3,0,0,0,Jordan Pickford,3-4-3,15,4,14.8,0,0,0,Michael Oliver,2022-08-13,Sat,12:30
772,2023,2,Arsenal,Leicester City,1,0,0,4,2,2.7,0.5,50,50,Martin Ødegaard,4-3-3,19,7,13.0,0,0,0,Jonny Evans,3-5-1-1,6,2,14.6,0,0,0,Darren England,2022-08-13,Sat,15:00
773,2023,2,Manchester City,Bournemouth,1,0,0,4,0,1.7,0.1,67,33,İlkay Gündoğan,4-2-3-1,19,7,17.5,0,0,0,Lloyd Kelly,3-4-3,3,1,20.6,0,0,0,David Coote,2022-08-13,Sat,15:00
774,2023,2,Brighton And Hove Albion,Newcastle United,0,0,1,0,0,1.5,0.2,54,46,Lewis Dunk,3-4-1-2,13,5,17.3,0,0,0,Kieran Trippier,4-3-3,4,1,17.8,0,0,0,Graham Scott,2022-08-13,Sat,15:00
775,2023,2,Wolverhampton Wanderers,Fulham,0,0,1,0,0,0.9,1.5,59,41,Rúben Neves,4-2-3-1,7,1,18.7,1,0,0,Tim Ream,4-2-3-1,8,2,15.7,0,0,1,John Brooks,2022-08-13,Sat,15:00
776,2023,2,Southampton,Leeds United,0,0,1,2,2,1.2,1.8,43,57,James Ward-Prowse,3-4-3,14,4,18.1,1,0,0,Patrick Bamford,4-2-3-1,13,5,12.0,0,0,0,Tony Harrington,2022-08-13,Sat,15:00
777,2023,2,Brentford,Manchester United,1,0,0,4,0,1.6,0.9,34,66,Pontus Jansson,5-3-2,13,7,18.6,1,0,0,Harry Maguire,4-2-3-1,15,4,19.6,0,0,0,Stuart Attwell,2022-08-13,Sat,17:30
778,2023,2,Nottingham Forest,West Ham United,1,0,0,1,0,1.3,2.1,43,57,Joe Worrall,3-4-1-2,13,6,14.1,1,0,0,Declan Rice,4-3-3,18,3,19.3,2,0,1,Robert Jones,2022-08-14,Sun,14:00
779,2023,2,Chelsea,Tottenham Hotspur,0,0,1,2,2,1.6,1.0,63,37,Jorginho,3-5-2,16,3,17.2,0,0,0,Hugo Lloris,3-4-3,10,5,13.4,0,0,0,Anthony Taylor,2022-08-14,Sun,16:30
780,2023,2,Liverpool,Crystal Palace,0,0,1,1,1,2.0,1.0,72,28,James Milner,4-3-3,24,4,17.4,0,0,0,Joel Ward,5-4-1,7,3,14.7,0,0,0,Paul Tierney,2022-08-15,Mon,20:00
781,2023,3,Tottenham Hotspur,Wolverhampton Wanderers,1,0,0,1,0,1.7,0.7,50,50,Hugo Lloris,3-4-3,11,4,11.7,0,0,0,Rúben Neves,3-5-2,20,3,21.9,1,0,0,Simon Hooper,2022-08-20,Sat,12:30
782,2023,3,Everton,Nottingham Forest,0,0,1,1,1,1.5,1.0,49,51,Jordan Pickford,3-4-3,19,8,20.8,1,0,0,Joe Worrall,3-4-1-2,14,5,19.3,1,0,0,Andre Marriner,2022-08-20,Sat,15:00
783,2023,3,Crystal Palace,Aston Villa,1,0,0,3,1,2.6,0.9,51,49,Joel Ward,4-3-3,16,8,15.6,1,0,1,John McGinn,4-3-3,13,5,17.8,0,0,0,Andy Madley,2022-08-20,Sat,15:00
784,2023,3,Leicester City,Southampton,0,1,0,1,2,0.3,0.9,62,38,Jonny Evans,4-1-4-1,6,1,17.8,1,0,0,James Ward-Prowse,4-2-3-1,9,3,15.0,0,0,0,Michael Salisbury,2022-08-20,Sat,15:00
785,2023,3,Fulham,Brentford,1,0,0,3,2,2.4,1.8,43,57,Tim Ream,4-2-3-1,18,9,15.5,1,0,0,Pontus Jansson,4-3-3,13,5,14.1,0,0,0,Peter Bankes,2022-08-20,Sat,15:00
786,2023,3,Bournemouth,Arsenal,0,1,0,0,3,0.3,1.3,43,57,Lloyd Kelly,3-1-4-2,6,1,18.5,1,0,0,Martin Ødegaard,4-3-3,14,6,14.8,0,0,0,Craig Pawson,2022-08-20,Sat,17:30
787,2023,3,West Ham United,Brighton And Hove Albion,0,1,0,0,2,0.8,1.7,50,50,Declan Rice,4-2-3-1,13,3,16.5,0,0,0,Lewis Dunk,3-5-1-1,10,1,18.8,0,1,1,Anthony Taylor,2022-08-21,Sun,14:00
788,2023,3,Leeds United,Chelsea,1,0,0,3,0,2.1,0.9,39,61,Rodrigo,4-2-3-1,12,6,16.3,0,0,0,Jorginho,3-5-2,14,3,19.8,0,0,0,Stuart Attwell,2022-08-21,Sun,14:00
789,2023,3,Newcastle United,Manchester City,0,0,1,3,3,1.8,2.1,31,69,Kieran Trippier,4-3-3,12,5,14.8,1,0,0,İlkay Gündoğan,4-3-3,21,10,16.2,1,0,0,Jarred Gillett,2022-08-21,Sun,16:30
790,2023,3,Manchester United,Liverpool,1,0,0,2,1,1.8,1.3,30,70,Bruno Fernandes,4-2-3-1,13,5,19.5,2,0,0,Jordan Henderson,4-3-3,17,5,14.4,0,0,0,Michael Oliver,2022-08-22,Mon,20:00
791,2023,4,Southampton,Manchester United,0,1,0,0,1,1.4,1.1,49,51,James Ward-Prowse,4-2-3-1,17,4,13.8,0,0,0,Bruno Fernandes,4-2-3-1,11,4,15.5,1,0,0,Andy Madley,2022-08-27,Sat,12:30
792,2023,4,Manchester City,Crystal Palace,1,0,0,4,2,2.2,0.1,74,26,Kevin De Bruyne,4-2-3-1,18,5,14.1,0,0,0,Joel Ward,5-4-1,2,2,20.6,0,0,0,Darren England,2022-08-27,Sat,15:00
793,2023,4,Brentford,Everton,0,0,1,1,1,2.1,1.1,58,42,Christian Nørgaard,4-3-3,20,5,14.8,0,0,0,Jordan Pickford,3-4-3,14,7,16.7,0,0,0,John Brooks,2022-08-27,Sat,15:00
794,2023,4,Brighton And Hove Albion,Leeds United,1,0,0,1,0,2.0,1.8,44,56,Lewis Dunk,4-4-2,13,4,13.6,0,0,0,Rodrigo,4-2-3-1,10,2,18.0,1,0,0,Michael Salisbury,2022-08-27,Sat,15:00
795,2023,4,Chelsea,Leicester City,1,0,0,2,1,1.8,2.5,45,55,Jorginho,4-4-2,7,4,14.6,0,0,0,Jonny Evans,4-1-4-1,17,5,17.9,0,0,0,Paul Tierney,2022-08-27,Sat,15:00
796,2023,4,Liverpool,Bournemouth,1,0,0,9,0,3.3,0.3,69,31,Jordan Henderson,4-3-3,19,12,11.6,0,0,0,Adam Smith,4-2-3-1,5,2,18.2,0,0,0,Stuart Attwell,2022-08-27,Sat,15:00
797,2023,4,Arsenal,Fulham,1,0,0,2,1,2.6,0.8,71,29,Martin Ødegaard,4-3-3,22,8,15.5,1,0,0,Tim Ream,4-2-3-1,11,3,13.7,0,0,0,Jarred Gillett,2022-08-27,Sat,17:30
798,2023,4,Aston Villa,West Ham United,0,1,0,0,1,0.5,0.6,58,42,John McGinn,4-3-1-2,9,3,20.5,0,0,0,Declan Rice,3-5-2,7,2,24.8,1,0,0,David Coote,2022-08-28,Sun,14:00
799,2023,4,Wolverhampton Wanderers,Newcastle United,0,0,1,1,1,0.7,1.7,37,63,Rúben Neves,4-3-3,10,4,20.7,1,0,0,Kieran Trippier,4-3-3,21,6,18.1,1,0,0,Peter Bankes,2022-08-28,Sun,14:00
800,2023,4,Nottingham Forest,Tottenham Hotspur,0,1,0,0,2,0.9,2.4,55,45,Joe Worrall,3-4-3,17,1,20.0,1,0,0,Hugo Lloris,3-4-3,17,5,19.7,0,0,1,Craig Pawson,2022-08-28,Sun,16:30
801,2023,5,Crystal Palace,Brentford,0,0,1,1,1,1.0,1.4,49,51,Joel Ward,4-1-4-1,13,4,19.2,0,0,0,Ivan Toney,4-3-3,9,3,10.7,0,0,0,Simon Hooper,2022-08-30,Tue,19:30
802,2023,5,Fulham,Brighton And Hove Albion,1,0,0,2,1,0.7,1.4,39,61,Tim Ream,4-2-3-1,10,3,15.3,1,0,0,Lewis Dunk,3-5-2,6,2,15.3,0,1,1,Thomas Bramall,2022-08-30,Tue,19:30
803,2023,5,Southampton,Chelsea,1,0,0,2,1,1.1,1.1,33,67,James Ward-Prowse,4-2-3-1,9,5,17.8,0,0,0,César Azpilicueta,4-2-2-2,10,4,14.5,0,0,0,Michael Oliver,2022-08-30,Tue,19:45
804,2023,5,Leeds United,Everton,0,0,1,1,1,1.0,1.0,69,31,Rodrigo,4-2-3-1,14,5,16.9,0,0,0,Jordan Pickford,4-3-3,7,2,19.1,1,0,0,Darren England,2022-08-30,Tue,20:00
805,2023,5,Bournemouth,Wolverhampton Wanderers,0,0,1,0,0,0.4,1.5,35,65,Lloyd Kelly,4-4-2,5,2,16.1,0,0,0,Rúben Neves,4-3-3,17,3,17.7,1,0,0,Anthony Taylor,2022-08-31,Wed,19:30
806,2023,5,Manchester City,Nottingham Forest,1,0,0,6,0,3.3,0.7,74,26,İlkay Gündoğan,4-2-3-1,17,9,14.8,0,0,0,Joe Worrall,5-3-2,8,1,18.4,1,0,0,Paul Tierney,2022-08-31,Wed,19:30
807,2023,5,Arsenal,Aston Villa,1,0,0,2,1,2.4,0.4,59,41,Martin Ødegaard,4-3-3,22,8,16.3,1,0,0,John McGinn,4-3-3,4,3,19.2,0,0,0,Robert Jones,2022-08-31,Wed,19:30
808,2023,5,West Ham United,Tottenham Hotspur,0,0,1,1,1,1.2,0.6,39,61,Declan Rice,4-2-3-1,14,4,16.3,0,0,0,Hugo Lloris,3-4-3,12,3,16.8,0,0,0,Peter Bankes,2022-08-31,Wed,19:45
809,2023,5,Liverpool,Newcastle United,1,0,0,2,1,1.5,0.7,72,28,Jordan Henderson,4-3-3,23,6,17.8,0,0,0,Jamaal Lascelles,4-3-3,5,2,18.2,1,0,0,Andre Marriner,2022-08-31,Wed,20:00
810,2023,5,Leicester City,Manchester United,0,1,0,0,1,0.7,1.5,53,47,Jonny Evans,4-1-4-1,10,2,23.5,2,0,0,Bruno Fernandes,4-2-3-1,9,2,16.8,0,0,0,Craig Pawson,2022-09-01,Thu,20:00
811,2023,6,Everton,Liverpool,0,0,1,0,0,1.7,2.1,39,61,Jordan Pickford,4-3-3,14,3,15.5,0,0,0,Virgil van Dijk,4-3-3,23,8,13.1,0,0,0,Anthony Taylor,2022-09-03,Sat,12:30
812,2023,6,Chelsea,West Ham United,1,0,0,2,1,0.9,1.1,67,33,Thiago Silva,3-1-4-2,8,3,17.2,0,0,0,Declan Rice,3-4-1-2,6,3,15.9,0,0,0,Andy Madley,2022-09-03,Sat,15:00
813,2023,6,Wolverhampton Wanderers,Southampton,1,0,0,1,0,0.8,1.2,51,49,Rúben Neves,4-3-3,7,2,12.9,0,0,0,James Ward-Prowse,4-2-3-1,12,1,16.4,1,0,0,John Brooks,2022-09-03,Sat,15:00
814,2023,6,Nottingham Forest,Bournemouth,0,1,0,2,3,1.9,0.8,52,48,Joe Worrall,3-4-3,10,2,17.5,0,1,1,Lloyd Kelly,4-2-3-1,8,3,17.5,0,0,0,Michael Oliver,2022-09-03,Sat,15:00
815,2023,6,Newcastle United,Crystal Palace,0,0,1,0,0,2.8,1.0,52,48,Kieran Trippier,4-3-3,23,5,12.8,1,0,0,Joel Ward,4-3-3,19,9,20.0,0,0,0,Michael Salisbury,2022-09-03,Sat,15:00
816,2023,6,Brentford,Leeds United,1,0,0,5,2,2.3,1.7,32,68,Pontus Jansson,4-3-3,13,7,18.8,2,1,1,Robin Koch,4-2-3-1,17,6,21.9,1,0,0,Robert Jones,2022-09-03,Sat,15:00
817,2023,6,Tottenham Hotspur,Fulham,1,0,0,2,1,2.9,0.7,52,48,Hugo Lloris,3-4-3,23,10,15.5,1,0,0,Tim Ream,4-2-3-1,9,3,17.1,0,0,0,Stuart Attwell,2022-09-03,Sat,15:00
818,2023,6,Aston Villa,Manchester City,0,0,1,1,1,0.3,2.1,29,71,John McGinn,4-3-2-1,3,1,16.8,0,0,0,İlkay Gündoğan,4-3-3,13,4,16.8,1,0,0,Simon Hooper,2022-09-03,Sat,17:30
819,2023,6,Brighton And Hove Albion,Leicester City,1,0,0,5,2,2.6,1.4,53,47,Lewis Dunk,3-5-2,22,10,19.6,2,1,1,Jonny Evans,4-4-2,6,4,14.8,0,0,0,Tony Harrington,2022-09-04,Sun,14:00
820,2023,6,Manchester United,Arsenal,1,0,0,3,1,1.5,1.3,40,60,Bruno Fernandes,4-2-3-1,10,6,15.5,0,0,0,Martin Ødegaard,4-3-3,16,3,18.6,1,0,0,Paul Tierney,2022-09-04,Sun,16:30
821,2023,8,Nottingham Forest,Fulham,0,1,0,2,3,1.4,0.9,41,59,Ryan Yates,3-4-1-2,11,3,16.4,1,0,0,Tim Ream,4-2-3-1,15,7,17.3,2,0,0,Jarred Gillett,2022-09-16,Fri,20:00
822,2023,8,Aston Villa,Southampton,1,0,0,1,0,1.5,0.3,53,47,John McGinn,4-3-2-1,11,3,20.7,1,0,0,James Ward-Prowse,4-2-3-1,7,1,20.2,0,0,0,Tony Harrington,2022-09-16,Fri,20:00
823,2023,8,Wolverhampton Wanderers,Manchester City,0,1,0,0,3,0.4,1.1,41,59,Rúben Neves,4-3-3,6,1,19.6,2,0,0,Kevin De Bruyne,4-3-3,16,7,19.4,0,0,0,Anthony Taylor,2022-09-17,Sat,12:30
824,2023,8,Newcastle United,Bournemouth,0,0,1,1,1,1.9,0.7,72,28,Kieran Trippier,4-3-3,19,6,20.0,1,1,1,Adam Smith,4-2-3-1,10,3,18.1,0,0,0,Craig Pawson,2022-09-17,Sat,15:00
825,2023,8,Tottenham Hotspur,Leicester City,1,0,0,6,2,2.2,1.8,44,56,Hugo Lloris,3-4-3,16,11,16.5,0,0,0,Jonny Evans,4-1-4-1,18,6,22.7,0,1,1,Simon Hooper,2022-09-17,Sat,17:30
826,2023,8,Brentford,Arsenal,0,1,0,0,3,0.5,1.5,37,63,Pontus Jansson,3-5-2,5,2,13.9,1,0,0,Granit Xhaka,4-3-3,13,7,18.2,0,0,0,David Coote,2022-09-18,Sun,12:00
827,2023,8,Everton,West Ham United,1,0,0,1,0,0.4,1.0,53,47,Conor Coady,4-3-3,7,2,21.4,0,0,0,Declan Rice,4-2-3-1,14,4,15.2,0,0,0,Michael Oliver,2022-09-18,Sun,14:15
828,2023,9,Arsenal,Tottenham Hotspur,1,0,0,3,1,2.4,1.6,64,36,Martin Ødegaard,4-3-3,22,9,18.6,1,0,0,Hugo Lloris,3-4-3,6,2,19.9,0,1,1,Anthony Taylor,2022-10-01,Sat,12:30
829,2023,9,Southampton,Everton,0,1,0,1,2,1.7,2.0,55,45,James Ward-Prowse,4-4-2,22,6,16.4,1,0,0,Séamus Coleman,4-3-3,12,5,17.4,1,0,0,Andre Marriner,2022-10-01,Sat,15:00
830,2023,9,Liverpool,Brighton And Hove Albion,0,0,1,3,3,1.5,1.4,54,46,Jordan Henderson,4-3-3,15,7,16.8,1,0,0,Lewis Dunk,3-4-3,6,6,10.0,0,0,0,Andy Madley,2022-10-01,Sat,15:00
831,2023,9,Crystal Palace,Chelsea,0,1,0,1,2,0.4,1.1,36,64,Joel Ward,4-3-3,7,3,20.1,0,0,0,Jorginho,4-2-2-2,13,3,14.8,0,0,0,Chris Kavanagh,2022-10-01,Sat,15:00
832,2023,9,Fulham,Newcastle United,0,1,0,1,4,0.5,3.3,33,67,Tim Ream,4-2-3-1,3,1,16.2,0,0,0,Kieran Trippier,4-3-3,19,10,12.9,0,0,0,Darren England,2022-10-01,Sat,15:00
833,2023,9,Bournemouth,Brentford,0,0,1,0,0,0.4,0.9,42,58,Adam Smith,4-4-2,7,0,15.5,1,0,0,Pontus Jansson,4-3-3,13,4,15.2,1,0,0,Thomas Bramall,2022-10-01,Sat,15:00
834,2023,9,West Ham United,Wolverhampton Wanderers,1,0,0,2,0,0.9,0.7,39,61,Declan Rice,4-2-3-1,18,5,20.3,1,0,0,Rúben Neves,3-4-3,15,4,21.6,0,0,0,Paul Tierney,2022-10-01,Sat,17:30
835,2023,9,Manchester City,Manchester United,1,0,0,6,3,3.2,1.7,53,47,İlkay Gündoğan,4-3-3,22,9,14.2,1,0,0,Bruno Fernandes,4-2-3-1,11,7,22.2,0,1,1,Michael Oliver,2022-10-02,Sun,14:00
836,2023,9,Leeds United,Aston Villa,0,0,1,0,0,0.4,2.2,44,56,Liam Cooper,4-2-3-1,6,1,16.8,0,0,0,John McGinn,4-3-3,19,6,17.8,0,0,0,Stuart Attwell,2022-10-02,Sun,16:30
837,2023,9,Leicester City,Nottingham Forest,1,0,0,4,0,1.3,1.1,51,49,Jonny Evans,4-1-4-1,17,7,17.7,1,0,0,Steve Cook,4-2-3-1,10,3,15.7,0,0,0,Robert Jones,2022-10-03,Mon,20:00
838,2023,10,Manchester City,Southampton,1,0,0,4,0,2.4,0.2,65,35,Kevin De Bruyne,4-2-3-1,21,8,13.9,0,0,0,James Ward-Prowse,4-4-2,5,0,28.1,0,0,0,Andy Madley,2022-10-08,Sat,15:00
839,2023,10,Newcastle United,Brentford,1,0,0,5,1,1.5,1.2,54,46,Kieran Trippier,4-3-3,16,6,18.6,0,0,0,Ivan Toney,3-5-2,5,2,18.2,0,1,1,John Brooks,2022-10-08,Sat,15:00
840,2023,10,Bournemouth,Leicester City,1,0,0,2,1,1.1,1.0,45,55,Adam Smith,4-4-2,10,4,15.0,1,0,0,Jonny Evans,4-1-4-1,9,5,13.2,1,0,0,Michael Salisbury,2022-10-08,Sat,15:00
841,2023,10,Chelsea,Wolverhampton Wanderers,1,0,0,3,0,1.9,1.1,57,43,César Azpilicueta,4-2-3-1,20,7,14.7,0,0,0,João Moutinho,4-2-3-1,8,2,14.5,1,0,0,Simon Hooper,2022-10-08,Sat,15:00
842,2023,10,Brighton And Hove Albion,Tottenham Hotspur,0,1,0,0,1,0.7,0.8,59,41,Lewis Dunk,3-4-3,14,4,18.5,0,0,0,Hugo Lloris,3-5-2,8,3,18.7,1,0,0,Tony Harrington,2022-10-08,Sat,17:30
843,2023,10,West Ham United,Fulham,1,0,0,3,1,2.4,0.7,50,50,Declan Rice,4-2-3-1,16,7,16.4,0,1,1,Tim Ream,4-2-3-1,8,2,16.6,1,0,0,Chris Kavanagh,2022-10-09,Sun,14:00
844,2023,10,Crystal Palace,Leeds United,1,0,0,2,1,1.1,1.0,54,46,Joel Ward,4-3-3,13,5,17.7,2,0,0,Liam Cooper,4-2-3-1,10,4,18.1,0,0,0,Paul Tierney,2022-10-09,Sun,14:00
845,2023,10,Arsenal,Liverpool,1,0,0,3,2,2.7,1.1,43,57,Martin Ødegaard,4-3-3,10,6,14.3,0,1,1,Jordan Henderson,4-2-3-1,8,3,18.0,0,0,0,Michael Oliver,2022-10-09,Sun,16:30
846,2023,10,Everton,Manchester United,0,1,0,1,2,0.6,1.4,40,60,Séamus Coleman,4-3-3,11,2,17.4,0,0,0,Bruno Fernandes,4-2-3-1,12,4,18.8,0,0,0,David Coote,2022-10-09,Sun,19:00
847,2023,10,Nottingham Forest,Aston Villa,0,0,1,1,1,0.3,0.7,40,60,Ryan Yates,4-3-3,6,3,18.7,0,0,0,John McGinn,4-3-3,12,2,20.2,3,0,0,Anthony Taylor,2022-10-10,Mon,20:00
848,2023,11,Brentford,Brighton And Hove Albion,1,0,0,2,0,1.5,1.9,28,72,Ivan Toney,4-3-3,6,1,16.3,0,1,1,Lewis Dunk,4-4-2,21,7,17.2,0,0,0,Michael Salisbury,2022-10-14,Fri,20:00
849,2023,11,Leicester City,Crystal Palace,0,0,1,0,0,1.0,0.4,54,46,Youri Tielemans,4-1-4-1,14,5,19.4,1,0,0,Joel Ward,4-3-3,8,1,21.2,0,0,0,Andy Madley,2022-10-15,Sat,12:30
850,2023,11,Fulham,Bournemouth,0,0,1,2,2,2.1,1.0,69,31,Tim Ream,4-2-3-1,18,3,18.9,0,1,1,Adam Smith,4-2-3-1,10,6,13.0,0,0,0,Graham Scott,2022-10-15,Sat,15:00
851,2023,11,Wolverhampton Wanderers,Nottingham Forest,1,0,0,1,0,1.3,1.5,58,42,Rúben Neves,4-2-3-1,8,1,16.8,0,1,1,Ryan Yates,4-3-3,9,1,19.9,1,0,1,Thomas Bramall,2022-10-15,Sat,15:00
852,2023,11,Tottenham Hotspur,Everton,1,0,0,2,0,2.2,0.4,62,38,Hugo Lloris,3-4-3,20,6,17.2,1,1,1,Séamus Coleman,5-3-2,4,0,13.5,0,0,0,Paul Tierney,2022-10-15,Sat,17:30
853,2023,11,Leeds United,Arsenal,0,1,0,0,1,1.8,0.5,47,53,Liam Cooper,4-2-3-1,15,4,18.1,0,0,1,Martin Ødegaard,4-3-3,9,4,16.6,1,0,0,Chris Kavanagh,2022-10-16,Sun,14:00
854,2023,11,Manchester United,Newcastle United,0,0,1,0,0,0.8,0.8,63,37,Bruno Fernandes,4-2-3-1,15,2,19.4,1,0,0,Kieran Trippier,4-3-3,9,2,14.7,1,0,0,Craig Pawson,2022-10-16,Sun,14:00
855,2023,11,Southampton,West Ham United,0,0,1,1,1,0.5,1.7,39,61,James Ward-Prowse,4-3-3,10,8,19.6,0,0,0,Declan Rice,3-4-3,25,4,18.8,0,0,0,Peter Bankes,2022-10-16,Sun,14:00
856,2023,11,Aston Villa,Chelsea,0,1,0,0,2,1.8,0.9,42,58,John McGinn,4-3-3,18,7,15.3,1,0,0,Thiago Silva,3-4-3,8,4,18.0,1,0,0,Robert Jones,2022-10-16,Sun,14:00
857,2023,11,Liverpool,Manchester City,1,0,0,1,0,2.1,1.0,37,63,James Milner,4-2-3-1,13,2,17.5,0,0,0,İlkay Gündoğan,3-4-3,16,6,18.4,0,0,0,Anthony Taylor,2022-10-16,Sun,16:30
858,2023,12,Brighton And Hove Albion,Nottingham Forest,0,0,1,0,0,1.7,0.1,70,30,Lewis Dunk,3-4-3,19,7,15.7,0,0,0,Ryan Yates,4-3-3,3,0,11.5,0,0,0,Darren England,2022-10-18,Tue,19:30
859,2023,12,Crystal Palace,Wolverhampton Wanderers,1,0,0,2,1,1.2,0.8,51,49,Joel Ward,4-3-3,14,4,17.3,1,0,0,Rúben Neves,4-2-3-1,10,4,16.3,1,0,0,David Coote,2022-10-18,Tue,20:15
860,2023,12,Brentford,Chelsea,0,0,1,0,0,1.3,0.9,34,66,Ivan Toney,3-5-2,8,5,14.5,0,0,0,César Azpilicueta,3-5-1-1,14,5,21.4,0,0,0,Jarred Gillett,2022-10-19,Wed,19:30
861,2023,12,Bournemouth,Southampton,0,1,0,0,1,1.0,1.0,54,46,Adam Smith,3-4-3,15,3,17.6,1,0,0,James Ward-Prowse,4-4-2,9,3,13.0,0,0,0,John Brooks,2022-10-19,Wed,19:30
862,2023,12,Liverpool,West Ham United,1,0,0,1,0,1.7,1.7,54,46,Jordan Henderson,4-4-2,22,7,17.5,0,0,0,Declan Rice,4-4-2,7,2,15.2,0,0,1,Stuart Attwell,2022-10-19,Wed,19:30
863,2023,12,Newcastle United,Everton,1,0,0,1,0,1.5,0.2,49,51,Kieran Trippier,4-3-3,16,4,14.2,0,0,0,Séamus Coleman,4-3-3,1,0,7.5,0,0,0,Tony Harrington,2022-10-19,Wed,19:30
864,2023,12,Manchester United,Tottenham Hotspur,1,0,0,2,0,1.5,0.6,52,48,Bruno Fernandes,4-2-3-1,28,10,21.4,1,0,0,Hugo Lloris,3-5-2,9,2,14.9,0,0,0,Simon Hooper,2022-10-19,Wed,20:15
865,2023,12,Fulham,Aston Villa,1,0,0,3,0,2.1,1.2,60,40,Tim Ream,4-2-3-1,17,6,16.7,1,1,1,John McGinn,4-3-2-1,12,6,15.0,0,0,0,Michael Oliver,2022-10-20,Thu,19:30
866,2023,12,Leicester City,Leeds United,1,0,0,2,0,0.8,1.3,46,54,Youri Tielemans,4-1-4-1,5,1,17.7,0,0,0,Patrick Bamford,4-2-3-1,14,2,18.3,0,0,0,Peter Bankes,2022-10-20,Thu,20:15
867,2023,13,Nottingham Forest,Liverpool,1,0,0,1,0,1.9,1.6,25,75,Ryan Yates,4-3-3,10,7,15.9,0,0,0,James Milner,4-4-2,15,7,10.4,0,0,0,Paul Tierney,2022-10-22,Sat,12:30
868,2023,13,Manchester City,Brighton And Hove Albion,1,0,0,3,1,1.6,0.5,48,52,Kevin De Bruyne,4-3-3,9,3,15.0,0,1,1,Lewis Dunk,3-4-1-2,8,2,19.8,0,0,0,Craig Pawson,2022-10-22,Sat,15:00
869,2023,13,Everton,Crystal Palace,1,0,0,3,0,1.4,0.9,46,54,Séamus Coleman,4-2-3-1,9,6,16.8,0,0,0,Luka Milivojević,4-1-4-1,9,2,17.1,2,0,0,Simon Hooper,2022-10-22,Sat,15:00
870,2023,13,Chelsea,Manchester United,0,0,1,1,1,1.1,0.8,48,52,César Azpilicueta,3-4-3,5,1,19.7,0,1,1,Bruno Fernandes,4-1-4-1,13,6,22.1,1,0,0,Stuart Attwell,2022-10-22,Sat,17:30
871,2023,13,Leeds United,Fulham,0,1,0,2,3,1.6,1.8,57,43,Liam Cooper,4-2-3-1,14,5,16.3,0,0,0,Tim Ream,4-2-3-1,11,4,11.9,0,0,0,Anthony Taylor,2022-10-23,Sun,14:00
872,2023,13,Aston Villa,Brentford,1,0,0,4,0,2.8,0.9,45,55,Emiliano Martínez,4-2-3-1,18,10,18.7,0,1,1,Ivan Toney,3-5-2,12,3,16.8,0,0,0,Darren England,2022-10-23,Sun,14:00
873,2023,13,Wolverhampton Wanderers,Leicester City,0,1,0,0,4,2.1,0.9,60,40,Rúben Neves,4-2-3-1,21,5,15.7,1,0,0,Youri Tielemans,4-1-4-1,5,4,14.7,0,0,0,Michael Oliver,2022-10-23,Sun,14:00
874,2023,13,Southampton,Arsenal,0,0,1,1,1,0.7,1.0,41,59,James Ward-Prowse,4-4-2,10,3,19.4,0,0,0,Martin Ødegaard,4-3-3,12,3,17.2,0,0,0,Robert Jones,2022-10-23,Sun,14:00
875,2023,13,Tottenham Hotspur,Newcastle United,0,1,0,1,2,1.6,1.2,53,47,Hugo Lloris,3-5-2,17,4,16.9,0,0,0,Kieran Trippier,4-3-3,13,5,18.4,0,0,0,Jarred Gillett,2022-10-23,Sun,16:30
876,2023,13,West Ham United,Bournemouth,1,0,0,2,0,1.9,0.4,55,45,Declan Rice,4-2-3-1,19,3,21.1,1,1,1,Adam Smith,4-2-3-1,5,3,13.6,0,0,0,David Coote,2022-10-24,Mon,20:00
877,2023,14,Leicester City,Manchester City,0,1,0,0,1,0.7,1.0,36,64,Youri Tielemans,3-4-3,10,5,16.4,0,0,0,İlkay Gündoğan,4-3-3,15,5,20.8,1,0,0,Robert Jones,2022-10-29,Sat,12:30
878,2023,14,Brighton And Hove Albion,Chelsea,1,0,0,4,1,2.4,1.4,41,59,Lewis Dunk,4-2-3-1,19,7,15.9,0,0,0,Thiago Silva,3-4-3,15,7,18.3,0,0,0,Andy Madley,2022-10-29,Sat,15:00
879,2023,14,Bournemouth,Tottenham Hotspur,0,1,0,2,3,0.5,2.0,31,69,Adam Smith,3-5-1-1,6,4,14.0,0,0,0,Hugo Lloris,3-5-2,23,7,15.1,1,0,0,Anthony Taylor,2022-10-29,Sat,15:00
880,2023,14,Crystal Palace,Southampton,1,0,0,1,0,0.9,1.3,44,56,Luka Milivojević,4-3-3,12,3,20.0,1,0,0,James Ward-Prowse,3-5-2,14,4,18.1,0,0,0,Michael Salisbury,2022-10-29,Sat,15:00
881,2023,14,Newcastle United,Aston Villa,1,0,0,4,0,3.4,0.4,59,41,Kieran Trippier,4-3-3,19,6,16.3,0,1,1,Emiliano Martínez,4-2-3-1,3,0,13.9,0,0,0,Paul Tierney,2022-10-29,Sat,15:00
882,2023,14,Brentford,Wolverhampton Wanderers,0,0,1,1,1,1.4,0.6,58,42,Ivan Toney,4-3-3,12,3,15.4,0,0,0,Rúben Neves,4-2-3-1,13,4,20.4,0,0,0,Robert Madley,2022-10-29,Sat,15:00
883,2023,14,Fulham,Everton,0,0,1,0,0,1.9,0.9,56,44,Tim Ream,4-2-3-1,24,6,16.4,0,0,0,Séamus Coleman,4-2-3-1,9,4,12.2,0,0,0,John Brooks,2022-10-29,Sat,17:30
884,2023,14,Liverpool,Leeds United,0,1,0,1,2,1.7,1.8,68,32,Virgil van Dijk,4-1-2-1-2◆,22,10,16.4,0,0,0,Liam Cooper,4-2-3-1,14,6,19.4,3,0,0,Michael Oliver,2022-10-29,Sat,19:45
885,2023,14,Arsenal,Nottingham Forest,1,0,0,5,0,2.3,0.4,69,31,Martin Ødegaard,4-3-3,24,9,16.0,1,0,0,Ryan Yates,4-3-3,5,2,20.4,0,0,0,Simon Hooper,2022-10-30,Sun,14:00
886,2023,14,Manchester United,West Ham United,1,0,0,1,0,1.2,1.1,53,47,Harry Maguire,4-2-3-1,16,3,18.1,0,0,0,Declan Rice,4-2-3-1,13,4,22.3,0,0,0,Chris Kavanagh,2022-10-30,Sun,16:15
887,2023,15,Nottingham Forest,Brentford,0,0,1,2,2,1.5,1.5,48,52,Ryan Yates,4-3-1-2,15,6,17.8,0,0,0,David Raya,4-3-3,5,1,20.3,0,1,1,Andre Marriner,2022-11-05,Sat,15:00
888,2023,15,Manchester City,Fulham,1,0,0,2,1,2.1,1.0,70,30,İlkay Gündoğan,4-3-3,15,4,18.1,1,1,1,Tim Ream,4-2-3-1,3,1,26.2,0,1,1,Darren England,2022-11-05,Sat,15:00
889,2023,15,Wolverhampton Wanderers,Brighton And Hove Albion,0,1,0,2,3,1.2,1.5,29,71,Rúben Neves,4-3-3,7,4,18.3,0,1,1,Lewis Dunk,4-2-3-1,19,8,17.2,3,0,0,Graham Scott,2022-11-05,Sat,15:00
890,2023,15,Leeds United,Bournemouth,1,0,0,4,3,2.2,1.5,60,40,Liam Cooper,4-2-3-1,17,3,15.9,0,1,1,Adam Smith,4-4-2,9,5,12.4,0,0,0,Tony Harrington,2022-11-05,Sat,15:00
891,2023,15,Everton,Leicester City,0,1,0,0,2,1.2,2.3,49,51,Séamus Coleman,4-3-3,12,2,12.9,0,0,0,Youri Tielemans,4-1-4-1,22,8,17.5,0,0,0,David Coote,2022-11-05,Sat,17:30
892,2023,15,Chelsea,Arsenal,0,1,0,0,1,0.3,2.1,45,55,César Azpilicueta,4-2-3-1,5,1,16.0,0,0,0,Martin Ødegaard,4-3-3,14,2,14.5,0,0,0,Michael Oliver,2022-11-06,Sun,12:00
893,2023,15,Aston Villa,Manchester United,1,0,0,3,1,0.6,0.5,42,58,Emiliano Martínez,4-2-2-2,6,4,22.7,1,0,0,Cristiano Ronaldo,4-2-3-1,8,3,19.7,1,0,0,Anthony Taylor,2022-11-06,Sun,14:00
894,2023,15,West Ham United,Crystal Palace,0,1,0,1,2,0.3,1.0,42,58,Declan Rice,4-2-3-1,5,2,16.7,0,0,0,Marc Guéhi,4-3-3,15,6,20.5,2,0,0,Paul Tierney,2022-11-06,Sun,14:00
895,2023,15,Southampton,Newcastle United,0,1,0,1,4,1.7,0.9,55,45,James Ward-Prowse,4-2-3-1,16,5,17.6,1,0,0,Kieran Trippier,4-3-3,7,4,15.4,0,0,0,Stuart Attwell,2022-11-06,Sun,14:00
896,2023,15,Tottenham Hotspur,Liverpool,0,1,0,1,2,1.2,1.2,47,53,Hugo Lloris,5-3-2,14,5,14.4,0,0,0,Virgil van Dijk,4-1-2-1-2◆,13,6,21.2,0,0,0,Andy Madley,2022-11-06,Sun,16:30
897,2023,16,Manchester City,Brentford,0,1,0,1,2,1.6,1.3,74,26,İlkay Gündoğan,4-3-3,29,6,20.9,0,0,0,Ivan Toney,3-5-2,10,7,15.2,0,0,0,Peter Bankes,2022-11-12,Sat,12:30
898,2023,16,Bournemouth,Everton,1,0,0,3,0,2.4,0.8,36,64,Adam Smith,4-4-2,16,8,13.6,0,0,0,Jordan Pickford,4-3-3,15,3,18.0,0,0,0,Craig Pawson,2022-11-12,Sat,15:00
899,2023,16,West Ham United,Leicester City,0,1,0,0,2,1.4,1.8,54,46,Declan Rice,4-2-3-1,18,6,16.4,0,0,0,Youri Tielemans,4-1-4-1,8,5,21.3,0,0,1,Jarred Gillett,2022-11-12,Sat,15:00
900,2023,16,Nottingham Forest,Crystal Palace,1,0,0,1,0,1.1,1.2,32,68,Joe Worrall,4-3-3,9,2,15.2,1,0,0,Marc Guéhi,4-3-3,7,0,16.9,0,0,1,John Brooks,2022-11-12,Sat,15:00
901,2023,16,Tottenham Hotspur,Leeds United,1,0,0,4,3,1.8,1.1,55,45,Hugo Lloris,3-4-3,14,7,14.5,0,0,0,Liam Cooper,4-2-3-1,12,5,16.2,2,0,0,Michael Salisbury,2022-11-12,Sat,15:00
902,2023,16,Liverpool,Southampton,1,0,0,3,1,1.9,1.1,60,40,Virgil van Dijk,4-3-3,15,7,12.4,0,0,0,James Ward-Prowse,5-3-2,9,5,11.9,0,0,0,Simon Hooper,2022-11-12,Sat,15:00
903,2023,16,Newcastle United,Chelsea,1,0,0,1,0,1.0,0.3,49,51,Kieran Trippier,4-3-3,10,3,15.4,0,0,0,César Azpilicueta,3-4-3,5,2,14.0,0,0,0,Robert Jones,2022-11-12,Sat,17:30
904,2023,16,Wolverhampton Wanderers,Arsenal,0,1,0,0,2,0.7,2.1,38,62,João Moutinho,5-3-2,11,2,20.0,1,0,0,Martin Ødegaard,4-3-3,14,3,13.7,0,0,0,Stuart Attwell,2022-11-12,Sat,19:45
905,2023,16,Brighton And Hove Albion,Aston Villa,0,1,0,1,2,0.6,1.5,65,35,Lewis Dunk,4-2-3-1,7,2,18.2,0,0,0,John McGinn,4-4-2,7,1,25.1,0,1,1,Chris Kavanagh,2022-11-13,Sun,14:00
906,2023,16,Fulham,Manchester United,0,1,0,1,2,1.4,2.5,53,47,Tom Cairney,4-2-3-1,14,7,14.0,0,0,0,Bruno Fernandes,4-2-3-1,14,9,17.7,0,0,0,Paul Tierney,2022-11-13,Sun,16:30
907,2023,17,Brentford,Tottenham Hotspur,0,0,1,2,2,2.0,1.1,39,61,Christian Nørgaard,3-5-2,9,4,10.2,0,0,0,Harry Kane,3-4-3,15,8,19.7,1,0,0,David Coote,2022-12-26,Mon,12:30
908,2023,17,Crystal Palace,Fulham,0,1,0,0,3,0.4,2.5,36,64,Joachim Andersen,4-3-3,4,0,13.0,0,0,0,Tim Ream,4-2-3-1,23,10,13.4,1,0,0,Andy Madley,2022-12-26,Mon,15:00
909,2023,17,Everton,Wolverhampton Wanderers,0,1,0,1,2,1.7,0.8,58,42,Jordan Pickford,4-3-3,12,5,19.2,2,0,0,Rúben Neves,4-3-3,7,4,18.6,0,0,0,Craig Pawson,2022-12-26,Mon,15:00
910,2023,17,Leicester City,Newcastle United,0,1,0,0,3,0.5,1.9,60,40,Youri Tielemans,4-2-3-1,8,2,20.1,0,0,0,Kieran Trippier,4-3-3,11,4,16.8,0,1,1,Jarred Gillett,2022-12-26,Mon,15:00
911,2023,17,Southampton,Brighton And Hove Albion,0,1,0,1,3,1.9,0.6,34,66,James Ward-Prowse,4-2-3-1,13,3,16.1,1,0,1,Lewis Dunk,4-2-3-1,7,4,13.7,0,0,0,Robert Jones,2022-12-26,Mon,15:00
912,2023,17,Aston Villa,Liverpool,0,1,0,1,3,1.4,2.7,48,52,John McGinn,4-4-2,12,6,15.3,0,0,0,Jordan Henderson,4-3-3,16,9,17.0,0,0,0,Paul Tierney,2022-12-26,Mon,17:30
913,2023,17,Arsenal,West Ham United,1,0,0,3,1,2.1,1.0,66,34,Martin Ødegaard,4-3-3,16,5,18.2,1,0,0,Declan Rice,4-2-3-1,7,3,24.2,0,1,1,Michael Oliver,2022-12-26,Mon,20:00
914,2023,17,Chelsea,Bournemouth,1,0,0,2,0,1.8,0.5,60,40,Jorginho,4-3-3,15,5,15.7,0,0,0,Lloyd Kelly,5-3-2,9,4,21.0,2,0,0,Simon Hooper,2022-12-27,Tue,17:30
915,2023,17,Manchester United,Nottingham Forest,1,0,0,3,0,2.4,0.7,65,35,Bruno Fernandes,4-2-3-1,17,8,15.9,0,0,0,Joe Worrall,4-3-3,8,3,15.2,0,0,0,Anthony Taylor,2022-12-27,Tue,20:00
916,2023,17,Leeds United,Manchester City,0,1,0,1,3,0.6,4.3,31,69,Liam Cooper,4-3-3,9,1,19.3,2,0,0,İlkay Gündoğan,4-3-3,26,9,16.0,0,0,0,Stuart Attwell,2022-12-28,Wed,20:00
917,2023,18,West Ham United,Brentford,0,1,0,0,2,1.3,1.6,63,37,Declan Rice,3-4-3,20,5,18.2,2,0,0,Christian Nørgaard,3-5-2,9,6,13.4,1,0,0,Darren England,2022-12-30,Fri,19:45
918,2023,18,Liverpool,Leicester City,1,0,0,2,1,2.2,1.0,57,43,Jordan Henderson,4-3-3,21,5,18.4,1,0,0,Wilfred Ndidi,4-2-3-1,7,2,12.1,0,0,0,Craig Pawson,2022-12-30,Fri,20:00
919,2023,18,Wolverhampton Wanderers,Manchester United,0,1,0,0,1,0.7,2.0,46,54,Rúben Neves,4-2-3-1,10,3,17.3,2,0,0,Bruno Fernandes,4-2-3-1,16,6,14.9,1,0,0,Robert Jones,2022-12-31,Sat,12:30
920,2023,18,Bournemouth,Crystal Palace,0,1,0,0,2,0.6,1.6,59,41,Lloyd Kelly,4-4-2,6,2,14.8,0,0,0,Joel Ward,4-2-3-1,15,6,18.9,1,0,0,Andre Marriner,2022-12-31,Sat,15:00
921,2023,18,Manchester City,Everton,0,0,1,1,1,1.7,0.1,74,26,Kevin De Bruyne,4-3-3,16,3,15.4,0,0,0,Jordan Pickford,5-3-2,2,1,25.1,0,0,0,Andy Madley,2022-12-31,Sat,15:00
922,2023,18,Fulham,Southampton,1,0,0,2,1,1.5,0.8,62,38,Tim Ream,4-2-3-1,7,1,18.8,0,0,1,James Ward-Prowse,3-4-3,9,3,24.5,1,0,0,Graham Scott,2022-12-31,Sat,15:00
923,2023,18,Newcastle United,Leeds United,0,0,1,0,0,2.2,0.4,60,40,Kieran Trippier,4-3-3,16,5,15.4,1,0,0,Liam Cooper,4-2-3-1,8,1,17.9,1,0,0,Simon Hooper,2022-12-31,Sat,15:00
924,2023,18,Brighton And Hove Albion,Arsenal,0,1,0,2,4,1.2,2.9,68,32,Lewis Dunk,4-2-3-1,9,5,13.5,0,0,0,Martin Ødegaard,4-3-3,14,7,11.2,0,0,0,Anthony Taylor,2022-12-31,Sat,17:30
925,2023,18,Tottenham Hotspur,Aston Villa,0,1,0,0,2,0.7,1.0,59,41,Hugo Lloris,3-4-3,6,1,15.2,1,0,0,John McGinn,4-4-2,13,4,20.8,1,0,0,John Brooks,2023-01-01,Sun,14:00
926,2023,18,Nottingham Forest,Chelsea,0,0,1,1,1,1.4,0.9,29,71,Joe Worrall,4-3-3,12,5,15.5,0,0,0,César Azpilicueta,4-3-3,7,2,11.6,0,0,0,Peter Bankes,2023-01-01,Sun,16:30
927,2023,19,Brentford,Liverpool,1,0,0,3,1,1.6,0.9,28,72,Christian Nørgaard,3-5-2,10,7,10.5,0,0,0,Virgil van Dijk,4-3-3,16,5,15.3,0,0,0,Stuart Attwell,2023-01-02,Mon,17:30
928,2023,19,Everton,Brighton And Hove Albion,0,1,0,1,4,1.3,2.2,49,51,Jordan Pickford,4-3-3,9,3,19.0,0,1,1,Lewis Dunk,4-2-3-1,19,8,18.9,1,0,0,Andre Marriner,2023-01-03,Tue,19:45
929,2023,19,Arsenal,Newcastle United,0,0,1,0,0,1.1,1.0,66,34,Martin Ødegaard,4-3-3,17,4,17.0,0,0,0,Kieran Trippier,4-3-3,8,1,13.4,0,0,0,Andy Madley,2023-01-03,Tue,19:45
930,2023,19,Leicester City,Fulham,0,1,0,0,1,1.7,1.7,61,39,Youri Tielemans,4-2-3-1,15,6,18.9,1,0,0,Tim Ream,4-2-3-1,11,2,19.4,0,0,0,Darren Bond,2023-01-03,Tue,19:45
931,2023,19,Manchester United,Bournemouth,1,0,0,3,0,2.2,0.6,58,42,Harry Maguire,4-2-3-1,18,6,16.7,2,0,0,Lloyd Kelly,4-4-2,7,4,15.7,1,0,0,Michael Salisbury,2023-01-03,Tue,20:00
932,2023,19,Southampton,Nottingham Forest,0,1,0,0,1,0.5,1.4,63,37,James Ward-Prowse,3-1-4-2,8,0,14.5,1,0,0,Joe Worrall,4-3-1-2,11,1,22.3,0,0,0,Thomas Bramall,2023-01-04,Wed,19:30
933,2023,19,Leeds United,West Ham United,0,0,1,2,2,1.6,1.4,62,38,Liam Cooper,4-2-3-1,14,5,14.0,0,0,0,Declan Rice,4-3-3,14,1,22.5,0,1,1,David Coote,2023-01-04,Wed,19:45
934,2023,19,Aston Villa,Wolverhampton Wanderers,0,0,1,1,1,1.8,0.9,56,44,Ashley Young,4-4-2,13,3,19.2,1,0,0,Rúben Neves,4-2-3-1,10,3,14.2,0,0,0,Jarred Gillett,2023-01-04,Wed,20:00
935,2023,19,Crystal Palace,Tottenham Hotspur,0,1,0,0,4,0.8,1.4,47,53,Joel Ward,4-2-3-1,19,4,20.1,0,0,0,Hugo Lloris,3-4-3,14,6,16.2,0,0,0,Michael Oliver,2023-01-04,Wed,20:00
936,2023,19,Chelsea,Manchester City,0,1,0,0,1,0.4,2.0,48,52,César Azpilicueta,4-2-3-1,8,2,17.2,0,0,0,İlkay Gündoğan,3-2-4-1,12,3,16.0,0,0,0,Paul Tierney,2023-01-05,Thu,20:00
937,2023,7,Fulham,Chelsea,1,0,0,2,1,1.0,2.1,48,52,Tim Ream,4-2-3-1,8,3,15.3,0,0,0,César Azpilicueta,3-5-2,20,10,16.6,1,0,0,David Coote,2023-01-12,Thu,20:00
938,2023,20,Aston Villa,Leeds United,1,0,0,2,1,1.2,2.4,52,48,Emiliano Martínez,4-4-2,11,5,16.9,0,0,0,Liam Cooper,4-2-3-1,16,3,12.7,0,0,0,Michael Oliver,2023-01-13,Fri,20:00
939,2023,20,Manchester United,Manchester City,1,0,0,2,1,1.7,0.6,30,70,Bruno Fernandes,4-2-3-1,8,3,14.8,0,0,0,Kevin De Bruyne,4-3-3,5,1,19.2,0,0,0,Stuart Attwell,2023-01-14,Sat,12:30
940,2023,20,Brighton And Hove Albion,Liverpool,1,0,0,3,0,1.9,1.0,61,39,Lewis Dunk,4-2-3-1,16,8,16.3,0,0,0,Jordan Henderson,4-1-2-1-2◆,6,2,12.8,0,0,0,Darren England,2023-01-14,Sat,15:00
941,2023,20,Everton,Southampton,0,1,0,1,2,1.4,1.2,52,48,Séamus Coleman,3-4-3,12,4,16.0,0,0,0,James Ward-Prowse,4-2-3-1,13,5,20.7,2,0,0,John Brooks,2023-01-14,Sat,15:00
942,2023,20,Nottingham Forest,Leicester City,1,0,0,2,0,2.4,1.0,39,61,Joe Worrall,4-3-1-2,15,5,19.3,2,0,0,Marc Albrighton,4-2-3-1,6,1,18.0,0,0,0,Paul Tierney,2023-01-14,Sat,15:00
943,2023,20,Wolverhampton Wanderers,West Ham United,1,0,0,1,0,0.9,1.1,58,42,Rúben Neves,4-2-3-1,17,4,20.0,0,0,0,Declan Rice,4-3-3,16,3,18.4,0,0,0,Simon Hooper,2023-01-14,Sat,15:00
944,2023,20,Brentford,Bournemouth,1,0,0,2,0,1.4,0.6,50,50,Christian Nørgaard,4-3-3,11,3,23.3,0,1,1,Lloyd Kelly,4-4-1-1,7,2,18.1,0,0,0,Jarred Gillett,2023-01-14,Sat,17:30
945,2023,20,Chelsea,Crystal Palace,1,0,0,1,0,1.5,0.7,61,39,Jorginho,4-2-3-1,15,5,14.8,0,0,0,Marc Guéhi,4-2-3-1,10,5,17.9,0,0,0,Peter Bankes,2023-01-15,Sun,14:00
946,2023,20,Newcastle United,Fulham,1,0,0,1,0,2.2,1.1,62,38,Kieran Trippier,4-3-3,20,5,16.7,2,0,0,Tim Ream,4-2-3-1,4,0,18.9,0,0,1,Robert Jones,2023-01-15,Sun,14:00
947,2023,20,Tottenham Hotspur,Arsenal,0,1,0,0,2,1.6,1.8,51,49,Hugo Lloris,3-4-3,17,7,16.3,1,0,0,Martin Ødegaard,4-3-3,14,5,17.9,2,0,0,Craig Pawson,2023-01-15,Sun,16:30
948,2023,7,Crystal Palace,Manchester United,0,0,1,1,1,0.5,2.1,40,60,Marc Guéhi,4-2-3-1,10,5,18.2,2,0,0,Bruno Fernandes,4-2-3-1,15,4,19.5,1,0,0,Robert Jones,2023-01-18,Wed,20:00
949,2023,7,Manchester City,Tottenham Hotspur,1,0,0,4,2,2.3,0.8,58,42,İlkay Gündoğan,4-2-3-1,16,6,16.3,1,0,0,Hugo Lloris,3-4-3,9,3,16.5,0,0,0,Simon Hooper,2023-01-19,Thu,20:00
950,2023,21,Liverpool,Chelsea,0,0,1,0,0,1.4,1.6,48,52,James Milner,4-3-3,15,3,15.5,0,0,0,Jorginho,3-4-3,11,2,13.8,0,0,0,Michael Oliver,2023-01-21,Sat,12:30
951,2023,21,Bournemouth,Nottingham Forest,0,0,1,1,1,1.4,1.9,43,57,Lloyd Kelly,4-4-2,16,3,15.4,2,0,0,Joe Worrall,4-3-1-2,20,5,17.9,0,0,0,Andy Madley,2023-01-21,Sat,15:00
952,2023,21,Southampton,Aston Villa,0,1,0,0,1,0.6,1.4,37,63,James Ward-Prowse,4-2-3-1,8,5,15.8,0,0,0,Emiliano Martínez,4-4-2,16,5,17.0,1,0,0,Michael Salisbury,2023-01-21,Sat,15:00
953,2023,21,West Ham United,Everton,1,0,0,2,0,2.2,0.5,33,67,Declan Rice,3-4-3,11,4,11.9,0,0,0,Séamus Coleman,3-4-3,5,2,14.7,0,0,0,Stuart Attwell,2023-01-21,Sat,15:00
954,2023,21,Leicester City,Brighton And Hove Albion,0,0,1,2,2,0.9,1.7,37,63,Youri Tielemans,4-4-2,9,2,12.1,1,0,0,Lewis Dunk,4-2-3-1,13,4,17.0,0,0,0,Thomas Bramall,2023-01-21,Sat,15:00
955,2023,21,Crystal Palace,Newcastle United,0,0,1,0,0,0.3,1.2,40,60,Joel Ward,4-2-3-1,6,1,19.9,0,0,0,Kieran Trippier,4-3-3,16,7,13.1,0,0,0,Craig Pawson,2023-01-21,Sat,17:30
956,2023,21,Manchester City,Wolverhampton Wanderers,1,0,0,3,0,2.8,0.8,55,45,İlkay Gündoğan,3-2-4-1,12,5,14.8,0,1,1,Rúben Neves,4-3-3,10,1,16.4,0,0,0,David Coote,2023-01-22,Sun,14:00
957,2023,21,Leeds United,Brentford,0,0,1,0,0,0.5,0.4,58,42,Luke Ayling,4-2-3-1,9,5,23.2,1,0,0,Christian Nørgaard,3-5-2,6,0,24.2,1,0,0,Peter Bankes,2023-01-22,Sun,14:00
958,2023,21,Arsenal,Manchester United,1,0,0,3,2,3.1,0.4,57,43,Martin Ødegaard,4-3-3,25,5,14.2,0,0,0,Bruno Fernandes,4-2-3-1,6,4,18.2,0,0,0,Anthony Taylor,2023-01-22,Sun,16:30
959,2023,21,Fulham,Tottenham Hotspur,0,1,0,0,1,1.0,0.9,54,46,Tim Ream,4-2-3-1,10,5,17.3,1,0,0,Hugo Lloris,3-4-3,10,3,17.0,1,0,0,Paul Tierney,2023-01-23,Mon,20:00
960,2023,22,Chelsea,Fulham,0,0,1,0,0,1.3,0.6,66,34,Thiago Silva,4-3-3,12,2,17.0,0,0,0,Tim Ream,4-2-3-1,10,4,23.0,0,0,0,Stuart Attwell,2023-02-03,Fri,20:00
961,2023,22,Everton,Arsenal,1,0,0,1,0,1.7,0.9,30,70,Séamus Coleman,4-5-1,12,4,16.4,0,0,0,Martin Ødegaard,4-3-3,15,2,17.6,0,0,0,David Coote,2023-02-04,Sat,12:30
962,2023,22,Manchester United,Crystal Palace,1,0,0,2,1,2.0,1.3,52,48,Bruno Fernandes,4-2-3-1,13,4,16.4,0,1,1,Marc Guéhi,4-2-3-1,10,3,12.8,0,0,0,Andre Marriner,2023-02-04,Sat,15:00
963,2023,22,Brighton And Hove Albion,Bournemouth,1,0,0,1,0,2.2,1.1,71,29,Lewis Dunk,3-4-3,20,6,16.3,0,0,0,Neto,4-4-1-1,12,2,15.3,0,0,0,Craig Pawson,2023-02-04,Sat,15:00
964,2023,22,Brentford,Southampton,1,0,0,3,0,2.0,0.7,49,51,Christian Nørgaard,4-3-3,14,3,12.1,0,0,0,James Ward-Prowse,4-2-3-1,14,5,23.5,0,0,0,Darren Bond,2023-02-04,Sat,15:00
965,2023,22,Aston Villa,Leicester City,0,1,0,2,4,1.7,2.6,62,38,Emiliano Martínez,4-4-2,19,4,17.5,0,0,0,Youri Tielemans,4-2-3-1,9,5,15.3,0,0,0,Darren England,2023-02-04,Sat,15:00
966,2023,22,Wolverhampton Wanderers,Liverpool,1,0,0,3,0,2.0,1.8,41,59,Rúben Neves,4-4-2,12,5,18.3,0,0,0,Andrew Robertson,4-3-3,22,2,19.5,1,0,0,Paul Tierney,2023-02-04,Sat,15:00
967,2023,22,Newcastle United,West Ham United,0,0,1,1,1,1.0,1.0,62,38,Kieran Trippier,4-3-3,8,2,13.5,0,0,0,Declan Rice,3-4-3,10,1,16.2,0,0,0,Peter Bankes,2023-02-04,Sat,17:30
968,2023,22,Nottingham Forest,Leeds United,1,0,0,1,0,0.4,0.9,30,70,Remo Freuler,4-3-1-2,6,2,18.9,0,0,0,Liam Cooper,4-2-3-1,10,4,17.1,0,0,0,Robert Jones,2023-02-05,Sun,14:00
969,2023,22,Tottenham Hotspur,Manchester City,1,0,0,1,0,1.4,1.3,36,64,Hugo Lloris,3-4-3,12,3,14.7,0,0,0,Kyle Walker,4-4-2,15,5,17.7,1,0,0,Andy Madley,2023-02-05,Sun,16:30
970,2023,8,Manchester United,Leeds United,0,0,1,2,2,2.0,0.6,66,34,Bruno Fernandes,4-2-3-1,24,6,16.7,0,0,0,Luke Ayling,4-2-3-1,8,2,18.4,1,0,0,Simon Hooper,2023-02-08,Wed,20:00
971,2023,23,West Ham United,Chelsea,0,0,1,1,1,1.3,1.1,29,71,Declan Rice,3-4-3,10,2,13.8,1,0,0,Thiago Silva,4-2-3-1,12,4,18.0,2,0,0,Craig Pawson,2023-02-11,Sat,12:30
972,2023,23,Fulham,Nottingham Forest,1,0,0,2,0,1.5,0.7,50,50,Tim Ream,4-2-3-1,16,3,15.0,1,0,0,Remo Freuler,4-2-3-1,10,1,15.0,0,0,0,Andy Madley,2023-02-11,Sat,15:00
973,2023,23,Southampton,Wolverhampton Wanderers,0,1,0,1,2,1.1,0.8,41,59,James Ward-Prowse,5-3-2,17,2,17.7,0,0,0,Rúben Neves,4-2-3-1,11,1,18.7,0,0,0,Jarred Gillett,2023-02-11,Sat,15:00
974,2023,23,Crystal Palace,Brighton And Hove Albion,0,0,1,1,1,1.1,2.5,27,73,Marc Guéhi,4-4-2,6,1,12.4,0,0,0,Lewis Dunk,4-2-3-1,17,7,13.6,1,0,0,Michael Oliver,2023-02-11,Sat,15:00
975,2023,23,Leicester City,Tottenham Hotspur,1,0,0,4,1,1.7,1.3,49,51,James Maddison,4-2-3-1,15,6,15.6,0,0,0,Harry Kane,3-4-3,11,4,16.8,2,0,0,Michael Salisbury,2023-02-11,Sat,15:00
976,2023,23,Arsenal,Brentford,0,0,1,1,1,1.6,2.0,69,31,Martin Ødegaard,4-3-3,23,7,19.6,0,0,0,Christian Nørgaard,3-5-2,9,2,12.9,0,0,0,Peter Bankes,2023-02-11,Sat,15:00
977,2023,23,Bournemouth,Newcastle United,0,0,1,1,1,1.5,1.3,34,66,Neto,4-4-1-1,11,4,16.5,1,0,0,Kieran Trippier,4-3-3,15,7,16.9,0,0,0,Stuart Attwell,2023-02-11,Sat,17:30
978,2023,23,Leeds United,Manchester United,0,1,0,0,2,1.8,1.1,34,66,Luke Ayling,4-2-3-1,16,6,11.6,0,0,0,Harry Maguire,4-2-3-1,11,5,16.4,0,0,0,Paul Tierney,2023-02-12,Sun,14:00
979,2023,23,Manchester City,Aston Villa,1,0,0,3,1,3.3,0.3,67,33,İlkay Gündoğan,3-2-4-1,16,7,15.4,1,1,1,Emiliano Martínez,4-4-2,6,2,22.8,0,0,0,Robert Jones,2023-02-12,Sun,16:30
980,2023,23,Liverpool,Everton,1,0,0,2,0,2.3,0.4,59,41,Jordan Henderson,4-3-3,15,6,16.7,1,0,0,Séamus Coleman,4-5-1,6,1,15.3,0,0,0,Simon Hooper,2023-02-13,Mon,20:00
981,2023,12,Arsenal,Manchester City,0,1,0,1,3,1.6,1.8,63,37,Martin Ødegaard,4-3-3,9,0,19.2,0,1,1,İlkay Gündoğan,4-1-4-1,9,5,12.1,0,0,0,Anthony Taylor,2023-02-15,Wed,19:30
982,2023,24,Aston Villa,Arsenal,0,1,0,2,4,0.5,3.2,33,67,John McGinn,4-4-2,7,5,23.3,1,0,0,Martin Ødegaard,4-3-3,20,5,15.7,0,0,0,Simon Hooper,2023-02-18,Sat,12:30
983,2023,24,Everton,Leeds United,1,0,0,1,0,1.4,0.5,51,49,Séamus Coleman,4-5-1,15,4,15.7,0,0,0,Luke Ayling,4-2-3-1,8,0,18.4,0,0,0,Andy Madley,2023-02-18,Sat,15:00
984,2023,24,Brighton And Hove Albion,Fulham,0,1,0,0,1,2.2,0.3,65,35,Lewis Dunk,4-2-3-1,21,7,15.6,1,0,0,Tim Ream,4-2-3-1,5,2,16.0,0,0,0,Darren England,2023-02-18,Sat,15:00
985,2023,24,Chelsea,Southampton,0,1,0,0,1,1.6,0.6,62,38,César Azpilicueta,4-2-3-1,17,4,17.0,1,0,0,James Ward-Prowse,4-4-2,8,4,19.7,1,0,0,David Coote,2023-02-18,Sat,15:00
986,2023,24,Nottingham Forest,Manchester City,0,0,1,1,1,0.9,2.4,27,73,Joe Worrall,4-3-2-1,4,1,14.7,0,0,0,İlkay Gündoğan,3-2-4-1,23,6,18.0,2,0,0,Graham Scott,2023-02-18,Sat,15:00
987,2023,24,Wolverhampton Wanderers,Bournemouth,0,1,0,0,1,1.3,1.1,68,32,Rúben Neves,4-2-3-1,15,4,13.3,0,0,0,Neto,4-2-3-1,5,1,14.0,0,0,0,Michael Salisbury,2023-02-18,Sat,15:00
988,2023,24,Brentford,Crystal Palace,0,0,1,1,1,0.9,1.1,59,41,Christian Nørgaard,4-3-3,12,5,19.0,0,0,0,Marc Guéhi,4-2-3-1,10,4,14.4,0,0,0,Paul Tierney,2023-02-18,Sat,15:00
989,2023,24,Newcastle United,Liverpool,0,1,0,0,2,2.0,1.9,38,62,Kieran Trippier,4-3-3,14,4,12.9,0,0,0,Jordan Henderson,4-3-3,13,7,16.4,1,0,0,Anthony Taylor,2023-02-18,Sat,17:30
990,2023,24,Manchester United,Leicester City,1,0,0,3,0,4.4,1.6,57,43,Bruno Fernandes,4-2-3-1,26,8,15.5,1,0,0,James Maddison,4-2-3-1,19,3,19.0,1,0,0,Stuart Attwell,2023-02-19,Sun,14:00
991,2023,24,Tottenham Hotspur,West Ham United,1,0,0,2,0,1.5,0.5,57,43,Harry Kane,3-4-3,16,6,21.5,0,0,0,Declan Rice,3-4-3,6,1,16.0,1,0,0,Michael Oliver,2023-02-19,Sun,16:30
992,2023,25,Fulham,Wolverhampton Wanderers,0,0,1,1,1,0.5,0.8,51,49,Tim Ream,4-2-3-1,10,5,24.2,1,0,0,Rúben Neves,4-4-2,8,2,18.1,0,0,0,Michael Oliver,2023-02-24,Fri,20:00
993,2023,25,Everton,Aston Villa,0,1,0,0,2,1.6,1.9,47,53,Séamus Coleman,4-1-4-1,15,4,12.6,2,0,0,John McGinn,4-4-2,8,4,22.1,1,1,1,Anthony Taylor,2023-02-25,Sat,15:00
994,2023,25,Leicester City,Arsenal,0,1,0,0,1,0.0,0.7,35,65,Wilfred Ndidi,4-3-3,1,0,29.4,0,0,0,Oleksandr Zinchenko,4-3-3,10,2,19.4,1,0,0,Craig Pawson,2023-02-25,Sat,15:00
995,2023,25,West Ham United,Nottingham Forest,1,0,0,4,0,2.7,0.4,49,51,Declan Rice,4-3-3,18,5,14.9,0,0,0,Joe Worrall,4-3-2-1,8,3,18.9,0,0,0,Jarred Gillett,2023-02-25,Sat,15:00
996,2023,25,Leeds United,Southampton,1,0,0,1,0,0.9,0.4,61,39,Luke Ayling,4-2-3-1,14,4,16.2,0,0,0,James Ward-Prowse,4-4-2,8,2,18.8,0,0,0,Peter Bankes,2023-02-25,Sat,15:00
997,2023,25,Bournemouth,Manchester City,0,1,0,1,4,1.0,2.4,35,66,Neto,5-4-1,13,2,14.2,0,0,0,İlkay Gündoğan,3-2-4-1,20,5,15.3,1,0,0,Paul Tierney,2023-02-25,Sat,17:30
998,2023,25,Crystal Palace,Liverpool,0,0,1,0,0,0.7,0.9,37,63,Marc Guéhi,4-2-3-1,6,0,15.0,0,0,0,Jordan Henderson,4-3-3,12,4,16.0,1,0,0,Darren England,2023-02-25,Sat,19:45
999,2023,25,Tottenham Hotspur,Chelsea,1,0,0,2,0,0.8,0.4,41,59,Harry Kane,3-4-3,8,3,16.5,0,0,0,Thiago Silva,4-2-3-1,10,2,23.8,0,0,0,Stuart Attwell,2023-02-26,Sun,13:30
1000,2023,7,Arsenal,Everton,1,0,0,4,0,2.4,1.2,73,27,Martin Ødegaard,4-3-3,15,5,12.9,0,0,0,Séamus Coleman,4-5-1,8,5,14.9,0,0,0,Michael Oliver,2023-03-01,Wed,19:45
1001,2023,7,Liverpool,Wolverhampton Wanderers,1,0,0,2,0,2.6,0.8,57,43,Virgil van Dijk,4-3-3,15,6,13.6,0,0,0,Rúben Neves,4-2-3-1,4,1,11.0,0,0,0,Paul Tierney,2023-03-01,Wed,20:00
1002,2023,26,Manchester City,Newcastle United,1,0,0,2,0,1.3,0.4,56,44,İlkay Gündoğan,4-2-3-1,11,3,15.8,2,0,0,Jamaal Lascelles,4-3-3,5,2,15.0,1,0,0,Simon Hooper,2023-03-04,Sat,12:30
1003,2023,26,Arsenal,Bournemouth,1,0,0,3,2,2.1,1.3,79,21,Martin Ødegaard,4-3-3,31,9,18.1,2,0,0,Neto,5-4-1,4,4,8.1,0,0,0,Chris Kavanagh,2023-03-04,Sat,15:00
1004,2023,26,Aston Villa,Crystal Palace,1,0,0,1,0,1.2,0.2,58,42,John McGinn,4-2-3-1,8,1,14.8,0,0,0,Marc Guéhi,4-2-3-1,3,0,16.9,0,0,0,Craig Pawson,2023-03-04,Sat,15:00
1005,2023,26,Chelsea,Leeds United,1,0,0,1,0,1.5,1.0,57,43,Mateo Kovačić,3-4-3,13,3,15.8,1,0,0,Luke Ayling,4-2-3-1,11,2,13.7,1,0,0,Michael Oliver,2023-03-04,Sat,15:00
1006,2023,26,Brighton And Hove Albion,West Ham United,1,0,0,4,0,3.5,0.3,65,35,Lewis Dunk,4-2-3-1,19,8,16.3,0,1,1,Declan Rice,4-2-3-1,3,2,12.1,0,0,0,Stuart Attwell,2023-03-04,Sat,15:00
1007,2023,26,Wolverhampton Wanderers,Tottenham Hotspur,1,0,0,1,0,0.5,1.2,46,54,Rúben Neves,4-2-3-1,8,5,21.0,0,0,0,Harry Kane,3-4-3,21,6,20.6,2,0,0,Tim Robinson,2023-03-04,Sat,15:00
1008,2023,26,Southampton,Leicester City,1,0,0,1,0,1.4,1.9,35,65,James Ward-Prowse,4-2-3-1,10,4,23.6,1,0,1,James Maddison,4-2-3-1,11,0,15.8,0,0,0,Robert Jones,2023-03-04,Sat,17:30
1009,2023,26,Nottingham Forest,Everton,0,0,1,2,2,0.8,1.7,57,43,Joe Worrall,4-3-2-1,10,4,18.4,0,0,0,Séamus Coleman,4-5-1,9,2,17.0,0,1,1,John Brooks,2023-03-05,Sun,14:00
1010,2023,26,Liverpool,Manchester United,1,0,0,7,0,2.8,0.8,59,41,Jordan Henderson,4-3-3,18,8,12.7,0,0,0,Bruno Fernandes,4-2-3-1,8,4,15.4,0,0,0,Andy Madley,2023-03-05,Sun,16:30
1011,2023,26,Brentford,Fulham,1,0,0,3,2,2.1,1.4,37,63,Christian Nørgaard,4-3-3,13,5,19.8,2,1,1,Tim Ream,4-2-3-1,9,5,17.4,1,0,0,Anthony Taylor,2023-03-06,Mon,20:00
1012,2023,27,Bournemouth,Liverpool,1,0,0,1,0,0.9,1.7,31,69,Neto,4-4-1-1,5,2,12.3,0,0,0,Virgil van Dijk,4-3-3,14,5,18.5,0,0,1,John Brooks,2023-03-11,Sat,12:30
1013,2023,27,Leicester City,Chelsea,0,1,0,1,3,2.4,1.6,48,52,James Maddison,3-4-3,17,6,18.3,1,0,0,Mateo Kovačić,3-4-3,12,6,15.1,0,0,0,Andre Marriner,2023-03-11,Sat,15:00
1014,2023,27,Tottenham Hotspur,Nottingham Forest,1,0,0,3,1,2.0,1.5,55,45,Harry Kane,3-4-3,14,6,14.8,0,1,1,Joe Worrall,4-3-2-1,8,4,15.2,0,0,1,Craig Pawson,2023-03-11,Sat,15:00
1015,2023,27,Leeds United,Brighton And Hove Albion,0,0,1,2,2,0.9,2.7,38,62,Luke Ayling,4-2-3-1,12,4,19.7,0,0,0,Lewis Dunk,4-2-3-1,15,3,16.0,0,0,0,Paul Tierney,2023-03-11,Sat,15:00
1016,2023,27,Everton,Brentford,1,0,0,1,0,1.0,2.0,33,67,Séamus Coleman,4-5-1,13,6,17.0,1,0,0,Christian Nørgaard,4-3-3,12,3,13.0,1,0,0,Simon Hooper,2023-03-11,Sat,15:00
1017,2023,27,Crystal Palace,Manchester City,0,1,0,0,1,0.2,2.1,33,67,Luka Milivojević,4-3-3,4,0,17.5,0,0,0,İlkay Gündoğan,4-2-3-1,13,3,19.0,1,1,1,Robert Jones,2023-03-11,Sat,17:30
1018,2023,27,Manchester United,Southampton,0,0,1,0,0,0.8,1.0,47,53,Bruno Fernandes,4-1-4-1,10,4,15.4,0,0,0,James Ward-Prowse,4-2-3-1,17,4,21.2,2,0,0,Anthony Taylor,2023-03-12,Sun,14:00
1019,2023,27,West Ham United,Aston Villa,0,0,1,1,1,2.1,1.5,41,59,Declan Rice,4-1-4-1,16,4,16.7,0,1,1,John McGinn,4-2-3-1,12,4,13.3,0,0,0,Chris Kavanagh,2023-03-12,Sun,14:00
1020,2023,27,Fulham,Arsenal,0,1,0,0,3,0.8,2.3,45,55,Tim Ream,4-2-3-1,12,2,17.4,0,0,0,Martin Ødegaard,4-3-3,15,7,15.2,1,0,0,David Coote,2023-03-12,Sun,14:00
1021,2023,27,Newcastle United,Wolverhampton Wanderers,1,0,0,2,1,1.8,1.1,43,57,Kieran Trippier,4-3-3,19,8,15.9,2,0,0,Rúben Neves,4-2-3-1,7,4,19.5,1,0,0,Andy Madley,2023-03-12,Sun,16:30
1022,2023,7,Southampton,Brentford,0,1,0,0,2,0.5,1.9,66,34,James Ward-Prowse,4-2-3-1,7,0,19.2,1,0,0,Christian Nørgaard,4-3-3,11,4,18.3,0,0,0,Michael Salisbury,2023-03-15,Wed,19:30
1023,2023,8,Brighton And Hove Albion,Crystal Palace,1,0,0,1,0,0.6,1.1,57,43,Lewis Dunk,4-2-3-1,11,5,20.5,1,0,0,Marc Guéhi,4-3-3,11,3,17.3,1,0,0,Peter Bankes,2023-03-15,Wed,19:30
1024,2023,28,Nottingham Forest,Newcastle United,0,1,0,1,2,0.4,2.4,39,61,Ryan Yates,4-2-3-1,5,3,18.4,0,0,0,Kieran Trippier,4-3-3,14,3,15.2,0,1,1,Paul Tierney,2023-03-17,Fri,20:00
1025,2023,28,Brentford,Leicester City,0,0,1,1,1,0.6,1.3,53,47,Christian Nørgaard,4-3-3,11,2,17.5,0,0,0,James Maddison,4-2-3-1,14,1,16.8,0,0,0,Darren Bond,2023-03-18,Sat,15:00
1026,2023,28,Wolverhampton Wanderers,Leeds United,0,1,0,2,4,2.7,1.6,65,35,Rúben Neves,4-3-3,23,8,16.1,1,0,0,Luke Ayling,4-2-3-1,11,4,17.7,2,0,0,Michael Salisbury,2023-03-18,Sat,15:00
1027,2023,28,Aston Villa,Bournemouth,1,0,0,3,0,3.5,1.3,56,44,John McGinn,4-2-3-1,20,9,13.9,0,0,0,Neto,4-4-1-1,10,3,12.6,1,0,0,Robert Jones,2023-03-18,Sat,15:00
1028,2023,28,Southampton,Tottenham Hotspur,0,0,1,3,3,2.4,2.3,51,49,James Ward-Prowse,4-4-2,18,6,19.6,1,1,1,Harry Kane,3-4-3,17,3,15.8,0,0,0,Simon Hooper,2023-03-18,Sat,15:00
1029,2023,28,Chelsea,Everton,0,0,1,2,2,2.3,1.2,68,32,Mateo Kovačić,3-4-3,19,6,17.1,0,1,1,Séamus Coleman,4-5-1,12,3,18.9,1,0,0,Darren England,2023-03-18,Sat,17:30
1030,2023,28,Arsenal,Crystal Palace,1,0,0,4,1,1.6,0.8,62,38,Martin Ødegaard,4-3-3,15,5,16.4,0,0,0,Luka Milivojević,4-2-3-1,9,5,14.6,1,0,0,Stuart Attwell,2023-03-19,Sun,14:00
1031,2023,29,Manchester City,Liverpool,1,0,0,4,1,2.9,0.3,68,32,İlkay Gündoğan,3-2-4-1,17,8,14.5,1,0,0,Jordan Henderson,4-3-3,4,1,15.9,0,0,0,Simon Hooper,2023-04-01,Sat,12:30
1032,2023,29,Nottingham Forest,Wolverhampton Wanderers,0,0,1,1,1,1.3,0.5,29,71,Remo Freuler,4-3-2-1,17,7,16.7,0,0,0,Rúben Neves,4-2-3-1,8,1,17.2,0,0,0,Chris Kavanagh,2023-04-01,Sat,15:00
1033,2023,29,Arsenal,Leeds United,1,0,0,4,1,3.8,0.7,66,34,Martin Ødegaard,4-3-3,12,4,13.9,0,1,1,Luke Ayling,4-3-3,7,5,14.3,0,0,0,Darren England,2023-04-01,Sat,15:00
1034,2023,29,Brighton And Hove Albion,Brentford,0,0,1,3,3,4.2,1.6,72,28,Lewis Dunk,4-2-3-1,32,13,16.7,1,1,1,Pontus Jansson,5-3-2,7,5,15.6,1,0,0,Michael Oliver,2023-04-01,Sat,15:00
1035,2023,29,Bournemouth,Fulham,1,0,0,2,1,2.6,0.8,43,57,Neto,4-4-1-1,12,6,12.5,0,0,0,Tim Ream,4-2-3-1,10,2,16.5,0,0,0,Peter Bankes,2023-04-01,Sat,15:00
1036,2023,29,Crystal Palace,Leicester City,1,0,0,2,1,2.3,0.2,52,48,Wilfried Zaha,4-3-3,31,9,19.0,2,0,0,James Maddison,4-2-3-1,3,2,13.8,0,0,0,Tim Robinson,2023-04-01,Sat,15:00
1037,2023,29,Chelsea,Aston Villa,0,1,0,0,2,2.1,0.9,69,31,Mateo Kovačić,3-4-3,27,7,16.3,0,0,0,John McGinn,4-4-2,5,2,22.5,0,0,0,Andy Madley,2023-04-01,Sat,17:30
1038,2023,29,West Ham United,Southampton,1,0,0,1,0,1.4,0.3,43,57,Declan Rice,4-3-3,12,2,14.2,1,0,0,James Ward-Prowse,4-4-2,9,3,21.1,0,0,0,Paul Tierney,2023-04-02,Sun,14:00
1039,2023,29,Newcastle United,Manchester United,1,0,0,2,0,3.7,0.4,46,54,Kieran Trippier,4-3-3,22,6,13.2,0,0,0,Bruno Fernandes,4-2-3-1,6,1,14.2,0,0,0,Stuart Attwell,2023-04-02,Sun,16:30
1040,2023,29,Everton,Tottenham Hotspur,0,0,1,1,1,0.9,1.4,39,61,Séamus Coleman,4-1-4-1,15,6,19.3,0,0,0,Hugo Lloris,3-4-3,7,0,19.6,0,1,1,David Coote,2023-04-03,Mon,20:00
1041,2023,7,Bournemouth,Brighton And Hove Albion,0,1,0,0,2,1.7,2.7,37,63,Neto,4-4-1-1,14,3,15.8,0,0,0,Lewis Dunk,4-2-3-1,16,6,16.9,0,0,0,Darren Bond,2023-04-04,Tue,19:45
1042,2023,7,Leicester City,Aston Villa,0,1,0,1,2,0.5,1.0,36,64,James Maddison,4-3-3,9,4,16.7,1,0,0,John McGinn,4-4-2,15,5,20.3,1,0,0,Graham Scott,2023-04-04,Tue,19:45
1043,2023,7,Leeds United,Nottingham Forest,1,0,0,2,1,1.8,0.8,61,39,Luke Ayling,4-2-3-1,21,6,17.3,0,0,0,Remo Freuler,4-3-2-1,13,1,16.5,0,0,0,Robert Jones,2023-04-04,Tue,19:45
1044,2023,8,Chelsea,Liverpool,0,0,1,0,0,2.2,0.3,49,51,N'Golo Kanté,3-5-2,12,2,16.1,0,0,0,Jordan Henderson,4-3-3,7,3,25.4,0,0,0,Anthony Taylor,2023-04-04,Tue,20:00
1045,2023,7,West Ham United,Newcastle United,0,1,0,1,5,1.0,3.3,42,58,Declan Rice,4-2-3-1,7,2,19.0,1,0,0,Kieran Trippier,4-3-3,15,7,20.4,0,0,0,Craig Pawson,2023-04-05,Wed,20:00
1046,2023,25,Manchester United,Brentford,1,0,0,1,0,1.2,0.7,64,36,Bruno Fernandes,4-2-3-1,18,3,19.9,1,0,0,Pontus Jansson,5-3-2,6,1,16.5,0,0,0,John Brooks,2023-04-05,Wed,20:00
1047,2023,30,Manchester United,Everton,1,0,0,2,0,3.4,1.0,63,37,Harry Maguire,4-2-3-1,29,11,16.5,0,0,0,Séamus Coleman,4-4-2,15,1,18.0,0,0,0,Michael Oliver,2023-04-08,Sat,12:30
1048,2023,30,Aston Villa,Nottingham Forest,1,0,0,2,0,1.3,0.2,63,37,John McGinn,4-4-2,8,3,12.4,0,0,0,Joe Worrall,3-4-3,6,2,22.0,0,0,0,Anthony Taylor,2023-04-08,Sat,15:00
1049,2023,30,Brentford,Newcastle United,0,1,0,1,2,2.6,1.3,42,58,Pontus Jansson,5-3-2,10,4,15.5,0,1,2,Kieran Trippier,4-3-3,10,4,14.8,0,0,0,Chris Kavanagh,2023-04-08,Sat,15:00
1050,2023,30,Leicester City,Bournemouth,0,1,0,0,1,0.6,1.9,51,49,James Maddison,4-2-3-1,14,4,16.9,0,0,0,Neto,4-2-3-1,19,7,14.7,1,0,0,David Coote,2023-04-08,Sat,15:00
1051,2023,30,Fulham,West Ham United,0,1,0,0,1,0.7,1.1,76,24,Tim Ream,4-2-3-1,16,3,20.5,0,0,0,Declan Rice,4-4-2,9,5,14.1,0,0,0,Jarred Gillett,2023-04-08,Sat,15:00
1052,2023,30,Wolverhampton Wanderers,Chelsea,1,0,0,1,0,0.6,1.1,38,62,Max Kilman,4-4-2,9,4,24.2,0,0,0,Mateo Kovačić,4-3-3,13,1,16.7,0,0,0,Peter Bankes,2023-04-08,Sat,15:00
1053,2023,30,Tottenham Hotspur,Brighton And Hove Albion,1,0,0,2,1,0.8,1.4,35,65,Hugo Lloris,3-4-3,9,3,15.2,0,0,0,Lewis Dunk,4-2-3-1,17,4,16.4,0,0,0,Stuart Attwell,2023-04-08,Sat,15:00
1054,2023,30,Southampton,Manchester City,0,1,0,1,4,0.4,2.9,27,73,James Ward-Prowse,4-4-2,4,1,17.0,0,0,0,İlkay Gündoğan,3-2-4-1,12,7,13.2,0,1,1,Robert Jones,2023-04-08,Sat,17:30
1055,2023,30,Leeds United,Crystal Palace,0,1,0,1,5,0.9,3.0,48,52,Luke Ayling,4-2-3-1,11,7,16.7,1,0,0,Joel Ward,4-3-3,16,7,12.3,1,0,0,Simon Hooper,2023-04-09,Sun,14:00
1056,2023,30,Liverpool,Arsenal,0,0,1,2,2,3.9,1.4,59,41,Jordan Henderson,4-3-3,20,6,14.0,0,0,1,Martin Ødegaard,4-3-3,9,5,15.7,0,0,0,Paul Tierney,2023-04-09,Sun,16:30
1057,2023,31,Aston Villa,Newcastle United,1,0,0,3,0,1.9,0.5,52,48,John McGinn,4-2-3-1,16,6,18.3,0,0,0,Kieran Trippier,4-3-3,8,2,16.8,0,0,0,John Brooks,2023-04-15,Sat,12:30
1058,2023,31,Tottenham Hotspur,Bournemouth,0,1,0,2,3,2.2,1.3,58,42,Hugo Lloris,3-4-3,24,8,17.9,1,0,0,Neto,3-4-3,9,6,17.9,0,0,0,Andy Madley,2023-04-15,Sat,15:00
1059,2023,31,Everton,Fulham,0,1,0,1,3,1.4,1.8,46,54,Jordan Pickford,4-4-2,15,7,17.1,0,0,0,Tim Ream,4-2-3-1,21,7,17.9,0,0,0,Anthony Taylor,2023-04-15,Sat,15:00
1060,2023,31,Southampton,Crystal Palace,0,1,0,0,2,0.8,0.9,58,42,James Ward-Prowse,4-4-2,11,4,18.0,0,0,0,Joel Ward,4-3-3,10,2,23.7,2,0,0,Michael Oliver,2023-04-15,Sat,15:00
1061,2023,31,Wolverhampton Wanderers,Brentford,1,0,0,2,0,0.8,1.1,50,50,Max Kilman,4-4-2,11,9,18.4,0,0,0,Christian Nørgaard,4-3-3,10,3,15.6,0,0,0,Paul Tierney,2023-04-15,Sat,15:00
1062,2023,31,Chelsea,Brighton And Hove Albion,0,1,0,1,2,0.5,2.9,43,57,Kepa Arrizabalaga,4-2-3-1,8,2,18.9,0,0,0,Lewis Dunk,4-2-3-1,26,10,17.2,0,0,0,Robert Jones,2023-04-15,Sat,15:00
1063,2023,31,Manchester City,Leicester City,1,0,0,3,1,1.6,2.3,70,30,Kevin De Bruyne,3-2-4-1,11,3,17.8,0,1,1,Youri Tielemans,3-4-3,11,4,14.3,0,0,0,Darren England,2023-04-15,Sat,17:30
1064,2023,31,West Ham United,Arsenal,0,0,1,2,2,1.8,2.7,30,70,Declan Rice,4-3-3,15,2,14.8,1,1,1,Martin Ødegaard,4-3-3,10,5,13.9,0,0,1,David Coote,2023-04-16,Sun,14:00
1065,2023,31,Nottingham Forest,Manchester United,0,1,0,0,2,0.7,3.5,32,68,Remo Freuler,3-4-1-2,6,0,16.0,0,0,0,Harry Maguire,4-2-3-1,22,7,15.4,1,0,0,Simon Hooper,2023-04-16,Sun,16:30
1066,2023,31,Leeds United,Liverpool,0,1,0,1,6,1.4,2.7,27,73,Rodrigo,4-2-3-1,13,3,17.6,0,0,0,Jordan Henderson,4-3-3,13,7,12.9,0,0,0,Craig Pawson,2023-04-17,Mon,20:00
1067,2023,32,Arsenal,Southampton,0,0,1,3,3,2.4,1.3,74,26,Martin Ødegaard,4-3-3,25,5,15.3,0,0,0,James Ward-Prowse,4-4-2,8,6,12.4,0,0,0,Simon Hooper,2023-04-21,Fri,20:00
1068,2023,32,Fulham,Leeds United,1,0,0,2,1,1.7,0.8,50,50,Tim Ream,4-2-3-1,12,5,24.4,3,0,0,Liam Cooper,4-2-3-1,10,2,16.6,1,0,0,Peter Bankes,2023-04-22,Sat,12:30
1069,2023,32,Leicester City,Wolverhampton Wanderers,1,0,0,2,1,2.4,0.9,42,58,Youri Tielemans,4-2-3-1,14,6,19.0,0,1,1,Max Kilman,4-4-2,16,3,20.7,2,0,0,Andy Madley,2023-04-22,Sat,15:00
1070,2023,32,Crystal Palace,Everton,0,0,1,0,0,0.5,0.4,56,44,Joel Ward,4-3-3,12,2,19.8,0,0,0,Jordan Pickford,4-2-3-1,10,5,22.4,0,0,0,John Brooks,2023-04-22,Sat,15:00
1071,2023,32,Liverpool,Nottingham Forest,1,0,0,3,2,2.8,0.9,80,20,Jordan Henderson,4-3-3,18,5,12.5,0,0,0,Remo Freuler,3-4-3,11,5,17.4,0,0,0,Michael Oliver,2023-04-22,Sat,15:00
1072,2023,32,Brentford,Aston Villa,0,0,1,1,1,2.7,1.5,44,56,Christian Nørgaard,4-3-3,16,5,16.0,1,0,0,John McGinn,4-2-3-1,14,2,18.6,0,0,0,Michael Salisbury,2023-04-22,Sat,15:00
1073,2023,32,Bournemouth,West Ham United,0,1,0,0,4,1.5,2.4,64,36,Neto,3-4-3,17,5,17.4,0,0,0,Declan Rice,4-3-3,18,10,16.2,1,0,0,Anthony Taylor,2023-04-23,Sun,14:00
1074,2023,32,Newcastle United,Tottenham Hotspur,1,0,0,6,1,3.7,1.0,56,44,Kieran Trippier,4-3-3,25,8,14.3,0,0,0,Hugo Lloris,4-3-3,11,3,17.2,0,0,0,David Coote,2023-04-23,Sun,14:00
1075,2023,33,Wolverhampton Wanderers,Crystal Palace,1,0,0,2,0,1.4,0.8,41,59,Rúben Neves,4-4-2,8,2,17.0,0,1,1,Luka Milivojević,4-3-3,14,4,18.3,0,0,0,Robert Jones,2023-04-25,Tue,19:30
1076,2023,33,Aston Villa,Fulham,1,0,0,1,0,1.0,0.1,51,49,John McGinn,4-2-3-1,14,3,16.4,0,0,0,Tim Ream,4-2-3-1,1,0,14.7,0,0,0,Thomas Bramall,2023-04-25,Tue,19:45
1077,2023,33,Leeds United,Leicester City,0,0,1,1,1,1.5,2.1,41,59,Liam Cooper,4-2-3-1,13,3,14.9,0,0,0,Youri Tielemans,4-2-3-1,15,3,13.4,1,0,0,Paul Tierney,2023-04-25,Tue,20:00
1078,2023,33,Nottingham Forest,Brighton And Hove Albion,1,0,0,3,1,2.4,2.3,26,74,Serge Aurier,3-4-3,10,3,18.4,0,1,2,Lewis Dunk,4-2-3-1,17,7,17.2,0,0,0,Jarred Gillett,2023-04-26,Wed,19:30
1079,2023,33,Chelsea,Brentford,0,1,0,0,2,1.3,1.1,71,29,César Azpilicueta,3-4-3,15,4,16.5,0,0,0,Ivan Toney,5-3-2,7,1,11.5,0,0,0,Andy Madley,2023-04-26,Wed,19:45
1080,2023,33,West Ham United,Liverpool,0,1,0,1,2,0.8,1.9,28,72,Declan Rice,4-2-3-1,7,2,15.5,0,0,0,Jordan Henderson,4-3-3,20,4,16.8,0,0,0,Chris Kavanagh,2023-04-26,Wed,19:45
1081,2023,33,Manchester City,Arsenal,1,0,0,4,1,2.5,0.5,52,48,İlkay Gündoğan,4-3-3,14,9,15.9,0,0,0,Martin Ødegaard,4-3-3,8,2,18.0,1,0,0,Michael Oliver,2023-04-26,Wed,20:00
1082,2023,33,Everton,Newcastle United,0,1,0,1,4,0.9,2.4,40,60,Jordan Pickford,4-3-3,13,5,22.3,1,0,0,Kieran Trippier,4-3-3,15,7,14.3,0,0,0,Andre Marriner,2023-04-27,Thu,19:45
1083,2023,33,Southampton,Bournemouth,0,1,0,0,1,0.5,0.9,57,43,James Ward-Prowse,4-4-2,11,2,19.9,0,0,0,Neto,3-4-3,16,2,17.6,0,0,0,Darren England,2023-04-27,Thu,19:45
1084,2023,33,Tottenham Hotspur,Manchester United,0,0,1,2,2,2.5,2.0,40,60,Harry Kane,3-4-3,18,7,16.5,0,0,0,Bruno Fernandes,4-2-3-1,17,7,17.9,2,0,0,Anthony Taylor,2023-04-27,Thu,20:15
1085,2023,34,Crystal Palace,West Ham United,1,0,0,4,3,2.1,1.7,59,41,Wilfried Zaha,4-3-3,15,5,18.1,1,1,1,Declan Rice,4-2-3-1,8,4,16.1,0,0,0,Craig Pawson,2023-04-29,Sat,12:30
1086,2023,34,Brighton And Hove Albion,Wolverhampton Wanderers,1,0,0,6,0,3.3,0.8,57,43,Lewis Dunk,4-2-3-1,22,8,16.5,0,0,0,Rúben Neves,4-4-2,10,2,18.7,0,0,0,David Coote,2023-04-29,Sat,15:00
1087,2023,34,Brentford,Nottingham Forest,1,0,0,2,1,1.6,0.7,68,32,Ivan Toney,4-3-3,14,8,16.8,1,0,0,Joe Worrall,3-4-3,5,3,16.6,0,0,0,Peter Bankes,2023-04-29,Sat,15:00
1088,2023,34,Newcastle United,Southampton,1,0,0,3,1,4.3,0.8,63,37,Kieran Trippier,4-3-3,22,5,13.3,0,0,0,James Ward-Prowse,4-4-2,4,3,17.3,0,0,0,Anthony Taylor,2023-04-30,Sun,14:00
1089,2023,34,Bournemouth,Leeds United,1,0,0,4,1,1.9,1.6,42,58,Neto,4-2-3-1,12,7,12.5,0,0,0,Liam Cooper,3-4-3,15,6,14.8,1,0,0,Chris Kavanagh,2023-04-30,Sun,14:00
1090,2023,34,Manchester United,Aston Villa,1,0,0,1,0,1.2,0.6,57,43,Bruno Fernandes,4-1-4-1,14,6,19.0,0,0,0,John McGinn,4-2-3-1,7,1,17.7,0,0,0,Jarred Gillett,2023-04-30,Sun,14:00
1091,2023,34,Fulham,Manchester City,0,1,0,1,2,0.2,2.5,38,62,Tim Ream,4-2-3-1,4,1,22.4,0,0,0,İlkay Gündoğan,3-2-4-1,11,8,14.1,0,1,1,Simon Hooper,2023-04-30,Sun,14:00
1092,2023,34,Liverpool,Tottenham Hotspur,1,0,0,4,3,2.2,2.0,67,33,Virgil van Dijk,4-3-3,11,3,16.1,0,1,1,Harry Kane,3-4-3,10,6,20.1,0,0,0,Paul Tierney,2023-04-30,Sun,16:30
1093,2023,34,Leicester City,Everton,0,0,1,2,2,3.4,3.1,54,46,Youri Tielemans,4-3-3,14,4,18.9,0,0,1,Séamus Coleman,4-2-3-1,22,7,14.9,0,1,1,Michael Oliver,2023-05-01,Mon,20:00
1094,2023,34,Arsenal,Chelsea,1,0,0,3,1,1.7,0.8,55,45,Martin Ødegaard,4-3-3,16,9,13.0,0,0,0,César Azpilicueta,4-3-3,7,4,17.2,0,0,0,Robert Jones,2023-05-02,Tue,20:00
1095,2023,28,Manchester City,West Ham United,1,0,0,3,0,2.3,0.4,69,31,Kyle Walker,3-2-4-1,16,7,16.3,0,0,0,Aaron Cresswell,4-2-3-1,6,2,24.2,0,0,0,John Brooks,2023-05-03,Wed,20:00
1096,2023,28,Liverpool,Fulham,1,0,0,1,0,1.8,0.9,57,43,Jordan Henderson,4-3-3,14,2,22.6,0,1,1,Tom Cairney,4-2-3-1,9,3,16.8,0,0,0,Stuart Attwell,2023-05-03,Wed,20:00
1097,2023,28,Brighton And Hove Albion,Manchester United,1,0,0,1,0,2.3,1.4,59,41,Lewis Dunk,4-2-3-1,21,5,19.3,0,1,1,Bruno Fernandes,4-3-3,16,5,18.5,1,0,0,Andre Marriner,2023-05-04,Thu,20:00
1098,2023,35,Manchester City,Leeds United,1,0,0,2,1,2.6,0.2,80,20,İlkay Gündoğan,3-2-4-1,17,6,18.7,2,0,1,Luke Ayling,4-2-3-1,4,2,12.1,0,0,0,Andy Madley,2023-05-06,Sat,15:00
1099,2023,35,Tottenham Hotspur,Crystal Palace,1,0,0,1,0,0.9,0.4,56,44,Harry Kane,3-4-3,8,3,12.7,0,0,0,Wilfried Zaha,4-3-3,7,2,17.6,1,0,0,Darren England,2023-05-06,Sat,15:00
1100,2023,35,Bournemouth,Chelsea,0,1,0,1,3,1.2,1.3,35,65,Neto,4-2-3-1,10,4,14.5,0,0,0,Thiago Silva,4-3-3,11,5,16.9,0,0,0,John Brooks,2023-05-06,Sat,15:00
1101,2023,35,Wolverhampton Wanderers,Aston Villa,1,0,0,1,0,0.8,1.5,38,62,Rúben Neves,4-4-2,6,2,17.6,0,0,0,John McGinn,4-4-2,16,3,16.0,1,0,0,Stuart Attwell,2023-05-06,Sat,15:00
1102,2023,35,Liverpool,Brentford,1,0,0,1,0,2.2,0.2,54,46,Virgil van Dijk,4-3-3,15,5,18.8,0,0,0,Ivan Toney,5-3-2,5,1,19.5,1,0,0,Anthony Taylor,2023-05-06,Sat,17:30
1103,2023,35,Newcastle United,Arsenal,0,1,0,0,2,1.3,1.3,55,45,Kieran Trippier,4-3-3,12,5,14.8,0,0,0,Martin Ødegaard,4-3-3,10,6,16.6,0,0,0,Chris Kavanagh,2023-05-07,Sun,16:30
1104,2023,35,West Ham United,Manchester United,1,0,0,1,0,1.3,1.2,35,65,Declan Rice,4-2-3-1,15,4,15.5,0,0,0,Bruno Fernandes,4-2-3-1,19,4,18.2,0,0,0,Peter Bankes,2023-05-07,Sun,19:00
1105,2023,35,Fulham,Leicester City,1,0,0,5,3,1.6,2.8,57,43,Tom Cairney,4-2-3-1,17,7,17.5,1,0,0,Youri Tielemans,4-2-3-1,16,7,20.9,2,1,2,Robert Jones,2023-05-08,Mon,15:00
1106,2023,35,Brighton And Hove Albion,Everton,0,1,0,1,5,3.2,2.3,78,22,Lewis Dunk,4-2-3-1,23,5,13.3,0,0,0,Jordan Pickford,4-2-3-1,10,5,12.8,0,0,0,Simon Hooper,2023-05-08,Mon,17:30
1107,2023,35,Nottingham Forest,Southampton,1,0,0,4,3,1.8,3.1,36,64,Ryan Yates,4-3-3,8,3,16.0,0,1,1,James Ward-Prowse,4-2-3-1,18,4,14.0,0,1,1,Michael Oliver,2023-05-08,Mon,20:00
1108,2023,36,Leeds United,Newcastle United,0,0,1,2,2,2.0,2.3,36,64,Luke Ayling,4-3-3,8,3,14.9,0,0,1,Kieran Trippier,4-3-3,16,3,19.1,1,2,2,Simon Hooper,2023-05-13,Sat,12:30
1109,2023,36,Manchester United,Wolverhampton Wanderers,1,0,0,2,0,3.2,0.3,48,52,Bruno Fernandes,4-2-3-1,27,9,19.3,2,0,0,Rúben Neves,4-4-2,5,0,10.5,0,0,0,John Brooks,2023-05-13,Sat,15:00
1110,2023,36,Crystal Palace,Bournemouth,1,0,0,2,0,1.5,0.3,59,41,Wilfried Zaha,4-2-3-1,17,5,15.2,0,0,0,Neto,4-2-3-1,5,0,19.4,1,0,0,Michael Salisbury,2023-05-13,Sat,15:00
1111,2023,36,Chelsea,Nottingham Forest,0,0,1,2,2,1.2,1.3,75,25,Thiago Silva,4-3-3,14,6,17.4,1,0,0,Joe Worrall,3-4-3,11,2,11.2,0,0,0,Paul Tierney,2023-05-13,Sat,15:00
1112,2023,36,Aston Villa,Tottenham Hotspur,1,0,0,2,1,1.2,1.4,48,52,John McGinn,4-4-2,8,4,15.4,1,0,0,Harry Kane,3-4-3,4,1,20.3,0,1,1,Peter Bankes,2023-05-13,Sat,15:00
1113,2023,36,Southampton,Fulham,0,1,0,0,2,0.4,1.4,36,64,James Ward-Prowse,4-2-3-1,5,1,24.2,0,0,0,Tom Cairney,4-2-3-1,9,3,17.5,0,0,0,Thomas Bramall,2023-05-13,Sat,15:00
1114,2023,36,Everton,Manchester City,0,1,0,0,3,1.6,0.8,37,63,Jordan Pickford,4-2-3-1,7,2,7.6,0,0,0,İlkay Gündoğan,4-2-3-1,9,4,19.3,2,0,0,Anthony Taylor,2023-05-14,Sun,14:00
1115,2023,36,Brentford,West Ham United,1,0,0,2,0,3.4,0.2,53,47,David Raya,4-3-3,24,9,12.8,0,0,0,Angelo Ogbonna,4-2-3-1,4,4,19.0,0,0,0,Michael Oliver,2023-05-14,Sun,14:00
1116,2023,36,Arsenal,Brighton And Hove Albion,0,1,0,0,3,0.9,1.7,41,59,Martin Ødegaard,4-3-3,14,2,16.4,0,0,0,Lewis Dunk,4-2-3-1,12,6,18.3,0,0,0,Andy Madley,2023-05-14,Sun,16:30
1117,2023,36,Leicester City,Liverpool,0,1,0,0,3,0.4,2.2,34,66,Jonny Evans,4-2-3-1,4,4,13.4,0,0,0,Jordan Henderson,4-3-3,16,5,17.5,1,0,0,Craig Pawson,2023-05-15,Mon,20:00
1118,2023,25,Newcastle United,Brighton And Hove Albion,1,0,0,4,1,3.6,0.5,35,65,Kieran Trippier,4-3-3,22,8,13.3,1,0,0,Lewis Dunk,4-2-3-1,8,2,17.2,0,0,0,Robert Jones,2023-05-18,Thu,19:30
1119,2023,37,Tottenham Hotspur,Brentford,0,1,0,1,3,1.7,1.2,61,39,Harry Kane,4-4-2,22,7,15.4,1,0,0,David Raya,4-3-3,11,4,18.1,0,0,0,Jarred Gillett,2023-05-20,Sat,12:30
1120,2023,37,Bournemouth,Manchester United,0,1,0,0,1,1.0,1.4,41,59,Neto,4-2-3-1,10,4,16.2,1,0,0,Bruno Fernandes,4-2-3-1,20,5,18.7,0,0,0,Chris Kavanagh,2023-05-20,Sat,15:00
1121,2023,37,Wolverhampton Wanderers,Everton,0,0,1,1,1,1.6,2.0,52,48,Rúben Neves,4-4-2,13,5,17.9,1,0,0,Jordan Pickford,4-1-4-1,19,4,17.1,2,0,0,David Coote,2023-05-20,Sat,15:00
1122,2023,37,Liverpool,Aston Villa,0,0,1,1,1,0.7,1.3,66,34,Jordan Henderson,4-3-3,10,5,18.2,0,0,0,John McGinn,4-2-3-1,5,3,19.5,0,0,1,John Brooks,2023-05-20,Sat,15:00
1123,2023,37,Fulham,Crystal Palace,0,0,1,2,2,1.7,1.6,49,51,Tom Cairney,4-2-3-1,10,3,19.0,1,1,1,Joel Ward,4-2-3-1,11,5,16.9,1,0,0,Joshua Smith,2023-05-20,Sat,15:00
1124,2023,37,Nottingham Forest,Arsenal,1,0,0,1,0,0.6,0.6,19,81,Joe Worrall,3-4-3,6,2,13.5,0,0,0,Martin Ødegaard,4-3-3,11,3,16.4,0,0,0,Anthony Taylor,2023-05-20,Sat,17:30
1125,2023,37,West Ham United,Leeds United,1,0,0,3,1,2.1,0.9,59,41,Declan Rice,4-2-3-1,19,9,14.6,0,0,0,Luke Ayling,4-3-3,12,3,15.6,0,0,0,Peter Bankes,2023-05-21,Sun,13:30
1126,2023,37,Brighton And Hove Albion,Southampton,1,0,0,3,1,2.5,0.6,63,37,Lewis Dunk,4-2-3-1,26,8,17.4,0,0,0,James Ward-Prowse,4-1-4-1,5,1,13.8,1,0,0,Paul Tierney,2023-05-21,Sun,14:00
1127,2023,37,Manchester City,Chelsea,1,0,0,1,0,1.2,1.2,64,36,Kyle Walker,3-4-3◆,15,2,18.8,0,0,0,César Azpilicueta,3-4-1-2,13,6,15.7,1,0,0,Michael Oliver,2023-05-21,Sun,16:00
1128,2023,37,Newcastle United,Leicester City,0,0,1,0,0,2.1,0.1,77,23,Kieran Trippier,4-3-3,23,3,15.9,0,0,0,Jonny Evans,5-3-2,1,1,11.0,0,0,0,Andre Marriner,2023-05-22,Mon,20:00
1129,2023,32,Brighton And Hove Albion,Manchester City,0,0,1,1,1,2.2,1.8,40,60,Pascal Groß,4-2-3-1,20,7,17.4,2,0,0,İlkay Gündoğan,4-3-3,13,4,13.9,0,0,0,Simon Hooper,2023-05-24,Wed,20:00
1130,2023,32,Manchester United,Chelsea,1,0,0,4,1,5.2,1.9,42,58,Bruno Fernandes,4-2-3-1,17,8,15.3,0,1,1,César Azpilicueta,4-3-3,14,5,19.2,0,0,0,Stuart Attwell,2023-05-25,Thu,20:00
1131,2023,38,Arsenal,Wolverhampton Wanderers,1,0,0,5,0,2.8,0.5,51,49,Martin Ødegaard,4-3-3,14,8,13.7,1,0,0,Max Kilman,4-3-3,6,0,14.7,1,0,0,Andre Marriner,2023-05-28,Sun,16:30
1132,2023,38,Leeds United,Tottenham Hotspur,0,1,0,1,4,1.5,2.2,52,48,Liam Cooper,5-4-1,19,2,15.8,0,0,0,Harry Kane,4-4-2,11,7,14.5,0,0,0,Anthony Taylor,2023-05-28,Sun,16:30
1133,2023,38,Southampton,Liverpool,0,0,1,4,4,1.8,4.0,31,69,James Ward-Prowse,4-2-3-1,15,10,17.5,1,0,0,James Milner,4-3-3,30,8,18.5,0,0,0,Darren England,2023-05-28,Sun,16:30
1134,2023,38,Aston Villa,Brighton And Hove Albion,1,0,0,2,1,2.8,1.4,41,59,John McGinn,4-2-3-1,12,5,18.2,4,0,0,Pascal Groß,4-4-2,8,4,18.2,0,0,0,David Coote,2023-05-28,Sun,16:30
1135,2023,38,Chelsea,Newcastle United,0,0,1,1,1,2.2,1.7,64,36,César Azpilicueta,4-2-3-1,22,4,17.8,1,0,0,Kieran Trippier,4-3-3,13,4,17.1,0,0,0,Jarred Gillett,2023-05-28,Sun,16:30
1136,2023,38,Brentford,Manchester City,1,0,0,1,0,1.3,1.6,35,65,David Raya,5-3-2,11,4,14.0,0,0,0,Kyle Walker,3-2-4-1,17,2,16.8,0,0,0,John Brooks,2023-05-28,Sun,16:30
1137,2023,38,Manchester United,Fulham,1,0,0,2,1,2.9,1.8,53,47,Harry Maguire,4-2-3-1,21,8,20.7,1,0,0,Tom Cairney,4-2-3-1,9,2,17.6,1,0,1,Robert Jones,2023-05-28,Sun,16:30
1138,2023,38,Leicester City,West Ham United,1,0,0,2,1,1.4,1.4,48,52,Jonny Evans,4-2-3-1,13,4,17.5,0,0,0,Declan Rice,4-2-3-1,16,3,16.7,0,0,0,Simon Hooper,2023-05-28,Sun,16:30
1139,2023,38,Everton,Bournemouth,1,0,0,1,0,1.0,0.5,38,62,Jordan Pickford,3-4-3,13,6,17.2,0,0,0,Adam Smith,4-2-3-1,7,1,14.5,0,0,0,Stuart Attwell,2023-05-28,Sun,16:30
1140,2023,38,Crystal Palace,Nottingham Forest,0,0,1,1,1,1.4,0.5,66,34,Joel Ward,4-2-3-1,15,3,17.3,1,0,0,Joe Worrall,3-4-3,7,4,17.0,0,0,0,Thomas Bramall,2023-05-28,Sun,16:30
1141,2024,1,Burnley,Manchester City,0,1,0,0,3,0.3,1.9,35,65,Josh Cullen,5-4-1,6,1,14.9,0,0,0,Kevin De Bruyne,4-2-3-1,17,8,13.9,0,0,0,Craig Pawson,2023-08-11,Fri,20:00
1142,2024,1,Arsenal,Nottingham Forest,1,0,0,2,1,0.8,1.2,78,22,Martin Ødegaard,4-3-3,15,7,19.1,0,0,0,Joe Worrall,3-4-3,6,2,17.3,0,0,0,Michael Oliver,2023-08-12,Sat,12:30
1143,2024,1,Brighton And Hove Albion,Luton Town,1,0,0,4,1,4.0,1.5,70,30,Lewis Dunk,4-2-3-1,26,11,17.0,0,1,1,Tom Lockyer,3-5-2,8,2,16.6,0,1,1,David Coote,2023-08-12,Sat,15:00
1144,2024,1,Sheffield United,Crystal Palace,0,1,0,0,1,0.5,1.9,32,68,John Egan,3-4-3,8,1,19.4,0,0,0,Joel Ward,4-2-3-1,24,8,18.5,1,0,0,John Brooks,2023-08-12,Sat,15:00
1145,2024,1,Bournemouth,West Ham United,0,0,1,1,1,1.3,1.1,62,38,Neto,4-2-3-1,14,5,20.7,1,0,0,Kurt Zouma,4-2-3-1,16,2,16.1,0,0,0,Peter Bankes,2023-08-12,Sat,15:00
1146,2024,1,Everton,Fulham,0,1,0,0,1,2.7,1.5,42,58,James Tarkowski,4-4-1-1,19,9,15.8,0,0,0,Tom Cairney,4-3-3,9,2,13.2,0,0,0,Stuart Attwell,2023-08-12,Sat,15:00
1147,2024,1,Newcastle United,Aston Villa,1,0,0,5,1,3.3,1.8,52,48,Kieran Trippier,4-3-3,17,12,13.2,0,0,0,John McGinn,4-2-3-1,16,6,14.5,1,0,0,Andy Madley,2023-08-12,Sat,17:30
1148,2024,1,Brentford,Tottenham Hotspur,0,0,1,2,2,2.2,1.3,31,69,Christian Nørgaard,5-3-2,10,5,18.0,0,1,1,Son Heung-min,4-2-3-1,18,6,19.6,0,0,0,Robert Jones,2023-08-13,Sun,14:00
1149,2024,1,Chelsea,Liverpool,0,0,1,1,1,1.4,1.3,65,35,Reece James,3-4-3,10,4,13.2,1,0,0,Virgil van Dijk,4-3-3,13,1,17.8,0,0,0,Anthony Taylor,2023-08-13,Sun,16:30
1150,2024,1,Manchester United,Wolverhampton Wanderers,1,0,0,1,0,2.2,2.2,51,49,Bruno Fernandes,4-1-4-1,15,2,14.7,0,0,0,Max Kilman,4-4-2,23,6,15.3,0,0,0,Simon Hooper,2023-08-14,Mon,20:00
1151,2024,2,Nottingham Forest,Sheffield United,1,0,0,2,1,1.4,0.5,50,50,Joe Worrall,3-4-3,16,4,15.6,0,0,0,John Egan,3-4-3,7,3,18.8,0,0,0,Peter Bankes,2023-08-18,Fri,19:45
1152,2024,2,Wolverhampton Wanderers,Brighton And Hove Albion,0,1,0,1,4,2.1,2.2,47,53,Max Kilman,4-4-1-1,16,5,16.1,0,0,0,Lewis Dunk,4-2-3-1,16,8,15.6,0,0,0,Andy Madley,2023-08-19,Sat,15:00
1153,2024,2,Fulham,Brentford,0,1,0,0,3,0.5,3.7,55,45,Tim Ream,4-3-3,10,2,22.3,1,0,0,Christian Nørgaard,4-3-3,16,7,13.8,1,1,1,Darren Bond,2023-08-19,Sat,15:00
1154,2024,2,Liverpool,Bournemouth,1,0,0,3,1,3.0,1.3,64,36,Virgil van Dijk,4-3-3,25,9,16.8,1,0,1,Neto,4-2-3-1,13,5,19.7,1,0,0,Thomas Bramall,2023-08-19,Sat,15:00
1155,2024,2,Tottenham Hotspur,Manchester United,1,0,0,2,0,1.7,2.1,55,45,Son Heung-min,4-2-3-1,17,6,13.8,0,0,0,Bruno Fernandes,4-2-3-1,22,6,15.6,1,0,0,Michael Oliver,2023-08-19,Sat,17:30
1156,2024,2,Manchester City,Newcastle United,1,0,0,1,0,1.0,0.3,59,41,Kyle Walker,4-2-3-1,14,4,17.9,0,0,0,Kieran Trippier,4-3-3,7,1,20.3,0,0,0,Robert Jones,2023-08-19,Sat,20:00
1157,2024,2,Aston Villa,Everton,1,0,0,4,0,2.9,0.6,60,40,John McGinn,4-2-3-1,12,6,18.5,0,1,1,James Tarkowski,4-1-4-1,9,2,14.7,0,0,0,Anthony Taylor,2023-08-20,Sun,14:00
1158,2024,2,West Ham United,Chelsea,1,0,0,3,1,1.8,2.5,25,75,Kurt Zouma,4-2-3-1,11,5,19.6,0,1,1,Ben Chilwell,3-4-3,16,3,17.1,0,0,1,John Brooks,2023-08-20,Sun,16:30
1159,2024,2,Crystal Palace,Arsenal,0,1,0,0,1,1.0,2.0,47,53,Joel Ward,4-2-3-1,14,2,16.4,1,0,0,Martin Ødegaard,4-3-3,13,2,16.4,0,1,1,David Coote,2023-08-21,Mon,20:00
1160,2024,3,Chelsea,Luton Town,1,0,0,3,0,2.2,0.4,67,33,Ben Chilwell,3-4-3,19,8,14.2,1,0,0,Tom Lockyer,5-3-2,11,1,19.0,1,0,0,Robert Jones,2023-08-25,Fri,20:00
1161,2024,3,Bournemouth,Tottenham Hotspur,0,1,0,0,2,0.7,2.1,44,56,Neto,4-2-3-1,11,3,17.8,0,0,0,Son Heung-min,4-2-3-1,17,6,16.6,1,0,0,Tim Robinson,2023-08-26,Sat,12:30
1162,2024,3,Everton,Wolverhampton Wanderers,0,1,0,0,1,1.3,1.1,47,53,James Tarkowski,4-1-4-1,15,7,13.8,0,0,0,Max Kilman,4-4-1-1,11,2,17.8,1,0,0,Craig Pawson,2023-08-26,Sat,15:00
1163,2024,3,Arsenal,Fulham,0,0,1,2,2,3.2,0.6,71,29,Martin Ødegaard,4-3-3,18,9,13.8,0,1,1,Bobby De Cordova-Reid,4-3-3,8,3,17.8,0,0,0,Paul Tierney,2023-08-26,Sat,15:00
1164,2024,3,Brentford,Crystal Palace,0,0,1,1,1,1.0,0.8,60,40,Christian Nørgaard,4-3-3,12,1,13.7,0,0,0,Joel Ward,4-2-3-1,15,5,16.9,1,0,0,Peter Bankes,2023-08-26,Sat,15:00
1165,2024,3,Manchester United,Nottingham Forest,1,0,0,3,2,2.8,1.2,66,34,Bruno Fernandes,4-2-3-1,17,8,20.3,0,1,1,Joe Worrall,3-4-3,9,4,14.7,0,0,0,Stuart Attwell,2023-08-26,Sat,15:00
1166,2024,3,Brighton And Hove Albion,West Ham United,0,1,0,1,3,1.5,3.0,78,22,Lewis Dunk,4-2-3-1,25,10,19.5,1,0,0,Kurt Zouma,4-1-4-1,12,7,12.3,0,0,0,Anthony Taylor,2023-08-26,Sat,17:30
1167,2024,3,Sheffield United,Manchester City,0,1,0,1,2,0.7,3.5,21,79,John Egan,3-5-2,6,1,16.1,0,0,0,Kyle Walker,4-2-3-1,29,9,17.3,2,0,1,Jarred Gillett,2023-08-27,Sun,14:00
1168,2024,3,Burnley,Aston Villa,0,1,0,1,3,0.7,2.5,57,43,Josh Cullen,4-4-2,9,2,17.7,0,0,0,John McGinn,3-4-3,16,6,13.4,0,0,0,Michael Salisbury,2023-08-27,Sun,14:00
1169,2024,3,Newcastle United,Liverpool,0,1,0,1,2,2.0,0.9,59,41,Kieran Trippier,4-3-3,23,8,18.3,1,0,0,Virgil van Dijk,4-3-3,9,4,17.2,1,0,0,John Brooks,2023-08-27,Sun,16:30
1170,2024,4,Luton Town,West Ham United,0,1,0,1,2,1.4,1.0,39,61,Carlton Morris,5-3-2,16,1,11.9,0,0,0,Kurt Zouma,4-2-3-1,9,3,16.3,0,0,0,Paul Tierney,2023-09-01,Fri,20:00
1171,2024,4,Sheffield United,Everton,0,0,1,2,2,1.2,2.5,46,54,John Egan,3-5-2,13,7,14.1,0,0,0,James Tarkowski,4-4-1-1,16,6,14.8,2,0,0,Andy Madley,2023-09-02,Sat,12:30
1172,2024,4,Burnley,Tottenham Hotspur,0,1,0,2,5,1.3,2.2,47,53,Josh Cullen,4-4-2,16,4,17.9,1,0,0,Son Heung-min,4-2-3-1,21,11,19.3,0,0,0,Darren England,2023-09-02,Sat,15:00
1173,2024,4,Manchester City,Fulham,1,0,0,5,1,2.2,1.4,68,32,Kyle Walker,4-2-3-1,6,4,14.8,0,1,1,Tom Cairney,4-3-3,6,4,11.4,0,0,0,Michael Oliver,2023-09-02,Sat,15:00
1174,2024,4,Brentford,Bournemouth,0,0,1,2,2,2.9,2.1,60,40,Christian Nørgaard,4-3-3,21,7,14.7,1,0,0,Neto,4-2-3-1,12,5,15.1,0,0,0,Robert Madley,2023-09-02,Sat,15:00
1175,2024,4,Chelsea,Nottingham Forest,0,1,0,0,1,2.3,0.8,75,25,Ben Chilwell,3-4-3,21,2,17.7,2,0,0,Joe Worrall,3-4-3,7,3,19.0,0,0,0,Tim Robinson,2023-09-02,Sat,15:00
1176,2024,4,Brighton And Hove Albion,Newcastle United,1,0,0,3,1,1.3,1.2,56,44,Lewis Dunk,4-2-3-1,15,6,17.3,0,0,0,Kieran Trippier,4-3-3,9,2,14.6,0,0,0,Stuart Attwell,2023-09-02,Sat,17:30
1177,2024,4,Crystal Palace,Wolverhampton Wanderers,1,0,0,3,2,2.1,1.2,43,57,Joel Ward,4-3-3,16,10,13.8,1,0,0,Max Kilman,4-4-2,12,4,16.2,0,0,0,Robert Jones,2023-09-03,Sun,14:00
1178,2024,4,Liverpool,Aston Villa,1,0,0,3,0,2.5,0.7,63,37,Trent Alexander-Arnold,4-3-3,17,4,14.7,0,0,0,John McGinn,4-4-2,9,3,12.5,0,0,0,Simon Hooper,2023-09-03,Sun,14:00
1179,2024,4,Arsenal,Manchester United,1,0,0,3,1,2.3,0.9,55,45,Martin Ødegaard,4-3-3,17,5,15.0,0,0,0,Bruno Fernandes,4-2-3-1,10,2,16.5,0,0,0,Anthony Taylor,2023-09-03,Sun,16:30
1180,2024,5,Wolverhampton Wanderers,Liverpool,0,1,0,1,3,0.6,2.5,35,65,Max Kilman,4-2-3-1,11,2,18.7,0,0,0,Andrew Robertson,4-3-3,16,5,15.8,0,0,0,Michael Oliver,2023-09-16,Sat,12:30
1181,2024,5,West Ham United,Manchester City,0,1,0,1,3,0.9,3.6,32,68,Kurt Zouma,4-2-3-1,6,3,12.1,0,0,0,Kyle Walker,4-2-3-1,29,13,16.4,1,0,0,Andy Madley,2023-09-16,Sat,15:00
1182,2024,5,Aston Villa,Crystal Palace,1,0,0,3,1,3.0,1.2,66,34,John McGinn,4-2-3-1,15,4,16.2,0,1,1,Joel Ward,4-4-1-1,6,3,16.1,0,0,0,Darren England,2023-09-16,Sat,15:00
1183,2024,5,Manchester United,Brighton And Hove Albion,0,1,0,1,3,1.0,1.7,44,56,Bruno Fernandes,4-1-2-1-2◆,14,4,18.6,1,0,0,Lewis Dunk,4-2-3-1,10,8,17.1,0,0,0,Jarred Gillett,2023-09-16,Sat,15:00
1184,2024,5,Fulham,Luton Town,1,0,0,1,0,1.0,1.1,77,23,Tim Ream,4-3-3,13,2,19.5,2,0,0,Tom Lockyer,5-3-2,7,2,10.0,0,0,0,Michael Salisbury,2023-09-16,Sat,15:00
1185,2024,5,Tottenham Hotspur,Sheffield United,1,0,0,2,1,2.1,0.7,70,30,Son Heung-min,4-2-3-1,28,10,16.4,0,0,0,Chris Basham,3-5-2,7,5,17.6,0,0,0,Peter Bankes,2023-09-16,Sat,15:00
1186,2024,5,Newcastle United,Brentford,1,0,0,1,0,1.4,0.5,56,44,Kieran Trippier,4-3-3,8,1,20.2,0,1,1,Christian Nørgaard,5-3-2,11,2,15.7,0,0,0,Craig Pawson,2023-09-16,Sat,17:30
1187,2024,5,Bournemouth,Chelsea,0,0,1,0,0,1.0,1.8,36,64,Neto,4-2-3-1,13,4,16.7,1,0,0,Conor Gallagher,4-2-3-1,14,6,15.0,1,0,0,David Coote,2023-09-17,Sun,14:00
1188,2024,5,Everton,Arsenal,0,1,0,0,1,0.3,1.0,26,74,James Tarkowski,4-5-1,8,1,21.6,0,0,0,Martin Ødegaard,4-3-3,13,4,17.4,0,0,0,Simon Hooper,2023-09-17,Sun,16:30
1189,2024,5,Nottingham Forest,Burnley,0,0,1,1,1,0.7,0.5,46,54,Joe Worrall,4-2-3-1,14,4,18.8,0,0,0,Josh Brownhill,4-2-3-1,10,3,18.9,0,0,0,Robert Jones,2023-09-18,Mon,19:45
1190,2024,6,Manchester City,Nottingham Forest,1,0,0,2,0,1.3,1.0,57,43,Kyle Walker,4-2-3-1,7,4,17.2,2,0,0,Serge Aurier,5-4-1,10,3,17.8,1,0,0,Anthony Taylor,2023-09-23,Sat,15:00
1191,2024,6,Luton Town,Wolverhampton Wanderers,0,0,1,1,1,2.1,0.6,57,43,Tom Lockyer,3-4-3,19,3,17.3,0,1,1,Max Kilman,4-2-3-1,3,3,7.0,0,0,0,Joshua Smith,2023-09-23,Sat,15:00
1192,2024,6,Crystal Palace,Fulham,0,0,1,0,0,0.3,0.6,51,49,Joel Ward,4-2-3-1,7,3,18.9,1,0,0,Tim Ream,4-3-3,10,5,18.7,1,0,0,Paul Tierney,2023-09-23,Sat,15:00
1193,2024,6,Brentford,Everton,0,1,0,1,3,1.0,1.9,57,43,Christian Nørgaard,4-3-3,12,2,13.9,1,0,0,James Tarkowski,4-4-1-1,18,6,17.8,0,0,0,Michael Oliver,2023-09-23,Sat,17:30
1194,2024,6,Burnley,Manchester United,0,1,0,0,1,1.1,1.0,61,39,Josh Brownhill,4-3-3,12,4,15.6,0,0,0,Bruno Fernandes,4-2-3-1,11,4,15.0,0,0,0,Tony Harrington,2023-09-23,Sat,20:00
1195,2024,6,Liverpool,West Ham United,1,0,0,3,1,3.0,1.1,63,37,Virgil van Dijk,4-3-3,21,6,19.3,2,1,1,Kurt Zouma,4-2-3-1,11,4,13.5,0,0,0,Chris Kavanagh,2023-09-24,Sun,14:00
1196,2024,6,Chelsea,Aston Villa,0,1,0,0,1,1.3,1.0,53,47,Conor Gallagher,4-2-3-1,10,4,17.8,0,0,0,John McGinn,4-2-3-1,15,7,18.2,1,0,0,Jarred Gillett,2023-09-24,Sun,14:00
1197,2024,6,Brighton And Hove Albion,Bournemouth,1,0,0,3,1,1.9,1.1,61,39,Lewis Dunk,4-2-3-1,13,4,17.1,0,0,0,Neto,4-2-3-1,12,3,17.6,1,0,0,John Brooks,2023-09-24,Sun,14:00
1198,2024,6,Arsenal,Tottenham Hotspur,0,0,1,2,2,1.8,1.4,47,53,Martin Ødegaard,4-3-3,12,4,16.9,0,1,1,Son Heung-min,4-2-3-1,13,5,16.0,0,0,0,Robert Jones,2023-09-24,Sun,14:00
1199,2024,6,Sheffield United,Newcastle United,0,1,0,0,8,0.9,3.9,42,58,John Egan,3-4-3,9,1,13.7,0,0,0,Kieran Trippier,4-3-3,22,15,14.2,0,0,0,Stuart Attwell,2023-09-24,Sun,16:30
1200,2024,7,Aston Villa,Brighton And Hove Albion,1,0,0,6,1,1.6,1.7,39,61,John McGinn,4-2-3-1,19,9,17.9,1,0,0,Lewis Dunk,4-2-3-1,11,3,15.4,0,0,0,Andy Madley,2023-09-30,Sat,12:30
1201,2024,7,Everton,Luton Town,0,1,0,1,2,2.9,0.9,67,33,James Tarkowski,4-4-1-1,23,4,14.4,0,0,0,Tom Lockyer,3-4-3,9,2,13.4,0,0,0,Anthony Taylor,2023-09-30,Sat,15:00
1202,2024,7,Manchester United,Crystal Palace,0,1,0,0,1,1.3,0.9,77,23,Bruno Fernandes,4-2-3-1,19,3,15.5,0,0,0,Joel Ward,4-3-3,8,2,13.5,0,0,0,Chris Kavanagh,2023-09-30,Sat,15:00
1203,2024,7,Wolverhampton Wanderers,Manchester City,1,0,0,2,1,0.4,0.9,32,68,Max Kilman,3-4-3,3,1,11.4,0,0,0,Kyle Walker,4-2-3-1,23,8,19.3,1,0,0,Craig Pawson,2023-09-30,Sat,15:00
1204,2024,7,West Ham United,Sheffield United,1,0,0,2,0,2.1,1.1,52,48,Kurt Zouma,4-2-3-1,20,8,12.6,1,0,0,John Egan,3-5-2,16,2,15.7,0,0,0,Graham Scott,2023-09-30,Sat,15:00
1205,2024,7,Bournemouth,Arsenal,0,1,0,0,4,0.6,3.4,43,57,Neto,4-2-3-1,8,1,14.1,0,0,0,Martin Ødegaard,4-3-3,13,6,15.5,0,2,2,Michael Salisbury,2023-09-30,Sat,15:00
1206,2024,7,Newcastle United,Burnley,1,0,0,2,0,3.1,0.6,53,47,Jamaal Lascelles,4-3-3,19,6,15.8,0,1,1,Josh Brownhill,4-2-3-1,8,2,16.3,0,0,0,Thomas Bramall,2023-09-30,Sat,15:00
1207,2024,7,Tottenham Hotspur,Liverpool,1,0,0,2,1,2.2,1.3,64,36,Son Heung-min,4-2-3-1,24,8,19.8,0,0,0,Virgil van Dijk,4-3-3,12,4,14.9,0,0,0,Simon Hooper,2023-09-30,Sat,17:30
1208,2024,7,Nottingham Forest,Brentford,0,0,1,1,1,0.5,1.6,41,59,Serge Aurier,4-3-3,6,1,15.4,0,0,0,Christian Nørgaard,4-3-3,18,3,14.1,0,0,0,Paul Tierney,2023-10-01,Sun,14:00
1209,2024,7,Fulham,Chelsea,0,1,0,0,2,1.1,1.7,56,44,Tim Ream,4-3-3,10,3,13.2,0,0,0,Conor Gallagher,4-3-3,11,4,19.8,1,0,0,Tim Robinson,2023-10-02,Mon,20:00
1210,2024,2,Luton Town,Burnley,0,1,0,1,2,1.3,1.1,49,51,Tom Lockyer,3-4-3,18,2,13.1,0,0,0,Josh Brownhill,4-3-3,14,4,20.2,0,0,0,Peter Bankes,2023-10-03,Tue,19:30
1211,2024,8,Luton Town,Tottenham Hotspur,0,1,0,0,1,0.8,1.9,34,66,Tom Lockyer,4-4-2,12,2,16.3,0,0,0,Son Heung-min,4-2-3-1,15,4,16.9,1,0,0,John Brooks,2023-10-07,Sat,12:30
1212,2024,8,Manchester United,Brentford,1,0,0,2,1,1.4,0.9,64,36,Bruno Fernandes,4-2-3-1,21,8,18.3,1,0,0,Christian Nørgaard,3-5-2,11,3,17.3,0,0,0,Andy Madley,2023-10-07,Sat,15:00
1213,2024,8,Everton,Bournemouth,1,0,0,3,0,2.4,0.7,48,52,James Tarkowski,4-4-1-1,25,8,15.8,0,0,0,Neto,4-2-3-1,11,3,16.2,0,0,0,David Coote,2023-10-07,Sat,15:00
1214,2024,8,Fulham,Sheffield United,1,0,0,3,1,2.2,0.6,60,40,Tim Ream,4-3-3,20,6,20.2,0,0,0,Chris Basham,3-5-2,5,2,16.6,0,0,0,Samuel Barrott,2023-10-07,Sat,15:00
1215,2024,8,Burnley,Chelsea,0,1,0,1,4,0.7,1.9,38,62,Josh Brownhill,4-3-3,10,3,18.2,1,0,0,Conor Gallagher,4-3-3,8,4,18.1,0,1,1,Stuart Attwell,2023-10-07,Sat,15:00
1216,2024,8,Crystal Palace,Nottingham Forest,0,0,1,0,0,0.8,1.0,52,48,Marc Guéhi,4-3-3,8,2,15.2,0,0,0,Serge Aurier,4-3-3,16,5,18.4,0,0,0,Craig Pawson,2023-10-07,Sat,17:30
1217,2024,8,Brighton And Hove Albion,Liverpool,0,0,1,2,2,2.3,2.3,46,54,Lewis Dunk,4-2-3-1,14,3,16.9,2,0,0,Virgil van Dijk,4-3-3,13,3,18.8,0,1,1,Anthony Taylor,2023-10-08,Sun,14:00
1218,2024,8,West Ham United,Newcastle United,0,0,1,2,2,1.2,2.0,36,64,Kurt Zouma,4-2-3-1,5,3,14.9,1,0,0,Jamaal Lascelles,4-3-3,10,3,12.1,0,0,0,Peter Bankes,2023-10-08,Sun,14:00
1219,2024,8,Wolverhampton Wanderers,Aston Villa,0,0,1,1,1,1.7,1.6,47,53,Max Kilman,3-4-3,8,3,16.0,0,0,0,John McGinn,4-4-2,18,4,16.6,0,0,0,Robert Jones,2023-10-08,Sun,14:00
1220,2024,8,Arsenal,Manchester City,1,0,0,1,0,0.4,0.5,49,51,Martin Ødegaard,4-3-3,12,2,19.2,0,0,0,Kyle Walker,4-3-3,4,0,14.9,0,0,0,Michael Oliver,2023-10-08,Sun,16:30
1221,2024,9,Liverpool,Everton,1,0,0,2,0,2.2,0.1,77,23,Virgil van Dijk,4-3-3,25,5,22.4,1,1,1,James Tarkowski,4-4-1-1,6,1,35.2,0,0,0,Craig Pawson,2023-10-21,Sat,12:30
1222,2024,9,Brentford,Burnley,1,0,0,3,0,3.1,1.1,50,50,Christian Nørgaard,4-3-3,23,9,15.0,1,0,0,Josh Cullen,4-2-3-1,6,1,20.2,0,0,0,Joshua Smith,2023-10-21,Sat,15:00
1223,2024,9,Bournemouth,Wolverhampton Wanderers,0,1,0,1,2,0.6,2.4,35,65,Neto,4-2-3-1,7,4,17.1,0,0,0,Max Kilman,3-4-3,21,7,16.2,0,0,0,Paul Tierney,2023-10-21,Sat,15:00
1224,2024,9,Manchester City,Brighton And Hove Albion,1,0,0,2,1,0.8,0.8,55,45,Kyle Walker,3-2-4-1,10,5,18.8,1,0,0,Lewis Dunk,4-2-3-1,5,3,12.1,0,0,0,Robert Jones,2023-10-21,Sat,15:00
1225,2024,9,Nottingham Forest,Luton Town,0,0,1,2,2,2.9,1.7,57,43,Serge Aurier,4-3-3,19,8,11.1,0,0,0,Tom Lockyer,4-4-2,13,4,17.6,0,0,0,Samuel Barrott,2023-10-21,Sat,15:00
1226,2024,9,Newcastle United,Crystal Palace,1,0,0,4,0,2.4,1.2,59,41,Jamaal Lascelles,4-3-3,10,7,10.2,0,0,0,Joel Ward,4-3-3,17,3,17.8,1,0,0,Tim Robinson,2023-10-21,Sat,15:00
1227,2024,9,Chelsea,Arsenal,0,0,1,2,2,1.3,1.0,44,56,Conor Gallagher,4-2-3-1,10,4,20.4,0,1,1,Martin Ødegaard,4-3-3,13,3,14.3,0,0,0,Chris Kavanagh,2023-10-21,Sat,17:30
1228,2024,9,Sheffield United,Manchester United,0,1,0,1,2,1.4,1.1,38,62,Oliver Norwood,4-4-2,11,5,25.8,0,1,1,Bruno Fernandes,4-2-3-1,14,5,20.6,1,0,0,Michael Oliver,2023-10-21,Sat,20:00
1229,2024,9,Aston Villa,West Ham United,1,0,0,4,1,1.9,1.1,58,42,John McGinn,4-4-2,14,6,19.6,0,1,1,Kurt Zouma,4-2-3-1,14,4,15.2,1,0,0,David Coote,2023-10-22,Sun,16:30
1230,2024,9,Tottenham Hotspur,Fulham,1,0,0,2,0,1.5,1.0,55,45,Son Heung-min,4-2-3-1,15,5,17.2,0,0,0,Tim Ream,4-2-3-1,10,3,17.6,0,0,0,Anthony Taylor,2023-10-23,Mon,20:00
1231,2024,10,Crystal Palace,Tottenham Hotspur,0,1,0,1,2,0.6,1.1,25,75,Joel Ward,4-2-3-1,13,3,17.2,0,0,0,Son Heung-min,4-2-3-1,10,1,19.5,1,0,0,Andy Madley,2023-10-27,Fri,20:00
1232,2024,10,Chelsea,Brentford,0,1,0,0,2,1.9,2.2,68,32,Conor Gallagher,4-2-3-1,17,2,16.1,1,0,0,Christian Nørgaard,3-5-2,7,5,12.7,0,0,0,Simon Hooper,2023-10-28,Sat,12:30
1233,2024,10,Bournemouth,Burnley,1,0,0,2,1,1.1,0.8,45,55,Lloyd Kelly,4-2-3-1,13,6,19.5,2,0,0,Josh Brownhill,4-3-3,6,3,18.0,0,0,0,Samuel Barrott,2023-10-28,Sat,15:00
1234,2024,10,Arsenal,Sheffield United,1,0,0,5,0,2.8,0.0,67,33,Bukayo Saka,4-3-3,12,6,17.0,0,1,1,Oliver Norwood,4-4-2,2,0,39.9,0,0,0,Tim Robinson,2023-10-28,Sat,15:00
1235,2024,10,Wolverhampton Wanderers,Newcastle United,0,0,1,2,2,0.9,2.2,43,57,Max Kilman,4-4-2,11,6,17.2,1,0,0,Jamaal Lascelles,4-3-3,12,3,14.2,0,1,1,Anthony Taylor,2023-10-28,Sat,17:30
1236,2024,10,West Ham United,Everton,0,1,0,0,1,0.7,0.8,64,36,Kurt Zouma,4-2-3-1,12,2,17.3,0,0,0,James Tarkowski,4-4-1-1,10,4,17.4,0,0,0,Stuart Attwell,2023-10-29,Sun,13:00
1237,2024,10,Liverpool,Nottingham Forest,1,0,0,3,0,3.2,0.4,72,28,Virgil van Dijk,4-3-3,21,8,19.5,2,0,0,Serge Aurier,5-4-1,9,1,15.6,0,0,0,Chris Kavanagh,2023-10-29,Sun,14:00
1238,2024,10,Aston Villa,Luton Town,1,0,0,3,1,2.3,0.5,70,30,John McGinn,4-4-2,17,6,14.5,0,0,0,Tom Lockyer,3-4-3,7,1,17.3,0,0,0,John Brooks,2023-10-29,Sun,14:00
1239,2024,10,Brighton And Hove Albion,Fulham,0,0,1,1,1,1.4,0.7,71,29,Lewis Dunk,3-4-3,18,6,18.1,1,0,0,Tim Ream,4-2-3-1,10,5,19.3,0,0,0,Michael Salisbury,2023-10-29,Sun,14:00
1240,2024,10,Manchester United,Manchester City,0,1,0,0,3,0.9,4.0,40,60,Bruno Fernandes,4-2-3-1,7,3,15.2,0,0,0,Kyle Walker,4-2-3-1,20,9,17.2,2,1,1,Paul Tierney,2023-10-29,Sun,15:30
1241,2024,11,Fulham,Manchester United,0,1,0,0,1,1.0,0.7,45,55,Tim Ream,4-2-3-1,18,2,18.6,1,0,0,Bruno Fernandes,4-2-3-1,12,5,18.3,1,0,0,John Brooks,2023-11-04,Sat,12:30
1242,2024,11,Manchester City,Bournemouth,1,0,0,6,1,1.9,0.9,65,35,Kyle Walker,3-4-3,21,8,16.4,0,0,0,Lloyd Kelly,5-4-1,5,1,11.4,0,0,0,Craig Pawson,2023-11-04,Sat,15:00
1243,2024,11,Burnley,Crystal Palace,0,1,0,0,2,1.1,1.3,67,33,Josh Brownhill,4-4-2,17,5,13.3,0,0,0,Joel Ward,4-2-3-1,4,3,13.9,0,0,0,Peter Bankes,2023-11-04,Sat,15:00
1244,2024,11,Sheffield United,Wolverhampton Wanderers,1,0,0,2,1,1.0,1.2,39,61,Oliver Norwood,3-4-1-2,10,1,27.6,1,1,1,Max Kilman,4-4-1-1,10,3,17.5,1,0,0,Robert Jones,2023-11-04,Sat,15:00
1245,2024,11,Brentford,West Ham United,1,0,0,3,2,1.5,1.8,58,42,Christian Nørgaard,4-3-3,16,4,15.7,1,0,0,James Ward-Prowse,4-4-2,12,2,15.3,0,0,0,Thomas Bramall,2023-11-04,Sat,15:00
1246,2024,11,Everton,Brighton And Hove Albion,0,0,1,1,1,0.7,0.5,21,79,James Tarkowski,4-4-1-1,10,4,14.4,1,0,0,Lewis Dunk,4-3-3,7,2,15.6,1,0,0,Tim Robinson,2023-11-04,Sat,15:00
1247,2024,11,Newcastle United,Arsenal,1,0,0,1,0,1.0,0.6,42,58,Jamaal Lascelles,4-3-3,9,1,18.6,0,0,0,Jorginho,4-3-3,14,1,20.7,0,0,0,Stuart Attwell,2023-11-04,Sat,17:30
1248,2024,11,Nottingham Forest,Aston Villa,1,0,0,2,0,0.4,1.2,27,73,Morgan Gibbs-White,4-3-3,5,3,21.1,0,0,0,John McGinn,4-4-2,13,3,14.0,0,0,0,Jarred Gillett,2023-11-05,Sun,14:00
1249,2024,11,Luton Town,Liverpool,0,0,1,1,1,0.8,2.6,27,73,Tom Lockyer,3-4-3,8,5,17.9,0,0,0,Virgil van Dijk,4-3-3,24,6,17.5,0,0,0,Andy Madley,2023-11-05,Sun,16:30
1250,2024,11,Tottenham Hotspur,Chelsea,0,1,0,1,4,0.9,4.1,40,60,Son Heung-min,4-2-3-1,8,5,23.5,1,0,0,Reece James,4-2-3-1,16,6,16.8,0,1,1,Michael Oliver,2023-11-06,Mon,20:00
1251,2024,12,Wolverhampton Wanderers,Tottenham Hotspur,1,0,0,2,1,2.1,0.7,42,58,Max Kilman,3-5-2,17,4,18.5,0,0,0,Son Heung-min,4-3-3,6,2,17.5,0,0,0,Tim Robinson,2023-11-11,Sat,12:30
1252,2024,12,Manchester United,Luton Town,1,0,0,1,0,2.2,0.4,64,36,Bruno Fernandes,4-2-3-1,15,4,14.0,1,0,0,Tom Lockyer,3-4-3,10,4,21.9,1,0,0,Graham Scott,2023-11-11,Sat,15:00
1253,2024,12,Arsenal,Burnley,1,0,0,3,1,1.8,0.3,63,37,Jorginho,4-3-3,16,6,13.8,0,0,0,Josh Brownhill,4-4-2,8,5,19.3,0,0,0,Michael Oliver,2023-11-11,Sat,15:00
1254,2024,12,Crystal Palace,Everton,0,1,0,2,3,2.2,1.5,67,33,Joel Ward,4-2-3-1,12,3,17.9,0,1,1,James Tarkowski,4-4-1-1,8,4,14.5,0,0,0,Samuel Barrott,2023-11-11,Sat,15:00
1255,2024,12,Bournemouth,Newcastle United,1,0,0,2,0,2.4,0.5,48,52,Neto,4-2-3-1,19,10,14.9,0,0,0,Jamaal Lascelles,4-3-3,8,5,19.5,0,0,0,Chris Kavanagh,2023-11-11,Sat,17:30
1256,2024,12,Brighton And Hove Albion,Sheffield United,0,0,1,1,1,1.5,1.1,61,39,Pascal Groß,4-2-3-1,11,6,16.5,0,0,0,Oliver Norwood,3-4-3,9,1,19.3,0,0,0,John Brooks,2023-11-12,Sun,14:00
1257,2024,12,West Ham United,Nottingham Forest,1,0,0,3,2,1.8,1.7,54,46,Kurt Zouma,4-2-3-1,16,6,18.0,1,0,0,Morgan Gibbs-White,4-3-3,10,5,15.6,0,0,0,Michael Salisbury,2023-11-12,Sun,14:00
1258,2024,12,Liverpool,Brentford,1,0,0,3,0,1.7,1.6,58,42,Virgil van Dijk,4-3-3,17,10,19.0,0,0,0,Christian Nørgaard,5-3-2,16,3,17.0,2,0,0,Paul Tierney,2023-11-12,Sun,14:00
1259,2024,12,Aston Villa,Fulham,1,0,0,3,1,3.0,0.9,51,49,John McGinn,4-2-2-2,12,6,13.5,0,0,0,Tim Ream,4-2-3-1,9,5,19.5,0,0,0,Simon Hooper,2023-11-12,Sun,14:00
1260,2024,12,Chelsea,Manchester City,0,0,1,4,4,2.9,2.9,45,55,Reece James,4-2-3-1,16,8,19.1,1,1,1,Kyle Walker,3-2-4-1,14,9,16.6,1,1,1,Anthony Taylor,2023-11-12,Sun,16:30
1261,2024,13,Manchester City,Liverpool,0,0,1,1,1,1.3,0.6,59,41,Kyle Walker,3-2-4-1,16,5,16.3,1,0,0,Virgil van Dijk,4-3-3,8,3,15.9,0,0,0,Chris Kavanagh,2023-11-25,Sat,12:30
1262,2024,13,Sheffield United,Bournemouth,0,1,0,1,3,0.8,2.9,46,54,Oliver Norwood,3-4-3,10,2,14.9,0,0,0,Neto,4-2-3-1,23,11,15.7,0,0,0,Andy Madley,2023-11-25,Sat,15:00
1263,2024,13,Nottingham Forest,Brighton And Hove Albion,0,1,0,2,3,1.9,1.3,47,53,Morgan Gibbs-White,4-1-4-1,17,4,14.7,0,1,1,Lewis Dunk,4-2-3-1,9,4,19.9,1,1,1,Anthony Taylor,2023-11-25,Sat,15:00
1264,2024,13,Luton Town,Crystal Palace,1,0,0,2,1,0.9,1.6,39,61,Tom Lockyer,3-4-3,8,3,14.2,0,0,0,Joel Ward,4-2-3-1,16,8,16.3,1,0,0,Jarred Gillett,2023-11-25,Sat,15:00
1265,2024,13,Burnley,West Ham United,0,1,0,1,2,1.3,0.9,50,50,Josh Brownhill,4-4-2,10,4,17.2,0,1,1,Kurt Zouma,4-2-3-1,11,3,13.2,0,0,0,Samuel Barrott,2023-11-25,Sat,15:00
1266,2024,13,Newcastle United,Chelsea,1,0,0,4,1,2.4,0.5,54,46,Jamaal Lascelles,4-3-3,14,5,17.0,1,0,0,Reece James,4-2-3-1,7,4,18.4,2,0,0,Simon Hooper,2023-11-25,Sat,15:00
1267,2024,13,Brentford,Arsenal,0,1,0,0,1,1.1,1.6,37,63,Christian Nørgaard,5-3-2,9,1,13.9,0,0,0,Martin Ødegaard,4-3-3,15,4,15.2,0,0,0,Tim Robinson,2023-11-25,Sat,17:30
1268,2024,13,Tottenham Hotspur,Aston Villa,0,1,0,1,2,2.3,1.7,62,38,Son Heung-min,4-2-3-1,18,7,14.0,0,0,0,John McGinn,4-4-2,15,5,16.6,1,0,0,Robert Jones,2023-11-26,Sun,14:00
1269,2024,13,Everton,Manchester United,0,1,0,0,3,2.4,2.2,51,49,James Tarkowski,4-4-1-1,24,6,16.9,0,0,0,Bruno Fernandes,4-2-3-1,8,3,17.4,0,1,1,John Brooks,2023-11-26,Sun,16:30
1270,2024,13,Fulham,Wolverhampton Wanderers,1,0,0,3,2,2.9,1.4,60,40,Tom Cairney,4-2-3-1,10,4,22.9,0,2,2,Max Kilman,3-5-2,9,5,16.6,0,1,1,Michael Salisbury,2023-11-27,Mon,20:00
1271,2024,14,Brentford,Luton Town,1,0,0,3,1,3.1,0.2,68,32,Christian Nørgaard,4-3-3,27,6,15.4,0,0,0,Tom Lockyer,3-4-3,7,1,23.8,0,0,0,Anthony Taylor,2023-12-02,Sat,15:00
1272,2024,14,Burnley,Sheffield United,1,0,0,5,0,1.8,0.4,63,37,Josh Brownhill,4-4-2,19,7,15.9,0,0,0,Oliver Norwood,3-4-3,6,3,18.9,0,0,0,Chris Kavanagh,2023-12-02,Sat,15:00
1273,2024,14,Arsenal,Wolverhampton Wanderers,1,0,0,2,1,2.8,0.7,57,43,Martin Ødegaard,4-3-3,19,6,15.6,0,0,0,Max Kilman,3-5-2,6,3,10.8,0,0,0,Peter Bankes,2023-12-02,Sat,15:00
1274,2024,14,Nottingham Forest,Everton,0,1,0,0,1,0.7,0.7,61,39,Ryan Yates,4-3-3,13,2,16.1,0,0,0,James Tarkowski,4-4-1-1,12,2,20.8,1,0,0,Paul Tierney,2023-12-02,Sat,17:30
1275,2024,14,Newcastle United,Manchester United,1,0,0,1,0,2.4,0.5,58,42,Jamaal Lascelles,4-3-3,22,4,16.4,1,0,0,Bruno Fernandes,4-2-3-1,8,1,18.2,0,0,0,Robert Jones,2023-12-02,Sat,20:00
1276,2024,14,Chelsea,Brighton And Hove Albion,1,0,0,3,2,2.1,1.1,32,68,Conor Gallagher,4-2-3-1,7,3,19.6,0,1,1,Adam Lallana,4-2-3-1,18,9,18.6,1,0,0,Craig Pawson,2023-12-03,Sun,14:00
1277,2024,14,West Ham United,Crystal Palace,0,0,1,1,1,1.1,0.9,55,45,Tomáš Souček,4-2-3-1,9,3,15.7,1,0,0,Joel Ward,4-3-3,9,2,17.4,1,0,0,Michael Oliver,2023-12-03,Sun,14:00
1278,2024,14,Liverpool,Fulham,1,0,0,4,3,2.1,1.2,61,39,Virgil van Dijk,4-3-3,26,12,18.9,1,0,0,Tim Ream,4-2-3-1,9,5,13.3,0,0,0,Stuart Attwell,2023-12-03,Sun,14:00
1279,2024,14,Bournemouth,Aston Villa,0,0,1,2,2,2.0,0.7,38,62,Neto,4-2-3-1,15,7,13.6,0,0,0,John McGinn,4-4-2,11,3,19.2,1,0,0,Thomas Bramall,2023-12-03,Sun,14:00
1280,2024,14,Manchester City,Tottenham Hotspur,0,0,1,3,3,2.6,0.5,55,45,Kyle Walker,3-2-4-1,17,4,13.4,0,0,0,Son Heung-min,4-2-3-1,8,4,20.7,0,0,0,Simon Hooper,2023-12-03,Sun,16:30
1281,2024,15,Wolverhampton Wanderers,Burnley,1,0,0,1,0,0.8,0.9,51,49,Max Kilman,3-4-3,7,4,15.8,1,0,0,Josh Brownhill,4-4-2,12,3,21.9,2,0,0,Jarred Gillett,2023-12-05,Tue,19:30
1282,2024,15,Luton Town,Arsenal,0,1,0,3,4,0.5,2.2,34,66,Pelly Ruddock Mpanzu,3-4-3,6,4,18.8,0,0,0,Martin Ødegaard,4-3-3,23,9,15.5,0,0,0,Samuel Barrott,2023-12-05,Tue,20:15
1283,2024,15,Crystal Palace,Bournemouth,0,1,0,0,2,1.0,1.8,59,41,Joel Ward,4-2-3-1,16,3,18.9,1,0,0,Neto,4-2-3-1,11,4,11.5,0,0,0,Craig Pawson,2023-12-06,Wed,19:30
1284,2024,15,Fulham,Nottingham Forest,1,0,0,5,0,2.5,0.3,63,37,Tom Cairney,4-2-3-1,14,6,17.3,1,0,0,Felipe,4-2-3-1,4,1,15.3,0,0,0,Joshua Smith,2023-12-06,Wed,19:30
1285,2024,15,Brighton And Hove Albion,Brentford,1,0,0,2,1,1.5,1.5,61,39,Pascal Groß,4-2-3-1,18,7,16.1,0,0,0,Vitaly Janelt,4-4-2,7,0,17.6,0,1,1,Peter Bankes,2023-12-06,Wed,19:30
1286,2024,15,Sheffield United,Liverpool,0,1,0,0,2,1.0,1.7,25,75,Anel Ahmedhodžić,3-4-3,6,1,14.6,1,0,0,Virgil van Dijk,4-3-3,15,8,16.4,0,0,0,Simon Hooper,2023-12-06,Wed,19:30
1287,2024,15,Manchester United,Chelsea,1,0,0,2,1,4.1,1.5,45,55,Bruno Fernandes,4-2-3-1,27,8,15.4,1,0,1,Levi Colwill,4-2-3-1,13,3,15.0,0,0,0,Chris Kavanagh,2023-12-06,Wed,20:15
1288,2024,15,Aston Villa,Manchester City,1,0,0,1,0,2.3,0.6,46,54,John McGinn,4-4-1-1,22,7,18.9,0,0,0,Kyle Walker,3-2-4-1,2,2,7.4,0,0,0,John Brooks,2023-12-06,Wed,20:15
1289,2024,15,Everton,Newcastle United,1,0,0,3,0,3.3,1.5,38,62,Séamus Coleman,4-4-1-1,21,6,13.3,0,0,0,Jamaal Lascelles,4-3-3,13,3,19.3,1,0,0,Tim Robinson,2023-12-07,Thu,19:30
1290,2024,15,Tottenham Hotspur,West Ham United,0,1,0,1,2,1.8,2.2,74,26,Son Heung-min,4-2-3-1,23,6,17.1,1,0,0,Kurt Zouma,4-3-3,11,5,15.0,0,0,0,Michael Salisbury,2023-12-07,Thu,20:15
1291,2024,16,Crystal Palace,Liverpool,0,1,0,1,2,1.7,1.2,24,76,Joel Ward,4-3-3,7,3,17.4,0,1,1,Virgil van Dijk,4-3-3,14,2,17.4,0,0,0,Andy Madley,2023-12-09,Sat,12:30
1292,2024,16,Manchester United,Bournemouth,0,1,0,0,3,1.1,1.5,68,32,Bruno Fernandes,4-2-3-1,20,3,15.4,0,0,0,Neto,4-2-3-1,10,4,12.7,0,0,0,Peter Bankes,2023-12-09,Sat,15:00
1293,2024,16,Wolverhampton Wanderers,Nottingham Forest,0,0,1,1,1,1.2,1.3,68,32,Max Kilman,3-4-3,10,4,15.2,0,0,0,Ryan Yates,3-5-2,8,2,12.7,0,0,0,Samuel Barrott,2023-12-09,Sat,15:00
1294,2024,16,Brighton And Hove Albion,Burnley,0,0,1,1,1,2.6,0.6,72,28,Lewis Dunk,4-2-3-1,29,11,14.2,2,0,0,Josh Brownhill,4-4-2,6,3,12.9,0,0,0,Simon Hooper,2023-12-09,Sat,15:00
1295,2024,16,Sheffield United,Brentford,1,0,0,1,0,0.8,0.6,41,59,Anel Ahmedhodžić,4-1-4-1,9,4,21.7,0,0,0,Christian Nørgaard,4-3-3,10,4,16.7,0,0,0,Stuart Attwell,2023-12-09,Sat,15:00
1296,2024,16,Aston Villa,Arsenal,1,0,0,1,0,0.6,1.4,39,61,John McGinn,4-4-1-1,10,3,20.8,1,0,0,Martin Ødegaard,4-3-3,12,3,14.8,1,0,0,Jarred Gillett,2023-12-09,Sat,17:30
1297,2024,16,Everton,Chelsea,1,0,0,2,0,1.2,0.9,29,71,James Tarkowski,4-4-1-1,9,5,16.4,0,0,0,Reece James,4-2-3-1,16,4,18.5,1,0,0,Michael Oliver,2023-12-10,Sun,14:00
1298,2024,16,Fulham,West Ham United,1,0,0,5,0,2.3,1.3,63,37,Tom Cairney,4-2-3-1,14,8,17.7,0,0,0,Kurt Zouma,4-4-1-1,9,5,19.2,1,0,0,Paul Tierney,2023-12-10,Sun,14:00
1299,2024,16,Luton Town,Manchester City,0,1,0,1,2,0.3,1.6,35,65,Tom Lockyer,3-4-3,4,2,19.2,0,0,0,Kyle Walker,4-2-3-1,18,6,18.7,1,0,0,Tim Robinson,2023-12-10,Sun,14:00
1300,2024,16,Tottenham Hotspur,Newcastle United,1,0,0,4,1,3.8,1.7,56,44,Son Heung-min,4-2-3-1,22,10,15.5,0,1,1,Jamaal Lascelles,4-3-3,9,3,14.4,0,0,0,Chris Kavanagh,2023-12-10,Sun,16:30
1301,2024,17,Nottingham Forest,Tottenham Hotspur,0,1,0,0,2,1.3,1.5,34,66,Ryan Yates,3-5-2,15,1,16.1,0,0,0,Son Heung-min,4-2-3-1,12,6,12.5,0,0,0,Jarred Gillett,2023-12-15,Fri,20:00
1302,2024,17,Chelsea,Sheffield United,1,0,0,2,0,3.1,0.4,78,22,Conor Gallagher,4-2-3-1,15,6,17.2,1,0,0,Anel Ahmedhodžić,4-1-4-1,6,1,19.7,1,0,0,Andy Madley,2023-12-16,Sat,15:00
1303,2024,17,Manchester City,Crystal Palace,0,0,1,2,2,1.6,1.8,74,26,Kyle Walker,4-2-3-1,19,9,18.2,0,0,0,Joel Ward,5-4-1,4,1,21.1,1,1,1,Paul Tierney,2023-12-16,Sat,15:00
1304,2024,17,Newcastle United,Fulham,1,0,0,3,0,3.5,0.3,70,30,Jamaal Lascelles,4-3-3,27,10,14.4,0,0,0,Tom Cairney,4-2-3-1,6,4,23.1,0,0,0,Samuel Barrott,2023-12-16,Sat,15:00
1305,2024,17,Burnley,Everton,0,1,0,0,2,0.7,1.4,61,39,Josh Brownhill,4-4-2,14,2,18.8,1,0,0,James Tarkowski,5-4-1,9,6,11.8,1,0,0,Anthony Taylor,2023-12-16,Sat,17:30
1306,2024,17,West Ham United,Wolverhampton Wanderers,1,0,0,3,0,1.1,0.7,45,55,Kurt Zouma,4-2-3-1,13,4,19.8,2,0,0,Max Kilman,3-4-3,14,3,20.5,0,0,0,Chris Kavanagh,2023-12-17,Sun,14:00
1307,2024,17,Brentford,Aston Villa,0,1,0,1,2,0.5,1.4,34,66,Christian Nørgaard,3-5-2,4,3,13.3,0,0,0,John McGinn,3-5-2,15,5,16.7,0,0,0,David Coote,2023-12-17,Sun,14:00
1308,2024,17,Arsenal,Brighton And Hove Albion,1,0,0,2,0,2.3,0.7,49,51,Martin Ødegaard,4-3-3,26,8,14.2,0,0,0,Lewis Dunk,4-2-3-1,6,1,16.9,0,0,0,Tim Robinson,2023-12-17,Sun,14:00
1309,2024,17,Liverpool,Manchester United,0,0,1,0,0,2.3,0.8,68,32,Virgil van Dijk,4-3-3,34,8,17.7,0,0,0,Scott McTominay,4-2-3-1,6,1,16.3,0,0,0,Michael Oliver,2023-12-17,Sun,16:30
1310,2024,18,Crystal Palace,Brighton And Hove Albion,0,0,1,1,1,1.3,1.2,35,65,Marc Guéhi,4-3-3,11,3,13.4,0,0,0,Lewis Dunk,4-2-3-1,18,6,17.6,0,0,0,John Brooks,2023-12-21,Thu,20:00
1311,2024,18,Aston Villa,Sheffield United,0,0,1,1,1,0.9,0.6,77,23,John McGinn,4-4-1-1,12,4,17.5,0,0,0,Jack Robinson,3-4-3,5,2,19.7,0,0,0,Anthony Taylor,2023-12-22,Fri,20:00
1312,2024,18,West Ham United,Manchester United,1,0,0,2,0,1.2,1.0,35,65,Kurt Zouma,4-2-3-1,12,5,13.8,0,0,0,Bruno Fernandes,4-2-3-1,11,3,18.1,0,0,0,Simon Hooper,2023-12-23,Sat,12:30
1313,2024,18,Luton Town,Newcastle United,1,0,0,1,0,1.4,1.4,35,65,Amari'i Bell,3-4-3,16,5,19.4,0,0,0,Jamaal Lascelles,4-3-3,15,2,12.2,0,0,0,Darren England,2023-12-23,Sat,15:00
1314,2024,18,Fulham,Burnley,0,1,0,0,2,1.3,0.4,66,34,Tom Cairney,4-2-3-1,19,5,16.3,1,0,0,Josh Brownhill,4-4-2,7,2,19.5,0,0,0,Rebecca Welch,2023-12-23,Sat,15:00
1315,2024,18,Nottingham Forest,Bournemouth,0,1,0,2,3,1.0,1.6,34,66,Ryan Yates,4-2-3-1,11,4,14.5,0,0,0,Neto,4-2-3-1,18,6,15.9,1,0,0,Robert Jones,2023-12-23,Sat,15:00
1316,2024,18,Tottenham Hotspur,Everton,1,0,0,2,1,1.5,1.8,61,39,Son Heung-min,4-2-3-1,13,6,15.1,0,0,0,James Tarkowski,4-2-3-1,18,8,15.8,0,0,0,Stuart Attwell,2023-12-23,Sat,15:00
1317,2024,18,Liverpool,Arsenal,0,0,1,1,1,1.0,0.7,52,48,Virgil van Dijk,4-3-3,13,3,20.1,1,0,0,Martin Ødegaard,4-3-3,13,2,17.2,0,0,0,Chris Kavanagh,2023-12-23,Sat,17:30
1318,2024,18,Wolverhampton Wanderers,Chelsea,1,0,0,2,1,1.3,2.0,32,68,Max Kilman,3-4-3,14,6,16.7,1,0,0,Conor Gallagher,4-2-3-1,16,4,17.4,1,0,0,David Coote,2023-12-24,Sun,13:00
1319,2024,19,Newcastle United,Nottingham Forest,0,1,0,1,3,2.4,3.5,62,38,Kieran Trippier,4-3-3,18,5,15.1,1,1,1,Morgan Gibbs-White,4-2-3-1,15,6,15.8,0,0,0,Chris Kavanagh,2023-12-26,Tue,12:30
1320,2024,19,Sheffield United,Luton Town,0,1,0,2,3,2.4,0.6,51,49,Anel Ahmedhodžić,4-4-2,21,4,16.3,1,0,0,Amari'i Bell,3-4-3,12,4,17.9,1,0,0,Samuel Allison,2023-12-26,Tue,15:00
1321,2024,19,Bournemouth,Fulham,1,0,0,3,0,1.8,0.3,43,57,Neto,4-2-3-1,15,3,18.5,0,1,1,Tom Cairney,4-2-3-1,8,3,21.6,1,0,0,Tim Robinson,2023-12-26,Tue,15:00
1322,2024,19,Burnley,Liverpool,0,1,0,0,2,0.8,1.8,32,68,Josh Brownhill,4-4-2,9,0,16.7,0,0,0,Virgil van Dijk,4-3-3,19,10,17.4,0,0,0,Paul Tierney,2023-12-26,Tue,17:30
1323,2024,19,Manchester United,Aston Villa,1,0,0,3,2,1.1,1.7,46,54,Bruno Fernandes,4-2-3-1,13,7,18.0,1,0,0,John McGinn,4-2-3-1,10,3,14.6,1,0,0,Craig Pawson,2023-12-26,Tue,20:00
1324,2024,19,Brentford,Wolverhampton Wanderers,0,1,0,1,4,2.2,2.4,60,40,Christian Nørgaard,4-3-3,14,4,13.8,0,0,0,Max Kilman,3-4-3,11,5,17.8,0,0,0,Andy Madley,2023-12-27,Wed,19:30
1325,2024,19,Chelsea,Crystal Palace,1,0,0,2,1,2.6,1.1,63,37,Conor Gallagher,4-2-3-1,8,2,15.3,0,1,1,Marc Guéhi,4-3-3,13,5,19.6,2,0,0,Michael Salisbury,2023-12-27,Wed,19:30
1326,2024,19,Everton,Manchester City,0,1,0,1,3,1.0,2.4,28,72,James Tarkowski,4-2-3-1,7,2,12.5,0,0,0,Kyle Walker,4-2-3-1,22,8,19.5,1,1,1,John Brooks,2023-12-27,Wed,20:15
1327,2024,19,Brighton And Hove Albion,Tottenham Hotspur,1,0,0,4,2,3.2,2.3,45,55,Lewis Dunk,4-1-2-1-2◆,13,7,15.2,0,2,2,Son Heung-min,4-2-3-1,19,3,15.2,1,0,0,Jarred Gillett,2023-12-28,Thu,19:30
1328,2024,19,Arsenal,West Ham United,0,1,0,0,2,2.7,1.4,73,27,Martin Ødegaard,4-3-3,30,8,16.8,0,0,0,Angelo Ogbonna,4-2-3-1,5,2,17.4,0,0,1,Michael Oliver,2023-12-28,Thu,20:15
1329,2024,20,Luton Town,Chelsea,0,1,0,2,3,2.3,1.5,52,48,Amari'i Bell,3-4-3,15,6,11.6,1,0,0,Conor Gallagher,4-2-3-1,12,8,17.5,0,0,0,Paul Tierney,2023-12-30,Sat,12:30
1330,2024,20,Manchester City,Sheffield United,1,0,0,2,0,2.2,0.3,80,20,Kyle Walker,4-2-3-1,18,4,17.4,0,0,0,Jack Robinson,3-4-3,4,2,14.9,0,0,0,David Coote,2023-12-30,Sat,15:00
1331,2024,20,Crystal Palace,Brentford,1,0,0,3,1,1.0,1.4,46,54,Marc Guéhi,4-3-3,13,6,16.2,0,0,0,Christian Nørgaard,3-5-2,9,4,16.0,0,0,0,Robert Jones,2023-12-30,Sat,15:00
1332,2024,20,Aston Villa,Burnley,1,0,0,3,2,3.2,1.2,64,36,John McGinn,4-4-1-1,18,6,16.9,1,1,1,Josh Brownhill,4-4-2,9,5,15.4,0,0,0,Stuart Attwell,2023-12-30,Sat,15:00
1333,2024,20,Wolverhampton Wanderers,Everton,1,0,0,3,0,1.9,0.4,53,47,Max Kilman,3-4-3,12,6,13.4,0,0,0,James Tarkowski,5-4-1,10,0,20.7,0,0,0,Thomas Bramall,2023-12-30,Sat,15:00
1334,2024,20,Nottingham Forest,Manchester United,1,0,0,2,1,0.7,0.8,44,56,Ryan Yates,4-2-3-1,8,2,18.3,0,0,0,Bruno Fernandes,4-2-3-1,10,5,17.5,0,0,0,Tim Robinson,2023-12-30,Sat,17:30
1335,2024,20,Fulham,Arsenal,1,0,0,2,1,1.2,1.6,40,60,Tom Cairney,4-2-3-1,15,4,18.2,1,0,0,Martin Ødegaard,4-3-3,13,3,15.4,1,0,0,Joshua Smith,2023-12-31,Sun,14:00
1336,2024,20,Tottenham Hotspur,Bournemouth,1,0,0,3,1,2.3,1.7,50,50,Son Heung-min,4-3-3,12,6,14.7,0,0,0,Neto,4-2-3-1,24,4,17.2,1,0,0,Simon Hooper,2023-12-31,Sun,14:00
1337,2024,20,Liverpool,Newcastle United,1,0,0,4,2,7.0,0.6,61,39,Virgil van Dijk,4-3-3,32,12,16.2,0,1,2,Dan Burn,4-3-3,5,3,16.1,0,0,0,Anthony Taylor,2024-01-01,Mon,20:00
1338,2024,20,West Ham United,Brighton And Hove Albion,0,0,1,0,0,0.7,2.3,32,68,Angelo Ogbonna,4-2-3-1,6,2,16.0,0,0,0,Pascal Groß,4-3-1-2,22,8,14.4,0,0,0,Samuel Barrott,2024-01-02,Tue,19:30
1339,2024,21,Burnley,Luton Town,0,0,1,1,1,1.1,0.9,39,61,Josh Brownhill,4-4-2,13,7,18.8,1,0,0,Amari'i Bell,3-4-3,14,5,18.2,0,0,0,Tony Harrington,2024-01-12,Fri,19:45
1340,2024,21,Chelsea,Fulham,1,0,0,1,0,2.2,0.8,55,45,Conor Gallagher,4-2-3-1,16,2,17.5,0,1,1,Tom Cairney,4-2-3-1,14,4,22.0,2,0,0,Anthony Taylor,2024-01-13,Sat,12:30
1341,2024,21,Newcastle United,Manchester City,0,1,0,2,3,1.3,3.0,28,72,Kieran Trippier,4-3-3,12,5,14.7,0,0,0,Kyle Walker,4-2-3-1,27,11,19.3,2,0,0,Chris Kavanagh,2024-01-13,Sat,17:30
1342,2024,21,Everton,Aston Villa,0,0,1,0,0,1.1,1.2,32,68,Séamus Coleman,4-2-3-1,10,2,17.2,1,0,0,John McGinn,4-4-2,16,4,14.2,0,0,0,David Coote,2024-01-14,Sun,14:00
1343,2024,21,Manchester United,Tottenham Hotspur,0,0,1,2,2,0.8,1.2,37,63,Bruno Fernandes,4-2-3-1,9,2,14.5,1,0,0,Cristian Romero,4-3-3,16,5,14.4,0,0,0,John Brooks,2024-01-14,Sun,16:30
1344,2024,21,Arsenal,Crystal Palace,1,0,0,5,0,3.3,0.3,60,40,Martin Ødegaard,4-3-3,21,7,16.7,0,0,0,Marc Guéhi,3-4-3,12,5,24.4,2,0,0,Paul Tierney,2024-01-20,Sat,12:30
1345,2024,21,Brentford,Nottingham Forest,1,0,0,3,2,1.2,1.2,48,52,Ivan Toney,3-5-2,11,5,14.8,1,0,0,Ryan Yates,4-2-3-1,12,3,20.5,0,0,0,Darren England,2024-01-20,Sat,17:30
1346,2024,21,Sheffield United,West Ham United,0,0,1,2,2,2.5,2.3,57,43,Anel Ahmedhodžić,4-1-4-1,20,5,18.5,1,1,1,Kurt Zouma,4-4-1-1,15,4,14.9,0,1,1,Michael Salisbury,2024-01-21,Sun,14:00
1347,2024,21,Bournemouth,Liverpool,0,1,0,0,4,1.4,1.5,40,60,Neto,4-2-3-1,11,1,19.8,0,0,0,Virgil van Dijk,4-3-3,14,7,19.2,0,0,0,Andy Madley,2024-01-21,Sun,16:30
1348,2024,21,Brighton And Hove Albion,Wolverhampton Wanderers,0,0,1,0,0,1.0,1.1,72,28,Lewis Dunk,4-3-3,11,3,14.2,0,0,0,Max Kilman,3-4-3,8,3,18.6,0,0,0,Craig Pawson,2024-01-22,Mon,19:45
1349,2024,22,Nottingham Forest,Arsenal,0,1,0,1,2,0.5,1.2,27,73,Morgan Gibbs-White,4-2-3-1,9,3,18.7,0,0,0,Martin Ødegaard,4-3-3,19,3,17.6,0,0,0,Simon Hooper,2024-01-30,Tue,19:30
1350,2024,22,Luton Town,Brighton And Hove Albion,1,0,0,4,0,3.1,0.9,41,59,Carlton Morris,3-4-3,18,8,13.8,1,0,0,Lewis Dunk,3-4-3,9,2,13.9,0,0,0,Robert Jones,2024-01-30,Tue,19:45
1351,2024,22,Fulham,Everton,0,0,1,0,0,1.6,1.9,70,30,Tom Cairney,4-2-3-1,25,5,17.3,0,0,0,James Tarkowski,4-4-1-1,21,2,14.4,2,0,0,Thomas Bramall,2024-01-30,Tue,19:45
1352,2024,22,Crystal Palace,Sheffield United,1,0,0,3,2,1.1,0.8,53,47,Marc Guéhi,4-3-3,12,4,17.1,0,0,0,Anel Ahmedhodžić,4-1-4-1,9,5,16.5,0,0,0,Tony Harrington,2024-01-30,Tue,20:00
1353,2024,22,Aston Villa,Newcastle United,0,1,0,1,3,1.4,2.6,61,39,John McGinn,4-4-2,12,5,14.3,0,0,0,Kieran Trippier,4-3-3,14,5,11.9,0,0,0,John Brooks,2024-01-30,Tue,20:15
1354,2024,22,Tottenham Hotspur,Brentford,1,0,0,3,2,2.9,1.6,67,33,Cristian Romero,4-2-3-1,19,5,14.3,0,0,0,Christian Nørgaard,3-5-2,9,5,12.9,0,0,0,David Coote,2024-01-31,Wed,19:30
1355,2024,22,Manchester City,Burnley,1,0,0,3,1,1.7,1.4,74,26,Kevin De Bruyne,4-2-3-1,14,4,15.8,1,0,0,Josh Brownhill,4-4-2,8,3,14.7,0,0,0,Samuel Barrott,2024-01-31,Wed,19:30
1356,2024,22,Liverpool,Chelsea,1,0,0,4,1,2.9,0.6,50,50,Virgil van Dijk,4-3-3,27,13,19.9,2,0,1,Ben Chilwell,4-2-3-1,4,3,18.8,0,0,0,Paul Tierney,2024-01-31,Wed,20:15
1357,2024,22,West Ham United,Bournemouth,0,0,1,1,1,1.4,1.2,48,52,Kurt Zouma,4-3-2-1,8,2,17.1,0,1,1,Neto,4-2-3-1,9,4,17.2,0,0,0,Tim Robinson,2024-02-01,Thu,19:30
1358,2024,22,Wolverhampton Wanderers,Manchester United,0,1,0,3,4,2.1,3.3,53,47,Max Kilman,3-4-3,15,5,16.6,1,1,1,Bruno Fernandes,4-2-3-1,21,8,18.2,2,0,0,Jarred Gillett,2024-02-01,Thu,20:15
1359,2024,23,Everton,Tottenham Hotspur,0,0,1,2,2,2.6,1.0,43,57,James Tarkowski,4-4-1-1,14,4,14.3,0,0,0,Cristian Romero,4-2-3-1,9,6,17.8,0,0,0,Michael Oliver,2024-02-03,Sat,12:30
1360,2024,23,Burnley,Fulham,0,0,1,2,2,1.8,1.5,44,56,Josh Brownhill,4-4-2,12,4,15.4,0,0,0,Tim Ream,4-2-3-1,15,7,13.2,0,0,0,Darren Bond,2024-02-03,Sat,15:00
1361,2024,23,Brighton And Hove Albion,Crystal Palace,1,0,0,4,1,1.4,0.3,68,32,Lewis Dunk,3-4-3,13,6,16.7,0,0,0,Marc Guéhi,4-3-3,7,5,20.6,0,0,0,Simon Hooper,2024-02-03,Sat,15:00
1362,2024,23,Newcastle United,Luton Town,0,0,1,4,4,2.3,2.4,55,45,Kieran Trippier,4-3-3,19,6,16.3,0,0,0,Carlton Morris,3-4-3,10,7,14.0,0,1,1,Thomas Bramall,2024-02-03,Sat,15:00
1363,2024,23,Sheffield United,Aston Villa,0,1,0,0,5,1.4,2.2,37,63,Anel Ahmedhodžić,5-4-1,10,4,10.0,0,0,0,John McGinn,4-2-3-1,14,9,15.8,1,0,0,Paul Tierney,2024-02-03,Sat,17:30
1364,2024,23,Manchester United,West Ham United,1,0,0,3,0,0.7,1.4,51,49,Bruno Fernandes,4-2-3-1,12,5,20.4,0,0,0,Kurt Zouma,4-2-3-1,22,3,18.9,1,0,0,Andy Madley,2024-02-04,Sun,14:00
1365,2024,23,Bournemouth,Nottingham Forest,0,0,1,1,1,1.3,0.5,45,55,Neto,4-2-3-1,9,1,16.7,1,0,0,Ryan Yates,4-2-3-1,8,6,19.9,0,0,0,Rebecca Welch,2024-02-04,Sun,14:00
1366,2024,23,Chelsea,Wolverhampton Wanderers,0,1,0,2,4,1.7,2.0,64,36,Ben Chilwell,4-2-3-1,15,4,14.5,0,0,0,Max Kilman,3-4-3,13,6,16.6,2,1,1,Tim Robinson,2024-02-04,Sun,14:00
1367,2024,23,Arsenal,Liverpool,1,0,0,3,1,3.5,0.4,43,57,Martin Ødegaard,4-3-3,15,7,14.2,0,0,0,Virgil van Dijk,4-3-3,10,1,19.7,0,0,0,Anthony Taylor,2024-02-04,Sun,16:30
1368,2024,23,Brentford,Manchester City,0,1,0,1,3,1.0,2.1,28,72,Christian Nørgaard,3-5-2,9,2,15.3,0,0,0,Kyle Walker,4-1-4-1,25,15,19.2,0,0,0,Jarred Gillett,2024-02-05,Mon,20:00
1369,2024,24,Manchester City,Everton,1,0,0,2,0,1.6,0.3,72,28,Rúben Dias,4-1-4-1,19,3,17.4,0,0,0,James Tarkowski,4-2-3-1,5,1,22.9,0,0,0,John Brooks,2024-02-10,Sat,12:30
1370,2024,24,Luton Town,Sheffield United,0,1,0,1,3,1.8,1.7,74,26,Carlton Morris,3-4-3,19,4,17.3,0,1,1,Anel Ahmedhodžić,5-4-1,6,2,22.4,0,1,1,Chris Kavanagh,2024-02-10,Sat,15:00
1371,2024,24,Fulham,Bournemouth,1,0,0,3,1,1.6,1.8,49,51,Tom Cairney,4-2-3-1,7,6,11.4,0,0,0,Neto,4-2-3-1,25,4,16.7,1,0,0,Darren England,2024-02-10,Sat,15:00
1372,2024,24,Tottenham Hotspur,Brighton And Hove Albion,1,0,0,2,1,1.6,1.2,52,48,Cristian Romero,4-2-3-1,16,6,17.1,1,0,0,Lewis Dunk,4-2-3-1,5,2,17.8,0,1,1,Samuel Barrott,2024-02-10,Sat,15:00
1373,2024,24,Wolverhampton Wanderers,Brentford,0,1,0,0,2,1.0,1.9,71,29,Max Kilman,3-4-3,17,5,17.2,1,0,0,Christian Nørgaard,3-5-2,9,6,14.0,0,0,0,Simon Hooper,2024-02-10,Sat,15:00
1374,2024,24,Liverpool,Burnley,1,0,0,3,1,2.8,1.3,70,30,Virgil van Dijk,4-3-3,25,10,15.4,0,0,0,Josh Brownhill,4-4-2,9,4,17.6,0,0,0,Tim Robinson,2024-02-10,Sat,15:00
1375,2024,24,Nottingham Forest,Newcastle United,0,1,0,2,3,1.5,0.5,39,61,Ryan Yates,4-2-3-1,13,3,21.8,0,0,0,Kieran Trippier,4-3-3,7,5,19.2,0,0,0,Anthony Taylor,2024-02-10,Sat,17:30
1376,2024,24,West Ham United,Arsenal,0,1,0,0,6,0.2,3.6,30,70,Kurt Zouma,4-2-3-1,5,1,19.9,0,0,0,Martin Ødegaard,4-3-3,24,11,16.0,0,1,1,Craig Pawson,2024-02-11,Sun,14:00
1377,2024,24,Aston Villa,Manchester United,0,1,0,1,2,2.4,1.8,56,44,John McGinn,4-2-3-1,23,9,16.7,1,0,0,Bruno Fernandes,4-2-3-1,17,5,14.6,0,0,0,Robert Jones,2024-02-11,Sun,16:30
1378,2024,24,Crystal Palace,Chelsea,0,1,0,1,3,0.6,1.4,23,77,Joachim Andersen,4-1-4-1,13,4,18.7,0,0,0,Ben Chilwell,4-2-3-1,14,5,15.3,0,0,0,Michael Oliver,2024-02-12,Mon,20:00
1379,2024,25,Brentford,Liverpool,0,1,0,1,4,1.6,2.8,38,62,Christian Nørgaard,3-5-2,15,6,19.8,3,0,0,Virgil van Dijk,4-3-3,15,8,15.9,1,0,0,Michael Oliver,2024-02-17,Sat,12:30
1380,2024,25,Tottenham Hotspur,Wolverhampton Wanderers,0,1,0,1,2,1.6,1.8,71,29,Son Heung-min,4-2-3-1,15,4,14.3,0,0,0,José Sá,3-4-3,12,7,15.9,0,0,0,Anthony Taylor,2024-02-17,Sat,15:00
1381,2024,25,Burnley,Arsenal,0,1,0,0,5,0.3,2.3,36,64,Josh Brownhill,4-4-2,8,0,18.6,0,0,0,Martin Ødegaard,4-3-3,15,6,16.8,1,1,1,Jarred Gillett,2024-02-17,Sat,15:00
1382,2024,25,Fulham,Aston Villa,0,1,0,1,2,1.5,1.5,52,48,Tom Cairney,4-2-3-1,15,4,14.7,0,0,0,John McGinn,4-2-3-1,12,3,16.8,1,0,0,Lewis Smith,2024-02-17,Sat,15:00
1383,2024,25,Newcastle United,Bournemouth,0,0,1,2,2,2.2,2.2,62,38,Kieran Trippier,4-3-3,16,4,19.4,0,1,1,Neto,4-2-3-1,12,6,20.3,0,0,0,Michael Salisbury,2024-02-17,Sat,15:00
1384,2024,25,Nottingham Forest,West Ham United,1,0,0,2,0,2.8,0.5,49,51,Morgan Gibbs-White,4-2-3-1,19,8,16.5,0,0,0,Kurt Zouma,4-2-3-1,10,3,18.9,1,0,0,Thomas Bramall,2024-02-17,Sat,15:00
1385,2024,25,Manchester City,Chelsea,0,0,1,1,1,2.6,1.4,70,30,Kyle Walker,4-1-4-1,31,5,15.9,1,0,0,Ben Chilwell,4-2-3-1,9,6,12.8,0,0,0,Andy Madley,2024-02-17,Sat,17:30
1386,2024,25,Sheffield United,Brighton And Hove Albion,0,1,0,0,5,0.6,2.9,21,79,Anel Ahmedhodžić,3-5-1-1,6,1,18.7,0,0,0,Lewis Dunk,4-2-3-1,24,9,15.1,0,0,0,Stuart Attwell,2024-02-18,Sun,14:00
1387,2024,25,Luton Town,Manchester United,0,1,0,1,2,1.8,2.9,58,42,Carlton Morris,3-4-3,22,4,18.6,1,0,0,Bruno Fernandes,4-2-3-1,21,8,19.8,2,0,0,David Coote,2024-02-18,Sun,16:30
1388,2024,25,Everton,Crystal Palace,0,0,1,1,1,1.7,0.7,61,39,James Tarkowski,4-4-1-1,19,4,16.4,1,0,0,Joel Ward,3-4-3,10,3,13.0,0,0,0,Paul Tierney,2024-02-19,Mon,20:00
1389,2024,18,Manchester City,Brentford,1,0,0,1,0,2.3,0.4,70,30,Kyle Walker,4-2-3-1,25,10,17.6,0,0,0,Christian Nørgaard,3-5-2,6,2,19.4,1,0,0,Darren England,2024-02-20,Tue,19:30
1390,2024,26,Liverpool,Luton Town,1,0,0,4,1,3.3,0.9,60,40,Virgil van Dijk,4-3-3,29,13,16.9,0,0,0,Carlton Morris,3-4-3,12,3,19.0,1,0,0,Andy Madley,2024-02-21,Wed,19:30
1391,2024,26,Crystal Palace,Burnley,1,0,0,3,0,2.4,0.1,56,44,Joel Ward,3-4-3,14,5,15.3,1,1,1,Josh Brownhill,4-4-2,2,0,12.0,0,0,0,Lewis Smith,2024-02-24,Sat,15:00
1392,2024,26,Manchester United,Fulham,0,1,0,1,2,1.7,1.2,57,43,Bruno Fernandes,4-2-3-1,21,8,17.3,0,0,0,Harrison Reed,4-2-3-1,17,5,17.1,0,0,0,Michael Oliver,2024-02-24,Sat,15:00
1393,2024,26,Aston Villa,Nottingham Forest,1,0,0,4,2,3.6,2.6,58,42,John McGinn,4-2-3-1,16,6,14.3,2,0,0,Morgan Gibbs-White,4-2-3-1,10,3,16.4,0,0,0,Samuel Barrott,2024-02-24,Sat,15:00
1394,2024,26,Brighton And Hove Albion,Everton,0,0,1,1,1,1.4,0.3,64,36,Lewis Dunk,4-2-3-1,23,7,16.3,1,0,0,James Tarkowski,4-4-1-1,6,2,16.0,0,0,0,Tony Harrington,2024-02-24,Sat,15:00
1395,2024,26,Bournemouth,Manchester City,0,1,0,0,1,0.9,1.6,38,62,Neto,4-2-3-1,13,4,17.1,0,0,0,Rúben Dias,3-2-4-1,15,6,15.5,1,0,0,Jarred Gillett,2024-02-24,Sat,17:30
1396,2024,26,Arsenal,Newcastle United,1,0,0,4,1,2.8,0.2,55,45,Martin Ødegaard,4-3-3,18,7,13.8,0,0,0,Kieran Trippier,4-3-3,3,2,14.5,0,0,0,Paul Tierney,2024-02-24,Sat,20:00
1397,2024,26,Wolverhampton Wanderers,Sheffield United,1,0,0,1,0,1.3,0.6,63,37,Max Kilman,3-4-3,13,2,14.6,0,0,0,Anel Ahmedhodžić,3-5-2,12,4,16.3,0,0,0,Darren Bond,2024-02-25,Sun,13:30
1398,2024,26,West Ham United,Brentford,1,0,0,4,2,1.7,0.9,41,59,Kurt Zouma,4-2-3-1,17,6,17.7,0,0,0,Christian Nørgaard,3-5-2,14,7,16.7,0,0,0,Simon Hooper,2024-02-26,Mon,20:00
1399,2024,27,Everton,West Ham United,0,1,0,1,3,2.7,1.9,55,45,James Tarkowski,4-4-1-1,21,9,21.8,0,0,1,Kurt Zouma,4-2-3-1,12,5,14.2,0,0,0,Craig Pawson,2024-03-02,Sat,15:00
1400,2024,27,Brentford,Chelsea,0,0,1,2,2,1.8,1.8,33,67,Christian Nørgaard,3-5-2,14,5,14.5,0,0,0,Ben Chilwell,3-5-2,17,5,19.5,0,0,0,Jarred Gillett,2024-03-02,Sat,15:00
1401,2024,27,Tottenham Hotspur,Crystal Palace,1,0,0,3,1,1.9,0.3,78,22,Son Heung-min,4-2-3-1,14,6,13.5,0,0,0,Joel Ward,3-4-3,4,1,18.6,1,0,0,John Brooks,2024-03-02,Sat,15:00
1402,2024,27,Nottingham Forest,Liverpool,0,1,0,0,1,1.0,2.0,31,69,Ryan Yates,4-2-3-1,8,2,19.3,0,0,0,Virgil van Dijk,4-3-3,22,1,14.6,0,0,0,Paul Tierney,2024-03-02,Sat,15:00
1403,2024,27,Fulham,Brighton And Hove Albion,1,0,0,3,0,1.3,1.3,30,70,Harrison Reed,4-2-3-1,12,5,14.6,0,0,0,Lewis Dunk,3-4-3,15,5,17.6,0,0,0,Simon Hooper,2024-03-02,Sat,15:00
1404,2024,27,Newcastle United,Wolverhampton Wanderers,1,0,0,3,0,2.1,0.8,44,56,Kieran Trippier,4-3-3,14,6,16.3,1,0,0,Max Kilman,3-4-3,12,3,15.9,0,0,0,Tim Robinson,2024-03-02,Sat,15:00
1405,2024,27,Luton Town,Aston Villa,0,1,0,2,3,1.8,1.9,46,54,Carlton Morris,3-4-3,14,4,11.4,1,0,0,John McGinn,4-2-3-1,12,8,12.5,0,0,0,Michael Oliver,2024-03-02,Sat,17:30
1406,2024,27,Burnley,Bournemouth,0,1,0,0,2,1.5,1.1,74,26,Josh Cullen,4-4-2,20,5,18.9,1,0,0,Neto,4-2-3-1,10,3,15.1,1,0,0,David Coote,2024-03-03,Sun,13:00
1407,2024,27,Manchester City,Manchester United,1,0,0,3,1,3.3,0.2,73,27,Kyle Walker,3-2-4-1,27,8,17.7,1,0,0,Bruno Fernandes,4-2-4-0,3,1,16.7,0,0,0,Andy Madley,2024-03-03,Sun,15:30
1408,2024,27,Sheffield United,Arsenal,0,1,0,0,6,0.2,2.3,20,80,Anel Ahmedhodžić,4-5-1,4,0,21.8,0,0,0,Martin Ødegaard,4-3-3,22,9,15.6,1,0,0,Samuel Barrott,2024-03-04,Mon,20:00
1409,2024,28,Manchester United,Everton,1,0,0,2,0,2.7,1.6,51,49,Bruno Fernandes,4-2-4-0,13,6,17.6,1,2,2,James Tarkowski,4-4-1-1,23,6,16.9,1,0,0,Simon Hooper,2024-03-09,Sat,12:30
1410,2024,28,Bournemouth,Sheffield United,0,0,1,2,2,3.3,1.2,69,31,Neto,4-2-3-1,31,11,16.9,0,0,1,Jack Robinson,3-5-2,13,9,14.3,0,0,0,Anthony Taylor,2024-03-09,Sat,15:00
1411,2024,28,Crystal Palace,Luton Town,0,0,1,1,1,2.7,0.8,49,51,Joel Ward,3-4-3,21,4,16.5,0,0,0,Carlton Morris,3-4-3,8,2,11.9,0,0,0,Sunny Singh,2024-03-09,Sat,15:00
1412,2024,28,Wolverhampton Wanderers,Fulham,1,0,0,2,1,0.8,2.6,48,52,Max Kilman,4-2-3-1,8,3,16.3,0,0,0,Harrison Reed,4-2-3-1,23,6,14.1,0,0,0,Tony Harrington,2024-03-09,Sat,15:00
1413,2024,28,Arsenal,Brentford,1,0,0,2,1,1.3,1.0,71,29,Martin Ødegaard,4-3-3,17,5,16.4,0,0,0,Christian Nørgaard,3-5-2,9,4,17.1,0,0,0,Robert Jones,2024-03-09,Sat,17:30
1414,2024,28,Aston Villa,Tottenham Hotspur,0,1,0,0,4,0.8,1.5,32,68,John McGinn,5-3-2,10,1,14.1,0,0,0,Son Heung-min,4-2-3-1,9,5,14.9,0,0,0,Chris Kavanagh,2024-03-10,Sun,13:00
1415,2024,28,West Ham United,Burnley,0,0,1,2,2,2.1,0.7,52,48,Tomáš Souček,4-2-3-1,22,4,14.8,0,0,0,Josh Cullen,4-4-2,11,4,24.8,1,0,0,Darren England,2024-03-10,Sun,14:00
1416,2024,28,Brighton And Hove Albion,Nottingham Forest,1,0,0,1,0,0.4,0.7,63,37,Lewis Dunk,4-2-3-1,10,3,17.5,0,0,0,Ryan Yates,4-3-3,9,4,19.3,2,0,0,Michael Salisbury,2024-03-10,Sun,14:00
1417,2024,28,Liverpool,Manchester City,0,0,1,1,1,2.7,1.6,53,47,Virgil van Dijk,4-3-3,18,5,19.0,1,1,1,Kyle Walker,3-2-4-1,10,6,18.6,0,0,0,Michael Oliver,2024-03-10,Sun,15:45
1418,2024,28,Chelsea,Newcastle United,1,0,0,3,2,1.6,0.7,44,56,Conor Gallagher,4-2-3-1,12,7,19.7,0,0,0,Dan Burn,4-3-3,11,3,16.0,0,0,0,John Brooks,2024-03-11,Mon,20:00
1419,2024,17,Bournemouth,Luton Town,1,0,0,4,3,2.3,2.0,59,41,Neto,4-2-3-1,24,9,15.5,0,0,0,Carlton Morris,3-4-3,8,4,8.4,0,0,0,Samuel Allison,2024-03-13,Wed,19:30
1420,2024,29,Burnley,Brentford,1,0,0,2,1,2.8,1.1,60,40,Josh Cullen,4-4-2,16,5,19.2,0,1,1,Ivan Toney,3-5-2,9,5,14.7,0,0,0,Darren Bond,2024-03-16,Sat,15:00
1421,2024,29,Luton Town,Nottingham Forest,0,0,1,1,1,0.6,2.0,60,40,Carlton Morris,3-4-3,10,4,18.5,0,0,0,Ryan Yates,4-2-3-1,16,3,22.0,2,0,0,Darren England,2024-03-16,Sat,15:00
1422,2024,29,Fulham,Tottenham Hotspur,1,0,0,3,0,2.6,2.4,43,57,Bernd Leno,4-2-3-1,16,7,12.7,0,0,0,Son Heung-min,4-2-3-1,14,5,14.0,0,0,0,Robert Jones,2024-03-16,Sat,17:30
1423,2024,29,West Ham United,Aston Villa,0,0,1,1,1,2.0,0.7,31,69,Kurt Zouma,4-2-3-1,13,4,15.9,1,0,0,Emiliano Martínez,4-4-2,13,5,20.6,0,0,0,Jarred Gillett,2024-03-17,Sun,14:00
1424,2024,30,Newcastle United,West Ham United,1,0,0,4,3,4.1,1.4,60,40,Jamaal Lascelles,4-3-3,22,7,17.6,0,2,2,Kurt Zouma,4-2-3-1,10,4,14.1,0,0,0,Robert Jones,2024-03-30,Sat,12:30
1425,2024,30,Nottingham Forest,Crystal Palace,0,0,1,1,1,0.9,1.2,59,41,Ryan Yates,4-2-3-1,12,5,20.5,0,0,0,Joel Ward,3-4-3,10,3,18.4,0,0,0,Chris Kavanagh,2024-03-30,Sat,15:00
1426,2024,30,Chelsea,Burnley,0,0,1,2,2,4.2,1.6,69,31,Conor Gallagher,4-2-3-1,32,12,17.8,0,1,1,Josh Cullen,4-4-2,18,6,14.4,2,0,0,Darren England,2024-03-30,Sat,15:00
1427,2024,30,Tottenham Hotspur,Luton Town,1,0,0,2,1,2.9,0.5,70,30,Son Heung-min,4-2-3-1,17,2,14.5,1,0,0,Carlton Morris,4-3-3,7,3,17.7,0,0,0,Jarred Gillett,2024-03-30,Sat,15:00
1428,2024,30,Bournemouth,Everton,1,0,0,2,1,1.3,1.0,48,52,Neto,4-2-3-1,11,4,15.6,1,0,0,Séamus Coleman,4-4-1-1,7,3,16.0,0,0,0,Samuel Barrott,2024-03-30,Sat,15:00
1429,2024,30,Sheffield United,Fulham,0,0,1,3,3,1.9,1.3,27,73,Jack Robinson,3-5-2,8,4,15.7,0,0,0,Bernd Leno,4-2-3-1,24,9,17.6,0,0,0,Tim Robinson,2024-03-30,Sat,15:00
1430,2024,30,Aston Villa,Wolverhampton Wanderers,1,0,0,2,0,1.0,1.5,48,52,Emiliano Martínez,4-4-2,11,5,14.7,0,0,0,Max Kilman,3-4-3,13,3,14.6,1,0,0,Paul Tierney,2024-03-30,Sat,17:30
1431,2024,30,Brentford,Manchester United,0,0,1,1,1,3.2,0.6,47,53,Ivan Toney,3-5-2,31,5,15.0,1,0,0,Bruno Fernandes,4-2-3-1,11,5,22.5,0,0,0,Simon Hooper,2024-03-30,Sat,20:00
1432,2024,30,Liverpool,Brighton And Hove Albion,1,0,0,2,1,2.8,0.5,55,45,Virgil van Dijk,4-3-3,30,8,16.6,0,0,0,Lewis Dunk,4-2-3-1,9,3,17.2,0,0,0,David Coote,2024-03-31,Sun,14:00
1433,2024,30,Manchester City,Arsenal,0,0,1,0,0,1.0,0.7,72,28,Kevin De Bruyne,4-1-4-1,12,1,14.2,0,0,0,Martin Ødegaard,4-3-3,6,2,14.2,0,0,0,Anthony Taylor,2024-03-31,Sun,16:30
1434,2024,31,Nottingham Forest,Fulham,1,0,0,3,1,1.5,1.5,34,66,Ryan Yates,4-2-3-1,16,4,18.5,0,0,0,Bernd Leno,4-2-3-1,18,3,12.3,0,0,0,Michael Oliver,2024-04-02,Tue,19:30
1435,2024,31,Newcastle United,Everton,0,0,1,1,1,2.4,1.4,57,43,Dan Burn,4-3-3,18,5,15.7,0,0,0,James Tarkowski,4-4-1-1,9,2,17.4,0,1,1,Tony Harrington,2024-04-02,Tue,19:30
1436,2024,31,Bournemouth,Crystal Palace,1,0,0,1,0,1.1,0.2,50,50,Neto,4-3-3,11,6,18.7,2,0,0,Joel Ward,3-4-3,3,2,15.0,0,0,0,Graham Scott,2024-04-02,Tue,19:45
1437,2024,31,Burnley,Wolverhampton Wanderers,0,0,1,1,1,1.3,0.9,51,49,Josh Cullen,4-4-2,13,6,18.4,0,0,0,Max Kilman,4-4-1-1,8,2,12.4,0,0,0,Thomas Bramall,2024-04-02,Tue,19:45
1438,2024,31,West Ham United,Tottenham Hotspur,0,0,1,1,1,1.5,1.0,33,67,Kurt Zouma,4-5-1,11,4,16.6,1,0,0,Son Heung-min,4-2-3-1,13,4,17.4,0,0,0,John Brooks,2024-04-02,Tue,20:15
1439,2024,31,Brentford,Brighton And Hove Albion,0,0,1,0,0,0.6,1.1,34,66,Ivan Toney,3-5-2,5,2,17.1,1,0,0,Lewis Dunk,4-2-3-1,24,6,20.1,0,0,0,Andy Madley,2024-04-03,Wed,19:30
1440,2024,31,Arsenal,Luton Town,1,0,0,2,0,0.7,0.3,58,42,Martin Ødegaard,4-3-3,13,4,17.8,0,0,0,Carlton Morris,3-4-3,5,1,15.9,1,0,0,Craig Pawson,2024-04-03,Wed,19:30
1441,2024,31,Manchester City,Aston Villa,1,0,0,4,1,3.4,0.8,67,33,Rúben Dias,4-2-3-1,25,11,15.9,2,0,0,Douglas Luiz,4-2-3-1,8,3,12.4,0,0,0,Darren England,2024-04-03,Wed,20:15
1442,2024,31,Liverpool,Sheffield United,1,0,0,3,1,1.8,0.6,82,18,Virgil van Dijk,4-3-3,29,9,18.1,1,0,0,Jack Robinson,3-5-2,5,3,13.6,1,0,0,Stuart Attwell,2024-04-04,Thu,19:30
1443,2024,31,Chelsea,Manchester United,1,0,0,4,3,3.0,1.5,57,43,Conor Gallagher,4-2-3-1,26,8,19.0,1,2,2,Bruno Fernandes,4-2-3-1,19,5,16.8,0,0,0,Jarred Gillett,2024-04-04,Thu,20:15
1444,2024,32,Crystal Palace,Manchester City,0,1,0,2,4,1.1,1.9,25,75,Joel Ward,3-4-3,7,4,16.8,0,0,0,Kevin De Bruyne,3-2-4-1,18,8,16.1,0,0,0,Paul Tierney,2024-04-06,Sat,12:30
1445,2024,32,Luton Town,Bournemouth,1,0,0,2,1,1.5,0.4,55,45,Carlton Morris,3-4-3,19,9,18.2,0,0,0,Neto,4-2-3-1,8,1,19.1,1,0,0,Andy Madley,2024-04-06,Sat,15:00
1446,2024,32,Everton,Burnley,1,0,0,1,0,0.9,0.5,38,62,Séamus Coleman,4-4-1-1,12,3,20.0,1,0,0,Josh Cullen,4-4-2,6,1,16.5,1,0,0,Michael Oliver,2024-04-06,Sat,15:00
1447,2024,32,Aston Villa,Brentford,0,0,1,3,3,1.5,1.5,69,31,John McGinn,4-4-1-1,11,3,12.1,1,0,0,Mathias Jensen,3-5-2,8,3,16.5,2,0,0,Michael Salisbury,2024-04-06,Sat,15:00
1448,2024,32,Fulham,Newcastle United,0,1,0,0,1,1.2,1.0,66,34,Tom Cairney,4-2-3-1,14,4,17.6,0,0,0,Dan Burn,4-3-3,12,5,16.8,0,0,0,Samuel Allison,2024-04-06,Sat,15:00
1449,2024,32,Wolverhampton Wanderers,West Ham United,0,1,0,1,2,1.5,1.2,58,42,Max Kilman,3-4-3,13,6,25.4,1,1,1,Kurt Zouma,4-2-3-1,10,3,24.6,2,1,1,Tony Harrington,2024-04-06,Sat,15:00
1450,2024,32,Brighton And Hove Albion,Arsenal,0,1,0,0,3,0.5,3.4,54,46,Lewis Dunk,4-2-3-1,10,2,19.2,0,0,0,Martin Ødegaard,4-3-3,19,6,12.4,0,1,1,John Brooks,2024-04-06,Sat,17:30
1451,2024,32,Manchester United,Liverpool,0,0,1,2,2,0.7,3.6,38,62,Bruno Fernandes,4-2-3-1,9,5,18.1,0,0,0,Virgil van Dijk,4-3-3,27,6,17.5,0,1,1,Anthony Taylor,2024-04-07,Sun,15:30
1452,2024,32,Sheffield United,Chelsea,0,0,1,2,2,1.4,0.3,32,68,Jack Robinson,3-5-2,11,5,15.2,0,0,0,Conor Gallagher,4-2-3-1,6,3,18.5,0,0,0,Robert Jones,2024-04-07,Sun,17:30
1453,2024,32,Tottenham Hotspur,Nottingham Forest,1,0,0,3,1,1.5,1.5,63,37,Son Heung-min,4-2-3-1,17,7,20.2,1,0,0,Ryan Yates,4-2-3-1,13,6,22.9,1,0,0,Simon Hooper,2024-04-07,Sun,18:00
1454,2024,33,Newcastle United,Tottenham Hotspur,1,0,0,4,0,2.8,0.8,28,72,Dan Burn,4-3-3,18,5,11.1,0,0,0,Son Heung-min,4-2-3-1,11,2,19.0,0,0,0,Tim Robinson,2024-04-13,Sat,12:30
1455,2024,33,Nottingham Forest,Wolverhampton Wanderers,0,0,1,2,2,1.9,1.0,46,54,Ryan Yates,4-2-3-1,18,9,17.0,0,0,0,Max Kilman,3-4-1-2,11,3,16.1,0,0,0,Craig Pawson,2024-04-13,Sat,15:00
1456,2024,33,Manchester City,Luton Town,1,0,0,5,1,4.2,0.5,73,27,Kevin De Bruyne,4-2-3-1,36,12,16.9,0,1,1,Carlton Morris,3-4-3,4,2,9.3,0,0,0,John Brooks,2024-04-13,Sat,15:00
1457,2024,33,Brentford,Sheffield United,1,0,0,2,0,1.0,0.8,53,47,Mathias Jensen,4-3-3,9,5,18.7,0,0,0,Oliver McBurnie,3-5-2,8,2,15.1,0,0,0,Samuel Barrott,2024-04-13,Sat,15:00
1458,2024,33,Burnley,Brighton And Hove Albion,0,0,1,1,1,1.7,0.9,44,56,Josh Cullen,4-4-2,11,3,17.1,0,0,0,Lewis Dunk,4-2-3-1,20,8,18.4,1,0,0,Simon Hooper,2024-04-13,Sat,15:00
1459,2024,33,Bournemouth,Manchester United,0,0,1,2,2,1.6,1.2,43,57,Neto,4-2-3-1,20,5,16.8,1,0,0,Bruno Fernandes,4-2-3-1,7,1,20.6,0,1,1,Tony Harrington,2024-04-13,Sat,17:30
1460,2024,33,Liverpool,Crystal Palace,0,1,0,0,1,2.7,2.0,69,31,Virgil van Dijk,4-3-3,21,5,12.5,1,0,0,Joachim Andersen,3-4-3,8,4,14.1,0,0,0,Chris Kavanagh,2024-04-14,Sun,14:00
1461,2024,33,West Ham United,Fulham,0,1,0,0,2,0.9,3.2,58,42,Łukasz Fabiański,4-2-3-1,15,4,16.2,0,0,0,Bernd Leno,4-2-3-1,18,10,15.1,0,0,0,Stuart Attwell,2024-04-14,Sun,14:00
1462,2024,33,Arsenal,Aston Villa,0,1,0,0,2,1.6,0.9,52,48,Martin Ødegaard,4-3-3,18,4,17.2,1,0,0,John McGinn,4-2-3-1,11,2,18.8,1,0,0,David Coote,2024-04-14,Sun,16:30
1463,2024,33,Chelsea,Everton,1,0,0,6,0,3.1,1.5,58,42,Conor Gallagher,4-2-3-1,13,9,18.8,0,1,1,Séamus Coleman,4-4-1-1,10,2,13.7,0,0,0,Paul Tierney,2024-04-15,Mon,20:00
1464,2024,34,Sheffield United,Burnley,0,1,0,1,4,2.4,2.2,49,51,Oliver McBurnie,4-2-3-1,18,11,14.9,0,0,0,Josh Cullen,4-4-2,16,9,16.0,0,0,0,Andy Madley,2024-04-20,Sat,15:00
1465,2024,34,Luton Town,Brentford,0,1,0,1,5,0.6,3.1,53,47,Carlton Morris,3-4-3,6,3,17.0,0,0,0,Mathias Jensen,4-3-3,21,9,18.0,0,0,0,Jarred Gillett,2024-04-20,Sat,15:00
1466,2024,34,Wolverhampton Wanderers,Arsenal,0,1,0,0,2,0.2,1.2,46,54,Max Kilman,4-4-2,5,3,20.1,0,0,0,Martin Ødegaard,4-3-3,24,9,17.8,0,0,0,Paul Tierney,2024-04-20,Sat,19:30
1467,2024,34,Everton,Nottingham Forest,1,0,0,2,0,0.3,0.9,41,59,James Tarkowski,4-1-4-1,7,4,18.7,0,0,0,Morgan Gibbs-White,4-2-3-1,8,3,13.7,0,0,0,Anthony Taylor,2024-04-21,Sun,13:30
1468,2024,34,Crystal Palace,West Ham United,1,0,0,5,2,2.4,1.3,60,40,Joachim Andersen,3-4-3,18,7,16.6,1,0,0,Kurt Zouma,4-2-3-1,4,1,10.8,0,0,0,Graham Scott,2024-04-21,Sun,15:00
1469,2024,34,Aston Villa,Bournemouth,1,0,0,3,1,2.4,1.8,56,44,John McGinn,4-2-3-1,15,5,14.8,0,0,0,Neto,4-2-3-1,13,4,16.4,0,1,1,Tim Robinson,2024-04-21,Sun,15:00
1470,2024,34,Fulham,Liverpool,0,1,0,1,3,0.8,1.0,40,60,Bobby De Cordova-Reid,4-2-3-1,12,5,17.1,1,0,0,Virgil van Dijk,4-3-3,14,7,18.8,2,0,0,Craig Pawson,2024-04-21,Sun,16:30
1471,2024,29,Arsenal,Chelsea,1,0,0,5,0,3.3,1.6,45,55,Martin Ødegaard,4-3-3,27,10,16.3,0,0,0,Conor Gallagher,4-2-3-1,7,1,13.0,1,0,0,Simon Hooper,2024-04-23,Tue,20:00
1472,2024,29,Wolverhampton Wanderers,Bournemouth,0,1,0,0,1,0.5,1.9,63,37,Max Kilman,4-1-4-1,15,4,20.1,0,0,0,Adam Smith,4-2-3-1,21,6,16.7,0,0,0,Stuart Attwell,2024-04-24,Wed,19:45
1473,2024,29,Everton,Liverpool,1,0,0,2,0,1.2,2.1,25,75,James Tarkowski,4-4-1-1,16,6,14.9,0,0,0,Virgil van Dijk,4-3-3,23,7,16.8,0,0,0,Andy Madley,2024-04-24,Wed,20:00
1474,2024,29,Manchester United,Sheffield United,1,0,0,4,2,2.9,0.8,71,29,Bruno Fernandes,4-2-3-1,24,12,16.9,0,1,1,Oliver Arblaster,3-5-2,10,4,17.8,1,0,0,Michael Salisbury,2024-04-24,Wed,20:00
1475,2024,29,Crystal Palace,Newcastle United,1,0,0,2,0,0.9,0.4,47,53,Joachim Andersen,3-4-3,20,7,21.2,3,0,0,Dan Burn,3-4-3,7,2,14.2,0,0,0,Thomas Bramall,2024-04-24,Wed,20:00
1476,2024,29,Brighton And Hove Albion,Manchester City,0,1,0,0,4,0.6,1.4,36,64,Lewis Dunk,4-2-3-1,7,3,16.0,0,0,0,Kyle Walker,4-1-4-1,14,6,17.0,1,0,0,Jarred Gillett,2024-04-25,Thu,20:00
1477,2024,35,West Ham United,Liverpool,0,0,1,2,2,0.7,1.7,29,71,Kurt Zouma,4-2-3-1,11,8,17.0,0,0,0,Virgil van Dijk,4-3-3,28,8,16.6,1,0,0,Anthony Taylor,2024-04-27,Sat,12:30
1478,2024,35,Wolverhampton Wanderers,Luton Town,1,0,0,2,1,1.2,0.6,58,42,Max Kilman,3-5-1-1,13,5,18.8,0,0,0,Carlton Morris,3-4-3,9,6,17.4,0,0,0,David Coote,2024-04-27,Sat,15:00
1479,2024,35,Manchester United,Burnley,0,0,1,1,1,2.7,2.1,48,52,Bruno Fernandes,4-2-3-1,27,10,18.0,0,0,0,Josh Cullen,4-4-2,15,6,19.3,1,1,1,John Brooks,2024-04-27,Sat,15:00
1480,2024,35,Fulham,Crystal Palace,0,0,1,1,1,1.1,1.0,53,47,Harrison Reed,4-2-3-1,9,2,14.9,0,0,0,Joachim Andersen,3-4-3,14,4,19.7,0,0,0,Stuart Attwell,2024-04-27,Sat,15:00
1481,2024,35,Newcastle United,Sheffield United,1,0,0,5,1,3.1,1.5,60,40,Dan Burn,4-3-3,19,6,16.0,0,1,1,Oliver Arblaster,3-5-2,15,4,13.5,0,0,0,Tony Harrington,2024-04-27,Sat,15:00
1482,2024,35,Everton,Brentford,1,0,0,1,0,0.8,0.9,48,52,James Tarkowski,4-4-1-1,18,1,19.1,1,0,0,Christian Nørgaard,4-3-3,10,4,16.6,0,0,0,Darren England,2024-04-27,Sat,17:30
1483,2024,35,Aston Villa,Chelsea,0,0,1,2,2,1.1,1.6,29,71,John McGinn,4-4-1-1,9,4,15.0,0,0,0,Conor Gallagher,4-2-3-1,21,5,21.7,1,0,0,Craig Pawson,2024-04-27,Sat,20:00
1484,2024,35,Tottenham Hotspur,Arsenal,0,1,0,2,3,2.3,1.0,62,38,Son Heung-min,4-2-3-1,14,1,16.8,0,1,1,Martin Ødegaard,4-3-3,9,3,14.3,1,0,0,Michael Oliver,2024-04-28,Sun,14:00
1485,2024,35,Bournemouth,Brighton And Hove Albion,1,0,0,3,0,1.9,0.9,31,69,Adam Smith,4-4-2,15,6,14.4,1,0,0,Lewis Dunk,4-2-3-1,13,1,16.5,0,0,0,Paul Tierney,2024-04-28,Sun,14:00
1486,2024,35,Nottingham Forest,Manchester City,0,1,0,0,2,1.9,0.9,34,66,Morgan Gibbs-White,5-4-1,14,2,15.0,1,0,0,Kyle Walker,4-1-4-1,11,5,18.7,1,0,0,Simon Hooper,2024-04-28,Sun,16:30
1487,2024,26,Chelsea,Tottenham Hotspur,1,0,0,2,0,2.2,1.6,37,63,Conor Gallagher,4-2-3-1,16,4,16.1,2,0,0,Son Heung-min,4-2-3-1,19,3,16.9,0,0,0,Robert Jones,2024-05-02,Thu,19:30
1488,2024,36,Luton Town,Everton,0,0,1,1,1,0.8,1.4,51,49,Carlton Morris,3-4-3,18,5,18.4,0,0,0,James Tarkowski,4-4-1-1,9,2,18.7,0,1,1,Tim Robinson,2024-05-03,Fri,20:00
1489,2024,36,Arsenal,Bournemouth,1,0,0,3,0,3.3,0.5,55,45,Martin Ødegaard,4-3-3,24,8,14.0,0,1,1,Adam Smith,4-3-3,7,2,20.4,1,0,0,David Coote,2024-05-04,Sat,12:30
1490,2024,36,Burnley,Newcastle United,0,1,0,1,4,1.0,3.4,47,53,Josh Brownhill,4-2-3-1,17,5,18.2,0,0,0,Dan Burn,4-4-2,22,10,17.6,1,0,1,Anthony Taylor,2024-05-04,Sat,15:00
1491,2024,36,Sheffield United,Nottingham Forest,0,1,0,1,3,2.2,1.4,54,46,Jack Robinson,3-5-2,16,4,18.1,0,1,1,Ryan Yates,4-2-3-1,15,4,17.2,0,0,0,Chris Kavanagh,2024-05-04,Sat,15:00
1492,2024,36,Brentford,Fulham,0,0,1,0,0,0.6,1.3,54,46,Christian Nørgaard,4-3-3,7,2,12.9,0,0,0,Bernd Leno,4-2-3-1,15,3,17.4,0,0,0,Graham Scott,2024-05-04,Sat,15:00
1493,2024,36,Manchester City,Wolverhampton Wanderers,1,0,0,5,1,3.7,0.3,58,42,Kyle Walker,4-2-3-1,18,10,15.3,0,2,2,Max Kilman,3-5-2,2,1,9.0,0,0,0,Craig Pawson,2024-05-04,Sat,17:30
1494,2024,36,Chelsea,West Ham United,1,0,0,5,0,4.1,0.9,69,31,Conor Gallagher,4-2-3-1,25,14,15.7,1,0,0,Kurt Zouma,4-2-3-1,13,2,17.6,2,0,0,Andy Madley,2024-05-05,Sun,14:00
1495,2024,36,Brighton And Hove Albion,Aston Villa,1,0,0,1,0,2.5,0.1,52,48,Lewis Dunk,4-2-3-1,14,7,16.3,0,0,1,John McGinn,4-2-3-1,2,1,23.2,0,0,0,Robert Jones,2024-05-05,Sun,14:00
1496,2024,36,Liverpool,Tottenham Hotspur,1,0,0,4,2,3.3,1.2,44,56,Virgil van Dijk,4-3-3,25,12,15.3,0,0,0,Son Heung-min,4-3-3,11,6,21.6,1,0,0,Paul Tierney,2024-05-05,Sun,16:30
1497,2024,36,Crystal Palace,Manchester United,1,0,0,4,0,1.7,0.4,43,57,Joachim Andersen,3-4-3,18,10,16.8,0,0,0,Casemiro,4-2-3-1,7,2,16.7,1,0,0,Jarred Gillett,2024-05-06,Mon,20:00
1498,2024,37,Fulham,Manchester City,0,1,0,0,4,0.1,3.2,36,64,Bobby De Cordova-Reid,4-2-3-1,1,1,9.6,0,0,0,Kevin De Bruyne,4-2-3-1,15,8,17.6,0,1,1,Anthony Taylor,2024-05-11,Sat,12:30
1499,2024,37,Newcastle United,Brighton And Hove Albion,0,0,1,1,1,2.2,1.4,57,43,Dan Burn,4-3-3,18,7,15.8,0,0,0,Lewis Dunk,4-2-3-1,15,4,16.2,0,0,0,Darren England,2024-05-11,Sat,15:00
1500,2024,37,Tottenham Hotspur,Burnley,1,0,0,2,1,2.7,0.7,63,37,Son Heung-min,4-3-3,21,9,16.0,0,0,0,Josh Cullen,4-4-2,7,3,11.8,0,0,0,Jarred Gillett,2024-05-11,Sat,15:00
1501,2024,37,Bournemouth,Brentford,0,1,0,1,2,0.7,1.1,48,52,Adam Smith,4-2-3-1,13,4,17.1,0,0,0,Christian Nørgaard,4-3-3,11,4,15.7,0,0,0,Matt Donohue,2024-05-11,Sat,15:00
1502,2024,37,West Ham United,Luton Town,1,0,0,3,1,3.2,0.3,58,42,Kurt Zouma,4-2-3-1,24,8,16.5,1,0,0,Carlton Morris,3-4-3,4,1,12.5,0,0,0,Michael Oliver,2024-05-11,Sat,15:00
1503,2024,37,Everton,Sheffield United,1,0,0,1,0,2.3,0.6,58,42,Séamus Coleman,4-4-1-1,15,6,17.1,0,0,0,Jack Robinson,3-5-2,13,1,21.0,0,0,0,Stuart Attwell,2024-05-11,Sat,15:00
1504,2024,37,Wolverhampton Wanderers,Crystal Palace,0,1,0,1,3,1.6,2.6,62,38,Max Kilman,3-5-1-1,14,8,14.6,0,0,0,Joachim Andersen,3-4-3,13,3,13.6,0,0,0,Thomas Bramall,2024-05-11,Sat,15:00
1505,2024,37,Nottingham Forest,Chelsea,0,1,0,2,3,1.5,1.6,33,67,Ryan Yates,5-4-1,20,4,17.2,0,0,0,Conor Gallagher,4-2-3-1,12,5,12.0,1,0,0,Tony Harrington,2024-05-11,Sat,17:30
1506,2024,37,Manchester United,Arsenal,0,1,0,0,1,0.5,1.5,54,46,Scott McTominay,4-2-3-1,14,2,22.9,0,0,0,Martin Ødegaard,4-3-3,11,5,13.4,0,0,0,Paul Tierney,2024-05-12,Sun,16:30
1507,2024,37,Aston Villa,Liverpool,0,0,1,3,3,3.1,1.7,41,59,John McGinn,4-2-3-1,19,5,15.2,0,0,0,Virgil van Dijk,4-3-3,14,7,17.1,0,0,0,Simon Hooper,2024-05-13,Mon,20:00
1508,2024,34,Tottenham Hotspur,Manchester City,0,1,0,0,2,1.7,2.4,53,47,Son Heung-min,4-3-1-2,10,5,15.0,0,0,0,Kyle Walker,4-2-3-1,7,4,14.5,0,1,1,Chris Kavanagh,2024-05-14,Tue,20:00
1509,2024,34,Brighton And Hove Albion,Chelsea,0,1,0,1,2,1.3,1.5,55,45,Lewis Dunk,4-2-3-1,12,2,15.3,0,0,0,Conor Gallagher,4-2-3-1,14,6,20.3,2,0,0,Michael Salisbury,2024-05-15,Wed,19:45
1510,2024,34,Manchester United,Newcastle United,1,0,0,3,2,1.5,2.2,45,55,Bruno Fernandes,4-2-2-2,17,8,15.2,0,0,0,Kieran Trippier,4-3-3,21,7,14.6,0,0,0,Robert Jones,2024-05-15,Wed,20:00
1511,2024,38,Sheffield United,Tottenham Hotspur,0,1,0,0,3,1.0,3.1,25,75,Jack Robinson,5-3-2,6,1,18.0,1,0,0,Son Heung-min,4-2-3-1,18,9,14.4,1,0,0,Andy Madley,2024-05-19,Sun,16:00
1512,2024,38,Chelsea,Bournemouth,1,0,0,2,1,1.1,2.2,61,39,Conor Gallagher,4-2-3-1,16,6,18.2,0,0,0,Neto,4-2-3-1,22,5,16.8,0,0,0,Anthony Taylor,2024-05-19,Sun,16:00
1513,2024,38,Liverpool,Wolverhampton Wanderers,1,0,0,2,0,4.5,0.5,67,33,Virgil van Dijk,4-3-3,36,13,14.8,0,0,0,Max Kilman,3-5-1-1,4,2,19.0,1,0,0,Chris Kavanagh,2024-05-19,Sun,16:00
1514,2024,38,Brighton And Hove Albion,Manchester United,0,1,0,0,2,1.7,1.3,55,45,Adam Lallana,4-2-3-1,17,2,14.2,0,0,0,Bruno Fernandes,4-2-2-2,11,4,17.0,0,0,0,Craig Pawson,2024-05-19,Sun,16:00
1515,2024,38,Crystal Palace,Aston Villa,1,0,0,5,0,2.5,0.9,54,46,Marc Guéhi,3-4-3,15,9,16.8,0,0,0,John McGinn,4-4-2,8,2,13.8,0,0,0,Darren Bond,2024-05-19,Sun,16:00
1516,2024,38,Burnley,Nottingham Forest,0,1,0,1,2,1.2,1.7,72,28,Josh Cullen,4-4-2,20,3,22.4,1,0,0,Ryan Yates,4-2-3-1,12,6,17.2,0,0,0,Graham Scott,2024-05-19,Sun,16:00
1517,2024,38,Manchester City,West Ham United,1,0,0,3,1,1.9,0.4,71,29,Kyle Walker,4-1-4-1,28,12,17.9,2,0,0,Kurt Zouma,3-4-3,3,2,10.3,0,0,0,John Brooks,2024-05-19,Sun,16:00
1518,2024,38,Luton Town,Fulham,0,1,0,2,4,2.0,1.1,41,59,Carlton Morris,3-4-3,14,5,19.3,2,1,1,Tim Ream,4-2-3-1,16,8,21.6,2,0,0,Matt Donohue,2024-05-19,Sun,16:00
1519,2024,38,Arsenal,Everton,1,0,0,2,1,2.9,0.6,68,32,Martin Ødegaard,4-3-3,26,5,14.1,0,0,0,Séamus Coleman,4-4-1-1,5,2,20.3,2,0,0,Michael Oliver,2024-05-19,Sun,16:00
1520,2024,38,Brentford,Newcastle United,0,1,0,2,4,1.1,3.4,54,46,Christian Nørgaard,4-3-3,10,5,15.9,1,0,0,Dan Burn,4-3-3,12,7,15.4,2,0,0,Simon Hooper,2024-05-19,Sun,16:00
1521,2025,1,Manchester United,Fulham,1,0,0,1,0,2.4,0.4,55,45,Bruno Fernandes,4-2-3-1,14,5,17.6,0,0,0,Bernd Leno,4-2-3-1,10,2,16.9,0,0,0,Robert Jones,2024-08-16,Fri,20:00
1522,2025,1,Ipswich Town,Liverpool,0,1,0,0,2,0.5,2.6,38,62,Sam Morsy,4-2-3-1,7,2,16.0,0,0,0,Virgil van Dijk,4-2-3-1,18,5,14.8,0,0,0,Tim Robinson,2024-08-17,Sat,12:30
1523,2025,1,Newcastle United,Southampton,1,0,0,1,0,0.3,1.8,23,77,Bruno Guimarães,4-3-3,3,1,13.2,0,0,0,Jack Stephens,3-5-2,19,3,17.0,1,0,0,Craig Pawson,2024-08-17,Sat,15:00
1524,2025,1,Arsenal,Wolverhampton Wanderers,1,0,0,2,0,1.2,0.5,53,47,Martin Ødegaard,4-3-3,18,6,17.3,0,0,0,Mario Lemina,4-2-3-1,9,3,19.3,1,0,0,Jarred Gillett,2024-08-17,Sat,15:00
1525,2025,1,Nottingham Forest,Bournemouth,0,0,1,1,1,1.3,1.2,53,47,Morgan Gibbs-White,4-2-3-1,14,8,19.2,0,0,0,Neto,4-2-3-1,13,4,19.6,1,0,0,Michael Oliver,2024-08-17,Sat,15:00
1526,2025,1,Everton,Brighton And Hove Albion,0,1,0,0,3,0.5,1.4,40,60,James Tarkowski,4-2-3-1,9,1,18.4,0,0,0,Lewis Dunk,4-2-3-1,10,5,13.8,0,0,0,Simon Hooper,2024-08-17,Sat,15:00
1527,2025,1,West Ham United,Aston Villa,0,1,0,1,2,2.3,2.0,52,48,Jarrod Bowen,4-1-4-1,13,2,13.6,0,1,1,John McGinn,4-2-3-1,15,3,15.2,0,0,0,Tony Harrington,2024-08-17,Sat,17:30
1528,2025,1,Brentford,Crystal Palace,1,0,0,2,1,1.6,1.2,46,54,Christian Nørgaard,4-3-3,9,5,12.5,0,0,0,Marc Guéhi,3-4-3,14,6,19.2,1,0,0,Samuel Barrott,2024-08-18,Sun,14:00
1529,2025,1,Chelsea,Manchester City,0,1,0,0,2,1.0,0.8,48,52,Enzo Fernández,4-2-3-1,10,3,17.1,0,0,0,Kevin De Bruyne,3-2-4-1,11,5,19.1,0,0,0,Anthony Taylor,2024-08-18,Sun,16:30
1530,2025,1,Leicester City,Tottenham Hotspur,0,0,1,1,1,1.0,1.2,30,70,Jamie Vardy,4-2-3-1,7,3,16.4,0,0,0,Son Heung-min,4-3-3,15,6,13.7,0,0,0,Chris Kavanagh,2024-08-19,Mon,20:00
1531,2025,2,Brighton And Hove Albion,Manchester United,1,0,0,2,1,2.1,1.4,48,52,Lewis Dunk,4-2-3-1,14,4,14.2,1,0,0,Bruno Fernandes,4-2-3-1,11,3,16.3,0,0,0,Craig Pawson,2024-08-24,Sat,12:30
1532,2025,2,Tottenham Hotspur,Everton,1,0,0,4,0,2.4,1.0,70,30,Son Heung-min,4-3-3,13,7,14.1,1,0,0,James Tarkowski,4-2-3-1,10,1,10.0,0,0,0,Anthony Taylor,2024-08-24,Sat,15:00
1533,2025,2,Fulham,Leicester City,1,0,0,2,1,1.8,0.6,54,46,Bernd Leno,4-2-3-1,18,6,15.8,1,0,0,Jamie Vardy,4-2-3-1,10,4,22.5,1,0,0,Darren Bond,2024-08-24,Sat,15:00
1534,2025,2,Crystal Palace,West Ham United,0,1,0,0,2,1.3,1.4,58,42,Marc Guéhi,3-4-3,14,2,19.5,0,0,0,Jarrod Bowen,4-1-4-1,18,3,17.2,0,0,0,Robert Jones,2024-08-24,Sat,15:00
1535,2025,2,Manchester City,Ipswich Town,1,0,0,4,1,3.3,0.3,75,25,Kevin De Bruyne,3-2-4-1,13,4,17.8,1,1,1,Sam Morsy,5-4-1,1,1,21.1,0,0,0,Samuel Allison,2024-08-24,Sat,15:00
1536,2025,2,Southampton,Nottingham Forest,0,1,0,0,1,0.1,2.2,64,36,Jack Stephens,3-5-2,5,1,19.7,0,0,0,Morgan Gibbs-White,4-2-3-1,23,8,17.2,0,0,0,Samuel Barrott,2024-08-24,Sat,15:00
1537,2025,2,Aston Villa,Arsenal,0,1,0,0,2,1.2,0.9,40,60,John McGinn,4-4-2,11,3,16.0,0,0,0,Martin Ødegaard,4-3-3,9,4,18.8,0,0,0,Michael Oliver,2024-08-24,Sat,17:30
1538,2025,2,Wolverhampton Wanderers,Chelsea,0,1,0,2,6,1.9,1.6,40,60,Mario Lemina,4-2-3-1,12,4,19.1,1,0,0,Enzo Fernández,4-2-3-1,14,8,15.4,1,0,0,Darren England,2024-08-25,Sun,14:00
1539,2025,2,Bournemouth,Newcastle United,0,0,1,1,1,2.2,1.6,39,61,Neto,4-2-3-1,16,4,16.5,1,0,0,Bruno Guimarães,4-3-3,14,5,12.6,0,0,0,David Coote,2024-08-25,Sun,14:00
1540,2025,2,Liverpool,Brentford,1,0,0,2,0,2.5,0.5,62,38,Virgil van Dijk,4-2-3-1,19,8,13.6,1,0,0,Christian Nørgaard,4-4-2,8,2,18.1,0,0,0,Stuart Attwell,2024-08-25,Sun,16:30
1541,2025,3,Arsenal,Brighton And Hove Albion,0,0,1,1,1,2.1,1.7,36,64,Martin Ødegaard,4-3-3,11,7,12.9,0,0,0,Lewis Dunk,4-2-3-1,22,4,19.3,0,0,0,Chris Kavanagh,2024-08-31,Sat,12:30
1542,2025,3,Leicester City,Aston Villa,0,1,0,1,2,0.4,1.4,57,43,Jamie Vardy,4-2-3-1,9,3,20.6,0,0,0,John McGinn,4-4-2,10,5,17.9,0,0,0,David Coote,2024-08-31,Sat,15:00
1543,2025,3,Brentford,Southampton,1,0,0,3,1,2.8,1.5,37,63,Christian Nørgaard,4-3-3,20,7,14.5,0,0,0,Jack Stephens,3-5-2,18,6,18.1,1,0,0,Joshua Smith,2024-08-31,Sat,15:00
1544,2025,3,Ipswich Town,Fulham,0,0,1,1,1,0.4,0.9,48,52,Sam Morsy,4-2-3-1,11,4,18.0,1,0,0,Bernd Leno,4-3-3,9,4,13.1,0,0,0,Lewis Smith,2024-08-31,Sat,15:00
1545,2025,3,Nottingham Forest,Wolverhampton Wanderers,0,0,1,1,1,1.0,0.7,52,48,Morgan Gibbs-White,4-2-3-1,16,5,14.6,1,0,0,Mario Lemina,4-4-1-1,11,2,20.7,0,0,0,Simon Hooper,2024-08-31,Sat,15:00
1546,2025,3,Everton,Bournemouth,0,1,0,2,3,1.8,2.4,47,53,Séamus Coleman,4-2-3-1,18,8,15.7,0,0,0,Lewis Cook,4-2-3-1,17,7,14.9,0,0,0,Stuart Attwell,2024-08-31,Sat,15:00
1547,2025,3,West Ham United,Manchester City,0,1,0,1,3,0.7,3.0,33,67,Jarrod Bowen,4-2-3-1,10,2,16.9,0,0,0,Kevin De Bruyne,3-2-4-1,23,8,15.0,1,0,0,Michael Oliver,2024-08-31,Sat,17:30
1548,2025,3,Chelsea,Crystal Palace,0,0,1,1,1,2.4,0.5,62,38,Enzo Fernández,4-2-3-1,13,7,15.9,1,0,0,Marc Guéhi,3-4-3,9,3,20.6,1,0,0,Jarred Gillett,2024-09-01,Sun,13:30
1549,2025,3,Newcastle United,Tottenham Hotspur,1,0,0,2,1,1.8,1.2,35,65,Bruno Guimarães,4-3-3,9,3,14.0,0,0,0,Son Heung-min,4-2-3-1,20,6,19.9,1,0,0,Robert Jones,2024-09-01,Sun,13:30
1550,2025,3,Manchester United,Liverpool,0,1,0,0,3,1.4,1.8,53,47,Bruno Fernandes,4-2-3-1,8,3,15.6,0,0,0,Virgil van Dijk,4-2-3-1,11,3,13.4,0,0,0,Anthony Taylor,2024-09-01,Sun,16:00
1551,2025,4,Southampton,Manchester United,0,1,0,0,3,1.1,2.6,44,56,Jack Stephens,4-2-3-1,5,2,17.4,0,0,1,Bruno Fernandes,4-2-3-1,20,10,17.4,0,0,0,Stuart Attwell,2024-09-14,Sat,12:30
1552,2025,4,Manchester City,Brentford,1,0,0,2,1,2.1,1.0,54,46,Kyle Walker,4-2-3-1,18,7,17.2,0,0,0,Christian Nørgaard,5-3-2,8,5,12.9,0,0,0,Darren Bond,2024-09-14,Sat,15:00
1553,2025,4,Liverpool,Nottingham Forest,0,1,0,0,1,0.9,0.4,68,32,Virgil van Dijk,4-2-3-1,14,5,14.9,0,0,0,Ryan Yates,4-2-3-1,5,3,18.6,0,0,0,Michael Oliver,2024-09-14,Sat,15:00
1554,2025,4,Brighton And Hove Albion,Ipswich Town,0,0,1,0,0,1.6,0.3,68,32,Lewis Dunk,4-4-2,21,6,18.5,2,0,0,Sam Morsy,4-2-3-1,6,1,16.6,0,0,0,Samuel Barrott,2024-09-14,Sat,15:00
1555,2025,4,Fulham,West Ham United,0,0,1,1,1,1.5,0.8,54,46,Bernd Leno,4-2-3-1,21,5,16.4,2,0,0,Jarrod Bowen,4-2-3-1,11,3,18.0,0,0,0,Tim Robinson,2024-09-14,Sat,15:00
1556,2025,4,Crystal Palace,Leicester City,0,0,1,2,2,2.5,1.2,66,34,Marc Guéhi,3-4-3,19,3,15.4,1,1,1,Jamie Vardy,4-2-3-1,9,4,19.2,0,0,0,Tony Harrington,2024-09-14,Sat,15:00
1557,2025,4,Aston Villa,Everton,1,0,0,3,2,2.1,0.9,72,28,John McGinn,4-2-3-1,17,7,14.0,0,0,0,James Tarkowski,4-2-3-1,6,2,12.6,0,0,0,Craig Pawson,2024-09-14,Sat,17:30
1558,2025,4,Bournemouth,Chelsea,0,1,0,0,1,1.7,0.8,34,66,Adam Smith,4-2-3-1,18,6,22.4,0,0,1,Moisés Caicedo,4-2-3-1,10,3,18.2,0,0,0,Anthony Taylor,2024-09-14,Sat,20:00
1559,2025,4,Tottenham Hotspur,Arsenal,0,1,0,0,1,0.7,0.7,63,37,Son Heung-min,4-3-3,15,5,18.1,0,0,0,Jorginho,4-4-2,7,4,12.1,0,0,0,Jarred Gillett,2024-09-15,Sun,14:00
1560,2025,4,Wolverhampton Wanderers,Newcastle United,0,1,0,1,2,1.2,1.5,49,51,Mario Lemina,4-4-1-1,12,5,15.2,0,0,0,Bruno Guimarães,4-3-3,14,6,17.9,0,0,0,Chris Kavanagh,2024-09-15,Sun,16:30
1561,2025,5,West Ham United,Chelsea,0,1,0,0,3,0.9,2.2,53,47,Jarrod Bowen,3-4-3,15,7,18.0,1,0,0,Enzo Fernández,4-2-3-1,12,5,15.0,0,0,0,Samuel Barrott,2024-09-21,Sat,12:30
1562,2025,5,Leicester City,Everton,0,0,1,1,1,0.7,1.1,58,42,Jamie Vardy,4-2-3-1,12,2,16.0,0,0,0,James Tarkowski,4-2-3-1,17,5,17.7,1,0,0,Darren England,2024-09-21,Sat,15:00
1563,2025,5,Tottenham Hotspur,Brentford,1,0,0,3,1,3.5,0.8,48,52,Son Heung-min,4-3-3,23,9,14.4,0,0,0,Vitaly Janelt,5-3-2,6,6,14.4,0,0,0,John Brooks,2024-09-21,Sat,15:00
1564,2025,5,Fulham,Newcastle United,1,0,0,3,1,2.2,1.5,39,61,Bernd Leno,4-2-3-1,22,11,15.4,0,0,0,Bruno Guimarães,4-3-3,16,5,16.9,1,0,0,Peter Bankes,2024-09-21,Sat,15:00
1565,2025,5,Southampton,Ipswich Town,0,0,1,1,1,2.4,1.6,53,47,Flynn Downes,4-2-3-1,11,3,13.7,0,0,0,Sam Morsy,4-2-3-1,13,6,14.1,0,0,0,Samuel Allison,2024-09-21,Sat,15:00
1566,2025,5,Aston Villa,Wolverhampton Wanderers,1,0,0,3,1,1.7,0.5,53,47,John McGinn,4-2-3-1,9,3,13.7,1,0,0,Mario Lemina,4-1-4-1,10,4,14.9,0,0,0,Tim Robinson,2024-09-21,Sat,15:00
1567,2025,5,Liverpool,Bournemouth,1,0,0,3,0,2.0,1.1,58,42,Virgil van Dijk,4-2-3-1,19,12,16.6,0,0,0,Lewis Cook,4-2-3-1,19,6,18.7,1,0,0,Tony Harrington,2024-09-21,Sat,15:00
1568,2025,5,Crystal Palace,Manchester United,0,0,1,0,0,1.0,1.6,33,67,Marc Guéhi,3-4-3,9,4,14.6,0,0,0,Bruno Fernandes,4-2-3-1,15,6,13.9,0,0,0,David Coote,2024-09-21,Sat,17:30
1569,2025,5,Brighton And Hove Albion,Nottingham Forest,0,0,1,2,2,1.0,1.4,70,30,Lewis Dunk,4-2-3-1,14,3,17.4,1,0,0,Morgan Gibbs-White,4-2-3-1,3,2,17.4,0,1,1,Robert Jones,2024-09-22,Sun,14:00
1570,2025,5,Manchester City,Arsenal,0,0,1,2,2,2.1,0.7,77,23,Kyle Walker,4-3-3,33,11,20.2,1,0,0,Bukayo Saka,4-4-2,5,3,11.3,0,0,0,Michael Oliver,2024-09-22,Sun,16:30
1571,2025,6,Newcastle United,Manchester City,0,0,1,1,1,1.6,0.9,38,62,Bruno Guimarães,4-3-3,10,3,15.1,0,1,1,Kyle Walker,4-2-3-1,16,6,17.6,0,0,0,Jarred Gillett,2024-09-28,Sat,12:30
1572,2025,6,Everton,Crystal Palace,1,0,0,2,1,0.9,0.9,41,59,James Tarkowski,4-2-3-1,8,2,15.3,0,0,0,Marc Guéhi,3-4-3,17,4,17.3,1,0,0,Andy Madley,2024-09-28,Sat,15:00
1573,2025,6,Nottingham Forest,Fulham,0,1,0,0,1,0.8,1.3,41,59,Ryan Yates,4-4-2,11,1,19.3,0,0,0,Bernd Leno,4-2-3-1,13,1,20.2,0,1,1,Joshua Smith,2024-09-28,Sat,15:00
1574,2025,6,Chelsea,Brighton And Hove Albion,1,0,0,4,2,4.2,1.1,41,59,Enzo Fernández,4-2-3-1,14,5,15.7,1,1,1,Lewis Dunk,4-3-3,15,5,20.1,2,0,0,Peter Bankes,2024-09-28,Sat,15:00
1575,2025,6,Arsenal,Leicester City,1,0,0,4,2,4.4,0.3,74,26,Bukayo Saka,4-4-2,35,16,14.1,0,0,0,Jamie Vardy,4-2-3-1,5,3,14.5,0,0,0,Samuel Barrott,2024-09-28,Sat,15:00
1576,2025,6,Brentford,West Ham United,0,0,1,1,1,0.4,1.0,57,43,Vitaly Janelt,4-4-2,8,3,20.7,1,0,0,Jarrod Bowen,4-1-4-1,19,3,18.7,0,0,0,Simon Hooper,2024-09-28,Sat,15:00
1577,2025,6,Wolverhampton Wanderers,Liverpool,0,1,0,1,2,0.6,2.5,45,55,Mario Lemina,4-1-4-1,8,3,22.9,0,0,0,Virgil van Dijk,4-2-3-1,9,5,18.0,1,1,1,Anthony Taylor,2024-09-28,Sat,17:30
1578,2025,6,Ipswich Town,Aston Villa,0,0,1,2,2,1.2,0.8,44,56,Sam Morsy,4-2-3-1,15,5,18.4,0,0,0,Emiliano Martínez,4-2-3-1,7,3,19.0,1,0,0,Stuart Attwell,2024-09-29,Sun,14:00
1579,2025,6,Manchester United,Tottenham Hotspur,0,1,0,0,3,1.0,4.4,39,61,Bruno Fernandes,4-2-3-1,11,2,15.1,0,0,0,Cristian Romero,4-3-3,24,10,14.6,0,0,0,Chris Kavanagh,2024-09-29,Sun,16:30
1580,2025,6,Bournemouth,Southampton,1,0,0,3,1,1.3,0.6,40,60,Adam Smith,4-2-3-1,14,6,18.8,0,0,0,Flynn Downes,4-2-3-1,9,3,18.4,0,0,0,Michael Oliver,2024-09-30,Mon,20:00
1581,2025,7,Crystal Palace,Liverpool,0,1,0,0,1,0.6,1.4,32,68,Marc Guéhi,3-4-3,9,5,21.9,0,0,0,Virgil van Dijk,4-2-3-1,16,4,18.9,0,0,0,Simon Hooper,2024-10-05,Sat,12:30
1582,2025,7,Brentford,Wolverhampton Wanderers,1,0,0,5,3,4.2,1.0,44,56,Christian Nørgaard,4-2-3-1,18,11,13.0,1,1,1,Mario Lemina,4-1-4-1,17,6,20.9,0,0,0,Andy Madley,2024-10-05,Sat,15:00
1583,2025,7,West Ham United,Ipswich Town,1,0,0,4,1,3.6,0.6,52,48,Jarrod Bowen,4-1-4-1,23,12,16.4,1,0,0,Sam Morsy,4-2-3-1,9,2,17.2,0,0,0,Anthony Taylor,2024-10-05,Sat,15:00
1584,2025,7,Leicester City,Bournemouth,1,0,0,1,0,0.8,2.1,45,55,Jamie Vardy,4-2-3-1,6,2,18.8,0,0,0,Adam Smith,4-2-3-1,19,2,14.3,0,0,0,Darren Bond,2024-10-05,Sat,15:00
1585,2025,7,Manchester City,Fulham,1,0,0,3,2,1.6,2.6,58,42,Rúben Dias,4-1-4-1,20,7,17.6,1,0,0,Bernd Leno,5-4-1,11,4,14.0,0,0,0,Peter Bankes,2024-10-05,Sat,15:00
1586,2025,7,Arsenal,Southampton,1,0,0,3,1,2.8,0.6,59,41,Jorginho,4-4-2,29,6,14.6,0,0,0,Flynn Downes,5-4-1,8,2,16.4,0,0,0,Tony Harrington,2024-10-05,Sat,15:00
1587,2025,7,Everton,Newcastle United,0,0,1,0,0,0.7,2.1,33,67,James Tarkowski,4-2-3-1,8,2,24.3,1,0,0,Bruno Guimarães,4-3-3,13,1,13.8,0,0,1,Craig Pawson,2024-10-05,Sat,17:30
1588,2025,7,Chelsea,Nottingham Forest,0,0,1,1,1,2.3,0.9,65,35,Enzo Fernández,4-2-3-1,22,8,17.2,0,0,0,Ryan Yates,4-2-3-1,16,9,20.2,2,0,0,Chris Kavanagh,2024-10-06,Sun,14:00
1589,2025,7,Aston Villa,Manchester United,0,0,1,0,0,0.5,0.6,53,47,Emiliano Martínez,4-2-3-1,11,1,20.3,1,0,0,Bruno Fernandes,4-2-3-1,10,4,21.5,1,0,0,Robert Jones,2024-10-06,Sun,14:00
1590,2025,7,Brighton And Hove Albion,Tottenham Hotspur,1,0,0,3,2,1.8,1.3,41,59,Lewis Dunk,4-2-3-1,11,4,14.8,0,0,0,Cristian Romero,4-3-3,13,3,16.2,0,0,0,David Coote,2024-10-06,Sun,16:30
1591,2025,8,Tottenham Hotspur,West Ham United,1,0,0,4,1,1.9,0.8,57,43,Son Heung-min,4-3-3,22,7,15.8,0,0,0,Jarrod Bowen,4-1-4-1,11,3,16.9,0,0,0,Andy Madley,2024-10-19,Sat,12:30
1592,2025,8,Southampton,Leicester City,0,1,0,2,3,2.1,3.1,42,58,Flynn Downes,4-5-1,14,7,9.6,0,0,0,Jamie Vardy,4-2-3-1,17,3,16.5,0,1,1,Anthony Taylor,2024-10-19,Sat,15:00
1593,2025,8,Fulham,Aston Villa,0,1,0,1,3,1.8,1.6,52,48,Bernd Leno,4-2-3-1,9,3,12.3,0,0,1,Emiliano Martínez,4-2-3-1,14,5,15.1,1,0,0,Darren England,2024-10-19,Sat,15:00
1594,2025,8,Ipswich Town,Everton,0,1,0,0,2,1.3,1.7,55,45,Sam Morsy,4-2-3-1,13,2,16.6,2,0,0,James Tarkowski,4-2-3-1,11,8,16.4,1,0,0,Michael Oliver,2024-10-19,Sat,15:00
1595,2025,8,Newcastle United,Brighton And Hove Albion,0,1,0,0,1,2.0,1.1,60,40,Bruno Guimarães,4-3-3,21,6,17.3,2,0,0,Lewis Dunk,4-4-2,10,5,16.0,0,0,0,Peter Bankes,2024-10-19,Sat,15:00
1596,2025,8,Manchester United,Brentford,1,0,0,2,1,1.3,0.9,50,50,Bruno Fernandes,4-2-3-1,23,11,18.7,0,0,0,Christian Nørgaard,4-2-3-1,8,2,17.9,1,0,0,Samuel Barrott,2024-10-19,Sat,15:00
1597,2025,8,Bournemouth,Arsenal,1,0,0,2,0,1.8,0.7,49,51,Lewis Cook,4-2-3-1,12,3,18.9,0,1,1,Gabriel Magalhães,4-2-3-1,6,1,15.1,0,0,0,Robert Jones,2024-10-19,Sat,17:30
1598,2025,8,Wolverhampton Wanderers,Manchester City,0,1,0,1,2,0.8,1.6,23,77,Mario Lemina,3-5-2,3,2,17.6,0,0,0,Rúben Dias,4-1-4-1,22,7,18.3,2,0,0,Chris Kavanagh,2024-10-20,Sun,14:00
1599,2025,8,Liverpool,Chelsea,1,0,0,2,1,1.9,1.0,43,57,Virgil van Dijk,4-2-3-1,8,4,22.7,1,1,1,Reece James,4-2-3-1,12,2,16.1,1,0,0,John Brooks,2024-10-20,Sun,16:30
1600,2025,8,Nottingham Forest,Crystal Palace,1,0,0,1,0,1.7,1.0,51,49,Ryan Yates,4-2-3-1,20,6,18.0,0,0,0,Marc Guéhi,3-1-4-2,20,7,21.1,0,0,0,Tim Robinson,2024-10-21,Mon,20:00
1601,2025,9,Leicester City,Nottingham Forest,0,1,0,1,3,0.8,1.7,65,35,Jamie Vardy,4-2-3-1,11,1,21.5,0,0,0,Ryan Yates,4-2-3-1,20,5,21.6,1,0,0,Craig Pawson,2024-10-25,Fri,20:00
1602,2025,9,Aston Villa,Bournemouth,0,0,1,1,1,1.8,0.3,57,43,John McGinn,4-4-1-1,18,8,15.1,0,0,0,Lewis Cook,4-2-3-1,10,3,21.6,0,0,0,Chris Kavanagh,2024-10-26,Sat,15:00
1603,2025,9,Brentford,Ipswich Town,1,0,0,4,3,4.0,1.3,65,35,Christian Nørgaard,4-2-3-1,19,8,16.0,1,1,1,Conor Chaplin,4-2-3-1,11,5,17.4,0,0,0,Lewis Smith,2024-10-26,Sat,15:00
1604,2025,9,Brighton And Hove Albion,Wolverhampton Wanderers,0,0,1,2,2,1.3,1.3,51,49,Danny Welbeck,4-4-2,19,6,17.5,1,0,0,Mario Lemina,3-4-3,14,7,11.9,0,0,0,Michael Oliver,2024-10-26,Sat,15:00
1605,2025,9,Manchester City,Southampton,1,0,0,1,0,2.9,0.2,57,43,Rúben Dias,4-1-4-1,22,7,16.6,0,0,0,Jack Stephens,5-4-1,5,2,13.8,0,0,0,Tony Harrington,2024-10-26,Sat,15:00
1606,2025,9,Everton,Fulham,0,0,1,1,1,0.8,1.2,40,60,James Tarkowski,4-2-3-1,10,5,14.3,0,0,0,Bernd Leno,4-2-3-1,14,3,18.2,0,0,0,John Brooks,2024-10-26,Sat,17:30
1607,2025,9,Crystal Palace,Tottenham Hotspur,1,0,0,1,0,0.8,0.7,34,66,Marc Guéhi,3-4-3,14,6,19.6,1,0,0,Cristian Romero,4-3-3,11,3,12.9,0,0,0,Darren Bond,2024-10-27,Sun,14:00
1608,2025,9,West Ham United,Manchester United,1,0,0,2,1,2.8,2.3,42,58,Jarrod Bowen,4-2-3-1,11,2,12.3,0,1,1,Bruno Fernandes,4-2-3-1,18,5,18.0,1,0,0,David Coote,2024-10-27,Sun,14:00
1609,2025,9,Chelsea,Newcastle United,1,0,0,2,1,1.6,1.8,50,50,Reece James,4-2-3-1,17,7,16.7,0,0,0,Bruno Guimarães,4-3-3,11,2,14.0,1,0,0,Simon Hooper,2024-10-27,Sun,14:00
1610,2025,9,Arsenal,Liverpool,0,0,1,2,2,0.9,0.8,45,55,Bukayo Saka,4-4-2,9,3,14.1,0,0,0,Virgil van Dijk,4-2-3-1,9,4,17.8,0,0,0,Anthony Taylor,2024-10-27,Sun,16:30
1611,2025,10,Newcastle United,Arsenal,1,0,0,1,0,0.5,1.1,37,63,Bruno Guimarães,4-3-3,9,4,14.6,0,0,0,Bukayo Saka,4-4-2,10,0,14.9,0,0,0,John Brooks,2024-11-02,Sat,12:30
1612,2025,10,Southampton,Everton,1,0,0,1,0,0.7,1.6,65,35,Jack Stephens,5-4-1,9,2,13.4,0,0,0,James Tarkowski,4-2-3-1,16,5,17.9,2,0,0,Andy Madley,2024-11-02,Sat,15:00
1613,2025,10,Bournemouth,Manchester City,1,0,0,2,1,2.0,1.6,36,64,Adam Smith,4-2-3-1,12,6,16.0,0,0,0,Kyle Walker,4-1-4-1,18,4,14.5,0,0,0,Michael Oliver,2024-11-02,Sat,15:00
1614,2025,10,Nottingham Forest,West Ham United,1,0,0,3,0,2.2,0.1,54,46,Ryan Yates,4-2-3-1,19,6,18.7,1,0,0,Jarrod Bowen,3-4-3,4,1,23.2,0,0,0,Peter Bankes,2024-11-02,Sat,15:00
1615,2025,10,Ipswich Town,Leicester City,0,0,1,1,1,1.0,1.5,43,57,Sam Morsy,4-2-3-1,14,2,16.9,1,0,0,Jamie Vardy,4-2-3-1,20,5,16.7,0,0,0,Tim Robinson,2024-11-02,Sat,15:00
1616,2025,10,Liverpool,Brighton And Hove Albion,1,0,0,2,1,1.6,1.0,49,51,Virgil van Dijk,4-2-3-1,16,8,14.0,0,0,0,Danny Welbeck,4-4-2,13,5,19.6,2,0,0,Tony Harrington,2024-11-02,Sat,15:00
1617,2025,10,Wolverhampton Wanderers,Crystal Palace,0,0,1,2,2,1.5,2.4,57,43,Nélson Semedo,3-4-3,11,6,17.6,0,0,0,Marc Guéhi,3-4-3,19,6,13.3,0,0,0,Anthony Taylor,2024-11-02,Sat,17:30
1618,2025,10,Tottenham Hotspur,Aston Villa,1,0,0,4,1,2.4,1.8,51,49,Son Heung-min,4-3-3,16,6,20.4,1,0,0,John McGinn,4-2-3-1,12,1,16.2,0,0,0,Craig Pawson,2024-11-03,Sun,14:00
1619,2025,10,Manchester United,Chelsea,0,0,1,1,1,2.0,1.1,46,54,Bruno Fernandes,4-2-3-1,10,3,18.3,1,1,1,Reece James,4-2-3-1,12,3,16.0,0,0,0,Robert Jones,2024-11-03,Sun,16:30
1620,2025,10,Fulham,Brentford,1,0,0,2,1,1.3,0.6,68,32,Bernd Leno,4-2-3-1,26,12,18.3,0,0,0,Christian Nørgaard,4-2-3-1,5,2,18.0,0,0,0,Stuart Attwell,2024-11-04,Mon,20:00
1621,2025,11,Brentford,Bournemouth,1,0,0,3,2,1.5,2.6,51,49,Christian Nørgaard,4-3-3,12,6,14.6,0,0,0,Adam Smith,4-2-3-1,15,3,14.8,1,0,0,Darren Bond,2024-11-09,Sat,15:00
1622,2025,11,Crystal Palace,Fulham,0,1,0,0,2,1.5,1.8,36,64,Marc Guéhi,3-4-3,13,4,17.1,0,0,0,Bernd Leno,4-2-3-1,17,7,17.0,0,0,0,Michael Salisbury,2024-11-09,Sat,15:00
1623,2025,11,West Ham United,Everton,0,0,1,0,0,0.8,1.1,49,51,Jarrod Bowen,4-1-4-1,11,6,17.0,0,0,0,James Tarkowski,4-2-3-1,18,4,18.2,0,0,0,Stuart Attwell,2024-11-09,Sat,15:00
1624,2025,11,Wolverhampton Wanderers,Southampton,1,0,0,2,0,1.3,0.6,29,71,Mario Lemina,4-2-3-1,8,4,23.1,0,0,0,Jack Stephens,5-4-1,9,0,20.6,1,0,0,Thomas Bramall,2024-11-09,Sat,15:00
1625,2025,11,Brighton And Hove Albion,Manchester City,1,0,0,2,1,2.3,2.1,40,60,Danny Welbeck,4-4-2,10,4,13.5,1,0,0,Kyle Walker,4-1-4-1,15,6,14.1,0,0,0,Samuel Barrott,2024-11-09,Sat,17:30
1626,2025,11,Liverpool,Aston Villa,1,0,0,2,0,2.0,1.2,62,38,Virgil van Dijk,4-2-3-1,14,5,16.1,0,0,0,Emiliano Martínez,4-2-3-1,12,2,11.6,0,0,0,David Coote,2024-11-09,Sat,20:00
1627,2025,11,Nottingham Forest,Newcastle United,0,1,0,1,3,0.6,1.6,44,56,Ryan Yates,4-2-3-1,9,3,16.4,0,0,0,Bruno Guimarães,4-3-3,17,6,16.1,0,0,0,Anthony Taylor,2024-11-10,Sun,14:00
1628,2025,11,Tottenham Hotspur,Ipswich Town,0,1,0,1,2,1.5,1.6,66,34,Son Heung-min,4-3-3,17,5,17.8,0,0,0,Sam Morsy,4-2-3-1,8,3,11.4,0,0,0,Darren England,2024-11-10,Sun,14:00
1629,2025,11,Manchester United,Leicester City,1,0,0,3,0,0.8,0.6,51,49,Bruno Fernandes,4-2-3-1,13,3,19.3,0,0,0,Harry Winks,4-3-3,6,5,23.7,0,0,0,Peter Bankes,2024-11-10,Sun,14:00
1630,2025,11,Chelsea,Arsenal,0,0,1,1,1,1.5,1.5,49,51,Moisés Caicedo,4-2-3-1,17,3,20.8,3,0,0,Martin Ødegaard,4-3-3,13,3,16.3,0,0,0,Michael Oliver,2024-11-10,Sun,16:30
1631,2025,12,Leicester City,Chelsea,0,1,0,1,2,1.1,2.7,37,63,Jamie Vardy,4-4-1-1,3,0,18.8,0,1,1,Enzo Fernández,4-2-3-1,16,6,14.2,0,0,0,Andy Madley,2024-11-23,Sat,12:30
1632,2025,12,Everton,Brentford,0,0,1,0,0,1.2,1.1,59,41,James Tarkowski,4-2-3-1,27,5,19.9,0,0,0,Christian Nørgaard,4-3-3,9,2,18.4,0,0,0,Chris Kavanagh,2024-11-23,Sat,15:00
1633,2025,12,Fulham,Wolverhampton Wanderers,0,1,0,1,4,1.0,1.3,59,41,Bernd Leno,4-2-3-1,10,3,17.2,0,0,0,Mario Lemina,3-4-3,10,5,16.5,0,0,0,Robert Jones,2024-11-23,Sat,15:00
1634,2025,12,Arsenal,Nottingham Forest,1,0,0,3,0,1.2,0.3,66,34,Martin Ødegaard,4-3-3,19,6,17.7,0,0,0,Ryan Yates,4-2-3-1,7,0,16.3,1,0,0,Simon Hooper,2024-11-23,Sat,15:00
1635,2025,12,Bournemouth,Brighton And Hove Albion,0,1,0,1,2,1.6,0.9,55,45,Adam Smith,4-2-3-1,19,5,15.5,0,0,0,Danny Welbeck,4-2-3-1,6,4,13.9,0,0,0,Stuart Attwell,2024-11-23,Sat,15:00
1636,2025,12,Aston Villa,Crystal Palace,0,0,1,2,2,3.0,1.3,69,31,John McGinn,4-2-3-1,16,4,14.9,0,0,1,Marc Guéhi,3-4-3,13,6,18.3,1,0,0,Tim Robinson,2024-11-23,Sat,15:00
1637,2025,12,Manchester City,Tottenham Hotspur,0,1,0,0,4,2.1,2.5,58,42,Kyle Walker,4-3-3,23,5,14.4,0,0,0,Son Heung-min,4-3-3,9,7,13.0,0,0,0,John Brooks,2024-11-23,Sat,17:30
1638,2025,12,Southampton,Liverpool,0,1,0,2,3,1.3,3.1,38,62,Jack Stephens,5-4-1,6,4,19.0,0,0,1,Virgil van Dijk,4-2-3-1,26,10,18.2,1,1,1,Samuel Barrott,2024-11-24,Sun,14:00
1639,2025,12,Ipswich Town,Manchester United,0,0,1,1,1,1.6,0.8,40,60,Sam Morsy,4-2-3-1,11,6,19.5,1,0,0,Bruno Fernandes,3-4-3,11,4,17.6,1,0,0,Anthony Taylor,2024-11-24,Sun,16:30
1640,2025,12,Newcastle United,West Ham United,0,1,0,0,2,1.6,0.9,53,47,Bruno Guimarães,4-3-3,18,2,16.1,0,0,0,Jarrod Bowen,4-2-3-1,15,6,19.8,1,0,0,Craig Pawson,2024-11-25,Mon,20:00
1641,2025,13,Brighton And Hove Albion,Southampton,0,0,1,1,1,1.7,1.0,53,47,Danny Welbeck,4-4-2,22,5,16.5,0,0,0,Jack Stephens,5-4-1,10,2,16.8,0,0,0,Robert Jones,2024-11-29,Fri,20:00
1642,2025,13,Crystal Palace,Newcastle United,0,0,1,1,1,1.7,0.0,49,51,Marc Guéhi,3-4-3,16,3,13.6,0,0,0,Bruno Guimarães,4-3-3,1,0,6.9,0,0,0,Darren England,2024-11-30,Sat,15:00
1643,2025,13,Brentford,Leicester City,1,0,0,4,1,2.4,1.1,60,40,Christian Nørgaard,4-2-3-1,13,6,16.0,1,0,0,Jamie Vardy,3-4-3,7,3,16.9,0,0,0,Michael Oliver,2024-11-30,Sat,15:00
1644,2025,13,Wolverhampton Wanderers,Bournemouth,0,1,0,2,4,0.5,3.3,60,40,Mario Lemina,4-2-3-1,10,3,19.9,1,0,0,Adam Smith,4-2-3-1,9,5,21.4,0,3,3,Peter Bankes,2024-11-30,Sat,15:00
1645,2025,13,Nottingham Forest,Ipswich Town,1,0,0,1,0,1.6,0.6,45,55,Ryan Yates,4-2-3-1,11,4,16.9,1,1,1,Sam Morsy,4-2-3-1,7,2,14.9,0,0,0,Tony Harrington,2024-11-30,Sat,15:00
1646,2025,13,West Ham United,Arsenal,0,1,0,2,5,1.5,3.5,40,60,Jarrod Bowen,4-2-3-1,12,5,18.1,2,0,0,Martin Ødegaard,4-3-3,14,5,15.4,1,2,2,Anthony Taylor,2024-11-30,Sat,17:30
1647,2025,13,Tottenham Hotspur,Fulham,0,0,1,1,1,0.8,1.5,51,49,Son Heung-min,4-3-3,8,3,17.5,2,0,0,Antonee Robinson,4-2-3-1,14,6,13.4,0,0,0,Darren Bond,2024-12-01,Sun,13:30
1648,2025,13,Manchester United,Everton,1,0,0,4,0,1.1,0.6,60,40,Bruno Fernandes,3-4-3,11,5,15.1,0,0,0,James Tarkowski,4-2-3-1,8,2,21.3,2,0,0,John Brooks,2024-12-01,Sun,13:30
1649,2025,13,Chelsea,Aston Villa,1,0,0,3,0,1.6,1.2,64,36,Enzo Fernández,4-2-3-1,17,8,15.8,0,0,0,John McGinn,4-2-3-1,10,3,13.4,0,0,0,Stuart Attwell,2024-12-01,Sun,13:30
1650,2025,13,Liverpool,Manchester City,1,0,0,2,0,3.4,0.8,44,56,Virgil van Dijk,4-2-3-1,17,6,17.5,0,1,1,Kyle Walker,4-2-3-1,8,2,16.2,0,0,0,Chris Kavanagh,2024-12-01,Sun,16:00
1651,2025,14,Ipswich Town,Crystal Palace,0,1,0,0,1,0.5,1.6,54,46,Sam Morsy,4-2-3-1,9,2,17.6,0,0,0,Marc Guéhi,3-4-3,13,3,15.2,0,0,0,Craig Pawson,2024-12-03,Tue,19:30
1652,2025,14,Leicester City,West Ham United,1,0,0,3,1,1.7,3.0,39,61,Jamie Vardy,4-2-3-1,8,6,12.7,0,0,0,Jarrod Bowen,4-2-3-1,31,8,14.7,0,0,0,Joshua Smith,2024-12-03,Tue,20:15
1653,2025,14,Newcastle United,Liverpool,0,0,1,3,3,2.1,1.9,42,58,Bruno Guimarães,4-3-3,17,6,19.1,1,0,0,Virgil van Dijk,4-2-3-1,16,5,12.7,0,0,0,Andy Madley,2024-12-04,Wed,19:30
1654,2025,14,Manchester City,Nottingham Forest,1,0,0,3,0,2.4,1.0,66,34,Kevin De Bruyne,4-2-3-1,17,6,15.2,1,0,0,Ryan Yates,4-2-3-1,12,3,16.6,0,0,0,Michael Oliver,2024-12-04,Wed,19:30
1655,2025,14,Everton,Wolverhampton Wanderers,1,0,0,4,0,1.0,0.8,44,56,James Tarkowski,4-2-3-1,13,4,18.7,1,0,0,Mario Lemina,3-4-3,6,2,20.7,0,0,0,Michael Salisbury,2024-12-04,Wed,19:30
1656,2025,14,Southampton,Chelsea,0,1,0,1,5,1.6,5.2,45,55,Jack Stephens,5-3-2,6,4,9.7,0,0,0,Enzo Fernández,4-2-3-1,26,11,12.6,1,0,0,Tony Harrington,2024-12-04,Wed,19:30
1657,2025,14,Aston Villa,Brentford,1,0,0,3,1,2.4,0.9,49,51,John McGinn,4-2-3-1,19,9,15.0,0,1,1,Vitaly Janelt,4-3-3,9,1,14.0,0,0,0,Lewis Smith,2024-12-04,Wed,20:15
1658,2025,14,Arsenal,Manchester United,1,0,0,2,0,2.1,0.2,51,49,Martin Ødegaard,4-3-3,14,6,11.0,0,0,0,Bruno Fernandes,3-4-3,5,2,17.7,0,0,0,Samuel Barrott,2024-12-04,Wed,20:15
1659,2025,14,Fulham,Brighton And Hove Albion,1,0,0,3,1,1.1,1.4,43,57,Antonee Robinson,4-2-3-1,6,2,14.3,0,0,0,Lewis Dunk,3-4-3,13,3,16.7,1,0,0,Peter Bankes,2024-12-05,Thu,19:30
1660,2025,14,Bournemouth,Tottenham Hotspur,1,0,0,1,0,3.5,0.9,35,65,Adam Smith,4-2-3-1,21,8,13.8,0,0,0,James Maddison,4-3-3,12,4,17.0,0,0,0,Simon Hooper,2024-12-05,Thu,20:15
1661,2025,15,Aston Villa,Southampton,1,0,0,1,0,2.3,0.3,47,53,John McGinn,4-2-3-1,18,4,14.2,0,0,0,Adam Armstrong,5-3-2,4,0,14.5,0,0,0,Darren Bond,2024-12-07,Sat,15:00
1662,2025,15,Crystal Palace,Manchester City,0,0,1,2,2,1.3,1.4,32,68,Marc Guéhi,3-4-3,12,3,19.1,0,0,0,Kyle Walker,4-2-3-1,12,4,15.1,0,0,0,Robert Jones,2024-12-07,Sat,15:00
1663,2025,15,Brentford,Newcastle United,1,0,0,4,2,1.2,1.5,43,57,Christian Nørgaard,3-4-3,11,7,17.6,0,0,0,Bruno Guimarães,4-3-3,16,3,16.2,0,0,0,Simon Hooper,2024-12-07,Sat,15:00
1664,2025,15,Manchester United,Nottingham Forest,0,1,0,2,3,1.6,0.8,71,29,Bruno Fernandes,3-4-3,17,7,18.7,1,0,0,Ryan Yates,4-2-3-1,11,3,16.3,0,0,0,Darren England,2024-12-07,Sat,17:30
1665,2025,15,Fulham,Arsenal,0,0,1,1,1,0.2,1.8,34,66,Antonee Robinson,4-2-3-1,2,2,14.4,0,0,0,Martin Ødegaard,4-3-3,12,4,12.2,0,0,0,Chris Kavanagh,2024-12-08,Sun,14:00
1666,2025,15,Ipswich Town,Bournemouth,0,1,0,1,2,1.3,3.2,44,56,Sam Morsy,4-2-3-1,18,5,18.4,0,0,0,Adam Smith,4-2-3-1,22,6,16.4,0,0,0,Michael Salisbury,2024-12-08,Sun,14:00
1667,2025,15,Leicester City,Brighton And Hove Albion,0,0,1,2,2,1.3,1.5,56,44,Jamie Vardy,4-2-3-1,10,3,14.5,1,0,0,Lewis Dunk,4-2-3-1,16,7,19.0,2,0,0,Stuart Attwell,2024-12-08,Sun,14:00
1668,2025,15,Tottenham Hotspur,Chelsea,0,1,0,3,4,2.8,2.8,39,61,Son Heung-min,4-3-3,13,5,13.7,1,0,0,Enzo Fernández,4-2-3-1,15,6,17.9,0,2,2,Anthony Taylor,2024-12-08,Sun,16:30
1669,2025,15,West Ham United,Wolverhampton Wanderers,1,0,0,2,1,1.0,1.4,54,46,Jarrod Bowen,4-2-3-1,19,4,15.8,0,0,0,Mario Lemina,3-4-3,19,5,17.9,0,0,0,John Brooks,2024-12-09,Mon,20:00
1670,2025,16,Arsenal,Everton,0,0,1,0,0,1.2,0.1,76,24,Martin Ødegaard,4-3-3,13,5,13.0,0,0,0,James Tarkowski,4-3-3,2,0,19.3,0,0,0,Craig Pawson,2024-12-14,Sat,15:00
1671,2025,16,Wolverhampton Wanderers,Ipswich Town,0,1,0,1,2,1.3,1.1,54,46,Nélson Semedo,3-4-3,16,6,18.4,0,0,0,Sam Morsy,4-2-3-1,10,3,15.7,0,0,0,Simon Hooper,2024-12-14,Sat,15:00
1672,2025,16,Newcastle United,Leicester City,1,0,0,4,0,3.8,0.2,59,41,Bruno Guimarães,4-3-3,27,11,15.1,1,0,0,Jamie Vardy,4-2-3-1,4,1,16.6,0,0,0,Thomas Bramall,2024-12-14,Sat,15:00
1673,2025,16,Liverpool,Fulham,0,0,1,2,2,2.1,1.2,61,39,Virgil van Dijk,4-3-3,16,4,13.9,0,0,0,Antonee Robinson,4-2-3-1,12,3,16.9,1,0,0,Tony Harrington,2024-12-14,Sat,15:00
1674,2025,16,Nottingham Forest,Aston Villa,1,0,0,2,1,1.7,0.4,50,50,Ryan Yates,4-2-3-1,17,6,15.2,0,0,0,John McGinn,4-2-3-1,8,2,15.6,0,0,0,Samuel Barrott,2024-12-14,Sat,17:30
1675,2025,16,Brighton And Hove Albion,Crystal Palace,0,1,0,1,3,1.0,2.2,64,36,Lewis Dunk,4-2-3-1,17,5,20.6,1,0,0,Marc Guéhi,3-4-3,13,5,12.6,0,0,0,Michael Oliver,2024-12-15,Sun,14:00
1676,2025,16,Manchester City,Manchester United,0,1,0,1,2,0.9,2.1,52,48,Kyle Walker,4-1-4-1,10,3,18.7,0,0,0,Bruno Fernandes,3-4-3,9,2,17.9,0,1,1,Anthony Taylor,2024-12-15,Sun,16:30
1677,2025,16,Southampton,Tottenham Hotspur,0,1,0,0,5,0.8,2.3,42,58,Adam Armstrong,4-3-1-2,9,3,18.1,0,0,0,Son Heung-min,4-2-3-1,18,9,13.1,0,0,0,Darren England,2024-12-15,Sun,19:00
1678,2025,16,Chelsea,Brentford,1,0,0,2,1,2.2,1.6,62,38,Enzo Fernández,4-2-3-1,26,8,16.2,0,0,0,Christian Nørgaard,3-5-2,9,4,11.9,0,0,0,Peter Bankes,2024-12-15,Sun,19:00
1679,2025,16,Bournemouth,West Ham United,0,0,1,1,1,1.9,2.1,52,48,Adam Smith,4-2-3-1,29,9,18.3,1,0,0,Jarrod Bowen,4-1-4-1,15,2,15.2,0,1,1,Chris Kavanagh,2024-12-16,Mon,20:00
1680,2025,17,Aston Villa,Manchester City,1,0,0,2,1,1.6,1.0,44,56,John McGinn,4-2-3-1,11,6,13.9,0,0,0,Bernardo Silva,4-2-3-1,12,6,18.4,0,0,0,Peter Bankes,2024-12-21,Sat,12:30
1681,2025,17,Brentford,Nottingham Forest,0,1,0,0,2,0.7,0.9,64,36,Christian Nørgaard,4-3-3,7,3,10.8,0,0,0,Morgan Gibbs-White,3-4-3,10,6,17.4,0,0,0,Michael Oliver,2024-12-21,Sat,15:00
1682,2025,17,West Ham United,Brighton And Hove Albion,0,0,1,1,1,1.2,0.9,47,53,Jarrod Bowen,4-1-4-1,11,4,13.7,0,0,0,Lewis Dunk,4-2-3-1,12,6,15.0,0,0,0,Robert Jones,2024-12-21,Sat,15:00
1683,2025,17,Ipswich Town,Newcastle United,0,1,0,0,4,0.7,2.3,42,58,Sam Morsy,4-2-3-1,10,2,17.8,0,0,0,Bruno Guimarães,4-3-3,15,7,14.1,0,0,0,Stuart Attwell,2024-12-21,Sat,15:00
1684,2025,17,Crystal Palace,Arsenal,0,1,0,1,5,1.6,2.5,42,58,Marc Guéhi,3-4-3,15,6,16.3,0,0,0,Martin Ødegaard,4-3-3,14,6,11.5,0,0,0,Simon Hooper,2024-12-21,Sat,17:30
1685,2025,17,Leicester City,Wolverhampton Wanderers,0,1,0,0,3,0.8,1.1,54,46,Jamie Vardy,4-2-3-1,9,4,15.7,0,0,0,Nélson Semedo,3-4-3,8,4,14.6,1,0,0,Anthony Taylor,2024-12-22,Sun,14:00
1686,2025,17,Everton,Chelsea,0,0,1,0,0,1.0,1.2,25,75,James Tarkowski,4-3-3,5,4,19.8,1,0,0,Enzo Fernández,4-2-3-1,12,4,16.8,2,0,0,Chris Kavanagh,2024-12-22,Sun,14:00
1687,2025,17,Manchester United,Bournemouth,0,1,0,0,3,2.2,1.6,60,40,Bruno Fernandes,3-4-3,23,7,17.7,1,0,0,Adam Smith,4-2-3-1,9,4,19.7,0,1,1,Craig Pawson,2024-12-22,Sun,14:00
1688,2025,17,Fulham,Southampton,0,0,1,0,0,0.9,0.3,57,43,Tom Cairney,4-2-3-1,15,5,20.0,0,0,0,Jan Bednarek,3-4-1-2,5,1,20.1,1,0,0,Tim Robinson,2024-12-22,Sun,14:00
1689,2025,17,Tottenham Hotspur,Liverpool,0,1,0,3,6,1.3,5.6,52,48,Son Heung-min,4-2-3-1,9,5,17.1,0,0,0,Virgil van Dijk,4-2-3-1,24,11,13.3,0,0,0,Samuel Barrott,2024-12-22,Sun,16:30
1690,2025,18,Manchester City,Everton,0,0,1,1,1,2.1,0.7,66,34,Bernardo Silva,4-1-4-1,23,4,17.2,1,0,1,Séamus Coleman,4-3-3,8,3,16.8,0,0,0,Simon Hooper,2024-12-26,Thu,12:30
1691,2025,18,Newcastle United,Aston Villa,1,0,0,3,0,2.7,0.3,62,38,Bruno Guimarães,4-3-3,22,7,15.8,1,0,0,John McGinn,4-2-3-1,4,1,17.0,1,0,0,Anthony Taylor,2024-12-26,Thu,15:00
1692,2025,18,Nottingham Forest,Tottenham Hotspur,1,0,0,1,0,1.1,0.9,30,70,Ryan Yates,4-2-3-1,10,3,15.5,0,0,0,Son Heung-min,4-2-3-1,13,4,20.0,1,0,0,Craig Pawson,2024-12-26,Thu,15:00
1693,2025,18,Southampton,West Ham United,0,1,0,0,1,1.4,1.7,54,46,Jan Bednarek,3-4-1-2,18,5,12.8,0,0,0,Jarrod Bowen,4-1-4-1,16,2,15.3,1,0,0,Lewis Smith,2024-12-26,Thu,15:00
1694,2025,18,Chelsea,Fulham,0,1,0,1,2,1.1,1.8,47,53,Enzo Fernández,4-2-3-1,12,8,18.7,1,0,0,Antonee Robinson,4-5-1,14,7,16.2,1,0,0,Samuel Barrott,2024-12-26,Thu,15:00
1695,2025,18,Bournemouth,Crystal Palace,0,0,1,0,0,1.4,0.4,52,48,Lewis Cook,4-2-3-1,18,3,14.2,1,0,0,Marc Guéhi,3-4-3,10,4,19.4,0,0,0,Thomas Bramall,2024-12-26,Thu,15:00
1696,2025,18,Wolverhampton Wanderers,Manchester United,1,0,0,2,0,0.9,0.4,51,49,Nélson Semedo,3-4-3,7,4,24.1,1,0,0,Bruno Fernandes,3-4-3,11,4,19.2,0,0,0,Tony Harrington,2024-12-26,Thu,17:30
1697,2025,18,Liverpool,Leicester City,1,0,0,3,1,2.0,0.3,68,32,Virgil van Dijk,4-2-3-1,19,7,15.3,0,0,0,Conor Coady,4-2-3-1,4,1,16.2,0,0,0,Darren Bond,2024-12-26,Thu,20:00
1698,2025,18,Brighton And Hove Albion,Brentford,0,0,1,0,0,1.3,1.1,57,43,Lewis Dunk,4-2-3-1,24,7,18.0,1,0,0,Christian Nørgaard,4-2-3-1,8,3,14.1,0,0,0,Andy Madley,2024-12-27,Fri,19:30
1699,2025,18,Arsenal,Ipswich Town,1,0,0,1,0,1.8,0.2,68,32,Martin Ødegaard,4-3-3,13,5,15.7,1,0,0,Dara O'Shea,5-4-1,3,0,28.2,0,0,0,Darren England,2024-12-27,Fri,20:15
1700,2025,19,Leicester City,Manchester City,0,1,0,0,2,1.3,1.3,53,47,Jamie Vardy,4-2-3-1,11,3,12.9,0,0,0,Kevin De Bruyne,4-1-4-1,14,5,18.3,1,0,0,Michael Oliver,2024-12-29,Sun,14:30
1701,2025,19,Tottenham Hotspur,Wolverhampton Wanderers,0,0,1,2,2,2.2,0.7,48,52,Son Heung-min,4-2-3-1,12,2,15.9,0,0,1,Nélson Semedo,3-4-3,11,3,20.0,1,0,0,Chris Kavanagh,2024-12-29,Sun,15:00
1702,2025,19,Crystal Palace,Southampton,1,0,0,2,1,2.0,0.9,47,53,Will Hughes,3-4-3,19,9,17.4,2,0,0,Jan Bednarek,3-4-3,7,3,10.7,0,0,0,Michael Salisbury,2024-12-29,Sun,15:00
1703,2025,19,Fulham,Bournemouth,0,0,1,2,2,1.1,2.0,52,48,Antonee Robinson,4-5-1,11,6,16.1,0,0,0,Lewis Cook,4-2-3-1,16,8,13.7,0,0,0,Robert Jones,2024-12-29,Sun,15:00
1704,2025,19,Everton,Nottingham Forest,0,1,0,0,2,0.9,1.5,64,36,James Tarkowski,4-3-3,13,2,16.3,1,0,0,Morgan Gibbs-White,4-2-3-1,11,7,17.4,0,0,0,Tony Harrington,2024-12-29,Sun,15:00
1705,2025,19,West Ham United,Liverpool,0,1,0,0,5,0.4,3.1,46,54,Jarrod Bowen,4-2-3-1,7,0,17.5,0,0,0,Virgil van Dijk,4-2-3-1,22,13,15.8,0,0,0,Anthony Taylor,2024-12-29,Sun,17:15
1706,2025,19,Aston Villa,Brighton And Hove Albion,0,0,1,2,2,1.8,1.1,59,41,John McGinn,4-2-3-1,19,3,17.9,0,1,1,Lewis Dunk,4-2-3-1,13,4,19.1,0,0,0,Craig Pawson,2024-12-30,Mon,19:45
1707,2025,19,Ipswich Town,Chelsea,1,0,0,2,0,1.6,2.0,24,76,Sam Morsy,5-4-1,8,5,16.1,0,1,1,Enzo Fernández,4-2-3-1,20,4,17.1,0,0,0,John Brooks,2024-12-30,Mon,19:45
1708,2025,19,Manchester United,Newcastle United,0,1,0,0,2,0.8,1.9,52,48,Lisandro Martínez,3-4-3,10,0,16.6,0,0,0,Bruno Guimarães,4-3-3,12,4,15.2,0,0,0,Simon Hooper,2024-12-30,Mon,20:00
1709,2025,19,Brentford,Arsenal,0,1,0,1,3,0.3,1.9,50,50,Christian Nørgaard,4-3-1-2,5,2,27.9,0,0,0,Martin Ødegaard,4-3-3,14,4,14.7,0,0,0,Peter Bankes,2025-01-01,Wed,17:30
1710,2025,20,Tottenham Hotspur,Newcastle United,0,1,0,1,2,0.9,2.5,56,44,Dejan Kulusevski,4-2-3-1,13,4,15.9,0,0,0,Bruno Guimarães,4-3-3,14,4,14.2,0,0,0,Andy Madley,2025-01-04,Sat,12:30
1711,2025,20,Aston Villa,Leicester City,1,0,0,2,1,1.4,0.4,60,40,John McGinn,4-2-3-1,13,5,15.9,0,0,0,Jamie Vardy,4-2-3-1,4,2,12.5,0,0,0,Jarred Gillett,2025-01-04,Sat,15:00
1712,2025,20,Bournemouth,Everton,1,0,0,1,0,1.8,0.7,58,42,Lewis Cook,4-2-3-1,19,8,14.8,0,0,0,James Tarkowski,4-2-3-1,9,0,20.7,0,0,0,John Brooks,2025-01-04,Sat,15:00
1713,2025,20,Manchester City,West Ham United,1,0,0,4,1,1.9,1.4,56,44,Kevin De Bruyne,4-1-4-1,10,7,16.6,0,0,0,Tomáš Souček,4-2-3-1,17,4,15.3,1,0,0,Michael Salisbury,2025-01-04,Sat,15:00
1714,2025,20,Southampton,Brentford,0,1,0,0,5,0.3,4.4,50,50,Jan Bednarek,3-4-3,8,1,22.1,0,0,0,Christian Nørgaard,4-3-3,19,9,13.6,0,1,1,Stuart Attwell,2025-01-04,Sat,15:00
1715,2025,20,Crystal Palace,Chelsea,0,0,1,1,1,1.1,1.2,39,61,Marc Guéhi,3-4-3,13,6,17.0,1,0,0,Enzo Fernández,4-2-3-1,15,1,16.2,0,0,0,Tim Robinson,2025-01-04,Sat,15:00
1716,2025,20,Brighton And Hove Albion,Arsenal,0,0,1,1,1,1.5,0.9,45,55,João Pedro,4-2-3-1,10,3,21.3,1,1,1,Jorginho,4-3-3,9,3,15.3,0,0,0,Anthony Taylor,2025-01-04,Sat,17:30
1717,2025,20,Fulham,Ipswich Town,0,0,1,2,2,2.2,1.5,73,27,Tom Cairney,3-4-3,13,2,20.4,0,2,2,Sam Morsy,5-4-1,6,2,18.0,0,1,1,Darren Bond,2025-01-05,Sun,14:00
1718,2025,20,Liverpool,Manchester United,0,0,1,2,2,2.7,1.0,53,47,Virgil van Dijk,4-2-3-1,18,5,16.9,1,1,1,Bruno Fernandes,3-4-3,13,4,15.4,0,0,0,Michael Oliver,2025-01-05,Sun,16:30
1719,2025,20,Wolverhampton Wanderers,Nottingham Forest,0,1,0,0,3,1.5,2.1,60,40,Matt Doherty,3-4-3,13,5,15.3,0,0,0,Morgan Gibbs-White,4-2-3-1,11,3,16.2,1,0,0,Peter Bankes,2025-01-06,Mon,20:00
1720,2025,21,Brentford,Manchester City,0,0,1,2,2,2.5,2.2,45,55,Christian Nørgaard,4-3-3,18,5,14.2,0,0,0,Kevin De Bruyne,4-2-3-1,21,8,15.1,0,0,0,Anthony Taylor,2025-01-14,Tue,19:30
1721,2025,21,West Ham United,Fulham,1,0,0,3,2,1.0,1.7,44,56,Tomáš Souček,4-2-3-1,4,3,14.6,0,0,0,Antonee Robinson,4-2-3-1,21,4,17.9,1,0,0,Craig Pawson,2025-01-14,Tue,19:30
1722,2025,21,Chelsea,Bournemouth,0,0,1,2,2,2.5,1.2,57,43,Enzo Fernández,4-2-3-1,26,10,16.6,2,0,0,Lewis Cook,4-2-3-1,6,2,18.6,0,1,1,Robert Jones,2025-01-14,Tue,19:30
1723,2025,21,Nottingham Forest,Liverpool,0,0,1,1,1,0.3,2.0,30,70,Ryan Yates,4-2-3-1,6,3,26.8,1,0,0,Virgil van Dijk,4-2-3-1,23,6,17.0,0,0,0,Chris Kavanagh,2025-01-14,Tue,20:00
1724,2025,21,Leicester City,Crystal Palace,0,1,0,0,2,1.7,1.8,57,43,Jamie Vardy,4-2-3-1,21,4,18.4,2,0,0,Marc Guéhi,3-4-3,9,4,13.3,0,0,0,Andy Madley,2025-01-15,Wed,19:30
1725,2025,21,Newcastle United,Wolverhampton Wanderers,1,0,0,3,0,2.1,1.6,60,40,Bruno Guimarães,4-3-3,17,5,17.0,0,0,0,Matt Doherty,3-4-3,13,7,17.4,0,0,0,Darren England,2025-01-15,Wed,19:30
1726,2025,21,Everton,Aston Villa,0,1,0,0,1,1.1,1.2,50,50,James Tarkowski,4-2-3-1,10,2,16.4,0,0,0,Emiliano Martínez,4-2-3-1,11,3,20.5,1,0,0,Samuel Barrott,2025-01-15,Wed,19:30
1727,2025,21,Arsenal,Tottenham Hotspur,1,0,0,2,1,1.4,0.8,53,47,Martin Ødegaard,4-3-3,14,4,15.2,0,0,0,Son Heung-min,4-3-3,10,2,16.0,0,0,0,Simon Hooper,2025-01-15,Wed,20:00
1728,2025,21,Ipswich Town,Brighton And Hove Albion,0,1,0,0,2,0.3,1.0,47,53,Dara O'Shea,4-2-3-1,5,3,21.3,0,0,0,Adam Webster,4-1-4-1,11,5,14.1,0,0,0,Tony Harrington,2025-01-16,Thu,19:30
1729,2025,21,Manchester United,Southampton,1,0,0,3,1,3.4,1.4,60,40,Bruno Fernandes,3-4-3,23,9,15.0,0,0,0,Jan Bednarek,3-4-1-2,13,5,17.0,1,0,0,John Brooks,2025-01-16,Thu,20:00
1730,2025,22,Newcastle United,Bournemouth,0,1,0,1,4,0.8,2.0,56,44,Bruno Guimarães,4-3-3,13,4,19.0,1,0,0,Lewis Cook,4-2-3-1,19,10,13.4,0,0,0,Stuart Attwell,2025-01-18,Sat,12:30
1731,2025,22,Brentford,Liverpool,0,1,0,0,2,0.7,3.4,40,60,Christian Nørgaard,4-2-3-1,11,6,14.7,0,0,0,Virgil van Dijk,4-2-3-1,37,8,15.4,0,0,0,Andy Madley,2025-01-18,Sat,15:00
1732,2025,22,Leicester City,Fulham,0,1,0,0,2,0.6,2.0,40,60,Jamie Vardy,4-2-3-1,8,4,16.3,0,0,0,Antonee Robinson,4-2-3-1,17,2,14.1,1,0,0,Michael Salisbury,2025-01-18,Sat,15:00
1733,2025,22,West Ham United,Crystal Palace,0,1,0,0,2,0.3,1.3,53,47,Tomáš Souček,3-4-3,7,0,19.6,0,0,0,Marc Guéhi,3-4-3,11,6,21.9,0,1,1,Thomas Bramall,2025-01-18,Sat,15:00
1734,2025,22,Arsenal,Aston Villa,0,0,1,2,2,1.3,1.0,66,34,Martin Ødegaard,4-3-3,18,6,15.5,0,0,0,Emiliano Martínez,4-2-3-1,8,4,16.9,0,0,0,Chris Kavanagh,2025-01-18,Sat,17:30
1735,2025,22,Nottingham Forest,Southampton,1,0,0,3,2,1.8,0.9,45,55,Morgan Gibbs-White,4-2-3-1,14,4,16.0,1,0,0,Jan Bednarek,3-4-1-2,10,3,13.6,0,0,0,Anthony Taylor,2025-01-19,Sun,14:00
1736,2025,22,Everton,Tottenham Hotspur,1,0,0,3,2,1.8,1.1,36,64,James Tarkowski,4-2-3-1,12,6,14.2,0,0,0,Son Heung-min,3-4-3,11,5,16.4,0,0,0,Darren England,2025-01-19,Sun,14:00
1737,2025,22,Manchester United,Brighton And Hove Albion,0,1,0,1,3,1.5,1.9,51,49,Bruno Fernandes,3-4-3,9,0,16.4,0,1,1,Lewis Dunk,4-4-2,6,3,15.3,0,0,0,Peter Bankes,2025-01-19,Sun,14:00
1738,2025,22,Ipswich Town,Manchester City,0,1,0,0,6,0.5,3.0,33,67,Sam Morsy,5-4-1,8,4,16.7,0,0,0,Kevin De Bruyne,4-2-3-1,17,9,14.9,0,0,0,Samuel Barrott,2025-01-19,Sun,16:30
1739,2025,22,Chelsea,Wolverhampton Wanderers,1,0,0,3,1,3.1,0.8,63,37,Reece James,4-2-3-1,19,6,14.0,0,0,0,Nélson Semedo,3-4-3,9,4,16.7,0,0,0,Simon Hooper,2025-01-20,Mon,20:00
1740,2025,23,Bournemouth,Nottingham Forest,1,0,0,5,0,1.7,1.0,50,50,Lewis Cook,4-2-3-1,16,10,16.3,1,0,0,Ryan Yates,4-2-3-1,18,4,18.0,2,0,0,Craig Pawson,2025-01-25,Sat,15:00
1741,2025,23,Wolverhampton Wanderers,Arsenal,0,1,0,0,1,0.7,1.0,51,49,Nélson Semedo,3-4-3,9,4,22.0,0,0,0,Gabriel Magalhães,4-3-3,9,3,14.8,1,0,0,Michael Oliver,2025-01-25,Sat,15:00
1742,2025,23,Liverpool,Ipswich Town,1,0,0,4,1,2.0,0.5,70,30,Virgil van Dijk,4-2-3-1,16,6,17.8,0,0,0,Sam Morsy,4-2-3-1,3,3,13.8,0,0,0,Michael Salisbury,2025-01-25,Sat,15:00
1743,2025,23,Southampton,Newcastle United,0,1,0,1,3,0.8,2.9,53,47,Jan Bednarek,3-4-1-2,12,5,18.1,0,0,0,Bruno Guimarães,4-3-3,16,7,19.3,0,1,1,Samuel Barrott,2025-01-25,Sat,15:00
1744,2025,23,Brighton And Hove Albion,Everton,0,1,0,0,1,0.7,0.8,69,31,Lewis Dunk,4-2-3-1,16,1,19.6,0,0,0,James Tarkowski,4-2-3-1,2,0,24.6,0,1,1,Tim Robinson,2025-01-25,Sat,15:00
1745,2025,23,Manchester City,Chelsea,1,0,0,3,1,2.2,1.8,56,44,Bernardo Silva,4-3-3,15,6,17.1,1,0,0,Reece James,4-2-3-1,10,4,16.5,0,0,0,John Brooks,2025-01-25,Sat,17:30
1746,2025,23,Tottenham Hotspur,Leicester City,0,1,0,1,2,1.0,1.6,61,39,Son Heung-min,4-3-3,15,6,18.3,1,0,0,Jamie Vardy,4-2-3-1,12,3,19.4,0,0,0,Robert Jones,2025-01-26,Sun,14:00
1747,2025,23,Crystal Palace,Brentford,0,1,0,1,2,1.1,1.3,47,53,Marc Guéhi,3-4-3,16,5,19.5,2,0,0,Christian Nørgaard,4-2-3-1,11,5,20.4,1,1,1,Tony Harrington,2025-01-26,Sun,14:00
1748,2025,23,Aston Villa,West Ham United,0,0,1,1,1,0.9,1.3,46,54,Emiliano Martínez,4-2-3-1,14,4,18.0,1,0,0,Tomáš Souček,3-4-3,14,3,14.6,0,0,0,Peter Bankes,2025-01-26,Sun,16:30
1749,2025,23,Fulham,Manchester United,0,1,0,0,1,0.7,0.3,51,49,Antonee Robinson,4-2-3-1,9,2,14.5,0,0,0,Bruno Fernandes,3-4-3,4,1,19.9,1,0,0,Anthony Taylor,2025-01-26,Sun,19:00
1750,2025,24,Nottingham Forest,Brighton And Hove Albion,1,0,0,7,0,3.3,0.9,38,62,Morgan Gibbs-White,3-5-2,13,8,13.4,0,1,1,Lewis Dunk,4-1-4-1,10,5,17.9,1,0,0,Simon Hooper,2025-02-01,Sat,12:30
1751,2025,24,Newcastle United,Fulham,0,1,0,1,2,0.8,1.6,49,51,Bruno Guimarães,4-3-3,11,4,15.3,0,0,0,Antonee Robinson,4-2-3-1,15,4,16.2,0,0,0,Chris Kavanagh,2025-02-01,Sat,15:00
1752,2025,24,Everton,Leicester City,1,0,0,4,0,2.5,0.3,48,52,James Tarkowski,4-2-3-1,13,7,13.5,0,0,0,Jamie Vardy,4-2-3-1,9,1,18.1,1,0,0,Darren Bond,2025-02-01,Sat,15:00
1753,2025,24,Bournemouth,Liverpool,0,1,0,0,2,1.6,2.5,49,51,Lewis Cook,4-2-3-1,14,3,17.4,0,0,0,Virgil van Dijk,4-2-3-1,18,6,18.5,0,1,1,Darren England,2025-02-01,Sat,15:00
1754,2025,24,Ipswich Town,Southampton,0,1,0,1,2,1.8,0.9,57,43,Sam Morsy,4-2-3-1,15,6,19.8,2,0,0,Jan Bednarek,3-4-3,9,4,14.8,0,0,0,Michael Oliver,2025-02-01,Sat,15:00
1755,2025,24,Wolverhampton Wanderers,Aston Villa,1,0,0,2,0,1.6,0.4,32,68,Nélson Semedo,3-4-3,8,5,17.2,1,0,0,John McGinn,4-2-3-1,10,3,20.9,0,0,0,Andy Madley,2025-02-01,Sat,17:30
1756,2025,24,Brentford,Tottenham Hotspur,0,1,0,0,2,2.1,0.8,54,46,Christian Nørgaard,4-2-3-1,20,3,15.6,1,0,0,Son Heung-min,4-2-3-1,13,2,18.8,0,0,0,Jarred Gillett,2025-02-02,Sun,14:00
1757,2025,24,Manchester United,Crystal Palace,0,1,0,0,2,1.1,2.6,66,34,Bruno Fernandes,3-4-3,17,2,15.3,0,0,0,Marc Guéhi,3-4-3,11,3,14.4,0,0,0,John Brooks,2025-02-02,Sun,14:00
1758,2025,24,Arsenal,Manchester City,1,0,0,5,1,1.0,0.8,46,54,Martin Ødegaard,4-3-3,12,7,15.8,0,0,0,Bernardo Silva,4-2-3-1,7,4,12.6,0,0,0,Peter Bankes,2025-02-02,Sun,16:30
1759,2025,24,Chelsea,West Ham United,1,0,0,2,1,1.6,1.2,68,32,Reece James,4-2-3-1,22,3,17.0,1,0,0,Jarrod Bowen,3-4-3,14,5,20.4,1,0,0,Stuart Attwell,2025-02-03,Mon,20:00
1760,2025,15,Everton,Liverpool,0,0,1,2,2,1.0,0.6,37,63,James Tarkowski,4-2-3-1,10,3,18.3,0,0,0,Virgil van Dijk,4-2-3-1,6,4,15.4,0,0,0,Michael Oliver,2025-02-12,Wed,19:30
1761,2025,25,Brighton And Hove Albion,Chelsea,1,0,0,3,0,1.4,0.5,31,69,Danny Welbeck,5-4-1,13,5,16.2,0,0,0,Enzo Fernández,4-2-3-1,8,0,16.9,0,0,0,Chris Kavanagh,2025-02-14,Fri,20:00
1762,2025,25,Leicester City,Arsenal,0,1,0,0,2,0.2,1.4,40,60,Jamie Vardy,4-2-3-1,6,2,19.8,0,0,0,Martin Ødegaard,4-3-3,11,5,17.1,0,0,0,Samuel Barrott,2025-02-15,Sat,12:30
1763,2025,25,Manchester City,Newcastle United,1,0,0,4,0,1.9,0.5,61,39,Erling Haaland,4-2-3-1,11,7,15.2,0,0,0,Bruno Guimarães,4-3-3,3,1,10.7,0,0,0,Andy Madley,2025-02-15,Sat,15:00
1764,2025,25,West Ham United,Brentford,0,1,0,0,1,0.8,1.6,58,42,Jarrod Bowen,4-2-3-1,13,3,20.5,2,0,0,Christian Nørgaard,4-2-3-1,14,5,16.3,1,0,0,Darren England,2025-02-15,Sat,15:00
1765,2025,25,Southampton,Bournemouth,0,1,0,1,3,0.8,1.2,44,56,Jan Bednarek,3-4-1-2,11,4,19.3,0,0,0,Lewis Cook,4-2-3-1,14,7,16.7,0,0,0,Jarred Gillett,2025-02-15,Sat,15:00
1766,2025,25,Aston Villa,Ipswich Town,0,0,1,1,1,2.4,0.4,75,25,John McGinn,4-2-3-1,25,6,18.6,2,0,0,Dara O'Shea,4-2-3-1,4,3,19.6,1,0,0,Robert Jones,2025-02-15,Sat,15:00
1767,2025,25,Fulham,Nottingham Forest,1,0,0,2,1,2.1,0.4,55,45,Antonee Robinson,4-2-3-1,24,10,13.9,0,0,0,Morgan Gibbs-White,3-5-2,8,2,17.8,0,0,0,Thomas Bramall,2025-02-15,Sat,15:00
1768,2025,25,Crystal Palace,Everton,0,1,0,1,2,1.6,0.9,58,42,Marc Guéhi,3-4-3,17,6,18.0,0,0,0,James Tarkowski,4-2-3-1,11,6,17.6,0,0,0,Anthony Taylor,2025-02-15,Sat,17:30
1769,2025,25,Liverpool,Wolverhampton Wanderers,1,0,0,2,1,1.7,1.5,50,50,Virgil van Dijk,4-2-3-1,9,2,16.9,0,1,1,Nélson Semedo,3-4-3,16,4,22.0,2,0,0,Simon Hooper,2025-02-16,Sun,14:00
1770,2025,25,Tottenham Hotspur,Manchester United,1,0,0,1,0,2.2,1.5,55,45,Son Heung-min,4-3-3,22,7,15.3,0,0,0,Bruno Fernandes,3-4-3,16,6,14.6,0,0,0,Peter Bankes,2025-02-16,Sun,16:30
1771,2025,29,Aston Villa,Liverpool,0,0,1,2,2,0.6,2.5,52,48,John McGinn,4-2-3-1,9,3,18.0,0,0,0,Virgil van Dijk,4-2-3-1,17,3,14.2,0,0,0,Craig Pawson,2025-02-19,Wed,19:30
1772,2025,26,Leicester City,Brentford,0,1,0,0,4,0.5,1.5,48,52,Jamie Vardy,4-2-3-1,8,3,17.1,0,0,0,Christian Nørgaard,4-2-3-1,14,6,12.1,0,0,0,Tony Harrington,2025-02-21,Fri,20:00
1773,2025,26,Everton,Manchester United,0,0,1,2,2,1.6,0.4,38,62,James Tarkowski,4-2-3-1,9,8,12.5,0,0,0,Bruno Fernandes,3-4-3,9,3,20.0,2,0,0,Andy Madley,2025-02-22,Sat,12:30
1774,2025,26,Arsenal,West Ham United,0,1,0,0,1,1.2,1.1,68,32,Martin Ødegaard,4-3-3,20,2,16.2,1,0,0,Jarrod Bowen,5-3-2,5,2,11.8,0,0,0,Craig Pawson,2025-02-22,Sat,15:00
1775,2025,26,Southampton,Brighton And Hove Albion,0,1,0,0,4,0.1,3.9,50,50,Jan Bednarek,3-4-3,6,1,24.5,0,0,0,Adam Webster,4-2-3-1,18,12,14.6,1,0,0,Darren Bond,2025-02-22,Sat,15:00
1776,2025,26,Bournemouth,Wolverhampton Wanderers,0,1,0,0,1,0.9,2.0,46,54,Lewis Cook,4-2-3-1,8,3,17.1,0,0,0,Nélson Semedo,3-4-3,13,5,17.5,1,0,0,Michael Salisbury,2025-02-22,Sat,15:00
1777,2025,26,Fulham,Crystal Palace,0,1,0,0,2,0.2,1.3,62,38,Antonee Robinson,4-2-3-1,10,0,22.3,0,0,0,Marc Guéhi,3-4-3,10,5,16.5,1,0,0,Robert Jones,2025-02-22,Sat,15:00
1778,2025,26,Ipswich Town,Tottenham Hotspur,0,1,0,1,4,1.1,1.7,42,58,Dara O'Shea,4-2-3-1,17,5,17.8,1,0,0,Son Heung-min,4-3-3,10,6,13.4,0,0,0,Tim Robinson,2025-02-22,Sat,15:00
1779,2025,26,Aston Villa,Chelsea,1,0,0,2,1,2.3,2.3,52,48,John McGinn,4-2-3-1,12,6,13.2,0,0,0,Reece James,4-2-3-1,15,6,16.3,0,0,0,Michael Oliver,2025-02-22,Sat,17:30
1780,2025,26,Newcastle United,Nottingham Forest,1,0,0,4,3,2.9,1.7,57,43,Bruno Guimarães,4-3-3,12,4,11.6,0,1,1,Morgan Gibbs-White,4-2-3-1,17,5,17.0,0,0,0,Jarred Gillett,2025-02-23,Sun,14:00
1781,2025,26,Manchester City,Liverpool,0,1,0,0,2,0.6,0.7,66,34,Kevin De Bruyne,4-1-4-1,16,5,21.4,1,0,0,Virgil van Dijk,4-2-2-2,8,4,16.4,0,0,0,Anthony Taylor,2025-02-23,Sun,16:30
1782,2025,27,Brighton And Hove Albion,Bournemouth,1,0,0,2,1,2.4,1.5,44,56,Adam Webster,4-2-3-1,10,3,17.4,1,1,1,Lewis Cook,4-2-3-1,19,5,16.9,0,0,0,Michael Oliver,2025-02-25,Tue,19:30
1783,2025,27,Wolverhampton Wanderers,Fulham,0,1,0,1,2,1.3,1.7,60,40,Nélson Semedo,3-4-3,18,5,17.9,3,0,0,Bernd Leno,3-4-3,11,5,13.1,0,0,0,Peter Bankes,2025-02-25,Tue,19:30
1784,2025,27,Crystal Palace,Aston Villa,1,0,0,4,1,4.3,0.4,36,64,Marc Guéhi,3-4-3,19,6,14.6,1,0,0,John McGinn,3-4-3,6,2,10.0,0,0,0,Samuel Barrott,2025-02-25,Tue,19:30
1785,2025,27,Chelsea,Southampton,1,0,0,4,0,2.4,0.7,60,40,Enzo Fernández,4-2-3-1,19,10,15.6,1,0,0,Aaron Ramsdale,5-4-1,7,2,17.0,0,0,0,Thomas Bramall,2025-02-25,Tue,20:15
1786,2025,27,Nottingham Forest,Arsenal,0,0,1,0,0,0.4,1.0,36,64,Morgan Gibbs-White,4-2-3-1,6,2,16.9,0,0,0,Martin Ødegaard,4-3-3,13,1,14.1,0,0,0,Andy Madley,2025-02-26,Wed,19:30
1787,2025,27,Manchester United,Ipswich Town,1,0,0,3,2,0.7,1.4,45,55,Bruno Fernandes,3-4-3,10,6,12.9,0,0,0,Sam Morsy,3-4-3,12,3,18.9,0,0,0,Darren England,2025-02-26,Wed,19:30
1788,2025,27,Tottenham Hotspur,Manchester City,0,1,0,0,1,1.3,2.1,55,45,James Maddison,4-3-3,11,6,10.9,0,0,0,Rúben Dias,4-2-3-1,12,5,17.2,1,0,0,Jarred Gillett,2025-02-26,Wed,19:30
1789,2025,27,Brentford,Everton,0,0,1,1,1,1.4,1.5,52,48,Vitaly Janelt,4-2-3-1,12,3,14.8,0,0,0,James Tarkowski,4-2-3-1,14,4,20.7,0,0,0,Simon Hooper,2025-02-26,Wed,19:30
1790,2025,27,Liverpool,Newcastle United,1,0,0,2,0,1.7,0.2,61,39,Virgil van Dijk,4-2-3-1,12,3,16.2,0,0,0,Bruno Guimarães,4-2-3-1,3,0,19.3,1,0,0,Stuart Attwell,2025-02-26,Wed,20:15
1791,2025,27,West Ham United,Leicester City,1,0,0,2,0,1.3,0.4,58,42,Jarrod Bowen,3-5-2,8,2,10.6,0,0,0,Jamie Vardy,4-2-3-1,10,2,21.1,1,0,0,Anthony Taylor,2025-02-27,Thu,20:00
1792,2025,28,Nottingham Forest,Manchester City,1,0,0,1,0,0.7,0.9,31,69,Morgan Gibbs-White,4-2-3-1,9,4,14.8,0,0,0,Rúben Dias,4-1-4-1,14,3,20.3,1,0,0,Chris Kavanagh,2025-03-08,Sat,12:30
1793,2025,28,Liverpool,Southampton,1,0,0,3,1,3.9,0.4,71,29,Virgil van Dijk,4-3-3,26,5,16.3,0,2,2,Jan Bednarek,4-2-3-1,6,4,17.5,0,0,0,Lewis Smith,2025-03-08,Sat,15:00
1794,2025,28,Brighton And Hove Albion,Fulham,1,0,0,2,1,1.5,0.9,53,47,Adam Webster,4-2-3-1,8,3,16.2,0,1,1,Antonee Robinson,3-4-3,6,1,12.5,0,0,0,Samuel Barrott,2025-03-08,Sat,15:00
1795,2025,28,Crystal Palace,Ipswich Town,1,0,0,1,0,3.2,1.5,55,45,Marc Guéhi,3-4-3,19,4,14.6,1,0,0,Dara O'Shea,4-2-3-1,15,7,15.8,0,0,0,Simon Hooper,2025-03-08,Sat,15:00
1796,2025,28,Brentford,Aston Villa,0,1,0,0,1,0.8,1.3,59,41,Christian Nørgaard,4-2-3-1,13,3,17.0,0,0,0,John McGinn,4-2-3-1,12,4,16.9,1,0,0,Jarred Gillett,2025-03-08,Sat,17:30
1797,2025,28,Wolverhampton Wanderers,Everton,0,0,1,1,1,0.8,1.2,66,34,Nélson Semedo,3-4-3,11,3,18.3,1,0,0,James Tarkowski,4-2-3-1,12,4,16.2,0,0,0,Stuart Attwell,2025-03-08,Sat,20:00
1798,2025,28,Tottenham Hotspur,Bournemouth,0,0,1,2,2,1.5,2.2,61,39,Cristian Romero,4-3-3,11,3,18.2,0,1,1,Lewis Cook,4-2-3-1,17,8,14.0,1,0,0,John Brooks,2025-03-09,Sun,14:00
1799,2025,28,Chelsea,Leicester City,1,0,0,1,0,1.7,0.1,56,44,Enzo Fernández,4-2-3-1,19,6,20.0,0,0,1,Jamie Vardy,3-4-3,3,3,21.3,0,0,0,Tim Robinson,2025-03-09,Sun,14:00
1800,2025,28,Manchester United,Arsenal,0,0,1,1,1,1.5,1.6,32,68,Bruno Fernandes,3-4-3,10,6,15.9,1,0,0,Martin Ødegaard,4-3-3,17,6,19.6,1,0,0,Anthony Taylor,2025-03-09,Sun,16:30
1801,2025,28,West Ham United,Newcastle United,0,1,0,0,1,0.7,1.4,51,49,Jarrod Bowen,3-5-2,9,2,20.9,0,0,0,Bruno Guimarães,4-3-3,9,3,13.3,0,0,0,Michael Salisbury,2025-03-10,Mon,20:00
1802,2025,29,Everton,West Ham United,0,0,1,1,1,1.0,0.8,54,46,James Tarkowski,4-2-3-1,13,5,12.3,0,0,0,Jarrod Bowen,3-5-2,10,5,13.6,0,0,0,Darren Bond,2025-03-15,Sat,15:00
1803,2025,29,Ipswich Town,Nottingham Forest,0,1,0,2,4,0.4,1.5,55,45,Dara O'Shea,4-2-3-1,11,3,21.6,1,0,0,Morgan Gibbs-White,4-2-3-1,11,6,18.2,0,0,0,Michael Salisbury,2025-03-15,Sat,15:00
1804,2025,29,Southampton,Wolverhampton Wanderers,0,1,0,1,2,1.3,0.4,60,40,Aaron Ramsdale,3-4-3,10,3,13.2,0,0,0,Nélson Semedo,3-4-3,5,3,18.5,0,0,0,Robert Jones,2025-03-15,Sat,15:00
1805,2025,29,Manchester City,Brighton And Hove Albion,0,0,1,2,2,1.7,2.0,60,40,Rúben Dias,4-2-3-1,10,2,16.1,0,1,1,Adam Webster,4-2-3-1,15,3,14.4,1,0,0,Simon Hooper,2025-03-15,Sat,15:00
1806,2025,29,Bournemouth,Brentford,0,1,0,1,2,1.6,0.8,58,42,Lewis Cook,4-2-3-1,17,5,16.6,0,0,0,Christian Nørgaard,4-2-3-1,10,4,14.3,1,0,0,Craig Pawson,2025-03-15,Sat,17:30
1807,2025,29,Fulham,Tottenham Hotspur,1,0,0,2,0,1.0,0.9,57,43,Antonee Robinson,4-2-3-1,13,4,17.7,0,0,0,Cristian Romero,4-3-3,12,4,14.5,0,0,0,Andy Madley,2025-03-16,Sun,13:30
1808,2025,29,Arsenal,Chelsea,1,0,0,1,0,0.7,0.4,42,58,Martin Ødegaard,4-3-3,12,4,16.2,1,0,0,Reece James,4-2-3-1,8,2,21.8,0,0,0,Chris Kavanagh,2025-03-16,Sun,13:30
1809,2025,29,Leicester City,Manchester United,0,1,0,0,3,1.0,0.9,53,47,Jamie Vardy,3-4-3,11,3,18.3,0,0,0,Bruno Fernandes,3-4-3,18,5,21.3,0,0,0,Thomas Bramall,2025-03-16,Sun,19:00
1810,2025,30,Arsenal,Fulham,1,0,0,2,1,2.2,1.0,51,49,Martin Ødegaard,4-3-3,17,4,12.0,0,0,0,Antonee Robinson,3-4-3,9,3,14.9,0,0,0,John Brooks,2025-04-01,Tue,19:45
1811,2025,30,Wolverhampton Wanderers,West Ham United,1,0,0,1,0,1.2,1.3,42,58,Nélson Semedo,3-4-3,9,2,21.5,1,0,0,Jarrod Bowen,3-4-3,10,1,15.4,2,0,0,Tony Harrington,2025-04-01,Tue,19:45
1812,2025,30,Nottingham Forest,Manchester United,1,0,0,1,0,0.5,1.6,32,68,Ryan Yates,4-2-3-1,8,2,17.9,0,0,0,Bruno Fernandes,3-4-3,23,5,15.2,0,0,0,Jarred Gillett,2025-04-01,Tue,20:00
1813,2025,30,Southampton,Crystal Palace,0,0,1,1,1,0.7,0.7,43,57,Jack Stephens,3-4-3,8,2,13.6,0,0,0,Marc Guéhi,3-4-3,9,3,17.8,1,0,0,Andy Madley,2025-04-02,Wed,19:45
1814,2025,30,Manchester City,Leicester City,1,0,0,2,0,2.2,0.1,72,28,Rúben Dias,4-2-3-1,18,5,16.6,2,0,0,Jamie Vardy,3-4-3,2,0,16.8,0,0,0,Darren England,2025-04-02,Wed,19:45
1815,2025,30,Newcastle United,Brentford,1,0,0,2,1,1.3,1.5,49,51,Bruno Guimarães,4-3-3,21,4,17.5,0,0,0,Christian Nørgaard,4-2-3-1,11,2,17.7,0,1,1,Peter Bankes,2025-04-02,Wed,19:45
1816,2025,30,Bournemouth,Ipswich Town,0,1,0,1,2,1.8,1.2,63,37,Adam Smith,4-2-3-1,24,6,19.3,0,0,0,Sam Morsy,4-2-3-1,10,2,16.8,0,0,0,Robert Jones,2025-04-02,Wed,19:45
1817,2025,30,Brighton And Hove Albion,Aston Villa,0,1,0,0,3,0.9,1.2,56,44,Lewis Dunk,4-2-3-1,11,4,17.0,1,0,0,John McGinn,4-2-3-1,8,5,14.1,0,0,0,Stuart Attwell,2025-04-02,Wed,19:45
1818,2025,30,Liverpool,Everton,1,0,0,1,0,1.5,0.9,73,27,Virgil van Dijk,4-2-3-1,17,3,17.2,1,0,0,James Tarkowski,4-2-3-1,5,0,19.1,0,0,0,Samuel Barrott,2025-04-02,Wed,20:00
1819,2025,30,Chelsea,Tottenham Hotspur,1,0,0,1,0,1.0,0.9,51,49,Enzo Fernández,4-2-3-1,11,5,17.3,0,0,0,Son Heung-min,4-3-3,8,2,15.6,1,0,0,Craig Pawson,2025-04-03,Thu,20:00
1820,2025,31,Everton,Arsenal,0,0,1,1,1,1.1,1.8,31,69,James Tarkowski,4-2-3-1,4,1,21.7,0,1,1,Jorginho,4-3-3,14,4,13.3,2,0,0,Darren England,2025-04-05,Sat,12:30
1821,2025,31,Crystal Palace,Brighton And Hove Albion,1,0,0,2,1,0.6,1.0,38,62,Marc Guéhi,3-4-3,8,3,18.5,1,0,0,Lewis Dunk,4-2-3-1,11,5,16.7,0,0,0,Anthony Taylor,2025-04-05,Sat,15:00
1822,2025,31,Ipswich Town,Wolverhampton Wanderers,0,1,0,1,2,0.8,2.6,45,55,Sam Morsy,4-2-3-1,6,2,15.2,0,0,0,Nélson Semedo,3-4-3,22,6,13.2,0,0,0,Peter Bankes,2025-04-05,Sat,15:00
1823,2025,31,West Ham United,Bournemouth,0,0,1,2,2,0.7,2.1,56,44,Jarrod Bowen,4-2-3-1,9,3,16.4,1,0,0,Adam Smith,4-2-3-1,11,4,14.1,0,0,0,Tim Robinson,2025-04-05,Sat,15:00
1824,2025,31,Aston Villa,Nottingham Forest,1,0,0,2,1,3.0,1.5,52,48,Emiliano Martínez,4-2-3-1,17,8,16.4,1,0,0,Ryan Yates,3-4-1-2,19,3,19.0,0,0,0,Simon Hooper,2025-04-05,Sat,17:30
1825,2025,31,Fulham,Liverpool,1,0,0,3,2,0.7,1.5,37,63,Antonee Robinson,4-2-3-1,12,6,17.0,0,0,0,Virgil van Dijk,4-2-3-1,14,6,16.4,0,0,0,Chris Kavanagh,2025-04-06,Sun,14:00
1826,2025,31,Brentford,Chelsea,0,0,1,0,0,1.1,1.2,42,58,Christian Nørgaard,4-2-3-1,9,2,14.2,1,0,0,Reece James,4-2-3-1,21,5,19.0,0,0,0,Michael Oliver,2025-04-06,Sun,14:00
1827,2025,31,Tottenham Hotspur,Southampton,1,0,0,3,1,2.1,1.0,51,49,Son Heung-min,4-3-3,12,7,14.0,0,1,1,Jan Bednarek,4-2-3-1,12,4,17.5,0,0,0,Michael Salisbury,2025-04-06,Sun,14:00
1828,2025,31,Manchester United,Manchester City,0,0,1,0,0,0.9,0.5,42,58,Bruno Fernandes,3-4-3,13,2,17.9,1,0,0,Kevin De Bruyne,4-1-2-1-2◆,9,5,21.5,1,0,0,John Brooks,2025-04-06,Sun,16:30
1829,2025,31,Leicester City,Newcastle United,0,1,0,0,3,0.5,3.2,58,42,Jamie Vardy,3-4-3,7,2,14.1,0,0,0,Bruno Guimarães,4-3-3,16,5,18.7,1,0,0,Robert Jones,2025-04-07,Mon,20:00
1830,2025,32,Manchester City,Crystal Palace,1,0,0,5,2,3.7,1.8,67,33,Kevin De Bruyne,4-2-3-1,21,8,15.4,1,0,0,Dean Henderson,3-4-3,8,3,18.2,1,0,0,Jarred Gillett,2025-04-12,Sat,12:30
1831,2025,32,Nottingham Forest,Everton,0,1,0,0,1,0.5,1.4,43,57,Morgan Gibbs-White,4-2-3-1,10,5,21.4,0,0,0,James Tarkowski,4-2-3-1,13,5,18.4,0,0,0,Craig Pawson,2025-04-12,Sat,15:00
1832,2025,32,Brighton And Hove Albion,Leicester City,0,0,1,2,2,3.8,1.5,59,41,Lewis Dunk,4-1-4-1,19,5,15.8,1,2,2,Jamie Vardy,4-2-3-1,15,6,13.7,0,0,0,Darren Bond,2025-04-12,Sat,15:00
1833,2025,32,Southampton,Aston Villa,0,1,0,0,3,0.3,3.0,40,60,Jack Stephens,3-4-3,7,2,17.7,0,0,0,Emiliano Martínez,4-2-3-1,23,8,21.1,1,0,2,Thomas Bramall,2025-04-12,Sat,15:00
1834,2025,32,Arsenal,Brentford,0,0,1,1,1,1.0,0.2,63,37,Jorginho,4-3-3,14,3,18.3,0,0,0,Christian Nørgaard,4-4-2,3,2,11.5,0,0,0,Simon Hooper,2025-04-12,Sat,17:30
1835,2025,32,Liverpool,West Ham United,1,0,0,2,1,1.8,1.4,55,45,Virgil van Dijk,4-2-3-1,15,6,15.5,1,0,0,Jarrod Bowen,3-5-2,11,4,13.5,0,0,0,Andy Madley,2025-04-13,Sun,14:00
1836,2025,32,Wolverhampton Wanderers,Tottenham Hotspur,1,0,0,4,2,2.4,2.0,37,63,Nélson Semedo,3-4-3,13,5,15.5,1,0,0,Cristian Romero,4-3-3,11,4,14.7,1,0,0,Anthony Taylor,2025-04-13,Sun,14:00
1837,2025,32,Chelsea,Ipswich Town,0,0,1,2,2,2.2,1.1,73,27,Enzo Fernández,4-2-3-1,34,9,18.0,0,0,0,Sam Morsy,4-2-3-1,13,4,21.0,0,0,0,Stuart Attwell,2025-04-13,Sun,14:00
1838,2025,32,Newcastle United,Manchester United,1,0,0,4,1,2.2,0.7,48,52,Bruno Guimarães,4-3-3,13,6,13.4,0,0,0,Bruno Fernandes,3-4-3,9,5,20.4,0,0,0,Chris Kavanagh,2025-04-13,Sun,16:30
1839,2025,32,Bournemouth,Fulham,1,0,0,1,0,1.4,1.0,41,59,Adam Smith,4-2-3-1,12,3,15.6,0,0,0,Antonee Robinson,4-2-3-1,12,7,17.8,0,0,0,Michael Oliver,2025-04-14,Mon,20:00
1840,2025,29,Newcastle United,Crystal Palace,1,0,0,5,0,1.5,2.0,59,41,Bruno Guimarães,4-3-3,14,7,18.4,0,0,0,Marc Guéhi,3-4-3,10,2,14.8,0,0,1,Darren England,2025-04-16,Wed,19:30
1841,2025,33,West Ham United,Southampton,0,0,1,1,1,0.9,0.6,52,48,Jarrod Bowen,4-2-3-1,12,4,17.6,0,0,0,Jack Stephens,3-4-3,15,4,20.1,1,0,0,Andrew Kitchen,2025-04-19,Sat,15:00
1842,2025,33,Crystal Palace,Bournemouth,0,0,1,0,0,0.4,0.7,29,71,Marc Guéhi,3-4-3,5,0,17.7,1,0,0,Adam Smith,4-2-3-1,15,4,18.6,0,0,0,Samuel Barrott,2025-04-19,Sat,15:00
1843,2025,33,Everton,Manchester City,0,1,0,0,2,0.9,2.0,33,67,James Tarkowski,4-2-3-1,8,2,13.7,0,0,0,Kevin De Bruyne,4-2-3-1,12,6,15.6,0,0,0,Simon Hooper,2025-04-19,Sat,15:00
1844,2025,33,Brentford,Brighton And Hove Albion,1,0,0,4,2,2.1,1.4,47,53,Christian Nørgaard,4-2-3-1,16,8,12.3,0,0,0,Lewis Dunk,4-2-3-1,12,3,15.5,2,0,0,Tim Robinson,2025-04-19,Sat,15:00
1845,2025,33,Aston Villa,Newcastle United,1,0,0,4,1,2.2,1.0,48,52,John McGinn,4-2-3-1,23,9,14.3,0,0,0,Bruno Guimarães,4-3-3,10,3,14.3,0,0,0,Jarred Gillett,2025-04-19,Sat,17:30
1846,2025,33,Fulham,Chelsea,0,1,0,1,2,0.3,0.9,41,59,Antonee Robinson,4-2-3-1,6,1,19.7,1,0,0,Reece James,4-2-3-1,13,7,17.5,1,0,0,Anthony Taylor,2025-04-20,Sun,14:00
1847,2025,33,Ipswich Town,Arsenal,0,1,0,0,4,0.2,2.4,25,75,Sam Morsy,4-4-1-1,4,0,19.7,0,0,0,Martin Ødegaard,4-3-3,24,7,15.2,1,0,0,Chris Kavanagh,2025-04-20,Sun,14:00
1848,2025,33,Manchester United,Wolverhampton Wanderers,0,1,0,0,1,1.3,0.2,59,41,Victor Lindelöf,3-4-3,12,2,19.6,3,0,0,Nélson Semedo,3-4-3,4,2,20.6,1,0,0,Robert Jones,2025-04-20,Sun,14:00
1849,2025,33,Leicester City,Liverpool,0,1,0,0,1,0.3,2.5,42,58,Jamie Vardy,4-2-3-1,5,0,18.7,0,0,0,Virgil van Dijk,4-2-3-1,28,8,12.6,1,0,0,Stuart Attwell,2025-04-20,Sun,16:30
1850,2025,33,Tottenham Hotspur,Nottingham Forest,0,1,0,1,2,2.1,0.5,69,31,Cristian Romero,4-3-3,22,5,15.6,0,0,0,Morgan Gibbs-White,4-2-2-2,4,3,21.4,0,0,0,Peter Bankes,2025-04-21,Mon,20:00
1851,2025,34,Manchester City,Aston Villa,1,0,0,2,1,1.3,1.8,61,39,Kevin De Bruyne,4-1-4-1,14,6,14.4,0,0,0,Emiliano Martínez,4-2-3-1,6,2,16.2,0,1,1,Craig Pawson,2025-04-22,Tue,20:00
1852,2025,34,Arsenal,Crystal Palace,0,0,1,2,2,1.2,1.7,67,33,Martin Ødegaard,4-3-3,12,4,15.0,0,0,0,Marc Guéhi,3-4-3,15,4,15.0,0,0,0,Michael Salisbury,2025-04-23,Wed,20:00
1853,2025,34,Chelsea,Everton,1,0,0,1,0,0.8,0.4,55,45,Enzo Fernández,4-2-3-1,10,7,18.3,0,0,0,Jordan Pickford,4-2-3-1,6,3,16.9,0,0,0,Chris Kavanagh,2025-04-26,Sat,12:30
1854,2025,34,Brighton And Hove Albion,West Ham United,1,0,0,3,2,1.3,1.3,53,47,Lewis Dunk,4-2-3-1,16,9,19.8,0,0,0,Jarrod Bowen,3-5-2,12,4,15.2,0,0,0,Darren England,2025-04-26,Sat,15:00
1855,2025,34,Newcastle United,Ipswich Town,1,0,0,3,0,2.4,0.1,77,23,Bruno Guimarães,4-3-3,24,3,17.3,0,1,1,Sam Morsy,4-4-1-1,4,0,19.3,0,0,0,Michael Salisbury,2025-04-26,Sat,15:00
1856,2025,34,Wolverhampton Wanderers,Leicester City,1,0,0,3,0,2.0,1.1,56,44,Nélson Semedo,3-4-3,20,5,19.8,1,0,0,Jamie Vardy,4-2-3-1,7,1,20.4,0,0,1,Samuel Barrott,2025-04-26,Sat,15:00
1857,2025,34,Southampton,Fulham,0,1,0,1,2,0.6,2.4,35,65,Jack Stephens,3-4-3,7,3,16.6,0,0,0,Bernd Leno,4-3-3,26,5,14.3,0,0,0,Tony Harrington,2025-04-26,Sat,15:00
1858,2025,34,Bournemouth,Manchester United,0,0,1,1,1,0.5,2.3,39,61,Adam Smith,4-2-3-1,8,1,17.2,1,0,0,Bruno Fernandes,3-4-3,25,6,17.7,0,0,0,Peter Bankes,2025-04-27,Sun,14:00
1859,2025,34,Liverpool,Tottenham Hotspur,1,0,0,5,1,2.2,0.5,61,39,Virgil van Dijk,4-2-3-1,25,6,19.3,0,0,0,James Maddison,4-3-3,8,3,20.4,0,0,0,Thomas Bramall,2025-04-27,Sun,16:30
1860,2025,34,Nottingham Forest,Brentford,0,1,0,0,2,0.9,1.3,55,45,Ryan Yates,4-2-3-1,14,5,15.4,0,0,0,Christian Nørgaard,4-2-3-1,11,3,13.9,0,0,0,Darren England,2025-05-01,Thu,19:30
1861,2025,35,Manchester City,Wolverhampton Wanderers,1,0,0,1,0,0.7,0.4,63,37,Kevin De Bruyne,4-2-3-1,9,2,20.3,0,0,0,Nélson Semedo,3-4-3,6,0,16.3,0,0,0,Peter Bankes,2025-05-02,Fri,20:00
1862,2025,35,Aston Villa,Fulham,1,0,0,1,0,1.0,0.9,52,48,John McGinn,4-2-3-1,10,3,15.8,0,0,0,Bernd Leno,4-2-3-1,11,3,14.9,0,0,0,Robert Jones,2025-05-03,Sat,12:30
1863,2025,35,Leicester City,Southampton,1,0,0,2,0,1.4,0.5,49,51,Jamie Vardy,4-2-3-1,14,4,17.4,2,0,0,Jack Stephens,3-4-3,8,2,14.4,0,0,0,David Webb,2025-05-03,Sat,15:00
1864,2025,35,Everton,Ipswich Town,0,0,1,2,2,0.6,0.8,58,42,Jordan Pickford,4-2-3-1,8,3,14.5,0,0,0,Sam Morsy,4-2-3-1,12,5,19.8,0,0,0,Lewis Smith,2025-05-03,Sat,15:00
1865,2025,35,Arsenal,Bournemouth,0,1,0,1,2,1.4,0.9,51,49,Martin Ødegaard,4-3-3,13,4,14.1,1,0,0,Lewis Cook,4-2-3-1,9,2,15.2,0,0,0,Jarred Gillett,2025-05-03,Sat,17:30
1866,2025,35,Brentford,Manchester United,1,0,0,4,3,2.8,1.5,47,53,Christian Nørgaard,4-2-3-1,12,6,10.3,0,0,0,Luke Shaw,3-4-3,14,5,18.2,0,0,0,Anthony Taylor,2025-05-04,Sun,14:00
1867,2025,35,Brighton And Hove Albion,Newcastle United,0,0,1,1,1,0.7,1.7,45,55,Lewis Dunk,4-2-3-1,5,2,14.6,0,0,0,Bruno Guimarães,4-3-3,12,4,19.2,2,1,1,Craig Pawson,2025-05-04,Sun,14:00
1868,2025,35,West Ham United,Tottenham Hotspur,0,0,1,1,1,0.8,0.8,55,45,Jarrod Bowen,3-4-3,11,2,18.3,1,0,0,Guglielmo Vicario,4-3-3,7,2,18.8,1,0,0,Michael Oliver,2025-05-04,Sun,14:00
1869,2025,35,Chelsea,Liverpool,1,0,0,3,1,3.1,1.0,36,64,Enzo Fernández,4-2-3-1,16,5,14.3,0,1,1,Virgil van Dijk,4-2-3-1,11,2,13.5,1,0,0,Simon Hooper,2025-05-04,Sun,16:30
1870,2025,35,Crystal Palace,Nottingham Forest,0,0,1,1,1,2.3,0.7,50,50,Marc Guéhi,3-4-3,19,2,15.2,0,1,1,Morgan Gibbs-White,4-2-3-1,12,4,19.2,1,0,0,Andy Madley,2025-05-05,Mon,20:00
1871,2025,36,Fulham,Everton,0,1,0,1,3,0.8,1.1,64,36,Bernd Leno,4-2-3-1,18,6,18.2,0,0,0,Jordan Pickford,4-2-3-1,11,7,12.3,0,0,0,Darren England,2025-05-10,Sat,15:00
1872,2025,36,Wolverhampton Wanderers,Brighton And Hove Albion,0,1,0,0,2,0.9,1.6,56,44,Nélson Semedo,3-4-3,10,3,15.5,0,0,0,Danny Welbeck,4-2-3-1,6,1,22.5,0,1,1,Michael Oliver,2025-05-10,Sat,15:00
1873,2025,36,Ipswich Town,Brentford,0,1,0,0,1,0.9,1.4,49,51,Sam Morsy,4-2-3-1,11,4,21.4,0,0,0,Christian Nørgaard,4-2-3-1,15,5,14.8,0,0,0,Samuel Barrott,2025-05-10,Sat,15:00
1874,2025,36,Southampton,Manchester City,0,0,1,0,0,0.1,1.7,28,72,Jack Stephens,3-4-3,2,0,17.2,0,0,0,Kevin De Bruyne,4-2-3-1,26,4,17.5,2,0,0,Tim Robinson,2025-05-10,Sat,15:00
1875,2025,36,Bournemouth,Aston Villa,0,1,0,0,1,0.8,1.0,66,34,Adam Smith,4-2-3-1,10,4,15.6,0,0,0,Emiliano Martínez,4-2-3-1,6,3,14.9,0,0,0,Stuart Attwell,2025-05-10,Sat,17:30
1876,2025,36,Newcastle United,Chelsea,1,0,0,2,0,1.6,0.7,45,55,Bruno Guimarães,3-4-3,15,6,12.3,0,0,0,Enzo Fernández,4-2-3-1,10,3,17.3,0,0,0,John Brooks,2025-05-11,Sun,12:00
1877,2025,36,Tottenham Hotspur,Crystal Palace,0,1,0,0,2,0.7,3.3,48,52,Rodrigo Bentancur,4-3-3,8,1,15.1,1,0,0,Marc Guéhi,3-4-3,23,9,15.2,0,0,0,Chris Kavanagh,2025-05-11,Sun,14:15
1878,2025,36,Manchester United,West Ham United,0,1,0,0,2,2.1,1.7,52,48,Bruno Fernandes,3-4-3,20,5,18.1,0,0,0,Jarrod Bowen,3-4-1-2,9,4,12.4,0,0,0,Jarred Gillett,2025-05-11,Sun,14:15
1879,2025,36,Nottingham Forest,Leicester City,0,0,1,2,2,1.3,1.1,55,45,Morgan Gibbs-White,4-2-3-1,15,4,17.1,1,0,0,Jamie Vardy,4-2-3-1,10,6,13.7,0,0,0,Tony Harrington,2025-05-11,Sun,14:15
1880,2025,36,Liverpool,Arsenal,0,0,1,2,2,2.4,2.6,45,55,Virgil van Dijk,4-2-3-1,14,5,16.6,1,0,0,Martin Ødegaard,4-3-3,15,6,15.5,0,0,0,Anthony Taylor,2025-05-11,Sun,16:30
1881,2025,37,Aston Villa,Tottenham Hotspur,1,0,0,2,0,1.4,0.5,67,33,John McGinn,4-2-3-1,18,7,17.2,0,0,0,Son Heung-min,4-2-3-1,3,1,17.0,1,0,0,Peter Bankes,2025-05-16,Fri,19:30
1882,2025,37,Chelsea,Manchester United,1,0,0,1,0,0.8,0.3,47,53,Reece James,4-2-3-1,11,3,19.3,1,0,0,Bruno Fernandes,3-4-3,4,1,15.3,0,0,0,Chris Kavanagh,2025-05-16,Fri,20:15
1883,2025,37,Everton,Southampton,1,0,0,2,0,2.7,1.2,50,50,Séamus Coleman,4-2-3-1,13,4,12.1,0,0,0,Jack Stephens,3-4-3,6,2,12.5,0,0,0,Michael Oliver,2025-05-18,Sun,12:00
1884,2025,37,West Ham United,Nottingham Forest,0,1,0,1,2,1.1,1.9,60,40,Jarrod Bowen,3-4-1-2,16,5,15.5,0,0,0,Morgan Gibbs-White,4-3-1-2,10,5,14.9,0,0,0,Samuel Barrott,2025-05-18,Sun,14:15
1885,2025,37,Leicester City,Ipswich Town,1,0,0,2,0,0.8,1.4,50,50,Jamie Vardy,4-2-3-1,9,3,14.4,0,0,0,Sam Morsy,4-2-3-1,20,2,15.6,0,0,0,Andrew Kitchen,2025-05-18,Sun,15:00
1886,2025,37,Brentford,Fulham,0,1,0,2,3,2.5,1.0,51,49,Christian Nørgaard,4-2-3-1,10,4,11.1,0,0,1,Bernd Leno,4-2-3-1,16,7,17.7,2,0,0,Jarred Gillett,2025-05-18,Sun,15:00
1887,2025,37,Arsenal,Newcastle United,1,0,0,1,0,0.6,1.5,51,49,Martin Ødegaard,4-3-3,12,4,18.1,0,0,0,Bruno Guimarães,3-4-3,14,5,14.3,1,0,0,Simon Hooper,2025-05-18,Sun,16:30
1888,2025,37,Brighton And Hove Albion,Liverpool,1,0,0,3,2,2.2,2.2,49,51,Danny Welbeck,4-2-3-1,25,12,17.5,1,0,0,Mohamed Salah,4-2-3-1,18,5,16.1,1,0,0,Andy Madley,2025-05-19,Mon,20:00
1889,2025,37,Crystal Palace,Wolverhampton Wanderers,1,0,0,4,2,1.7,1.4,31,69,Joel Ward,3-4-3,14,10,17.0,1,0,0,Toti Gomes,3-4-3,12,3,15.1,0,0,0,David Webb,2025-05-20,Tue,20:00
1890,2025,37,Manchester City,Bournemouth,1,0,0,3,1,1.5,1.1,57,43,Kevin De Bruyne,4-2-3-1,12,5,20.7,1,0,0,Lewis Cook,4-2-3-1,8,2,14.8,0,0,0,Thomas Bramall,2025-05-20,Tue,20:00
1891,2025,38,Fulham,Manchester City,0,1,0,0,2,1.3,3.0,47,53,Tom Cairney,4-2-3-1,13,3,14.7,0,0,0,Rúben Dias,4-2-3-1,19,4,15.2,1,1,1,Andy Madley,2025-05-25,Sun,16:00
1892,2025,38,Nottingham Forest,Chelsea,0,1,0,0,1,1.2,1.1,52,48,Morgan Gibbs-White,4-3-1-2,10,2,14.0,1,0,0,Reece James,4-2-3-1,6,2,14.3,0,0,0,Anthony Taylor,2025-05-25,Sun,16:00
1893,2025,38,Wolverhampton Wanderers,Brentford,0,0,1,1,1,1.0,1.4,49,51,Nélson Semedo,3-4-3,18,6,20.6,0,0,0,Christian Nørgaard,4-2-3-1,13,7,14.4,0,0,0,Craig Pawson,2025-05-25,Sun,16:00
1894,2025,38,Southampton,Arsenal,0,1,0,1,2,0.6,2.3,38,62,Aaron Ramsdale,5-4-1,7,2,16.3,1,0,0,Declan Rice,4-2-3-1,23,7,15.9,0,0,0,Darren Bond,2025-05-25,Sun,16:00
1895,2025,38,Liverpool,Crystal Palace,0,0,1,1,1,2.1,1.8,69,31,Virgil van Dijk,4-2-3-1,14,3,14.3,0,0,0,Dean Henderson,3-4-3,8,5,16.1,0,0,0,Darren England,2025-05-25,Sun,16:00
1896,2025,38,Bournemouth,Leicester City,1,0,0,2,0,1.6,0.3,63,37,Adam Smith,4-2-3-1,20,7,17.5,1,0,0,Conor Coady,4-2-3-1,3,0,18.9,0,0,0,Lewis Smith,2025-05-25,Sun,16:00
1897,2025,38,Tottenham Hotspur,Brighton And Hove Albion,0,1,0,1,4,2.0,2.2,34,66,Guglielmo Vicario,4-3-3,3,1,17.1,0,1,1,Adam Webster,4-4-2,22,7,15.4,0,1,1,Robert Jones,2025-05-25,Sun,16:00
1898,2025,38,Manchester United,Aston Villa,1,0,0,2,0,2.9,0.4,67,33,Bruno Fernandes,3-4-3,25,9,19.7,1,1,1,John McGinn,4-2-3-1,6,1,19.5,0,0,0,Thomas Bramall,2025-05-25,Sun,16:00
1899,2025,38,Ipswich Town,West Ham United,0,1,0,1,3,0.7,1.1,42,58,Sam Morsy,4-2-3-1,14,4,17.7,0,0,0,Jarrod Bowen,3-1-4-2,10,6,17.3,0,0,0,Tim Robinson,2025-05-25,Sun,16:00
1900,2025,38,Newcastle United,Everton,0,1,0,0,1,1.2,1.2,65,35,Bruno Guimarães,3-4-3,17,6,17.3,1,0,0,Jordan Pickford,4-2-3-1,14,6,18.5,1,0,0,Tony Harrington,2025-05-25,Sun,16:00
