,Unnamed: 0_home,date,time,round,venue_home,result_home,gf_home,ga_home,opponent_home,xg_home,xga_home,poss_home,sh_home,sot_home,home,season,Unnamed: 0_away,venue_away,result_away,gf_away,ga_away,opponent_away,xg_away,xga_away,poss_away,sh_away,sot_away,away,result
0,1,2020-09-19,20:00,Matchweek 2,Home,W,2,1,West Ham,1.1,2.0,62.0,7.0,3.0,Arsenal,2021,3421,Away,L,1,2,Arsenal,2.0,1.1,38.0,14.0,2.0,West Ham,Home
2,3,2020-10-04,14:00,Matchweek 4,Home,W,2,1,Sheffield United,0.6,0.2,64.0,6.0,5.0,Arsenal,2021,2929,Away,L,1,2,Arsenal,0.2,0.6,36.0,6.0,2.0,Sheffield United,Home
3,5,2020-10-25,19:15,Matchweek 6,Home,L,0,1,Leicester City,0.7,0.7,56.0,12.0,4.0,Arsenal,2021,1829,Away,W,1,0,Arsenal,0.7,0.7,44.0,6.0,2.0,Leicester City,Away
4,7,2020-11-08,19:15,Matchweek 8,Home,L,0,3,Aston Villa,1.5,1.8,59.0,13.0,2.0,Arsenal,2021,196,Away,W,3,0,Arsenal,1.8,1.5,41.0,15.0,5.0,Aston Villa,Away
5,9,2020-11-29,19:15,Matchweek 10,Home,L,1,2,Wolverhampton Wanderers,1.5,1.8,56.0,13.0,2.0,Arsenal,2021,3619,Away,W,2,1,Arsenal,1.8,1.5,44.0,11.0,5.0,Wolverhampton Wanderers,Away
7,11,2020-12-13,19:15,Matchweek 12,Home,L,0,1,Burnley,1.6,1.4,65.0,18.0,6.0,Arsenal,2021,846,Away,W,1,0,Arsenal,1.4,1.6,35.0,10.0,2.0,Burnley,Away
10,12,2020-12-16,18:00,Matchweek 13,Home,D,1,1,Southampton,0.6,1.2,36.0,9.0,4.0,Arsenal,2021,3014,Away,D,1,1,Arsenal,1.2,0.6,64.0,13.0,3.0,Southampton,Draw
11,14,2020-12-26,17:30,Matchweek 15,Home,W,3,1,Chelsea,2.0,2.6,40.0,14.0,6.0,Arsenal,2021,964,Away,L,1,3,Arsenal,2.6,2.0,60.0,18.0,2.0,Chelsea,Home
12,17,2021-01-14,20:00,Matchweek 18,Home,D,0,0,Crystal Palace,0.4,0.8,67.0,11.0,4.0,Arsenal,2021,1157,Away,D,0,0,Arsenal,0.8,0.4,33.0,12.0,2.0,Crystal Palace,Draw
13,18,2021-01-18,20:00,Matchweek 19,Home,W,3,0,Newcastle United,2.4,0.2,66.0,20.0,6.0,Arsenal,2021,2601,Away,L,0,3,Arsenal,0.2,2.4,34.0,4.0,1.0,Newcastle United,Home
14,20,2021-01-30,17:30,Matchweek 21,Home,D,0,0,Manchester United,0.9,1.6,43.0,17.0,3.0,Arsenal,2021,2414,Away,D,0,0,Arsenal,1.6,0.9,57.0,14.0,3.0,Manchester United,Draw
15,23,2021-02-14,16:30,Matchweek 24,Home,W,4,2,Leeds United,2.3,0.9,46.0,12.0,4.0,Arsenal,2021,1732,Away,L,2,4,Arsenal,0.9,2.3,54.0,9.0,5.0,Leeds United,Home
16,24,2021-02-21,16:30,Matchweek 25,Home,L,0,1,Manchester City,0.3,1.8,45.0,7.0,1.0,Arsenal,2021,2228,Away,W,1,0,Arsenal,1.8,0.3,55.0,15.0,3.0,Manchester City,Away
17,27,2021-03-14,16:30,Matchweek 28,Home,W,2,1,Tottenham Hotspur,1.7,0.4,52.0,12.0,2.0,Arsenal,2021,3181,Away,L,1,2,Arsenal,0.4,1.7,48.0,6.0,3.0,Tottenham Hotspur,Home
18,29,2021-04-03,20:00,Matchweek 30,Home,L,0,3,Liverpool,0.1,2.4,36.0,3.0,2.0,Arsenal,2021,2005,Away,W,3,0,Arsenal,2.4,0.1,64.0,16.0,7.0,Liverpool,Away
19,31,2021-04-18,13:30,Matchweek 32,Home,D,1,1,Fulham,2.7,0.9,69.0,18.0,5.0,Arsenal,2021,1552,Away,D,1,1,Arsenal,0.9,2.7,31.0,2.0,0.0,Fulham,Draw
20,32,2021-04-23,20:00,Matchweek 33,Home,L,0,1,Everton,0.8,0.5,59.0,14.0,3.0,Arsenal,2021,1361,Away,W,1,0,Arsenal,0.5,0.8,41.0,8.0,1.0,Everton,Away
21,34,2021-05-09,19:00,Matchweek 35,Home,W,3,1,West Brom,0.9,1.8,65.0,15.0,7.0,Arsenal,2021,3416,Away,L,1,3,Arsenal,1.8,0.9,35.0,12.0,1.0,West Brom,Home
22,37,2021-05-23,16:00,Matchweek 38,Home,W,2,0,Brighton,0.8,0.2,54.0,16.0,5.0,Arsenal,2021,683,Away,L,0,2,Arsenal,0.2,0.8,46.0,5.0,1.0,Brighton,Home
32,39,2021-08-22,16:30,Matchweek 2,Home,L,0,2,Chelsea,0.3,3.1,35.0,6.0,3.0,Arsenal,2022,989,Away,W,2,0,Arsenal,3.1,0.3,65.0,22.0,5.0,Chelsea,Away
36,41,2021-09-11,15:00,Matchweek 4,Home,W,1,0,Norwich City,2.7,0.7,51.0,30.0,6.0,Arsenal,2022,2777,Away,L,0,1,Arsenal,0.7,2.7,49.0,10.0,1.0,Norwich City,Home
39,43,2021-09-26,16:30,Matchweek 6,Home,W,3,1,Tottenham Hotspur,1.1,1.0,46.0,12.0,7.0,Arsenal,2022,3197,Away,L,1,3,Arsenal,1.0,1.1,54.0,10.0,4.0,Tottenham Hotspur,Home
40,45,2021-10-18,20:00,Matchweek 8,Home,D,2,2,Crystal Palace,1.7,0.7,54.0,17.0,6.0,Arsenal,2022,1185,Away,D,2,2,Arsenal,0.7,1.7,46.0,9.0,6.0,Crystal Palace,Draw
41,46,2021-10-22,20:00,Matchweek 9,Home,W,3,1,Aston Villa,2.7,1.4,53.0,21.0,8.0,Arsenal,2022,236,Away,L,1,3,Arsenal,1.4,2.7,47.0,10.0,4.0,Aston Villa,Home
44,48,2021-11-07,14:00,Matchweek 11,Home,W,1,0,Watford,1.6,0.5,60.0,13.0,5.0,Arsenal,2022,3354,Away,L,0,1,Arsenal,0.5,1.6,40.0,7.0,1.0,Watford,Home
45,50,2021-11-27,12:30,Matchweek 13,Home,W,2,0,Newcastle United,2.5,0.3,66.0,24.0,6.0,Arsenal,2022,2634,Away,L,0,2,Arsenal,0.3,2.5,34.0,9.0,5.0,Newcastle United,Home
48,53,2021-12-11,15:00,Matchweek 16,Home,W,3,0,Southampton,1.8,0.6,61.0,15.0,5.0,Arsenal,2022,3055,Away,L,0,3,Arsenal,0.6,1.8,39.0,11.0,6.0,Southampton,Home
49,54,2021-12-15,20:00,Matchweek 17,Home,W,2,0,West Ham,2.8,0.4,55.0,20.0,7.0,Arsenal,2022,3474,Away,L,0,2,Arsenal,0.4,2.8,45.0,7.0,1.0,West Ham,Home
50,57,2022-01-01,12:30,Matchweek 21,Home,L,1,2,Manchester City,0.8,2.0,29.0,7.0,2.0,Arsenal,2022,2262,Away,W,2,1,Arsenal,2.0,0.8,71.0,14.0,1.0,Manchester City,Away
52,58,2022-01-23,14:00,Matchweek 23,Home,D,0,0,Burnley,1.2,0.4,75.0,20.0,5.0,Arsenal,2022,891,Away,D,0,0,Arsenal,0.4,1.2,25.0,10.0,1.0,Burnley,Draw
54,60,2022-02-19,15:00,Matchweek 26,Home,W,2,1,Brentford,1.7,0.6,66.0,24.0,7.0,Arsenal,2022,519,Away,L,1,2,Arsenal,0.6,1.7,34.0,6.0,2.0,Brentford,Home
60,61,2022-02-24,19:45,Matchweek 20,Home,W,2,1,Wolverhampton Wanderers,3.1,1.0,56.0,26.0,5.0,Arsenal,2022,3672,Away,L,1,2,Arsenal,1.0,3.1,44.0,6.0,2.0,Wolverhampton Wanderers,Home
61,63,2022-03-13,16:30,Matchweek 29,Home,W,2,0,Leicester City,2.4,0.4,46.0,20.0,6.0,Arsenal,2022,1887,Away,L,0,2,Arsenal,0.4,2.4,54.0,6.0,3.0,Leicester City,Home
62,64,2022-03-16,20:15,Matchweek 27,Home,L,0,2,Liverpool,0.5,0.8,49.0,9.0,2.0,Arsenal,2022,2042,Away,W,2,0,Arsenal,0.8,0.5,51.0,9.0,3.0,Liverpool,Away
63,67,2022-04-09,15:00,Matchweek 32,Home,L,1,2,Brighton,1.9,0.6,64.0,20.0,4.0,Arsenal,2022,714,Away,W,2,1,Arsenal,0.6,1.9,36.0,8.0,3.0,Brighton,Away
66,70,2022-04-23,12:30,Matchweek 34,Home,W,3,1,Manchester United,2.3,1.8,54.0,13.0,6.0,Arsenal,2022,2465,Away,L,1,3,Arsenal,1.8,2.3,46.0,13.0,5.0,Manchester United,Home
68,72,2022-05-08,14:00,Matchweek 36,Home,W,2,1,Leeds United,2.0,0.3,64.0,19.0,9.0,Arsenal,2022,1782,Away,L,1,2,Arsenal,0.3,2.0,36.0,3.0,2.0,Leeds United,Home
71,75,2022-05-22,16:00,Matchweek 38,Home,W,5,1,Everton,4.2,1.1,73.0,25.0,8.0,Arsenal,2022,1405,Away,L,1,5,Arsenal,1.1,4.2,27.0,6.0,2.0,Everton,Home
83,77,2022-08-13,15:00,Matchweek 2,Home,W,4,2,Leicester City,2.7,0.5,50.0,19.0,7.0,Arsenal,2023,1901,Away,L,2,4,Arsenal,0.5,2.7,50.0,6.0,2.0,Leicester City,Home
85,79,2022-08-27,17:30,Matchweek 4,Home,W,2,1,Fulham,2.6,0.8,71.0,22.0,8.0,Arsenal,2023,1561,Away,L,1,2,Arsenal,0.8,2.6,29.0,11.0,3.0,Fulham,Home
86,80,2022-08-31,19:30,Matchweek 5,Home,W,2,1,Aston Villa,2.4,0.4,59.0,22.0,8.0,Arsenal,2023,270,Away,L,1,2,Arsenal,0.4,2.4,41.0,4.0,3.0,Aston Villa,Home
89,83,2022-10-01,12:30,Matchweek 9,Home,W,3,1,Tottenham Hotspur,2.4,1.6,64.0,22.0,9.0,Arsenal,2023,3237,Away,L,1,3,Arsenal,1.6,2.4,36.0,6.0,2.0,Tottenham Hotspur,Home
90,84,2022-10-09,16:30,Matchweek 10,Home,W,3,2,Liverpool,2.7,1.1,43.0,10.0,6.0,Arsenal,2023,2059,Away,L,2,3,Arsenal,1.1,2.7,57.0,8.0,3.0,Liverpool,Home
91,87,2022-10-30,14:00,Matchweek 14,Home,W,5,0,Nottingham Forest,2.3,0.4,69.0,24.0,9.0,Arsenal,2023,2824,Away,L,0,5,Arsenal,0.4,2.3,31.0,5.0,2.0,Nottingham Forest,Home
92,90,2022-12-26,20:00,Matchweek 17,Home,W,3,1,West Ham,2.1,1.0,66.0,16.0,5.0,Arsenal,2023,3511,Away,L,1,3,Arsenal,1.0,2.1,34.0,7.0,3.0,West Ham,Home
95,92,2023-01-03,19:45,Matchweek 19,Home,D,0,0,Newcastle United,1.1,1.0,66.0,17.0,4.0,Arsenal,2023,2677,Away,D,0,0,Arsenal,1.0,1.1,34.0,8.0,1.0,Newcastle United,Draw
96,94,2023-01-22,16:30,Matchweek 21,Home,W,3,2,Manchester United,3.1,0.4,57.0,25.0,5.0,Arsenal,2023,2489,Away,L,2,3,Arsenal,0.4,3.1,43.0,6.0,4.0,Manchester United,Home
97,96,2023-02-11,15:00,Matchweek 23,Home,D,1,1,Brentford,1.6,2.0,69.0,23.0,7.0,Arsenal,2023,553,Away,D,1,1,Arsenal,2.0,1.6,31.0,9.0,2.0,Brentford,Draw
102,97,2023-02-15,19:30,Matchweek 12,Home,L,1,3,Manchester City,1.6,1.8,63.0,9.0,0.0,Arsenal,2023,2302,Away,W,3,1,Arsenal,1.8,1.6,37.0,9.0,5.0,Manchester City,Away
103,100,2023-03-01,19:45,Matchweek 7,Home,W,4,0,Everton,2.4,1.2,73.0,15.0,5.0,Arsenal,2023,1430,Away,L,0,4,Arsenal,1.2,2.4,27.0,8.0,5.0,Everton,Home
104,101,2023-03-04,15:00,Matchweek 26,Home,W,3,2,Bournemouth,2.1,1.3,79.0,31.0,9.0,Arsenal,2023,404,Away,L,2,3,Arsenal,1.3,2.1,21.0,4.0,4.0,Bournemouth,Home
109,103,2023-03-19,14:00,Matchweek 28,Home,W,4,1,Crystal Palace,1.6,0.8,62.0,15.0,5.0,Arsenal,2023,1243,Away,L,1,4,Arsenal,0.8,1.6,38.0,9.0,5.0,Crystal Palace,Home
112,104,2023-04-01,15:00,Matchweek 29,Home,W,4,1,Leeds United,3.8,0.7,66.0,12.0,4.0,Arsenal,2023,1813,Away,L,1,4,Arsenal,0.7,3.8,34.0,7.0,5.0,Leeds United,Home
115,107,2023-04-21,20:00,Matchweek 32,Home,D,3,3,Southampton,2.4,1.3,74.0,25.0,5.0,Arsenal,2023,3109,Away,D,3,3,Arsenal,1.3,2.4,26.0,8.0,6.0,Southampton,Draw
116,109,2023-05-02,20:00,Matchweek 34,Home,W,3,1,Chelsea,1.7,0.8,55.0,16.0,9.0,Arsenal,2023,1058,Away,L,1,3,Arsenal,0.8,1.7,45.0,7.0,4.0,Chelsea,Home
117,111,2023-05-14,16:30,Matchweek 36,Home,L,0,3,Brighton,0.9,1.7,41.0,14.0,2.0,Arsenal,2023,755,Away,W,3,0,Arsenal,1.7,0.9,59.0,12.0,6.0,Brighton,Away
127,113,2023-05-28,16:30,Matchweek 38,Home,W,5,0,Wolverhampton Wanderers,2.8,0.5,51.0,14.0,8.0,Arsenal,2023,3723,Away,L,0,5,Arsenal,0.5,2.8,49.0,6.0,0.0,Wolverhampton Wanderers,Home
128,114,2023-08-12,12:30,Matchweek 1,Home,W,2,1,Nottingham Forest,0.8,1.2,78.0,15.0,7.0,Arsenal,2024,2850,Away,L,1,2,Arsenal,1.2,0.8,22.0,6.0,2.0,Nottingham Forest,Home
130,116,2023-08-26,15:00,Matchweek 3,Home,D,2,2,Fulham,3.2,0.6,71.0,18.0,9.0,Arsenal,2024,1598,Away,D,2,2,Arsenal,0.6,3.2,29.0,8.0,3.0,Fulham,Draw
133,117,2023-09-03,16:30,Matchweek 4,Home,W,3,1,Manchester United,2.3,0.9,55.0,17.0,5.0,Arsenal,2024,2511,Away,L,1,3,Arsenal,0.9,2.3,45.0,10.0,2.0,Manchester United,Home
136,119,2023-09-24,14:00,Matchweek 6,Home,D,2,2,Tottenham Hotspur,1.8,1.4,47.0,12.0,4.0,Arsenal,2024,3273,Away,D,2,2,Arsenal,1.4,1.8,53.0,13.0,5.0,Tottenham Hotspur,Draw
138,121,2023-10-08,16:30,Matchweek 8,Home,W,1,0,Manchester City,0.4,0.5,49.0,12.0,2.0,Arsenal,2024,2325,Away,L,0,1,Arsenal,0.5,0.4,51.0,4.0,0.0,Manchester City,Home
140,123,2023-10-28,15:00,Matchweek 10,Home,W,5,0,Sheffield United,2.8,0.0,67.0,12.0,6.0,Arsenal,2024,2973,Away,L,0,5,Arsenal,0.0,2.8,33.0,2.0,0.0,Sheffield United,Home
141,125,2023-11-11,15:00,Matchweek 12,Home,W,3,1,Burnley,1.8,0.3,63.0,16.0,6.0,Arsenal,2024,923,Away,L,1,3,Arsenal,0.3,1.8,37.0,8.0,5.0,Burnley,Home
146,127,2023-12-02,15:00,Matchweek 14,Home,W,2,1,Wolverhampton Wanderers,2.8,0.7,57.0,19.0,6.0,Arsenal,2024,3737,Away,L,1,2,Arsenal,0.7,2.8,43.0,6.0,3.0,Wolverhampton Wanderers,Home
148,130,2023-12-17,14:00,Matchweek 17,Home,W,2,0,Brighton,2.3,0.7,49.0,26.0,8.0,Arsenal,2024,776,Away,L,0,2,Arsenal,0.7,2.3,51.0,6.0,1.0,Brighton,Home
150,132,2023-12-28,20:15,Matchweek 19,Home,L,0,2,West Ham,2.7,1.4,73.0,30.0,8.0,Arsenal,2024,3552,Away,W,2,0,Arsenal,1.4,2.7,27.0,5.0,2.0,West Ham,Away
151,134,2024-01-20,12:30,Matchweek 21,Home,W,5,0,Crystal Palace,3.3,0.3,60.0,21.0,7.0,Arsenal,2024,1274,Away,L,0,5,Arsenal,0.3,3.3,40.0,12.0,5.0,Crystal Palace,Home
152,136,2024-02-04,16:30,Matchweek 23,Home,W,3,1,Liverpool,3.5,0.4,43.0,15.0,7.0,Arsenal,2024,2112,Away,L,1,3,Arsenal,0.4,3.5,57.0,10.0,1.0,Liverpool,Home
153,139,2024-02-24,20:00,Matchweek 26,Home,W,4,1,Newcastle United,2.8,0.2,55.0,18.0,7.0,Arsenal,2024,2723,Away,L,1,4,Arsenal,0.2,2.8,45.0,3.0,2.0,Newcastle United,Home
154,141,2024-03-09,17:30,Matchweek 28,Home,W,2,1,Brentford,1.3,1.0,71.0,17.0,5.0,Arsenal,2024,597,Away,L,1,2,Arsenal,1.0,1.3,29.0,9.0,4.0,Brentford,Home
156,143,2024-04-03,19:30,Matchweek 31,Home,W,2,0,Luton Town,0.7,0.3,58.0,13.0,4.0,Arsenal,2024,2196,Away,L,0,2,Arsenal,0.3,0.7,42.0,5.0,1.0,Luton Town,Home
157,145,2024-04-14,16:30,Matchweek 33,Home,L,0,2,Aston Villa,1.6,0.9,52.0,18.0,4.0,Arsenal,2024,336,Away,W,2,0,Arsenal,0.9,1.6,48.0,11.0,2.0,Aston Villa,Away
158,147,2024-04-23,20:00,Matchweek 29,Home,W,5,0,Chelsea,3.3,1.6,45.0,27.0,10.0,Arsenal,2024,1095,Away,L,0,5,Arsenal,1.6,3.3,55.0,7.0,1.0,Chelsea,Home
159,149,2024-05-04,12:30,Matchweek 36,Home,W,3,0,Bournemouth,3.3,0.5,55.0,24.0,8.0,Arsenal,2024,453,Away,L,0,3,Arsenal,0.5,3.3,45.0,7.0,2.0,Bournemouth,Home
162,151,2024-05-19,16:00,Matchweek 38,Home,W,2,1,Everton,2.9,0.6,68.0,26.0,5.0,Arsenal,2024,1481,Away,L,1,2,Arsenal,0.6,2.9,32.0,5.0,2.0,Everton,Home
173,152,2024-08-17,15:00,Matchweek 1,Home,W,2,0,Wolverhampton Wanderers,1.2,0.5,53.0,18.0,6.0,Arsenal,2025,3762,Away,L,0,2,Arsenal,0.5,1.2,47.0,9.0,3.0,Wolverhampton Wanderers,Home
174,154,2024-08-31,12:30,Matchweek 3,Home,D,1,1,Brighton,2.1,1.7,36.0,11.0,7.0,Arsenal,2025,800,Away,D,1,1,Arsenal,1.7,2.1,64.0,22.0,4.0,Brighton,Draw
178,157,2024-09-28,15:00,Matchweek 6,Home,W,4,2,Leicester City,4.4,0.3,74.0,35.0,16.0,Arsenal,2025,1943,Away,L,2,4,Arsenal,0.3,4.4,26.0,5.0,3.0,Leicester City,Home
183,158,2024-10-05,15:00,Matchweek 7,Home,W,3,1,Southampton,2.8,0.6,59.0,29.0,6.0,Arsenal,2025,3122,Away,L,1,3,Arsenal,0.6,2.8,41.0,8.0,2.0,Southampton,Home
185,160,2024-10-27,16:30,Matchweek 9,Home,D,2,2,Liverpool,0.9,0.8,45.0,9.0,3.0,Arsenal,2025,2136,Away,D,2,2,Arsenal,0.8,0.9,55.0,9.0,4.0,Liverpool,Draw
189,163,2024-11-23,15:00,Matchweek 12,Home,W,3,0,Nottingham Forest,1.2,0.3,66.0,19.0,6.0,Arsenal,2025,2899,Away,L,0,3,Arsenal,0.3,1.2,34.0,7.0,0.0,Nottingham Forest,Home
192,165,2024-12-04,20:15,Matchweek 14,Home,W,2,0,Manchester United,2.1,0.2,51.0,14.0,6.0,Arsenal,2025,2559,Away,L,0,2,Arsenal,0.2,2.1,49.0,5.0,2.0,Manchester United,Home
193,167,2024-12-14,15:00,Matchweek 16,Home,D,0,0,Everton,1.2,0.1,76.0,13.0,5.0,Arsenal,2025,1496,Away,D,0,0,Arsenal,0.1,1.2,24.0,2.0,0.0,Everton,Draw
197,169,2024-12-27,20:15,Matchweek 18,Home,W,1,0,Ipswich Town,1.8,0.2,68.0,13.0,5.0,Arsenal,2025,1689,Away,L,0,1,Arsenal,0.2,1.8,32.0,3.0,0.0,Ipswich Town,Home
198,172,2025-01-15,20:00,Matchweek 21,Home,W,2,1,Tottenham Hotspur,1.4,0.8,53.0,14.0,4.0,Arsenal,2025,3326,Away,L,1,2,Arsenal,0.8,1.4,47.0,10.0,2.0,Tottenham Hotspur,Home
199,173,2025-01-18,17:30,Matchweek 22,Home,D,2,2,Aston Villa,1.3,1.0,66.0,18.0,6.0,Arsenal,2025,363,Away,D,2,2,Arsenal,1.0,1.3,34.0,8.0,4.0,Aston Villa,Draw
200,175,2025-02-02,16:30,Matchweek 24,Home,W,5,1,Manchester City,1.0,0.8,46.0,12.0,7.0,Arsenal,2025,2379,Away,L,1,5,Arsenal,0.8,1.0,54.0,7.0,4.0,Manchester City,Home
204,177,2025-02-22,15:00,Matchweek 26,Home,L,0,1,West Ham,1.2,1.1,68.0,20.0,2.0,Arsenal,2025,3597,Away,W,1,0,Arsenal,1.1,1.2,32.0,5.0,2.0,West Ham,Away
206,180,2025-03-16,13:30,Matchweek 29,Home,W,1,0,Chelsea,0.7,0.4,42.0,12.0,4.0,Arsenal,2025,1130,Away,L,0,1,Arsenal,0.4,0.7,58.0,8.0,2.0,Chelsea,Home
208,181,2025-04-01,19:45,Matchweek 30,Home,W,2,1,Fulham,2.2,1.0,51.0,17.0,4.0,Arsenal,2025,1663,Away,L,1,2,Arsenal,1.0,2.2,49.0,9.0,3.0,Fulham,Home
210,183,2025-04-12,17:30,Matchweek 32,Home,D,1,1,Brentford,1.0,0.2,63.0,14.0,3.0,Arsenal,2025,639,Away,D,1,1,Arsenal,0.2,1.0,37.0,3.0,2.0,Brentford,Draw
211,185,2025-04-23,20:00,Matchweek 34,Home,D,2,2,Crystal Palace,1.2,1.7,67.0,12.0,4.0,Arsenal,2025,1325,Away,D,2,2,Arsenal,1.7,1.2,33.0,15.0,4.0,Crystal Palace,Draw
212,186,2025-05-03,17:30,Matchweek 35,Home,L,1,2,Bournemouth,1.4,0.9,51.0,13.0,4.0,Arsenal,2025,490,Away,W,2,1,Arsenal,0.9,1.4,49.0,9.0,2.0,Bournemouth,Away
213,188,2025-05-18,16:30,Matchweek 37,Home,W,1,0,Newcastle United,0.6,1.5,51.0,12.0,4.0,Arsenal,2025,2772,Away,L,0,1,Arsenal,1.5,0.6,49.0,14.0,5.0,Newcastle United,Home
214,190,2020-09-21,18:00,Matchweek 2,Home,W,1,0,Sheffield United,1.0,0.9,71.0,18.0,2.0,Aston Villa,2021,2927,Away,L,0,1,Aston Villa,0.9,1.0,29.0,3.0,0.0,Sheffield United,Home
215,192,2020-10-04,19:15,Matchweek 4,Home,W,7,2,Liverpool,2.7,1.8,31.0,18.0,11.0,Aston Villa,2021,1979,Away,L,2,7,Aston Villa,1.8,2.7,69.0,14.0,8.0,Liverpool,Home
216,194,2020-10-23,20:00,Matchweek 6,Home,L,0,3,Leeds United,1.4,2.7,41.0,12.0,3.0,Aston Villa,2021,1715,Away,W,3,0,Aston Villa,2.7,1.4,59.0,27.0,9.0,Leeds United,Away
217,195,2020-11-01,12:00,Matchweek 7,Home,L,3,4,Southampton,1.9,0.7,56.0,18.0,9.0,Aston Villa,2021,3008,Away,W,4,3,Aston Villa,0.7,1.9,44.0,9.0,4.0,Southampton,Away
218,197,2020-11-21,15:00,Matchweek 9,Home,L,1,2,Brighton,1.5,1.4,56.0,15.0,4.0,Aston Villa,2021,654,Away,W,2,1,Aston Villa,1.4,1.5,44.0,7.0,3.0,Brighton,Away
219,200,2020-12-17,18:00,Matchweek 13,Home,D,0,0,Burnley,1.5,0.3,59.0,27.0,6.0,Aston Villa,2021,847,Away,D,0,0,Aston Villa,0.3,1.5,41.0,6.0,4.0,Burnley,Draw
220,202,2020-12-26,15:00,Matchweek 15,Home,W,3,0,Crystal Palace,3.9,0.9,39.0,20.0,9.0,Aston Villa,2021,1154,Away,L,0,3,Aston Villa,0.9,3.9,61.0,13.0,6.0,Crystal Palace,Home
222,206,2021-01-23,20:00,Matchweek 11,Home,W,2,0,Newcastle United,2.3,0.5,58.0,14.0,5.0,Aston Villa,2021,2602,Away,L,0,2,Aston Villa,0.5,2.3,42.0,7.0,1.0,Newcastle United,Home
224,209,2021-02-03,20:15,Matchweek 22,Home,L,1,3,West Ham,0.7,1.7,56.0,9.0,2.0,Aston Villa,2021,3441,Away,W,3,1,Aston Villa,1.7,0.7,44.0,20.0,9.0,West Ham,Away
225,210,2021-02-06,12:30,Matchweek 23,Home,W,1,0,Arsenal,1.2,0.8,35.0,12.0,8.0,Aston Villa,2021,22,Away,L,0,1,Aston Villa,0.8,1.2,65.0,14.0,3.0,Arsenal,Home
226,212,2021-02-21,14:05,Matchweek 25,Home,L,1,2,Leicester City,1.4,1.1,51.0,11.0,2.0,Aston Villa,2021,1848,Away,W,2,1,Aston Villa,1.1,1.4,49.0,16.0,7.0,Leicester City,Away
227,215,2021-03-06,17:30,Matchweek 27,Home,D,0,0,Wolverhampton Wanderers,0.6,1.6,49.0,9.0,1.0,Aston Villa,2021,3637,Away,D,0,0,Aston Villa,1.6,0.6,51.0,10.0,2.0,Wolverhampton Wanderers,Draw
228,217,2021-03-21,19:30,Matchweek 18,Home,L,0,2,Tottenham Hotspur,0.4,1.8,50.0,8.0,1.0,Aston Villa,2021,3182,Away,W,2,0,Aston Villa,1.8,0.4,50.0,8.0,2.0,Tottenham Hotspur,Away
229,218,2021-04-04,16:30,Matchweek 30,Home,W,3,1,Fulham,1.5,1.0,53.0,14.0,4.0,Aston Villa,2021,1550,Away,L,1,3,Aston Villa,1.0,1.5,47.0,15.0,7.0,Fulham,Home
230,220,2021-04-21,20:15,Matchweek 32,Home,L,1,2,Manchester City,0.7,1.2,28.0,8.0,3.0,Aston Villa,2021,2236,Away,W,2,1,Aston Villa,1.2,0.7,72.0,13.0,3.0,Manchester City,Away
231,221,2021-04-25,19:00,Matchweek 33,Home,D,2,2,West Brom,3.2,1.5,70.0,23.0,10.0,Aston Villa,2021,3414,Away,D,2,2,Aston Villa,1.5,3.2,30.0,9.0,3.0,West Brom,Draw
232,223,2021-05-09,14:05,Matchweek 35,Home,L,1,3,Manchester United,0.5,1.7,41.0,11.0,5.0,Aston Villa,2021,2427,Away,W,3,1,Aston Villa,1.7,0.5,59.0,17.0,6.0,Manchester United,Away
233,224,2021-05-13,18:00,Matchweek 19,Home,D,0,0,Everton,0.6,1.0,58.0,13.0,2.0,Aston Villa,2021,1364,Away,D,0,0,Aston Villa,1.0,0.6,42.0,15.0,5.0,Everton,Draw
236,227,2021-05-23,16:00,Matchweek 38,Home,W,2,1,Chelsea,1.1,3.3,29.0,5.0,2.0,Aston Villa,2021,987,Away,L,1,2,Aston Villa,3.3,1.1,71.0,23.0,7.0,Chelsea,Home
246,229,2021-08-21,15:00,Matchweek 2,Home,W,2,0,Newcastle United,1.2,0.7,47.0,9.0,1.0,Aston Villa,2022,2623,Away,L,0,2,Aston Villa,0.7,1.2,53.0,9.0,1.0,Newcastle United,Home
248,230,2021-08-28,15:00,Matchweek 3,Home,D,1,1,Brentford,0.7,0.9,46.0,7.0,5.0,Aston Villa,2022,496,Away,D,1,1,Aston Villa,0.9,0.7,54.0,9.0,2.0,Brentford,Draw
253,232,2021-09-18,17:30,Matchweek 5,Home,W,3,0,Everton,0.8,0.7,55.0,15.0,3.0,Aston Villa,2022,1372,Away,L,0,3,Aston Villa,0.7,0.8,45.0,11.0,1.0,Everton,Home
258,235,2021-10-16,15:00,Matchweek 8,Home,L,2,3,Wolverhampton Wanderers,1.0,2.0,48.0,14.0,5.0,Aston Villa,2022,3655,Away,W,3,2,Aston Villa,2.0,1.0,52.0,9.0,4.0,Wolverhampton Wanderers,Away
259,237,2021-10-31,16:30,Matchweek 10,Home,L,1,4,West Ham,0.7,2.3,43.0,9.0,3.0,Aston Villa,2022,3467,Away,W,4,1,Aston Villa,2.3,0.7,57.0,21.0,8.0,West Ham,Away
261,239,2021-11-20,15:00,Matchweek 12,Home,W,2,0,Brighton,0.7,0.4,38.0,9.0,5.0,Aston Villa,2022,695,Away,L,0,2,Aston Villa,0.4,0.7,62.0,6.0,2.0,Brighton,Home
267,241,2021-12-01,20:15,Matchweek 14,Home,L,1,2,Manchester City,0.8,1.0,36.0,9.0,3.0,Aston Villa,2022,2255,Away,W,2,1,Aston Villa,1.0,0.8,64.0,17.0,7.0,Manchester City,Away
268,242,2021-12-05,16:30,Matchweek 15,Home,W,2,1,Leicester City,2.1,1.1,41.0,13.0,4.0,Aston Villa,2022,1876,Away,L,1,2,Aston Villa,1.1,2.1,59.0,12.0,4.0,Leicester City,Home
269,245,2021-12-26,17:30,Matchweek 19,Home,L,1,3,Chelsea,0.4,2.6,42.0,8.0,1.0,Aston Villa,2022,1006,Away,W,3,1,Aston Villa,2.6,0.4,58.0,8.0,2.0,Chelsea,Away
270,247,2022-01-15,17:30,Matchweek 22,Home,D,2,2,Manchester United,1.9,1.0,54.0,13.0,9.0,Aston Villa,2022,2451,Away,D,2,2,Aston Villa,1.0,1.9,46.0,13.0,6.0,Manchester United,Draw
271,249,2022-02-09,20:00,Matchweek 24,Home,D,3,3,Leeds United,1.6,1.8,40.0,12.0,4.0,Aston Villa,2022,1769,Away,D,3,3,Aston Villa,1.8,1.6,60.0,16.0,7.0,Leeds United,Draw
277,251,2022-02-19,15:00,Matchweek 26,Home,L,0,1,Watford,1.3,1.2,59.0,20.0,1.0,Aston Villa,2022,3367,Away,W,1,0,Aston Villa,1.2,1.3,41.0,8.0,4.0,Watford,Away
282,253,2022-03-05,15:00,Matchweek 28,Home,W,4,0,Southampton,2.5,1.1,38.0,14.0,9.0,Aston Villa,2022,3066,Away,L,0,4,Aston Villa,1.1,2.5,62.0,11.0,1.0,Southampton,Home
283,256,2022-03-19,12:30,Matchweek 30,Home,L,0,1,Arsenal,0.5,1.3,47.0,8.0,1.0,Aston Villa,2022,65,Away,W,1,0,Aston Villa,1.3,0.5,53.0,10.0,3.0,Arsenal,Away
284,258,2022-04-09,17:30,Matchweek 32,Home,L,0,4,Tottenham Hotspur,1.6,1.1,52.0,19.0,8.0,Aston Villa,2022,3222,Away,W,4,0,Aston Villa,1.1,1.6,48.0,11.0,5.0,Tottenham Hotspur,Away
288,260,2022-04-30,15:00,Matchweek 35,Home,W,2,0,Norwich City,1.8,0.5,45.0,21.0,6.0,Aston Villa,2022,2807,Away,L,0,2,Aston Villa,0.5,1.8,55.0,9.0,3.0,Norwich City,Home
289,262,2022-05-10,20:00,Matchweek 33,Home,L,1,2,Liverpool,1.4,1.8,40.0,9.0,4.0,Aston Villa,2022,2049,Away,W,2,1,Aston Villa,1.8,1.4,60.0,17.0,5.0,Liverpool,Away
291,263,2022-05-15,14:00,Matchweek 37,Home,D,1,1,Crystal Palace,1.0,1.4,49.0,13.0,4.0,Aston Villa,2022,1213,Away,D,1,1,Aston Villa,1.4,1.0,51.0,16.0,4.0,Crystal Palace,Draw
295,264,2022-05-19,20:00,Matchweek 18,Home,D,1,1,Burnley,1.5,1.6,71.0,22.0,9.0,Aston Villa,2022,910,Away,D,1,1,Aston Villa,1.6,1.5,29.0,9.0,3.0,Burnley,Draw
296,267,2022-08-13,12:30,Matchweek 2,Home,W,2,1,Everton,2.3,1.6,57.0,12.0,3.0,Aston Villa,2023,1407,Away,L,1,2,Aston Villa,1.6,2.3,43.0,15.0,4.0,Everton,Home
298,269,2022-08-28,14:00,Matchweek 4,Home,L,0,1,West Ham,0.5,0.6,58.0,9.0,3.0,Aston Villa,2023,3499,Away,W,1,0,Aston Villa,0.6,0.5,42.0,7.0,2.0,West Ham,Away
299,271,2022-09-03,17:30,Matchweek 6,Home,D,1,1,Manchester City,0.3,2.1,29.0,3.0,1.0,Aston Villa,2023,2285,Away,D,1,1,Aston Villa,2.1,0.3,71.0,13.0,4.0,Manchester City,Draw
301,272,2022-09-16,20:00,Matchweek 8,Home,W,1,0,Southampton,1.5,0.3,53.0,11.0,3.0,Aston Villa,2023,3084,Away,L,0,1,Aston Villa,0.3,1.5,47.0,7.0,1.0,Southampton,Home
303,275,2022-10-16,14:00,Matchweek 11,Home,L,0,2,Chelsea,1.8,0.9,42.0,18.0,7.0,Aston Villa,2023,1034,Away,W,2,0,Aston Villa,0.9,1.8,58.0,8.0,4.0,Chelsea,Away
307,277,2022-10-23,14:00,Matchweek 13,Home,W,4,0,Brentford,2.8,0.9,45.0,18.0,10.0,Aston Villa,2023,543,Away,L,0,4,Aston Villa,0.9,2.8,55.0,12.0,3.0,Brentford,Home
311,279,2022-11-06,14:00,Matchweek 15,Home,W,3,1,Manchester United,0.6,0.5,42.0,6.0,4.0,Aston Villa,2023,2482,Away,L,1,3,Aston Villa,0.5,0.6,58.0,8.0,3.0,Manchester United,Home
313,281,2022-12-26,17:30,Matchweek 17,Home,L,1,3,Liverpool,1.4,2.7,48.0,12.0,6.0,Aston Villa,2023,2066,Away,W,3,1,Aston Villa,2.7,1.4,52.0,16.0,9.0,Liverpool,Away
315,283,2023-01-04,20:00,Matchweek 19,Home,D,1,1,Wolverhampton Wanderers,1.8,0.9,56.0,13.0,3.0,Aston Villa,2023,3703,Away,D,1,1,Aston Villa,0.9,1.8,44.0,10.0,3.0,Wolverhampton Wanderers,Draw
316,284,2023-01-13,20:00,Matchweek 20,Home,W,2,1,Leeds United,1.2,2.4,52.0,11.0,5.0,Aston Villa,2023,1803,Away,L,1,2,Aston Villa,2.4,1.2,48.0,16.0,3.0,Leeds United,Home
319,286,2023-02-04,15:00,Matchweek 22,Home,L,2,4,Leicester City,1.7,2.6,62.0,19.0,4.0,Aston Villa,2023,1920,Away,W,4,2,Aston Villa,2.6,1.7,38.0,9.0,5.0,Leicester City,Away
322,288,2023-02-18,12:30,Matchweek 24,Home,L,2,4,Arsenal,0.5,3.2,33.0,7.0,5.0,Aston Villa,2023,98,Away,W,4,2,Aston Villa,3.2,0.5,67.0,20.0,5.0,Arsenal,Away
324,290,2023-03-04,15:00,Matchweek 26,Home,W,1,0,Crystal Palace,1.2,0.2,58.0,8.0,1.0,Aston Villa,2023,1240,Away,L,0,1,Aston Villa,0.2,1.2,42.0,3.0,0.0,Crystal Palace,Home
328,292,2023-03-18,15:00,Matchweek 28,Home,W,3,0,Bournemouth,3.5,1.3,56.0,20.0,9.0,Aston Villa,2023,406,Away,L,0,3,Aston Villa,1.3,3.5,44.0,10.0,3.0,Bournemouth,Home
336,295,2023-04-08,15:00,Matchweek 30,Home,W,2,0,Nottingham Forest,1.3,0.2,63.0,8.0,3.0,Aston Villa,2023,2841,Away,L,0,2,Aston Villa,0.2,1.3,37.0,6.0,2.0,Nottingham Forest,Home
338,296,2023-04-15,12:30,Matchweek 31,Home,W,3,0,Newcastle United,1.9,0.5,52.0,16.0,6.0,Aston Villa,2023,2689,Away,L,0,3,Aston Villa,0.5,1.9,48.0,8.0,2.0,Newcastle United,Home
339,298,2023-04-25,19:45,Matchweek 33,Home,W,1,0,Fulham,1.0,0.1,51.0,14.0,3.0,Aston Villa,2023,1589,Away,L,0,1,Aston Villa,0.1,1.0,49.0,1.0,0.0,Fulham,Home
343,301,2023-05-13,15:00,Matchweek 36,Home,W,2,1,Tottenham Hotspur,1.2,1.4,48.0,8.0,4.0,Aston Villa,2023,3265,Away,L,1,2,Aston Villa,1.4,1.2,52.0,4.0,1.0,Tottenham Hotspur,Home
346,303,2023-05-28,16:30,Matchweek 38,Home,W,2,1,Brighton,2.8,1.4,41.0,12.0,5.0,Aston Villa,2023,759,Away,L,1,2,Aston Villa,1.4,2.8,59.0,8.0,4.0,Brighton,Home
355,305,2023-08-20,14:00,Matchweek 2,Home,W,4,0,Everton,2.9,0.6,60.0,12.0,6.0,Aston Villa,2024,1445,Away,L,0,4,Aston Villa,0.6,2.9,40.0,9.0,2.0,Everton,Home
357,308,2023-09-16,15:00,Matchweek 5,Home,W,3,1,Crystal Palace,3.0,1.2,66.0,15.0,4.0,Aston Villa,2024,1258,Away,L,1,3,Aston Villa,1.2,3.0,34.0,6.0,3.0,Crystal Palace,Home
361,310,2023-09-30,12:30,Matchweek 7,Home,W,6,1,Brighton,1.6,1.7,39.0,19.0,9.0,Aston Villa,2024,766,Away,L,1,6,Aston Villa,1.7,1.6,61.0,11.0,3.0,Brighton,Home
362,312,2023-10-22,16:30,Matchweek 9,Home,W,4,1,West Ham,1.9,1.1,58.0,14.0,6.0,Aston Villa,2024,3542,Away,L,1,4,Aston Villa,1.1,1.9,42.0,14.0,4.0,West Ham,Home
364,313,2023-10-29,14:00,Matchweek 10,Home,W,3,1,Luton Town,2.3,0.5,70.0,17.0,6.0,Aston Villa,2024,2175,Away,L,1,3,Aston Villa,0.5,2.3,30.0,7.0,1.0,Luton Town,Home
367,315,2023-11-12,14:00,Matchweek 12,Home,W,3,1,Fulham,3.0,0.9,51.0,12.0,6.0,Aston Villa,2024,1607,Away,L,1,3,Aston Villa,0.9,3.0,49.0,9.0,5.0,Fulham,Home
371,318,2023-12-06,20:15,Matchweek 15,Home,W,1,0,Manchester City,2.3,0.6,46.0,22.0,7.0,Aston Villa,2024,2332,Away,L,0,1,Aston Villa,0.6,2.3,54.0,2.0,2.0,Manchester City,Home
372,319,2023-12-09,17:30,Matchweek 16,Home,W,1,0,Arsenal,0.6,1.4,39.0,10.0,3.0,Aston Villa,2024,129,Away,L,0,1,Aston Villa,1.4,0.6,61.0,12.0,3.0,Arsenal,Home
373,321,2023-12-22,20:00,Matchweek 18,Home,D,1,1,Sheffield United,0.9,0.6,77.0,12.0,4.0,Aston Villa,2024,2981,Away,D,1,1,Aston Villa,0.6,0.9,23.0,5.0,2.0,Sheffield United,Draw
375,323,2023-12-30,15:00,Matchweek 20,Home,W,3,2,Burnley,3.2,1.2,64.0,18.0,6.0,Aston Villa,2024,931,Away,L,2,3,Aston Villa,1.2,3.2,36.0,9.0,5.0,Burnley,Home
378,325,2024-01-30,20:15,Matchweek 22,Home,L,1,3,Newcastle United,1.4,2.6,61.0,12.0,5.0,Aston Villa,2024,2719,Away,W,3,1,Aston Villa,2.6,1.4,39.0,14.0,5.0,Newcastle United,Away
379,327,2024-02-11,16:30,Matchweek 24,Home,L,1,2,Manchester United,2.4,1.8,56.0,23.0,9.0,Aston Villa,2024,2531,Away,W,2,1,Aston Villa,1.8,2.4,44.0,17.0,5.0,Manchester United,Away
383,329,2024-02-24,15:00,Matchweek 26,Home,W,4,2,Nottingham Forest,3.6,2.6,58.0,16.0,6.0,Aston Villa,2024,2875,Away,L,2,4,Aston Villa,2.6,3.6,42.0,10.0,3.0,Nottingham Forest,Home
384,331,2024-03-10,13:00,Matchweek 28,Home,L,0,4,Tottenham Hotspur,0.8,1.5,32.0,10.0,1.0,Aston Villa,2024,3294,Away,W,4,0,Aston Villa,1.5,0.8,68.0,9.0,5.0,Tottenham Hotspur,Away
385,333,2024-03-30,17:30,Matchweek 30,Home,W,2,0,Wolverhampton Wanderers,1.0,1.5,48.0,11.0,5.0,Aston Villa,2024,3752,Away,L,0,2,Aston Villa,1.5,1.0,52.0,13.0,3.0,Wolverhampton Wanderers,Home
387,335,2024-04-06,15:00,Matchweek 32,Home,D,3,3,Brentford,1.5,1.5,69.0,11.0,3.0,Aston Villa,2024,601,Away,D,3,3,Aston Villa,1.5,1.5,31.0,8.0,3.0,Brentford,Draw
391,337,2024-04-21,15:00,Matchweek 34,Home,W,3,1,Bournemouth,2.4,1.8,56.0,15.0,5.0,Aston Villa,2024,450,Away,L,1,3,Aston Villa,1.8,2.4,44.0,13.0,4.0,Bournemouth,Home
393,338,2024-04-27,20:00,Matchweek 35,Home,D,2,2,Chelsea,1.1,1.6,29.0,9.0,4.0,Aston Villa,2024,1096,Away,D,2,2,Aston Villa,1.6,1.1,71.0,21.0,5.0,Chelsea,Draw
394,340,2024-05-13,20:00,Matchweek 37,Home,D,3,3,Liverpool,3.1,1.7,41.0,19.0,5.0,Aston Villa,2024,2126,Away,D,3,3,Aston Villa,1.7,3.1,59.0,14.0,7.0,Liverpool,Draw
395,343,2024-08-24,17:30,Matchweek 2,Home,L,0,2,Arsenal,1.2,0.9,40.0,11.0,3.0,Aston Villa,2025,153,Away,W,2,0,Aston Villa,0.9,1.2,60.0,9.0,4.0,Arsenal,Away
396,345,2024-09-14,17:30,Matchweek 4,Home,W,3,2,Everton,2.1,0.9,72.0,17.0,7.0,Aston Villa,2025,1485,Away,L,2,3,Aston Villa,0.9,2.1,28.0,6.0,2.0,Everton,Home
402,346,2024-09-21,15:00,Matchweek 5,Home,W,3,1,Wolverhampton Wanderers,1.7,0.5,53.0,9.0,3.0,Aston Villa,2025,3766,Away,L,1,3,Aston Villa,0.5,1.7,47.0,10.0,4.0,Wolverhampton Wanderers,Home
403,348,2024-10-06,14:00,Matchweek 7,Home,D,0,0,Manchester United,0.5,0.6,53.0,11.0,1.0,Aston Villa,2025,2552,Away,D,0,0,Aston Villa,0.6,0.5,47.0,10.0,4.0,Manchester United,Draw
405,350,2024-10-26,15:00,Matchweek 9,Home,D,1,1,Bournemouth,1.8,0.3,57.0,18.0,8.0,Aston Villa,2025,464,Away,D,1,1,Aston Villa,0.3,1.8,43.0,10.0,3.0,Bournemouth,Draw
411,353,2024-11-23,15:00,Matchweek 12,Home,D,2,2,Crystal Palace,3.0,1.3,69.0,16.0,4.0,Aston Villa,2025,1303,Away,D,2,2,Aston Villa,1.3,3.0,31.0,13.0,6.0,Crystal Palace,Draw
414,355,2024-12-04,20:15,Matchweek 14,Home,W,3,1,Brentford,2.4,0.9,49.0,19.0,9.0,Aston Villa,2025,621,Away,L,1,3,Aston Villa,0.9,2.4,51.0,9.0,1.0,Brentford,Home
418,356,2024-12-07,15:00,Matchweek 15,Home,W,1,0,Southampton,2.3,0.3,47.0,18.0,4.0,Aston Villa,2025,3130,Away,L,0,1,Aston Villa,0.3,2.3,53.0,4.0,0.0,Southampton,Home
419,358,2024-12-21,12:30,Matchweek 17,Home,W,2,1,Manchester City,1.6,1.0,44.0,11.0,6.0,Aston Villa,2025,2372,Away,L,1,2,Aston Villa,1.0,1.6,56.0,12.0,6.0,Manchester City,Home
420,360,2024-12-30,19:45,Matchweek 19,Home,D,2,2,Brighton,1.8,1.1,59.0,19.0,3.0,Aston Villa,2025,816,Away,D,2,2,Aston Villa,1.1,1.8,41.0,13.0,4.0,Brighton,Draw
425,361,2025-01-04,15:00,Matchweek 20,Home,W,2,1,Leicester City,1.4,0.4,60.0,13.0,5.0,Aston Villa,2025,1957,Away,L,1,2,Aston Villa,0.4,1.4,40.0,4.0,2.0,Leicester City,Home
427,364,2025-01-26,16:30,Matchweek 23,Home,D,1,1,West Ham,0.9,1.3,46.0,14.0,4.0,Aston Villa,2025,3594,Away,D,1,1,Aston Villa,1.3,0.9,54.0,14.0,3.0,West Ham,Draw
430,366,2025-02-15,15:00,Matchweek 25,Home,D,1,1,Ipswich Town,2.4,0.4,75.0,25.0,6.0,Aston Villa,2025,1696,Away,D,1,1,Aston Villa,0.4,2.4,25.0,4.0,3.0,Ipswich Town,Draw
433,367,2025-02-19,19:30,Matchweek 29,Home,D,2,2,Liverpool,0.6,2.5,52.0,9.0,3.0,Aston Villa,2025,2153,Away,D,2,2,Aston Villa,2.5,0.6,48.0,17.0,3.0,Liverpool,Draw
434,368,2025-02-22,17:30,Matchweek 26,Home,W,2,1,Chelsea,2.3,2.3,52.0,12.0,6.0,Aston Villa,2025,1127,Away,L,1,2,Aston Villa,2.3,2.3,48.0,15.0,6.0,Chelsea,Home
435,372,2025-04-05,17:30,Matchweek 31,Home,W,2,1,Nottingham Forest,3.0,1.5,52.0,17.0,8.0,Aston Villa,2025,2918,Away,L,1,2,Aston Villa,1.5,3.0,48.0,19.0,3.0,Nottingham Forest,Home
436,374,2025-04-19,17:30,Matchweek 33,Home,W,4,1,Newcastle United,2.2,1.0,48.0,23.0,9.0,Aston Villa,2025,2768,Away,L,1,4,Aston Villa,1.0,2.2,52.0,10.0,3.0,Newcastle United,Home
437,376,2025-05-03,12:30,Matchweek 35,Home,W,1,0,Fulham,1.0,0.9,52.0,10.0,3.0,Aston Villa,2025,1668,Away,L,0,1,Aston Villa,0.9,1.0,48.0,11.0,3.0,Fulham,Home
438,378,2025-05-16,19:30,Matchweek 37,Home,W,2,0,Tottenham Hotspur,1.4,0.5,67.0,18.0,7.0,Aston Villa,2025,3342,Away,L,0,2,Aston Villa,0.5,1.4,33.0,3.0,1.0,Tottenham Hotspur,Home
439,380,2022-08-06,15:00,Matchweek 1,Home,W,2,0,Aston Villa,0.6,0.7,35.0,7.0,3.0,Bournemouth,2023,266,Away,L,0,2,Bournemouth,0.7,0.6,65.0,15.0,2.0,Aston Villa,Home
443,382,2022-08-20,17:30,Matchweek 3,Home,L,0,3,Arsenal,0.3,1.3,43.0,6.0,1.0,Bournemouth,2023,78,Away,W,3,0,Bournemouth,1.3,0.3,57.0,14.0,6.0,Arsenal,Away
446,384,2022-08-31,19:30,Matchweek 5,Home,D,0,0,Wolverhampton Wanderers,0.4,1.5,35.0,5.0,2.0,Bournemouth,2023,3690,Away,D,0,0,Bournemouth,1.5,0.4,65.0,17.0,3.0,Wolverhampton Wanderers,Draw
447,387,2022-10-01,15:00,Matchweek 9,Home,D,0,0,Brentford,0.4,0.9,42.0,7.0,0.0,Bournemouth,2023,539,Away,D,0,0,Bournemouth,0.9,0.4,58.0,13.0,4.0,Brentford,Draw
453,388,2022-10-08,15:00,Matchweek 10,Home,W,2,1,Leicester City,1.1,1.0,45.0,10.0,4.0,Bournemouth,2023,1908,Away,L,1,2,Bournemouth,1.0,1.1,55.0,9.0,5.0,Leicester City,Home
458,390,2022-10-19,19:30,Matchweek 12,Home,L,0,1,Southampton,1.0,1.0,54.0,15.0,3.0,Bournemouth,2023,3088,Away,W,1,0,Bournemouth,1.0,1.0,46.0,9.0,3.0,Southampton,Away
463,392,2022-10-29,15:00,Matchweek 14,Home,L,2,3,Tottenham Hotspur,0.5,2.0,31.0,6.0,4.0,Bournemouth,2023,3242,Away,W,3,2,Bournemouth,2.0,0.5,69.0,23.0,7.0,Tottenham Hotspur,Away
466,394,2022-11-12,15:00,Matchweek 16,Home,W,3,0,Everton,2.4,0.8,36.0,16.0,8.0,Bournemouth,2023,1420,Away,L,0,3,Bournemouth,0.8,2.4,64.0,15.0,3.0,Everton,Home
470,396,2022-12-31,15:00,Matchweek 18,Home,L,0,2,Crystal Palace,0.6,1.6,59.0,6.0,2.0,Bournemouth,2023,1231,Away,W,2,0,Bournemouth,1.6,0.6,41.0,15.0,6.0,Crystal Palace,Away
477,399,2023-01-21,15:00,Matchweek 21,Home,D,1,1,Nottingham Forest,1.4,1.9,43.0,16.0,3.0,Bournemouth,2023,2831,Away,D,1,1,Bournemouth,1.9,1.4,57.0,20.0,5.0,Nottingham Forest,Draw
478,401,2023-02-11,17:30,Matchweek 23,Home,D,1,1,Newcastle United,1.5,1.3,34.0,11.0,4.0,Bournemouth,2023,2681,Away,D,1,1,Bournemouth,1.3,1.5,66.0,15.0,7.0,Newcastle United,Draw
479,403,2023-02-25,17:30,Matchweek 25,Home,L,1,4,Manchester City,1.0,2.4,35.0,13.0,2.0,Bournemouth,2023,2304,Away,W,4,1,Bournemouth,2.4,1.0,66.0,20.0,5.0,Manchester City,Away
480,405,2023-03-11,12:30,Matchweek 27,Home,W,1,0,Liverpool,0.9,1.7,31.0,5.0,2.0,Bournemouth,2023,2077,Away,L,0,1,Bournemouth,1.7,0.9,69.0,14.0,5.0,Liverpool,Home
482,407,2023-04-01,15:00,Matchweek 29,Home,W,2,1,Fulham,2.6,0.8,43.0,12.0,6.0,Bournemouth,2023,1585,Away,L,1,2,Bournemouth,0.8,2.6,57.0,10.0,2.0,Fulham,Home
487,408,2023-04-04,19:45,Matchweek 7,Home,L,0,2,Brighton,1.7,2.7,37.0,14.0,3.0,Bournemouth,2023,748,Away,W,2,0,Bournemouth,2.7,1.7,63.0,16.0,6.0,Brighton,Away
490,411,2023-04-23,14:00,Matchweek 32,Home,L,0,4,West Ham,1.5,2.4,64.0,17.0,5.0,Bournemouth,2023,3526,Away,W,4,0,Bournemouth,2.4,1.5,36.0,18.0,10.0,West Ham,Away
492,413,2023-04-30,14:00,Matchweek 34,Home,W,4,1,Leeds United,1.9,1.6,42.0,12.0,7.0,Bournemouth,2023,1819,Away,L,1,4,Bournemouth,1.6,1.9,58.0,15.0,6.0,Leeds United,Home
496,414,2023-05-06,15:00,Matchweek 35,Home,L,1,3,Chelsea,1.2,1.3,35.0,10.0,4.0,Bournemouth,2023,1059,Away,W,3,1,Bournemouth,1.3,1.2,65.0,11.0,5.0,Chelsea,Away
502,416,2023-05-20,15:00,Matchweek 37,Home,L,0,1,Manchester United,1.0,1.4,41.0,10.0,4.0,Bournemouth,2023,2505,Away,W,1,0,Bournemouth,1.4,1.0,59.0,20.0,5.0,Manchester United,Away
506,418,2023-08-12,15:00,Matchweek 1,Home,D,1,1,West Ham,1.3,1.1,62.0,14.0,5.0,Bournemouth,2024,3534,Away,D,1,1,Bournemouth,1.1,1.3,38.0,16.0,2.0,West Ham,Draw
507,420,2023-08-26,12:30,Matchweek 3,Home,L,0,2,Tottenham Hotspur,0.7,2.1,44.0,11.0,3.0,Bournemouth,2024,3270,Away,W,2,0,Bournemouth,2.1,0.7,56.0,17.0,6.0,Tottenham Hotspur,Away
508,422,2023-09-17,14:00,Matchweek 5,Home,D,0,0,Chelsea,1.0,1.8,36.0,13.0,4.0,Bournemouth,2024,1068,Away,D,0,0,Bournemouth,1.8,1.0,64.0,14.0,6.0,Chelsea,Draw
509,424,2023-09-30,15:00,Matchweek 7,Home,L,0,4,Arsenal,0.6,3.4,43.0,8.0,1.0,Bournemouth,2024,120,Away,W,4,0,Bournemouth,3.4,0.6,57.0,13.0,6.0,Arsenal,Away
519,426,2023-10-21,15:00,Matchweek 9,Home,L,1,2,Wolverhampton Wanderers,0.6,2.4,35.0,7.0,4.0,Bournemouth,2024,3732,Away,W,2,1,Bournemouth,2.4,0.6,65.0,21.0,7.0,Wolverhampton Wanderers,Away
520,427,2023-10-28,15:00,Matchweek 10,Home,W,2,1,Burnley,1.1,0.8,45.0,13.0,6.0,Bournemouth,2024,921,Away,L,1,2,Bournemouth,0.8,1.1,55.0,6.0,3.0,Burnley,Home
522,429,2023-11-11,17:30,Matchweek 12,Home,W,2,0,Newcastle United,2.4,0.5,48.0,19.0,10.0,Bournemouth,2024,2709,Away,L,0,2,Bournemouth,0.5,2.4,52.0,8.0,5.0,Newcastle United,Home
523,431,2023-12-03,14:00,Matchweek 14,Home,D,2,2,Aston Villa,2.0,0.7,38.0,15.0,7.0,Bournemouth,2024,317,Away,D,2,2,Bournemouth,0.7,2.0,62.0,11.0,3.0,Aston Villa,Draw
527,435,2023-12-26,15:00,Matchweek 19,Home,W,3,0,Fulham,1.8,0.3,43.0,15.0,3.0,Bournemouth,2024,1614,Away,L,0,3,Bournemouth,0.3,1.8,57.0,8.0,3.0,Fulham,Home
529,437,2024-01-21,16:30,Matchweek 21,Home,L,0,4,Liverpool,1.4,1.5,40.0,11.0,1.0,Bournemouth,2024,2110,Away,W,4,0,Bournemouth,1.5,1.4,60.0,14.0,7.0,Liverpool,Away
530,439,2024-02-04,14:00,Matchweek 23,Home,D,1,1,Nottingham Forest,1.3,0.5,45.0,9.0,1.0,Bournemouth,2024,2872,Away,D,1,1,Bournemouth,0.5,1.3,55.0,8.0,6.0,Nottingham Forest,Draw
533,442,2024-02-24,17:30,Matchweek 26,Home,L,0,1,Manchester City,0.9,1.6,38.0,13.0,4.0,Bournemouth,2024,2343,Away,W,1,0,Bournemouth,1.6,0.9,62.0,15.0,6.0,Manchester City,Away
536,444,2024-03-09,15:00,Matchweek 28,Home,D,2,2,Sheffield United,3.3,1.2,69.0,31.0,11.0,Bournemouth,2024,2991,Away,D,2,2,Bournemouth,1.2,3.3,31.0,13.0,9.0,Sheffield United,Draw
537,445,2024-03-13,19:30,Matchweek 17,Home,W,4,3,Luton Town,2.3,2.0,59.0,24.0,9.0,Bournemouth,2024,2193,Away,L,3,4,Bournemouth,2.0,2.3,41.0,8.0,4.0,Luton Town,Home
540,446,2024-03-30,15:00,Matchweek 30,Home,W,2,1,Everton,1.3,1.0,48.0,11.0,4.0,Bournemouth,2024,1472,Away,L,1,2,Bournemouth,1.0,1.3,52.0,7.0,3.0,Everton,Home
543,447,2024-04-02,19:45,Matchweek 31,Home,W,1,0,Crystal Palace,1.1,0.2,50.0,11.0,6.0,Bournemouth,2024,1283,Away,L,0,1,Bournemouth,0.2,1.1,50.0,3.0,2.0,Crystal Palace,Home
545,449,2024-04-13,17:30,Matchweek 33,Home,D,2,2,Manchester United,1.6,1.2,43.0,20.0,5.0,Bournemouth,2024,2539,Away,D,2,2,Bournemouth,1.2,1.6,57.0,7.0,1.0,Manchester United,Draw
547,452,2024-04-28,14:00,Matchweek 35,Home,W,3,0,Brighton,1.9,0.9,31.0,15.0,6.0,Bournemouth,2024,793,Away,L,0,3,Bournemouth,0.9,1.9,69.0,13.0,1.0,Brighton,Home
548,454,2024-05-11,15:00,Matchweek 37,Home,L,1,2,Brentford,0.7,1.1,48.0,13.0,4.0,Bournemouth,2024,606,Away,W,2,1,Bournemouth,1.1,0.7,52.0,11.0,4.0,Brentford,Away
555,457,2024-08-25,14:00,Matchweek 2,Home,D,1,1,Newcastle United,2.2,1.6,39.0,16.0,4.0,Bournemouth,2025,2737,Away,D,1,1,Bournemouth,1.6,2.2,61.0,14.0,5.0,Newcastle United,Draw
556,459,2024-09-14,20:00,Matchweek 4,Home,L,0,1,Chelsea,1.7,0.8,34.0,18.0,6.0,Bournemouth,2025,1105,Away,W,1,0,Bournemouth,0.8,1.7,66.0,10.0,3.0,Chelsea,Away
557,461,2024-09-30,20:00,Matchweek 6,Home,W,3,1,Southampton,1.3,0.6,40.0,14.0,6.0,Bournemouth,2025,3121,Away,L,1,3,Bournemouth,0.6,1.3,60.0,9.0,3.0,Southampton,Home
558,463,2024-10-19,17:30,Matchweek 8,Home,W,2,0,Arsenal,1.8,0.7,49.0,12.0,3.0,Bournemouth,2025,159,Away,L,0,2,Bournemouth,0.7,1.8,51.0,6.0,1.0,Arsenal,Home
562,465,2024-11-02,15:00,Matchweek 10,Home,W,2,1,Manchester City,2.0,1.6,36.0,12.0,6.0,Bournemouth,2025,2365,Away,L,1,2,Bournemouth,1.6,2.0,64.0,18.0,4.0,Manchester City,Home
565,467,2024-11-23,15:00,Matchweek 12,Home,L,1,2,Brighton,1.6,0.9,55.0,19.0,5.0,Bournemouth,2025,809,Away,W,2,1,Bournemouth,0.9,1.6,45.0,6.0,4.0,Brighton,Away
569,469,2024-12-05,20:15,Matchweek 14,Home,W,1,0,Tottenham Hotspur,3.5,0.9,35.0,21.0,8.0,Bournemouth,2025,3319,Away,L,0,1,Bournemouth,0.9,3.5,65.0,12.0,4.0,Tottenham Hotspur,Home
570,471,2024-12-16,20:00,Matchweek 16,Home,D,1,1,West Ham,1.9,2.1,52.0,29.0,9.0,Bournemouth,2025,3587,Away,D,1,1,Bournemouth,2.1,1.9,48.0,15.0,2.0,West Ham,Draw
572,473,2024-12-26,15:00,Matchweek 18,Home,D,0,0,Crystal Palace,1.4,0.4,52.0,18.0,3.0,Bournemouth,2025,1309,Away,D,0,0,Bournemouth,0.4,1.4,48.0,10.0,4.0,Crystal Palace,Draw
578,475,2025-01-04,15:00,Matchweek 20,Home,W,1,0,Everton,1.8,0.7,58.0,19.0,8.0,Bournemouth,2025,1500,Away,L,0,1,Bournemouth,0.7,1.8,42.0,9.0,0.0,Everton,Home
585,478,2025-01-25,15:00,Matchweek 23,Home,W,5,0,Nottingham Forest,1.7,1.0,50.0,16.0,10.0,Bournemouth,2025,2910,Away,L,0,5,Bournemouth,1.0,1.7,50.0,18.0,4.0,Nottingham Forest,Home
588,479,2025-02-01,15:00,Matchweek 24,Home,L,0,2,Liverpool,1.6,2.5,49.0,14.0,3.0,Bournemouth,2025,2150,Away,W,2,0,Bournemouth,2.5,1.6,51.0,18.0,6.0,Liverpool,Away
594,481,2025-02-22,15:00,Matchweek 26,Home,L,0,1,Wolverhampton Wanderers,0.9,2.0,46.0,8.0,3.0,Bournemouth,2025,3787,Away,W,1,0,Bournemouth,2.0,0.9,54.0,13.0,5.0,Wolverhampton Wanderers,Away
595,484,2025-03-15,17:30,Matchweek 29,Home,L,1,2,Brentford,1.6,0.8,58.0,17.0,5.0,Bournemouth,2025,636,Away,W,2,1,Bournemouth,0.8,1.6,42.0,10.0,4.0,Brentford,Away
599,485,2025-04-02,19:45,Matchweek 30,Home,L,1,2,Ipswich Town,1.8,1.2,63.0,24.0,6.0,Bournemouth,2025,1701,Away,W,2,1,Bournemouth,1.2,1.8,37.0,10.0,2.0,Ipswich Town,Away
601,487,2025-04-14,20:00,Matchweek 32,Home,W,1,0,Fulham,1.4,1.0,41.0,12.0,3.0,Bournemouth,2025,1665,Away,L,0,1,Bournemouth,1.0,1.4,59.0,12.0,7.0,Fulham,Home
602,489,2025-04-27,14:00,Matchweek 34,Home,D,1,1,Manchester United,0.5,2.3,39.0,8.0,1.0,Bournemouth,2025,2579,Away,D,1,1,Bournemouth,2.3,0.5,61.0,25.0,6.0,Manchester United,Draw
603,491,2025-05-10,17:30,Matchweek 36,Home,L,0,1,Aston Villa,0.8,1.0,66.0,10.0,4.0,Bournemouth,2025,377,Away,W,1,0,Bournemouth,1.0,0.8,34.0,6.0,3.0,Aston Villa,Away
611,493,2025-05-25,16:00,Matchweek 38,Home,W,2,0,Leicester City,1.6,0.3,63.0,20.0,7.0,Bournemouth,2025,1975,Away,L,0,2,Bournemouth,0.3,1.6,37.0,3.0,0.0,Leicester City,Home
614,494,2021-08-13,20:00,Matchweek 1,Home,W,2,0,Arsenal,1.2,1.3,36.0,8.0,3.0,Brentford,2022,38,Away,L,0,2,Brentford,1.3,1.2,64.0,22.0,4.0,Arsenal,Home
615,497,2021-09-11,15:00,Matchweek 4,Home,L,0,1,Brighton,0.4,0.3,41.0,7.0,1.0,Brentford,2022,687,Away,W,1,0,Brentford,0.3,0.4,59.0,4.0,2.0,Brighton,Away
621,499,2021-09-25,17:30,Matchweek 6,Home,D,3,3,Liverpool,2.1,2.8,33.0,12.0,3.0,Brentford,2022,2019,Away,D,3,3,Brentford,2.8,2.1,67.0,16.0,5.0,Liverpool,Draw
622,501,2021-10-16,17:30,Matchweek 8,Home,L,0,1,Chelsea,1.4,0.3,45.0,17.0,6.0,Brentford,2022,995,Away,W,1,0,Brentford,0.3,1.4,55.0,5.0,1.0,Chelsea,Away
623,502,2021-10-24,14:00,Matchweek 9,Home,L,1,2,Leicester City,1.0,1.5,54.0,15.0,5.0,Brentford,2022,1870,Away,W,2,1,Brentford,1.5,1.0,46.0,10.0,6.0,Leicester City,Away
626,504,2021-11-06,15:00,Matchweek 11,Home,L,1,2,Norwich City,2.5,1.2,64.0,19.0,7.0,Brentford,2022,2784,Away,W,2,1,Brentford,1.2,2.5,36.0,8.0,4.0,Norwich City,Away
628,506,2021-11-28,14:00,Matchweek 13,Home,W,1,0,Everton,1.2,1.0,40.0,5.0,3.0,Brentford,2022,1380,Away,L,0,1,Brentford,1.0,1.2,60.0,14.0,5.0,Everton,Home
631,509,2021-12-10,20:00,Matchweek 16,Home,W,2,1,Watford,1.6,0.5,63.0,13.0,4.0,Brentford,2022,3359,Away,L,1,2,Brentford,0.5,1.6,37.0,6.0,2.0,Watford,Home
632,511,2021-12-29,20:15,Matchweek 20,Home,L,0,1,Manchester City,0.4,1.1,24.0,6.0,2.0,Brentford,2022,2261,Away,W,1,0,Brentford,1.1,0.4,76.0,12.0,3.0,Manchester City,Away
633,512,2022-01-02,14:00,Matchweek 21,Home,W,2,1,Aston Villa,0.6,0.8,45.0,10.0,4.0,Brentford,2022,246,Away,L,1,2,Brentford,0.8,0.6,55.0,16.0,5.0,Aston Villa,Home
636,515,2022-01-19,20:00,Matchweek 17,Home,L,1,3,Manchester United,2.3,2.3,44.0,18.0,9.0,Brentford,2022,2452,Away,W,3,1,Brentford,2.3,2.3,56.0,13.0,5.0,Manchester United,Away
639,516,2022-01-22,15:00,Matchweek 23,Home,L,1,2,Wolverhampton Wanderers,1.1,0.2,50.0,11.0,1.0,Brentford,2022,3668,Away,W,2,1,Brentford,0.2,1.1,50.0,7.0,2.0,Wolverhampton Wanderers,Away
641,518,2022-02-12,15:00,Matchweek 25,Home,D,0,0,Crystal Palace,1.6,0.3,42.0,9.0,2.0,Brentford,2022,1201,Away,D,0,0,Brentford,0.3,1.6,58.0,6.0,3.0,Crystal Palace,Draw
645,520,2022-02-26,15:00,Matchweek 27,Home,L,0,2,Newcastle United,0.4,2.7,37.0,6.0,1.0,Brentford,2022,2646,Away,W,2,0,Brentford,2.7,0.4,63.0,26.0,11.0,Newcastle United,Away
647,522,2022-03-12,15:00,Matchweek 29,Home,W,2,0,Burnley,1.9,0.7,55.0,12.0,2.0,Brentford,2022,900,Away,L,0,2,Brentford,0.7,1.9,45.0,7.0,1.0,Burnley,Home
650,525,2022-04-10,14:00,Matchweek 32,Home,W,2,0,West Ham,1.4,0.3,47.0,15.0,7.0,Brentford,2022,3489,Away,L,0,2,Brentford,0.3,1.4,53.0,5.0,1.0,West Ham,Home
651,527,2022-04-23,17:30,Matchweek 34,Home,D,0,0,Tottenham Hotspur,0.9,0.6,44.0,15.0,1.0,Brentford,2022,3224,Away,D,0,0,Brentford,0.6,0.9,56.0,9.0,0.0,Tottenham Hotspur,Draw
653,529,2022-05-07,15:00,Matchweek 36,Home,W,3,0,Southampton,2.6,1.4,41.0,18.0,5.0,Brentford,2022,3075,Away,L,0,3,Brentford,1.4,2.6,59.0,19.0,4.0,Southampton,Home
658,531,2022-05-22,16:00,Matchweek 38,Home,L,1,2,Leeds United,0.8,1.3,49.0,14.0,5.0,Brentford,2022,1785,Away,W,2,1,Brentford,1.3,0.8,51.0,13.0,5.0,Leeds United,Away
666,533,2022-08-13,17:30,Matchweek 2,Home,W,4,0,Manchester United,1.6,0.9,34.0,13.0,7.0,Brentford,2023,2471,Away,L,0,4,Brentford,0.9,1.6,66.0,15.0,4.0,Manchester United,Home
669,535,2022-08-27,15:00,Matchweek 4,Home,D,1,1,Everton,2.1,1.1,58.0,20.0,5.0,Brentford,2023,1409,Away,D,1,1,Brentford,1.1,2.1,42.0,14.0,7.0,Everton,Draw
675,537,2022-09-03,15:00,Matchweek 6,Home,W,5,2,Leeds United,2.3,1.7,32.0,13.0,7.0,Brentford,2023,1791,Away,L,2,5,Brentford,1.7,2.3,68.0,17.0,6.0,Leeds United,Home
678,538,2022-09-18,12:00,Matchweek 8,Home,L,0,3,Arsenal,0.5,1.5,37.0,5.0,2.0,Brentford,2023,82,Away,W,3,0,Brentford,1.5,0.5,63.0,13.0,7.0,Arsenal,Away
679,541,2022-10-14,20:00,Matchweek 11,Home,W,2,0,Brighton,1.5,1.9,28.0,6.0,1.0,Brentford,2023,730,Away,L,0,2,Brentford,1.9,1.5,72.0,21.0,7.0,Brighton,Home
680,542,2022-10-19,19:30,Matchweek 12,Home,D,0,0,Chelsea,1.3,0.9,34.0,8.0,5.0,Brentford,2023,1035,Away,D,0,0,Brentford,0.9,1.3,66.0,14.0,5.0,Chelsea,Draw
688,544,2022-10-29,15:00,Matchweek 14,Home,D,1,1,Wolverhampton Wanderers,1.4,0.6,58.0,12.0,3.0,Brentford,2023,3698,Away,D,1,1,Brentford,0.6,1.4,42.0,13.0,4.0,Wolverhampton Wanderers,Draw
689,547,2022-12-26,12:30,Matchweek 17,Home,D,2,2,Tottenham Hotspur,2.0,1.1,39.0,9.0,4.0,Brentford,2023,3245,Away,D,2,2,Brentford,1.1,2.0,61.0,15.0,8.0,Tottenham Hotspur,Draw
690,549,2023-01-02,17:30,Matchweek 19,Home,W,3,1,Liverpool,1.6,0.9,28.0,10.0,7.0,Brentford,2023,2068,Away,L,1,3,Brentford,0.9,1.6,72.0,16.0,5.0,Liverpool,Home
691,550,2023-01-14,17:30,Matchweek 20,Home,W,2,0,Bournemouth,1.4,0.6,50.0,11.0,3.0,Brentford,2023,398,Away,L,0,2,Brentford,0.6,1.4,50.0,7.0,2.0,Bournemouth,Home
696,552,2023-02-04,15:00,Matchweek 22,Home,W,3,0,Southampton,2.0,0.7,49.0,14.0,3.0,Brentford,2023,3098,Away,L,0,3,Brentford,0.7,2.0,51.0,14.0,5.0,Southampton,Home
698,554,2023-02-18,15:00,Matchweek 24,Home,D,1,1,Crystal Palace,0.9,1.1,59.0,12.0,5.0,Brentford,2023,1238,Away,D,1,1,Brentford,1.1,0.9,41.0,10.0,4.0,Crystal Palace,Draw
703,555,2023-03-06,20:00,Matchweek 26,Home,W,3,2,Fulham,2.1,1.4,37.0,13.0,5.0,Brentford,2023,1583,Away,L,2,3,Brentford,1.4,2.1,63.0,9.0,5.0,Fulham,Home
706,558,2023-03-18,15:00,Matchweek 28,Home,D,1,1,Leicester City,0.6,1.3,53.0,11.0,2.0,Brentford,2023,1926,Away,D,1,1,Brentford,1.3,0.6,47.0,14.0,1.0,Leicester City,Draw
711,561,2023-04-08,15:00,Matchweek 30,Home,L,1,2,Newcastle United,2.6,1.3,42.0,10.0,4.0,Brentford,2023,2688,Away,W,2,1,Brentford,1.3,2.6,58.0,10.0,4.0,Newcastle United,Away
714,563,2023-04-22,15:00,Matchweek 32,Home,D,1,1,Aston Villa,2.7,1.5,44.0,16.0,5.0,Brentford,2023,297,Away,D,1,1,Brentford,1.5,2.7,56.0,14.0,2.0,Aston Villa,Draw
718,565,2023-04-29,15:00,Matchweek 34,Home,W,2,1,Nottingham Forest,1.6,0.7,68.0,14.0,8.0,Brentford,2023,2845,Away,L,1,2,Brentford,0.7,1.6,32.0,5.0,3.0,Nottingham Forest,Home
721,567,2023-05-14,14:00,Matchweek 36,Home,W,2,0,West Ham,3.4,0.2,53.0,24.0,9.0,Brentford,2023,3531,Away,L,0,2,Brentford,0.2,3.4,47.0,4.0,4.0,West Ham,Home
726,569,2023-05-28,16:30,Matchweek 38,Home,W,1,0,Manchester City,1.3,1.6,35.0,11.0,4.0,Brentford,2023,2317,Away,L,0,1,Brentford,1.6,1.3,65.0,17.0,2.0,Manchester City,Home
732,570,2023-08-13,14:00,Matchweek 1,Home,D,2,2,Tottenham Hotspur,2.2,1.3,31.0,10.0,5.0,Brentford,2024,3268,Away,D,2,2,Brentford,1.3,2.2,69.0,18.0,6.0,Tottenham Hotspur,Draw
733,572,2023-08-26,15:00,Matchweek 3,Home,D,1,1,Crystal Palace,1.0,0.8,60.0,12.0,1.0,Brentford,2024,1256,Away,D,1,1,Brentford,0.8,1.0,40.0,15.0,5.0,Crystal Palace,Draw
737,573,2023-09-02,15:00,Matchweek 4,Home,D,2,2,Bournemouth,2.9,2.1,60.0,21.0,7.0,Brentford,2024,421,Away,D,2,2,Brentford,2.1,2.9,40.0,12.0,5.0,Bournemouth,Draw
741,575,2023-09-23,17:30,Matchweek 6,Home,L,1,3,Everton,1.0,1.9,57.0,12.0,2.0,Brentford,2024,1449,Away,W,3,1,Brentford,1.9,1.0,43.0,18.0,6.0,Everton,Away
743,578,2023-10-21,15:00,Matchweek 9,Home,W,3,0,Burnley,3.1,1.1,50.0,23.0,9.0,Brentford,2024,920,Away,L,0,3,Brentford,1.1,3.1,50.0,6.0,1.0,Burnley,Home
750,580,2023-11-04,15:00,Matchweek 11,Home,W,3,2,West Ham,1.5,1.8,58.0,16.0,4.0,Brentford,2024,3544,Away,L,2,3,Brentford,1.8,1.5,42.0,12.0,2.0,West Ham,Home
752,582,2023-11-25,17:30,Matchweek 13,Home,L,0,1,Arsenal,1.1,1.6,37.0,9.0,1.0,Brentford,2024,126,Away,W,1,0,Brentford,1.6,1.1,63.0,15.0,4.0,Arsenal,Away
753,583,2023-12-02,15:00,Matchweek 14,Home,W,3,1,Luton Town,3.1,0.2,68.0,27.0,6.0,Brentford,2024,2179,Away,L,1,3,Brentford,0.2,3.1,32.0,7.0,1.0,Luton Town,Home
756,586,2023-12-17,14:00,Matchweek 17,Home,L,1,2,Aston Villa,0.5,1.4,34.0,4.0,3.0,Brentford,2024,320,Away,W,2,1,Brentford,1.4,0.5,66.0,15.0,5.0,Aston Villa,Away
760,587,2023-12-27,19:30,Matchweek 19,Home,L,1,4,Wolverhampton Wanderers,2.2,2.4,60.0,14.0,4.0,Brentford,2024,3742,Away,W,4,1,Brentford,2.4,2.2,40.0,11.0,5.0,Wolverhampton Wanderers,Away
761,589,2024-01-20,17:30,Matchweek 21,Home,W,3,2,Nottingham Forest,1.2,1.2,48.0,11.0,5.0,Brentford,2024,2870,Away,L,2,3,Brentford,1.2,1.2,52.0,12.0,3.0,Nottingham Forest,Home
762,591,2024-02-05,20:00,Matchweek 23,Home,L,1,3,Manchester City,1.0,2.1,28.0,9.0,2.0,Brentford,2024,2339,Away,W,3,1,Brentford,2.1,1.0,72.0,25.0,15.0,Manchester City,Away
763,593,2024-02-17,12:30,Matchweek 25,Home,L,1,4,Liverpool,1.6,2.8,38.0,15.0,6.0,Brentford,2024,2114,Away,W,4,1,Brentford,2.8,1.6,62.0,15.0,8.0,Liverpool,Away
765,596,2024-03-02,15:00,Matchweek 27,Home,D,2,2,Chelsea,1.8,1.8,33.0,14.0,5.0,Brentford,2024,1089,Away,D,2,2,Brentford,1.8,1.8,67.0,17.0,5.0,Chelsea,Draw
770,599,2024-03-30,20:00,Matchweek 30,Home,D,1,1,Manchester United,3.2,0.6,47.0,31.0,5.0,Brentford,2024,2536,Away,D,1,1,Brentford,0.6,3.2,53.0,11.0,5.0,Manchester United,Draw
771,600,2024-04-03,19:30,Matchweek 31,Home,D,0,0,Brighton,0.6,1.1,34.0,5.0,2.0,Brentford,2024,789,Away,D,0,0,Brentford,1.1,0.6,66.0,24.0,6.0,Brighton,Draw
775,602,2024-04-13,15:00,Matchweek 33,Home,W,2,0,Sheffield United,1.0,0.8,53.0,9.0,5.0,Brentford,2024,2995,Away,L,0,2,Brentford,0.8,1.0,47.0,8.0,2.0,Sheffield United,Home
777,605,2024-05-04,15:00,Matchweek 36,Home,D,0,0,Fulham,0.6,1.3,54.0,7.0,2.0,Brentford,2024,1631,Away,D,0,0,Brentford,1.3,0.6,46.0,15.0,3.0,Fulham,Draw
785,607,2024-05-19,16:00,Matchweek 38,Home,L,2,4,Newcastle United,1.1,3.4,54.0,10.0,5.0,Brentford,2024,2735,Away,W,4,2,Brentford,3.4,1.1,46.0,12.0,7.0,Newcastle United,Away
790,608,2024-08-18,14:00,Matchweek 1,Home,W,2,1,Crystal Palace,1.6,1.2,46.0,9.0,5.0,Brentford,2025,1292,Away,L,1,2,Brentford,1.2,1.6,54.0,14.0,6.0,Crystal Palace,Home
794,610,2024-08-31,15:00,Matchweek 3,Home,W,3,1,Southampton,2.8,1.5,37.0,20.0,7.0,Brentford,2025,3118,Away,L,1,3,Brentford,1.5,2.8,63.0,18.0,6.0,Southampton,Home
800,613,2024-09-28,15:00,Matchweek 6,Home,D,1,1,West Ham,0.4,1.0,57.0,8.0,3.0,Brentford,2025,3577,Away,D,1,1,Brentford,1.0,0.4,43.0,19.0,3.0,West Ham,Draw
805,614,2024-10-05,15:00,Matchweek 7,Home,W,5,3,Wolverhampton Wanderers,4.2,1.0,44.0,18.0,11.0,Brentford,2025,3768,Away,L,3,5,Brentford,1.0,4.2,56.0,17.0,6.0,Wolverhampton Wanderers,Home
807,616,2024-10-26,15:00,Matchweek 9,Home,W,4,3,Ipswich Town,4.0,1.3,65.0,19.0,8.0,Brentford,2025,1680,Away,L,3,4,Brentford,1.3,4.0,35.0,11.0,5.0,Ipswich Town,Home
810,618,2024-11-09,15:00,Matchweek 11,Home,W,3,2,Bournemouth,1.5,2.6,51.0,12.0,6.0,Brentford,2025,466,Away,L,2,3,Brentford,2.6,1.5,49.0,15.0,3.0,Bournemouth,Home
816,620,2024-11-30,15:00,Matchweek 13,Home,W,4,1,Leicester City,2.4,1.1,60.0,13.0,6.0,Brentford,2025,1950,Away,L,1,4,Brentford,1.1,2.4,40.0,7.0,3.0,Leicester City,Home
819,622,2024-12-07,15:00,Matchweek 15,Home,W,4,2,Newcastle United,1.2,1.5,43.0,11.0,7.0,Brentford,2025,2750,Away,L,2,4,Brentford,1.5,1.2,57.0,16.0,3.0,Newcastle United,Home
823,624,2024-12-21,15:00,Matchweek 17,Home,L,0,2,Nottingham Forest,0.7,0.9,64.0,7.0,3.0,Brentford,2025,2904,Away,W,2,0,Brentford,0.9,0.7,36.0,10.0,6.0,Nottingham Forest,Away
824,626,2025-01-01,17:30,Matchweek 19,Home,L,1,3,Arsenal,0.3,1.9,50.0,5.0,2.0,Brentford,2025,170,Away,W,3,1,Brentford,1.9,0.3,50.0,14.0,4.0,Arsenal,Away
827,628,2025-01-14,19:30,Matchweek 21,Home,D,2,2,Manchester City,2.5,2.2,45.0,18.0,5.0,Brentford,2025,2376,Away,D,2,2,Brentford,2.2,2.5,55.0,21.0,8.0,Manchester City,Draw
830,629,2025-01-18,15:00,Matchweek 22,Home,L,0,2,Liverpool,0.7,3.4,40.0,11.0,6.0,Brentford,2025,2148,Away,W,2,0,Brentford,3.4,0.7,60.0,37.0,8.0,Liverpool,Away
832,631,2025-02-02,14:00,Matchweek 24,Home,L,0,2,Tottenham Hotspur,2.1,0.8,54.0,20.0,3.0,Brentford,2025,3329,Away,W,2,0,Brentford,0.8,2.1,46.0,13.0,2.0,Tottenham Hotspur,Away
834,634,2025-02-26,19:30,Matchweek 27,Home,D,1,1,Everton,1.4,1.5,52.0,12.0,3.0,Brentford,2025,1508,Away,D,1,1,Brentford,1.5,1.4,48.0,14.0,4.0,Everton,Draw
837,635,2025-03-08,17:30,Matchweek 28,Home,L,0,1,Aston Villa,0.8,1.3,59.0,13.0,3.0,Brentford,2025,370,Away,W,1,0,Brentford,1.3,0.8,41.0,12.0,4.0,Aston Villa,Away
838,638,2025-04-06,14:00,Matchweek 31,Home,D,0,0,Chelsea,1.1,1.2,42.0,9.0,2.0,Brentford,2025,1132,Away,D,0,0,Brentford,1.2,1.1,58.0,21.0,5.0,Chelsea,Draw
842,640,2025-04-19,15:00,Matchweek 33,Home,W,4,2,Brighton,2.1,1.4,47.0,16.0,8.0,Brentford,2025,830,Away,L,2,4,Brentford,1.4,2.1,53.0,12.0,3.0,Brighton,Home
845,642,2025-05-04,14:00,Matchweek 35,Home,W,4,3,Manchester United,2.8,1.5,47.0,12.0,6.0,Brentford,2025,2580,Away,L,3,4,Brentford,1.5,2.8,53.0,14.0,5.0,Manchester United,Home
848,644,2025-05-18,15:00,Matchweek 37,Home,L,2,3,Fulham,2.5,1.0,51.0,10.0,4.0,Brentford,2025,1670,Away,W,3,2,Brentford,1.0,2.5,49.0,16.0,7.0,Fulham,Away
850,646,2020-09-14,20:15,Matchweek 1,Home,L,1,3,Chelsea,1.1,1.2,52.0,13.0,3.0,Brighton,2021,950,Away,W,3,1,Brighton,1.2,1.1,48.0,9.0,4.0,Chelsea,Away
851,648,2020-09-26,12:30,Matchweek 3,Home,L,2,3,Manchester United,2.5,1.5,53.0,17.0,4.0,Brighton,2021,2395,Away,W,3,2,Brighton,1.5,2.5,47.0,6.0,2.0,Manchester United,Away
852,651,2020-10-26,17:30,Matchweek 6,Home,D,1,1,West Brom,0.5,0.4,50.0,5.0,3.0,Brighton,2021,3387,Away,D,1,1,Brighton,0.4,0.5,50.0,9.0,3.0,West Brom,Draw
853,653,2020-11-06,17:30,Matchweek 8,Home,D,0,0,Burnley,1.5,0.5,59.0,19.0,3.0,Brighton,2021,842,Away,D,0,0,Brighton,0.5,1.5,41.0,4.0,1.0,Burnley,Draw
854,655,2020-11-28,12:30,Matchweek 10,Home,D,1,1,Liverpool,2.3,0.2,40.0,9.0,2.0,Brighton,2021,1985,Away,D,1,1,Brighton,0.2,2.3,60.0,6.0,2.0,Liverpool,Draw
855,656,2020-12-07,20:00,Matchweek 11,Home,L,1,2,Southampton,1.9,1.4,48.0,11.0,3.0,Brighton,2021,3012,Away,W,2,1,Brighton,1.4,1.9,52.0,9.0,2.0,Southampton,Away
856,659,2020-12-20,12:00,Matchweek 14,Home,D,1,1,Sheffield United,2.8,0.5,73.0,21.0,4.0,Brighton,2021,2939,Away,D,1,1,Brighton,0.5,2.8,27.0,5.0,3.0,Sheffield United,Draw
857,661,2020-12-29,18:00,Matchweek 16,Home,L,0,1,Arsenal,0.8,1.1,50.0,13.0,2.0,Brighton,2021,15,Away,W,1,0,Brighton,1.1,0.8,50.0,11.0,3.0,Arsenal,Away
861,662,2021-01-02,17:30,Matchweek 17,Home,D,3,3,Wolverhampton Wanderers,2.2,1.6,54.0,12.0,3.0,Brighton,2021,3626,Away,D,3,3,Brighton,1.6,2.2,46.0,10.0,3.0,Wolverhampton Wanderers,Draw
862,665,2021-01-27,19:30,Matchweek 20,Home,D,0,0,Fulham,1.8,0.5,50.0,16.0,5.0,Brighton,2021,1538,Away,D,0,0,Brighton,0.5,1.8,50.0,10.0,2.0,Fulham,Draw
863,666,2021-01-31,19:15,Matchweek 21,Home,W,1,0,Tottenham Hotspur,1.6,0.4,43.0,16.0,3.0,Brighton,2021,3173,Away,L,0,1,Brighton,0.4,1.6,57.0,8.0,4.0,Tottenham Hotspur,Home
864,669,2021-02-13,20:00,Matchweek 24,Home,D,0,0,Aston Villa,2.2,0.1,58.0,26.0,9.0,Brighton,2021,211,Away,D,0,0,Brighton,0.1,2.2,42.0,4.0,1.0,Aston Villa,Draw
865,670,2021-02-22,20:00,Matchweek 25,Home,L,1,2,Crystal Palace,2.4,0.2,74.0,25.0,5.0,Brighton,2021,1164,Away,W,2,1,Brighton,0.2,2.4,26.0,3.0,2.0,Crystal Palace,Away
866,672,2021-03-06,20:00,Matchweek 27,Home,L,1,2,Leicester City,0.8,0.9,37.0,7.0,2.0,Brighton,2021,1851,Away,W,2,1,Brighton,0.9,0.8,63.0,8.0,4.0,Leicester City,Away
867,674,2021-03-20,20:00,Matchweek 29,Home,W,3,0,Newcastle United,0.9,0.1,65.0,11.0,6.0,Brighton,2021,2612,Away,L,0,3,Brighton,0.1,0.9,35.0,3.0,1.0,Newcastle United,Home
868,676,2021-04-12,20:15,Matchweek 31,Home,D,0,0,Everton,1.2,0.4,55.0,23.0,3.0,Brighton,2021,1359,Away,D,0,0,Brighton,0.4,1.2,45.0,8.0,1.0,Everton,Draw
869,679,2021-05-01,15:00,Matchweek 34,Home,W,2,0,Leeds United,2.3,0.6,42.0,16.0,4.0,Brighton,2021,1743,Away,L,0,2,Brighton,0.6,2.3,58.0,11.0,2.0,Leeds United,Home
870,681,2021-05-15,20:00,Matchweek 36,Home,D,1,1,West Ham,0.8,1.7,51.0,10.0,2.0,Brighton,2021,3455,Away,D,1,1,Brighton,1.7,0.8,49.0,15.0,2.0,West Ham,Draw
871,682,2021-05-18,19:00,Matchweek 37,Home,W,3,2,Manchester City,1.1,0.9,63.0,19.0,6.0,Brighton,2021,2240,Away,L,2,3,Brighton,0.9,1.1,37.0,8.0,4.0,Manchester City,Home
872,685,2021-08-21,17:30,Matchweek 2,Home,W,2,0,Watford,1.3,0.5,56.0,13.0,3.0,Brighton,2022,3345,Away,L,0,2,Brighton,0.5,1.3,44.0,10.0,1.0,Watford,Home
875,686,2021-08-28,15:00,Matchweek 3,Home,L,0,2,Everton,0.7,1.4,65.0,14.0,3.0,Brighton,2022,1370,Away,W,2,0,Brighton,1.4,0.7,35.0,13.0,4.0,Everton,Away
878,688,2021-09-19,14:00,Matchweek 5,Home,W,2,1,Leicester City,1.7,1.6,37.0,11.0,4.0,Brighton,2022,1866,Away,L,1,2,Brighton,1.6,1.7,63.0,14.0,3.0,Leicester City,Home
880,690,2021-10-02,17:30,Matchweek 7,Home,D,0,0,Arsenal,1.1,0.4,58.0,21.0,2.0,Brighton,2022,44,Away,D,0,0,Brighton,0.4,1.1,42.0,8.0,2.0,Arsenal,Draw
881,692,2021-10-23,17:30,Matchweek 9,Home,L,1,4,Manchester City,1.3,3.8,48.0,9.0,4.0,Brighton,2022,2250,Away,W,4,1,Brighton,3.8,1.3,52.0,23.0,12.0,Manchester City,Away
882,694,2021-11-06,17:30,Matchweek 11,Home,D,1,1,Newcastle United,1.5,0.3,65.0,13.0,4.0,Brighton,2022,2632,Away,D,1,1,Brighton,0.3,1.5,35.0,6.0,1.0,Newcastle United,Draw
883,696,2021-11-27,17:30,Matchweek 13,Home,D,0,0,Leeds United,2.1,0.6,57.0,20.0,4.0,Brighton,2022,1760,Away,D,0,0,Brighton,0.6,2.1,43.0,11.0,4.0,Leeds United,Draw
885,699,2021-12-15,19:30,Matchweek 17,Home,L,0,1,Wolverhampton Wanderers,1.2,1.0,59.0,12.0,2.0,Brighton,2022,3664,Away,W,1,0,Brighton,1.0,1.2,41.0,8.0,5.0,Wolverhampton Wanderers,Away
886,700,2021-12-26,20:00,Matchweek 19,Home,W,2,0,Brentford,0.8,0.7,50.0,15.0,5.0,Brighton,2022,510,Away,L,0,2,Brighton,0.7,0.8,50.0,16.0,5.0,Brentford,Home
887,703,2022-01-14,20:00,Matchweek 22,Home,D,1,1,Crystal Palace,2.0,0.2,63.0,18.0,3.0,Brighton,2022,1198,Away,D,1,1,Brighton,0.2,2.0,37.0,3.0,1.0,Crystal Palace,Draw
888,704,2022-01-18,20:00,Matchweek 24,Home,D,1,1,Chelsea,0.7,0.7,44.0,10.0,2.0,Brighton,2022,1010,Away,D,1,1,Brighton,0.7,0.7,56.0,15.0,3.0,Chelsea,Draw
890,708,2022-02-19,15:00,Matchweek 26,Home,L,0,3,Burnley,0.6,0.7,68.0,11.0,1.0,Brighton,2022,895,Away,W,3,0,Brighton,0.7,0.6,32.0,10.0,4.0,Burnley,Away
895,709,2022-02-26,15:00,Matchweek 27,Home,L,0,2,Aston Villa,0.7,1.0,66.0,12.0,1.0,Brighton,2022,252,Away,W,2,0,Brighton,1.0,0.7,34.0,9.0,4.0,Aston Villa,Away
899,711,2022-03-12,12:30,Matchweek 29,Home,L,0,2,Liverpool,0.5,2.2,52.0,8.0,3.0,Brighton,2022,2041,Away,W,2,0,Brighton,2.2,0.5,48.0,17.0,8.0,Liverpool,Away
900,712,2022-03-16,19:30,Matchweek 16,Home,L,0,2,Tottenham Hotspur,0.7,2.2,48.0,15.0,0.0,Brighton,2022,3219,Away,W,2,0,Brighton,2.2,0.7,52.0,17.0,7.0,Tottenham Hotspur,Away
904,713,2022-04-02,15:00,Matchweek 31,Home,D,0,0,Norwich City,2.8,0.4,63.0,30.0,4.0,Brighton,2022,2803,Away,D,0,0,Brighton,0.4,2.8,37.0,6.0,0.0,Norwich City,Draw
906,717,2022-04-24,14:00,Matchweek 34,Home,D,2,2,Southampton,1.7,0.9,48.0,8.0,5.0,Brighton,2022,3073,Away,D,2,2,Brighton,0.9,1.7,52.0,18.0,5.0,Southampton,Draw
909,719,2022-05-07,17:30,Matchweek 36,Home,W,4,0,Manchester United,2.3,0.9,42.0,17.0,5.0,Brighton,2022,2468,Away,L,0,4,Brighton,0.9,2.3,58.0,15.0,5.0,Manchester United,Home
918,721,2022-05-22,16:00,Matchweek 38,Home,W,3,1,West Ham,1.6,0.2,50.0,18.0,7.0,Brighton,2022,3495,Away,L,1,3,Brighton,0.2,1.6,50.0,7.0,2.0,West Ham,Home
924,723,2022-08-13,15:00,Matchweek 2,Home,D,0,0,Newcastle United,1.5,0.2,54.0,13.0,5.0,Brighton,2023,2661,Away,D,0,0,Brighton,0.2,1.5,46.0,4.0,1.0,Newcastle United,Draw
928,725,2022-08-27,15:00,Matchweek 4,Home,W,1,0,Leeds United,2.0,1.8,44.0,13.0,4.0,Brighton,2023,1789,Away,L,0,1,Brighton,1.8,2.0,56.0,10.0,2.0,Leeds United,Home
930,727,2022-09-04,14:00,Matchweek 6,Home,W,5,2,Leicester City,2.6,1.4,53.0,22.0,10.0,Brighton,2023,1905,Away,L,2,5,Brighton,1.4,2.6,47.0,6.0,4.0,Leicester City,Home
931,729,2022-10-08,17:30,Matchweek 10,Home,L,0,1,Tottenham Hotspur,0.7,0.8,59.0,14.0,4.0,Brighton,2023,3238,Away,W,1,0,Brighton,0.8,0.7,41.0,8.0,3.0,Tottenham Hotspur,Away
932,731,2022-10-18,19:30,Matchweek 12,Home,D,0,0,Nottingham Forest,1.7,0.1,70.0,19.0,7.0,Brighton,2023,2822,Away,D,0,0,Brighton,0.1,1.7,30.0,3.0,0.0,Nottingham Forest,Draw
934,733,2022-10-29,15:00,Matchweek 14,Home,W,4,1,Chelsea,2.4,1.4,41.0,19.0,7.0,Brighton,2023,1037,Away,L,1,4,Brighton,1.4,2.4,59.0,15.0,7.0,Chelsea,Home
938,735,2022-11-13,14:00,Matchweek 16,Home,L,1,2,Aston Villa,0.6,1.5,65.0,7.0,2.0,Brighton,2023,280,Away,W,2,1,Brighton,1.5,0.6,35.0,7.0,1.0,Aston Villa,Away
939,737,2022-12-31,17:30,Matchweek 18,Home,L,2,4,Arsenal,1.2,2.9,68.0,9.0,5.0,Brighton,2023,91,Away,W,4,2,Brighton,2.9,1.2,32.0,14.0,7.0,Arsenal,Away
941,739,2023-01-14,15:00,Matchweek 20,Home,W,3,0,Liverpool,1.9,1.0,61.0,16.0,8.0,Brighton,2023,2069,Away,L,0,3,Brighton,1.0,1.9,39.0,6.0,2.0,Liverpool,Home
944,741,2023-02-04,15:00,Matchweek 22,Home,W,1,0,Bournemouth,2.2,1.1,71.0,20.0,6.0,Brighton,2023,400,Away,L,0,1,Brighton,1.1,2.2,29.0,12.0,2.0,Bournemouth,Home
951,743,2023-02-18,15:00,Matchweek 24,Home,L,0,1,Fulham,2.2,0.3,65.0,21.0,7.0,Brighton,2023,1581,Away,W,1,0,Brighton,0.3,2.2,35.0,5.0,2.0,Fulham,Away
959,744,2023-03-04,15:00,Matchweek 26,Home,W,4,0,West Ham,3.5,0.3,65.0,19.0,8.0,Brighton,2023,3520,Away,L,0,4,Brighton,0.3,3.5,35.0,3.0,2.0,West Ham,Home
960,746,2023-03-15,19:30,Matchweek 8,Home,W,1,0,Crystal Palace,0.6,1.1,57.0,11.0,5.0,Brighton,2023,1242,Away,L,0,1,Brighton,1.1,0.6,43.0,11.0,3.0,Crystal Palace,Home
961,747,2023-04-01,15:00,Matchweek 29,Home,D,3,3,Brentford,4.2,1.6,72.0,32.0,13.0,Brighton,2023,559,Away,D,3,3,Brighton,1.6,4.2,28.0,7.0,5.0,Brentford,Draw
967,752,2023-04-29,15:00,Matchweek 34,Home,W,6,0,Wolverhampton Wanderers,3.3,0.8,57.0,22.0,8.0,Brighton,2023,3719,Away,L,0,6,Brighton,0.8,3.3,43.0,10.0,2.0,Wolverhampton Wanderers,Home
968,753,2023-05-04,20:00,Matchweek 28,Home,W,1,0,Manchester United,2.3,1.4,59.0,21.0,5.0,Brighton,2023,2502,Away,L,0,1,Brighton,1.4,2.3,41.0,16.0,5.0,Manchester United,Home
969,754,2023-05-08,17:30,Matchweek 35,Home,L,1,5,Everton,3.2,2.3,78.0,23.0,5.0,Brighton,2023,1440,Away,W,5,1,Brighton,2.3,3.2,22.0,10.0,5.0,Everton,Away
970,757,2023-05-21,14:00,Matchweek 37,Home,W,3,1,Southampton,2.5,0.6,63.0,26.0,8.0,Brighton,2023,3114,Away,L,1,3,Brighton,0.6,2.5,37.0,5.0,1.0,Southampton,Home
971,758,2023-05-24,20:00,Matchweek 32,Home,D,1,1,Manchester City,2.2,1.8,40.0,20.0,7.0,Brighton,2023,2316,Away,D,1,1,Brighton,1.8,2.2,60.0,13.0,4.0,Manchester City,Draw
974,760,2023-08-12,15:00,Matchweek 1,Home,W,4,1,Luton Town,4.0,1.5,70.0,26.0,11.0,Brighton,2024,2166,Away,L,1,4,Brighton,1.5,4.0,30.0,8.0,2.0,Luton Town,Home
976,762,2023-08-26,17:30,Matchweek 3,Home,L,1,3,West Ham,1.5,3.0,78.0,25.0,10.0,Brighton,2024,3536,Away,W,3,1,Brighton,3.0,1.5,22.0,12.0,7.0,West Ham,Away
977,763,2023-09-02,17:30,Matchweek 4,Home,W,3,1,Newcastle United,1.3,1.2,56.0,15.0,6.0,Brighton,2024,2701,Away,L,1,3,Brighton,1.2,1.3,44.0,9.0,2.0,Newcastle United,Home
979,765,2023-09-24,14:00,Matchweek 6,Home,W,3,1,Bournemouth,1.9,1.1,61.0,13.0,4.0,Brighton,2024,423,Away,L,1,3,Brighton,1.1,1.9,39.0,12.0,3.0,Bournemouth,Home
983,767,2023-10-08,14:00,Matchweek 8,Home,D,2,2,Liverpool,2.3,2.3,46.0,14.0,3.0,Brighton,2024,2097,Away,D,2,2,Brighton,2.3,2.3,54.0,13.0,3.0,Liverpool,Draw
985,769,2023-10-29,14:00,Matchweek 10,Home,D,1,1,Fulham,1.4,0.7,71.0,18.0,6.0,Brighton,2024,1605,Away,D,1,1,Brighton,0.7,1.4,29.0,10.0,5.0,Fulham,Draw
991,771,2023-11-12,14:00,Matchweek 12,Home,D,1,1,Sheffield United,1.5,1.1,61.0,11.0,6.0,Brighton,2024,2975,Away,D,1,1,Brighton,1.1,1.5,39.0,9.0,1.0,Sheffield United,Draw
993,774,2023-12-06,19:30,Matchweek 15,Home,W,2,1,Brentford,1.5,1.5,61.0,18.0,7.0,Brighton,2024,584,Away,L,1,2,Brighton,1.5,1.5,39.0,7.0,0.0,Brentford,Home
998,775,2023-12-09,15:00,Matchweek 16,Home,D,1,1,Burnley,2.6,0.6,72.0,29.0,11.0,Brighton,2024,927,Away,D,1,1,Brighton,0.6,2.6,28.0,6.0,3.0,Burnley,Draw
1000,778,2023-12-28,19:30,Matchweek 19,Home,W,4,2,Tottenham Hotspur,3.2,2.3,45.0,13.0,7.0,Brighton,2024,3286,Away,L,2,4,Brighton,2.3,3.2,55.0,19.0,3.0,Tottenham Hotspur,Home
1001,780,2024-01-22,19:45,Matchweek 21,Home,D,0,0,Wolverhampton Wanderers,1.0,1.1,72.0,11.0,3.0,Brighton,2024,3744,Away,D,0,0,Brighton,1.1,1.0,28.0,8.0,3.0,Wolverhampton Wanderers,Draw
1002,782,2024-02-03,15:00,Matchweek 23,Home,W,4,1,Crystal Palace,1.4,0.3,68.0,13.0,6.0,Brighton,2024,1276,Away,L,1,4,Brighton,0.3,1.4,32.0,7.0,5.0,Crystal Palace,Home
1006,785,2024-02-24,15:00,Matchweek 26,Home,D,1,1,Everton,1.4,0.3,64.0,23.0,7.0,Brighton,2024,1469,Away,D,1,1,Brighton,0.3,1.4,36.0,6.0,2.0,Everton,Draw
1010,787,2024-03-10,14:00,Matchweek 28,Home,W,1,0,Nottingham Forest,0.4,0.7,63.0,10.0,3.0,Brighton,2024,2877,Away,L,0,1,Brighton,0.7,0.4,37.0,9.0,4.0,Nottingham Forest,Home
1011,790,2024-04-06,17:30,Matchweek 32,Home,L,0,3,Arsenal,0.5,3.4,54.0,10.0,2.0,Brighton,2024,144,Away,W,3,0,Brighton,3.4,0.5,46.0,19.0,6.0,Arsenal,Away
1012,792,2024-04-25,20:00,Matchweek 29,Home,L,0,4,Manchester City,0.6,1.4,36.0,7.0,3.0,Brighton,2024,2350,Away,W,4,0,Brighton,1.4,0.6,64.0,14.0,6.0,Manchester City,Away
1013,794,2024-05-05,14:00,Matchweek 36,Home,W,1,0,Aston Villa,2.5,0.1,52.0,14.0,7.0,Brighton,2024,339,Away,L,0,1,Brighton,0.1,2.5,48.0,2.0,1.0,Aston Villa,Home
1015,796,2024-05-15,19:45,Matchweek 34,Home,L,1,2,Chelsea,1.3,1.5,55.0,12.0,2.0,Brighton,2024,1100,Away,W,2,1,Brighton,1.5,1.3,45.0,14.0,6.0,Chelsea,Away
1020,797,2024-05-19,16:00,Matchweek 38,Home,L,0,2,Manchester United,1.7,1.3,55.0,17.0,2.0,Brighton,2024,2545,Away,W,2,0,Brighton,1.3,1.7,45.0,11.0,4.0,Manchester United,Away
1026,799,2024-08-24,12:30,Matchweek 2,Home,W,2,1,Manchester United,2.1,1.4,48.0,14.0,4.0,Brighton,2025,2547,Away,L,1,2,Brighton,1.4,2.1,52.0,11.0,3.0,Manchester United,Home
1028,801,2024-09-14,15:00,Matchweek 4,Home,D,0,0,Ipswich Town,1.6,0.3,68.0,21.0,6.0,Brighton,2025,1675,Away,D,0,0,Brighton,0.3,1.6,32.0,6.0,1.0,Ipswich Town,Draw
1032,802,2024-09-22,14:00,Matchweek 5,Home,D,2,2,Nottingham Forest,1.0,1.4,70.0,14.0,3.0,Brighton,2025,2892,Away,D,2,2,Brighton,1.4,1.0,30.0,3.0,2.0,Nottingham Forest,Draw
1033,804,2024-10-06,16:30,Matchweek 7,Home,W,3,2,Tottenham Hotspur,1.8,1.3,41.0,11.0,4.0,Brighton,2025,3312,Away,L,2,3,Brighton,1.3,1.8,59.0,13.0,3.0,Tottenham Hotspur,Home
1037,806,2024-10-26,15:00,Matchweek 9,Home,D,2,2,Wolverhampton Wanderers,1.3,1.3,51.0,19.0,6.0,Brighton,2025,3770,Away,D,2,2,Brighton,1.3,1.3,49.0,14.0,7.0,Wolverhampton Wanderers,Draw
1038,808,2024-11-09,17:30,Matchweek 11,Home,W,2,1,Manchester City,2.3,2.1,40.0,10.0,4.0,Brighton,2025,2366,Away,L,1,2,Brighton,2.1,2.3,60.0,15.0,6.0,Manchester City,Home
1039,810,2024-11-29,20:00,Matchweek 13,Home,D,1,1,Southampton,1.7,1.0,53.0,22.0,5.0,Brighton,2025,3128,Away,D,1,1,Brighton,1.0,1.7,47.0,10.0,2.0,Southampton,Draw
1040,813,2024-12-15,14:00,Matchweek 16,Home,L,1,3,Crystal Palace,1.0,2.2,64.0,17.0,5.0,Brighton,2025,1307,Away,W,3,1,Brighton,2.2,1.0,36.0,13.0,5.0,Crystal Palace,Away
1041,815,2024-12-27,19:30,Matchweek 18,Home,D,0,0,Brentford,1.3,1.1,57.0,24.0,7.0,Brighton,2025,625,Away,D,0,0,Brighton,1.1,1.3,43.0,8.0,3.0,Brentford,Draw
1042,817,2025-01-04,17:30,Matchweek 20,Home,D,1,1,Arsenal,1.5,0.9,45.0,10.0,3.0,Brighton,2025,171,Away,D,1,1,Brighton,0.9,1.5,55.0,9.0,3.0,Arsenal,Draw
1044,820,2025-01-25,15:00,Matchweek 23,Home,L,0,1,Everton,0.7,0.8,69.0,16.0,1.0,Brighton,2025,1503,Away,W,1,0,Brighton,0.8,0.7,31.0,2.0,0.0,Everton,Away
1048,822,2025-02-14,20:00,Matchweek 25,Home,W,3,0,Chelsea,1.4,0.5,31.0,13.0,5.0,Brighton,2025,1126,Away,L,0,3,Brighton,0.5,1.4,69.0,8.0,0.0,Chelsea,Home
1050,824,2025-02-25,19:30,Matchweek 27,Home,W,2,1,Bournemouth,2.4,1.5,44.0,10.0,3.0,Brighton,2025,482,Away,L,1,2,Brighton,1.5,2.4,56.0,19.0,5.0,Bournemouth,Home
1052,825,2025-03-08,15:00,Matchweek 28,Home,W,2,1,Fulham,1.5,0.9,53.0,8.0,3.0,Brighton,2025,1661,Away,L,1,2,Brighton,0.9,1.5,47.0,6.0,1.0,Fulham,Home
1055,827,2025-04-02,19:45,Matchweek 30,Home,L,0,3,Aston Villa,0.9,1.2,56.0,11.0,4.0,Brighton,2025,371,Away,W,3,0,Brighton,1.2,0.9,44.0,8.0,5.0,Aston Villa,Away
1062,829,2025-04-12,15:00,Matchweek 32,Home,D,2,2,Leicester City,3.8,1.5,59.0,19.0,5.0,Brighton,2025,1969,Away,D,2,2,Brighton,1.5,3.8,41.0,15.0,6.0,Leicester City,Draw
1066,831,2025-04-26,15:00,Matchweek 34,Home,W,3,2,West Ham,1.3,1.3,53.0,16.0,9.0,Brighton,2025,3605,Away,L,2,3,Brighton,1.3,1.3,47.0,12.0,4.0,West Ham,Home
1068,832,2025-05-04,14:00,Matchweek 35,Home,D,1,1,Newcastle United,0.7,1.7,45.0,5.0,2.0,Brighton,2025,2770,Away,D,1,1,Brighton,1.7,0.7,55.0,12.0,4.0,Newcastle United,Draw
1070,834,2025-05-19,20:00,Matchweek 37,Home,W,3,2,Liverpool,2.2,2.2,49.0,25.0,12.0,Brighton,2025,2164,Away,L,2,3,Brighton,2.2,2.2,51.0,18.0,5.0,Liverpool,Home
1071,837,2020-09-26,20:00,Matchweek 3,Home,L,0,1,Southampton,0.5,0.6,53.0,10.0,2.0,Burnley,2021,3004,Away,W,1,0,Burnley,0.6,0.5,47.0,5.0,1.0,Southampton,Away
1072,840,2020-10-26,20:00,Matchweek 6,Home,L,0,1,Tottenham Hotspur,1.0,0.6,39.0,13.0,3.0,Burnley,2021,3159,Away,W,1,0,Burnley,0.6,1.0,61.0,9.0,3.0,Tottenham Hotspur,Away
1073,841,2020-10-31,15:00,Matchweek 7,Home,L,0,3,Chelsea,0.5,0.9,37.0,5.0,0.0,Burnley,2021,956,Away,W,3,0,Burnley,0.9,0.5,63.0,14.0,9.0,Chelsea,Away
1074,843,2020-11-23,17:30,Matchweek 9,Home,W,1,0,Crystal Palace,1.5,1.5,46.0,10.0,4.0,Burnley,2021,1148,Away,L,0,1,Burnley,1.5,1.5,54.0,15.0,5.0,Crystal Palace,Home
1075,845,2020-12-05,12:30,Matchweek 11,Home,D,1,1,Everton,0.8,2.2,42.0,8.0,3.0,Burnley,2021,1340,Away,D,1,1,Burnley,2.2,0.8,58.0,13.0,6.0,Everton,Draw
1076,848,2020-12-21,17:30,Matchweek 14,Home,W,2,1,Wolverhampton Wanderers,1.7,1.5,37.0,10.0,4.0,Burnley,2021,3623,Away,L,1,2,Burnley,1.5,1.7,63.0,14.0,2.0,Wolverhampton Wanderers,Home
1079,850,2020-12-29,18:00,Matchweek 16,Home,W,1,0,Sheffield United,1.0,0.7,37.0,5.0,3.0,Burnley,2021,2941,Away,L,0,1,Burnley,0.7,1.0,63.0,7.0,2.0,Sheffield United,Home
1081,851,2021-01-12,20:15,Matchweek 1,Home,L,0,1,Manchester United,0.9,1.2,38.0,11.0,0.0,Burnley,2021,2410,Away,W,1,0,Burnley,1.2,0.9,62.0,13.0,7.0,Manchester United,Away
1082,854,2021-01-27,18:00,Matchweek 20,Home,W,3,2,Aston Villa,0.5,2.2,39.0,10.0,5.0,Burnley,2021,207,Away,L,2,3,Burnley,2.2,0.5,61.0,18.0,10.0,Aston Villa,Home
1085,856,2021-02-03,18:00,Matchweek 22,Home,L,0,2,Manchester City,0.1,2.0,26.0,2.0,0.0,Burnley,2021,2224,Away,W,2,0,Burnley,2.0,0.1,74.0,13.0,6.0,Manchester City,Away
1086,857,2021-02-06,15:00,Matchweek 23,Home,D,1,1,Brighton,1.8,0.5,55.0,20.0,7.0,Burnley,2021,668,Away,D,1,1,Burnley,0.5,1.8,45.0,10.0,2.0,Brighton,Draw
1088,859,2021-02-17,18:00,Matchweek 17,Home,D,1,1,Fulham,0.9,0.5,47.0,8.0,3.0,Burnley,2021,1543,Away,D,1,1,Burnley,0.5,0.9,53.0,8.0,3.0,Fulham,Draw
1089,860,2021-02-20,15:00,Matchweek 25,Home,D,0,0,West Brom,0.5,1.6,62.0,6.0,1.0,Burnley,2021,3406,Away,D,0,0,Burnley,1.6,0.5,38.0,10.0,2.0,West Brom,Draw
1091,862,2021-03-03,18:00,Matchweek 29,Home,D,1,1,Leicester City,1.8,1.2,39.0,12.0,7.0,Burnley,2021,1850,Away,D,1,1,Burnley,1.2,1.8,61.0,16.0,4.0,Leicester City,Draw
1092,863,2021-03-06,12:30,Matchweek 27,Home,D,1,1,Arsenal,1.1,2.5,41.0,9.0,5.0,Burnley,2021,26,Away,D,1,1,Burnley,2.5,1.1,59.0,15.0,2.0,Arsenal,Draw
1093,866,2021-04-11,12:00,Matchweek 31,Home,L,1,2,Newcastle United,2.0,1.2,56.0,24.0,4.0,Burnley,2021,2614,Away,W,2,1,Burnley,1.2,2.0,44.0,10.0,4.0,Newcastle United,Away
1094,869,2021-05-03,20:15,Matchweek 34,Home,L,1,2,West Ham,2.0,2.3,45.0,7.0,1.0,Burnley,2021,3453,Away,W,2,1,Burnley,2.3,2.0,55.0,22.0,4.0,West Ham,Away
1095,871,2021-05-15,12:30,Matchweek 36,Home,L,0,4,Leeds United,1.3,1.5,48.0,16.0,4.0,Burnley,2021,1745,Away,W,4,0,Burnley,1.5,1.3,52.0,16.0,6.0,Leeds United,Away
1096,872,2021-05-19,20:15,Matchweek 37,Home,L,0,3,Liverpool,0.8,2.6,41.0,10.0,3.0,Burnley,2021,2012,Away,W,3,0,Burnley,2.6,0.8,59.0,20.0,3.0,Liverpool,Away
1099,874,2021-08-14,15:00,Matchweek 1,Home,L,1,2,Brighton,1.5,1.0,37.0,14.0,3.0,Burnley,2022,684,Away,W,2,1,Burnley,1.0,1.5,63.0,14.0,6.0,Brighton,Away
1103,876,2021-08-29,14:00,Matchweek 3,Home,D,1,1,Leeds United,1.0,1.2,36.0,12.0,3.0,Burnley,2022,1750,Away,D,1,1,Burnley,1.2,1.0,64.0,12.0,2.0,Leeds United,Draw
1105,878,2021-09-18,15:00,Matchweek 5,Home,L,0,1,Arsenal,1.0,1.1,46.0,18.0,3.0,Burnley,2022,42,Away,W,1,0,Burnley,1.1,1.0,54.0,13.0,3.0,Arsenal,Away
1110,880,2021-10-02,15:00,Matchweek 7,Home,D,0,0,Norwich City,1.2,0.6,56.0,14.0,4.0,Burnley,2022,2780,Away,D,0,0,Burnley,0.6,1.2,44.0,10.0,2.0,Norwich City,Draw
1113,883,2021-10-30,15:00,Matchweek 10,Home,W,3,1,Brentford,2.3,0.8,41.0,15.0,5.0,Burnley,2022,503,Away,L,1,3,Burnley,0.8,2.3,59.0,12.0,4.0,Brentford,Home
1120,885,2021-11-20,15:00,Matchweek 12,Home,D,3,3,Crystal Palace,1.5,1.9,40.0,15.0,9.0,Burnley,2022,1189,Away,D,3,3,Burnley,1.9,1.5,60.0,18.0,8.0,Crystal Palace,Draw
1125,888,2021-12-12,14:00,Matchweek 16,Home,D,0,0,West Ham,0.8,0.8,40.0,9.0,1.0,Burnley,2022,3473,Away,D,0,0,Burnley,0.8,0.8,60.0,16.0,3.0,West Ham,Draw
1126,892,2022-02-05,18:00,Matchweek 17,Home,D,0,0,Watford,0.6,0.8,53.0,13.0,2.0,Burnley,2022,3364,Away,D,0,0,Burnley,0.8,0.6,47.0,11.0,5.0,Watford,Draw
1127,893,2022-02-08,20:00,Matchweek 24,Home,D,1,1,Manchester United,0.4,1.8,37.0,9.0,3.0,Burnley,2022,2454,Away,D,1,1,Burnley,1.8,0.4,63.0,22.0,5.0,Manchester United,Draw
1129,894,2022-02-13,14:00,Matchweek 25,Home,L,0,1,Liverpool,1.5,1.7,34.0,8.0,5.0,Burnley,2022,2037,Away,W,1,0,Burnley,1.7,1.5,66.0,12.0,4.0,Liverpool,Away
1131,896,2022-02-23,19:30,Matchweek 13,Home,W,1,0,Tottenham Hotspur,0.9,0.7,34.0,15.0,4.0,Burnley,2022,3215,Away,L,0,1,Burnley,0.7,0.9,66.0,12.0,2.0,Tottenham Hotspur,Home
1132,898,2022-03-01,19:45,Matchweek 22,Home,L,0,2,Leicester City,0.9,1.5,45.0,9.0,2.0,Burnley,2022,1885,Away,W,2,0,Burnley,1.5,0.9,55.0,22.0,6.0,Leicester City,Away
1135,899,2022-03-05,15:00,Matchweek 28,Home,L,0,4,Chelsea,0.7,2.3,28.0,6.0,0.0,Burnley,2022,1013,Away,W,4,0,Burnley,2.3,0.7,72.0,11.0,5.0,Chelsea,Away
1140,901,2022-04-02,15:00,Matchweek 31,Home,L,0,2,Manchester City,0.1,1.8,24.0,3.0,1.0,Burnley,2022,2271,Away,W,2,0,Burnley,1.8,0.1,76.0,18.0,6.0,Manchester City,Away
1143,902,2022-04-06,19:30,Matchweek 19,Home,W,3,2,Everton,2.0,2.4,52.0,13.0,4.0,Burnley,2022,1396,Away,L,2,3,Burnley,2.4,2.0,48.0,14.0,2.0,Everton,Home
1144,905,2022-04-21,19:45,Matchweek 30,Home,W,2,0,Southampton,1.5,0.9,44.0,16.0,6.0,Burnley,2022,3072,Away,L,0,2,Burnley,0.9,1.5,56.0,11.0,3.0,Southampton,Home
1147,906,2022-04-24,14:00,Matchweek 34,Home,W,1,0,Wolverhampton Wanderers,1.4,0.6,36.0,14.0,5.0,Burnley,2022,3680,Away,L,0,1,Burnley,0.6,1.4,64.0,10.0,4.0,Wolverhampton Wanderers,Home
1148,908,2022-05-07,15:00,Matchweek 36,Home,L,1,3,Aston Villa,1.9,2.1,49.0,14.0,6.0,Burnley,2022,261,Away,W,3,1,Burnley,2.1,1.9,51.0,12.0,7.0,Aston Villa,Away
1156,911,2022-05-22,16:00,Matchweek 38,Home,L,1,2,Newcastle United,1.6,1.8,52.0,12.0,4.0,Burnley,2022,2659,Away,W,2,1,Burnley,1.8,1.6,48.0,7.0,5.0,Newcastle United,Away
1162,912,2023-08-11,20:00,Matchweek 1,Home,L,0,3,Manchester City,0.3,1.9,35.0,6.0,1.0,Burnley,2024,2318,Away,W,3,0,Burnley,1.9,0.3,65.0,17.0,8.0,Manchester City,Away
1163,913,2023-08-27,14:00,Matchweek 3,Home,L,1,3,Aston Villa,0.7,2.5,57.0,9.0,2.0,Burnley,2024,306,Away,W,3,1,Burnley,2.5,0.7,43.0,16.0,6.0,Aston Villa,Away
1168,914,2023-09-02,15:00,Matchweek 4,Home,L,2,5,Tottenham Hotspur,1.3,2.2,47.0,16.0,4.0,Burnley,2024,3271,Away,W,5,2,Burnley,2.2,1.3,53.0,21.0,11.0,Tottenham Hotspur,Away
1169,916,2023-09-23,20:00,Matchweek 6,Home,L,0,1,Manchester United,1.1,1.0,61.0,12.0,4.0,Burnley,2024,2513,Away,W,1,0,Burnley,1.0,1.1,39.0,11.0,4.0,Manchester United,Away
1172,919,2023-10-07,15:00,Matchweek 8,Home,L,1,4,Chelsea,0.7,1.9,38.0,10.0,3.0,Burnley,2024,1071,Away,W,4,1,Burnley,1.9,0.7,62.0,8.0,4.0,Chelsea,Away
1176,922,2023-11-04,15:00,Matchweek 11,Home,L,0,2,Crystal Palace,1.1,1.3,67.0,17.0,5.0,Burnley,2024,1264,Away,W,2,0,Burnley,1.3,1.1,33.0,4.0,3.0,Crystal Palace,Away
1183,924,2023-11-25,15:00,Matchweek 13,Home,L,1,2,West Ham,1.3,0.9,50.0,10.0,4.0,Burnley,2024,3546,Away,W,2,1,Burnley,0.9,1.3,50.0,11.0,3.0,West Ham,Away
1185,925,2023-12-02,15:00,Matchweek 14,Home,W,5,0,Sheffield United,1.8,0.4,63.0,19.0,7.0,Burnley,2024,2977,Away,L,0,5,Burnley,0.4,1.8,37.0,6.0,3.0,Sheffield United,Home
1187,928,2023-12-16,17:30,Matchweek 17,Home,L,0,2,Everton,0.7,1.4,61.0,14.0,2.0,Burnley,2024,1460,Away,W,2,0,Burnley,1.4,0.7,39.0,9.0,6.0,Everton,Away
1188,930,2023-12-26,17:30,Matchweek 19,Home,L,0,2,Liverpool,0.8,1.8,32.0,9.0,0.0,Burnley,2024,2108,Away,W,2,0,Burnley,1.8,0.8,68.0,19.0,10.0,Liverpool,Away
1189,932,2024-01-12,19:45,Matchweek 21,Home,D,1,1,Luton Town,1.1,0.9,39.0,13.0,7.0,Burnley,2024,2185,Away,D,1,1,Burnley,0.9,1.1,61.0,14.0,5.0,Luton Town,Draw
1191,934,2024-02-03,15:00,Matchweek 23,Home,D,2,2,Fulham,1.8,1.5,44.0,12.0,4.0,Burnley,2024,1618,Away,D,2,2,Burnley,1.5,1.8,56.0,15.0,7.0,Fulham,Draw
1193,936,2024-02-17,15:00,Matchweek 25,Home,L,0,5,Arsenal,0.3,2.3,36.0,8.0,0.0,Burnley,2024,138,Away,W,5,0,Burnley,2.3,0.3,64.0,15.0,6.0,Arsenal,Away
1198,938,2024-03-03,13:00,Matchweek 27,Home,L,0,2,Bournemouth,1.5,1.1,74.0,20.0,5.0,Burnley,2024,443,Away,W,2,0,Burnley,1.1,1.5,26.0,10.0,3.0,Bournemouth,Away
1199,940,2024-03-16,15:00,Matchweek 29,Home,W,2,1,Brentford,2.8,1.1,60.0,16.0,5.0,Burnley,2024,598,Away,L,1,2,Burnley,1.1,2.8,40.0,9.0,5.0,Brentford,Home
1202,942,2024-04-02,19:45,Matchweek 31,Home,D,1,1,Wolverhampton Wanderers,1.3,0.9,51.0,13.0,6.0,Burnley,2024,3753,Away,D,1,1,Burnley,0.9,1.3,49.0,8.0,2.0,Wolverhampton Wanderers,Draw
1203,944,2024-04-13,15:00,Matchweek 33,Home,D,1,1,Brighton,1.7,0.9,44.0,11.0,3.0,Burnley,2024,791,Away,D,1,1,Burnley,0.9,1.7,56.0,20.0,8.0,Brighton,Draw
1208,947,2024-05-04,15:00,Matchweek 36,Home,L,1,4,Newcastle United,1.0,3.4,47.0,17.0,5.0,Burnley,2024,2732,Away,W,4,1,Burnley,3.4,1.0,53.0,22.0,10.0,Newcastle United,Away
1216,949,2024-05-19,16:00,Matchweek 38,Home,L,1,2,Nottingham Forest,1.2,1.7,72.0,20.0,3.0,Burnley,2024,2887,Away,W,2,1,Burnley,1.7,1.2,28.0,12.0,6.0,Nottingham Forest,Away
1220,951,2020-09-20,16:30,Matchweek 2,Home,L,0,2,Liverpool,0.9,2.1,39.0,4.0,2.0,Chelsea,2021,1977,Away,W,2,0,Chelsea,2.1,0.9,61.0,18.0,5.0,Liverpool,Away
1221,953,2020-10-03,12:30,Matchweek 4,Home,W,4,0,Crystal Palace,2.7,0.2,70.0,15.0,4.0,Chelsea,2021,1143,Away,L,0,4,Chelsea,0.2,2.7,30.0,4.0,0.0,Crystal Palace,Home
1222,954,2020-10-17,15:00,Matchweek 5,Home,D,3,3,Southampton,1.8,1.9,53.0,11.0,5.0,Chelsea,2021,3006,Away,D,3,3,Chelsea,1.9,1.8,47.0,13.0,6.0,Southampton,Draw
1223,957,2020-11-07,17:30,Matchweek 8,Home,W,4,1,Sheffield United,2.2,0.4,69.0,20.0,9.0,Chelsea,2021,2933,Away,L,1,4,Chelsea,0.4,2.2,31.0,6.0,3.0,Sheffield United,Home
1224,959,2020-11-29,16:30,Matchweek 10,Home,D,0,0,Tottenham Hotspur,0.8,0.2,60.0,13.0,3.0,Chelsea,2021,3163,Away,D,0,0,Chelsea,0.2,0.8,40.0,5.0,1.0,Tottenham Hotspur,Draw
1225,960,2020-12-05,20:00,Matchweek 11,Home,W,3,1,Leeds United,4.1,0.8,46.0,23.0,10.0,Chelsea,2021,1720,Away,L,1,3,Chelsea,0.8,4.1,54.0,8.0,3.0,Leeds United,Home
1226,963,2020-12-21,20:00,Matchweek 14,Home,W,3,0,West Ham,2.0,0.4,53.0,11.0,7.0,Chelsea,2021,3433,Away,L,0,3,Chelsea,0.4,2.0,47.0,6.0,0.0,West Ham,Home
1227,965,2020-12-28,17:30,Matchweek 16,Home,D,1,1,Aston Villa,1.7,0.7,63.0,16.0,5.0,Chelsea,2021,203,Away,D,1,1,Chelsea,0.7,1.7,37.0,10.0,2.0,Aston Villa,Draw
1228,966,2021-01-03,16:30,Matchweek 17,Home,L,1,3,Manchester City,0.8,2.7,54.0,9.0,2.0,Chelsea,2021,2218,Away,W,3,1,Chelsea,2.7,0.8,46.0,18.0,6.0,Manchester City,Away
1230,969,2021-01-27,18:00,Matchweek 20,Home,D,0,0,Wolverhampton Wanderers,0.7,0.5,78.0,14.0,5.0,Chelsea,2021,3629,Away,D,0,0,Chelsea,0.5,0.7,22.0,4.0,0.0,Wolverhampton Wanderers,Draw
1231,970,2021-01-31,12:00,Matchweek 21,Home,W,2,0,Burnley,1.2,0.2,70.0,19.0,8.0,Chelsea,2021,855,Away,L,0,2,Chelsea,0.2,1.2,30.0,1.0,0.0,Burnley,Home
1232,973,2021-02-15,20:00,Matchweek 24,Home,W,2,0,Newcastle United,2.2,0.6,64.0,18.0,5.0,Chelsea,2021,2607,Away,L,0,2,Chelsea,0.6,2.2,36.0,10.0,4.0,Newcastle United,Home
1233,975,2021-02-28,16:30,Matchweek 26,Home,D,0,0,Manchester United,1.1,0.4,57.0,18.0,6.0,Chelsea,2021,2419,Away,D,0,0,Chelsea,0.4,1.1,43.0,11.0,4.0,Manchester United,Draw
1234,977,2021-03-08,18:00,Matchweek 27,Home,W,2,0,Everton,2.4,0.3,65.0,18.0,8.0,Chelsea,2021,1356,Away,L,0,2,Chelsea,0.3,2.4,35.0,7.0,1.0,Everton,Home
1235,979,2021-04-03,12:30,Matchweek 30,Home,L,2,5,West Brom,2.1,1.6,65.0,18.0,7.0,Chelsea,2021,3411,Away,W,5,2,Chelsea,1.6,2.1,35.0,14.0,7.0,West Brom,Away
1236,981,2021-04-20,20:15,Matchweek 32,Home,D,0,0,Brighton,0.7,0.5,64.0,7.0,4.0,Chelsea,2021,677,Away,D,0,0,Chelsea,0.5,0.7,36.0,11.0,2.0,Brighton,Draw
1237,983,2021-05-01,17:30,Matchweek 34,Home,W,2,0,Fulham,1.7,0.3,49.0,9.0,5.0,Chelsea,2021,1553,Away,L,0,2,Chelsea,0.3,1.7,51.0,10.0,3.0,Fulham,Home
1238,985,2021-05-12,20:15,Matchweek 36,Home,L,0,1,Arsenal,1.8,0.6,67.0,19.0,4.0,Chelsea,2021,35,Away,W,1,0,Chelsea,0.6,1.8,33.0,5.0,2.0,Arsenal,Away
1239,986,2021-05-18,20:15,Matchweek 37,Home,W,2,1,Leicester City,3.1,0.8,58.0,16.0,5.0,Chelsea,2021,1860,Away,L,1,2,Chelsea,0.8,3.1,42.0,7.0,3.0,Leicester City,Home
1242,988,2021-08-14,15:00,Matchweek 1,Home,W,3,0,Crystal Palace,0.7,0.2,62.0,13.0,6.0,Chelsea,2022,1178,Away,L,0,3,Chelsea,0.2,0.7,38.0,4.0,1.0,Crystal Palace,Home
1245,991,2021-09-11,17:30,Matchweek 4,Home,W,3,0,Aston Villa,1.3,1.2,57.0,12.0,4.0,Chelsea,2022,231,Away,L,0,3,Chelsea,1.2,1.3,43.0,18.0,6.0,Aston Villa,Home
1247,993,2021-09-25,12:30,Matchweek 6,Home,L,0,1,Manchester City,0.2,1.7,41.0,5.0,0.0,Chelsea,2022,2247,Away,W,1,0,Chelsea,1.7,0.2,59.0,15.0,3.0,Manchester City,Away
1250,994,2021-10-02,15:00,Matchweek 7,Home,W,3,1,Southampton,3.3,1.3,62.0,20.0,9.0,Chelsea,2022,3046,Away,L,1,3,Chelsea,1.3,3.3,38.0,5.0,1.0,Southampton,Home
1252,996,2021-10-23,12:30,Matchweek 9,Home,W,7,0,Norwich City,3.1,0.1,62.0,22.0,12.0,Chelsea,2022,2782,Away,L,0,7,Chelsea,0.1,3.1,38.0,3.0,1.0,Norwich City,Home
1253,998,2021-11-06,15:00,Matchweek 11,Home,D,1,1,Burnley,1.8,0.7,70.0,25.0,4.0,Chelsea,2022,884,Away,D,1,1,Chelsea,0.7,1.8,30.0,5.0,2.0,Burnley,Draw
1256,1000,2021-11-28,16:30,Matchweek 13,Home,D,1,1,Manchester United,2.7,0.9,65.0,23.0,5.0,Chelsea,2022,2444,Away,D,1,1,Chelsea,0.9,2.7,35.0,3.0,2.0,Manchester United,Draw
1258,1003,2021-12-11,15:00,Matchweek 16,Home,W,3,2,Leeds United,2.5,1.4,57.0,14.0,4.0,Chelsea,2022,1763,Away,L,2,3,Chelsea,1.4,2.5,43.0,11.0,4.0,Leeds United,Home
1260,1004,2021-12-16,19:45,Matchweek 17,Home,D,1,1,Everton,2.9,0.6,80.0,23.0,10.0,Chelsea,2022,1384,Away,D,1,1,Chelsea,0.6,2.9,20.0,5.0,3.0,Everton,Draw
1261,1007,2021-12-29,19:30,Matchweek 20,Home,D,1,1,Brighton,0.7,0.9,47.0,11.0,5.0,Chelsea,2022,701,Away,D,1,1,Chelsea,0.9,0.7,53.0,18.0,6.0,Brighton,Draw
1262,1008,2022-01-02,16:30,Matchweek 21,Home,D,2,2,Liverpool,1.2,1.3,54.0,15.0,6.0,Chelsea,2022,2033,Away,D,2,2,Chelsea,1.3,1.2,46.0,10.0,6.0,Liverpool,Draw
1263,1011,2022-01-23,16:30,Matchweek 23,Home,W,2,0,Tottenham Hotspur,1.2,0.5,64.0,15.0,7.0,Chelsea,2022,3211,Away,L,0,2,Chelsea,0.5,1.2,36.0,6.0,3.0,Tottenham Hotspur,Home
1265,1015,2022-03-13,14:00,Matchweek 29,Home,W,1,0,Newcastle United,1.1,0.3,71.0,8.0,3.0,Chelsea,2022,2649,Away,L,0,1,Chelsea,0.3,1.1,29.0,7.0,2.0,Newcastle United,Home
1270,1016,2022-04-02,15:00,Matchweek 31,Home,L,1,4,Brentford,1.3,1.8,70.0,21.0,8.0,Chelsea,2022,524,Away,W,4,1,Chelsea,1.8,1.3,30.0,17.0,6.0,Brentford,Away
1274,1018,2022-04-20,19:45,Matchweek 25,Home,L,2,4,Arsenal,0.7,2.0,67.0,11.0,2.0,Chelsea,2022,69,Away,W,4,2,Chelsea,2.0,0.7,33.0,13.0,3.0,Arsenal,Away
1276,1019,2022-04-24,14:00,Matchweek 34,Home,W,1,0,West Ham,3.0,0.5,66.0,25.0,4.0,Chelsea,2022,3491,Away,L,0,1,Chelsea,0.5,3.0,34.0,6.0,2.0,West Ham,Home
1281,1022,2022-05-07,15:00,Matchweek 36,Home,D,2,2,Wolverhampton Wanderers,1.7,2.0,59.0,18.0,5.0,Chelsea,2022,3682,Away,D,2,2,Chelsea,2.0,1.7,41.0,14.0,4.0,Wolverhampton Wanderers,Draw
1282,1024,2022-05-19,20:00,Matchweek 27,Home,D,1,1,Leicester City,1.6,0.1,67.0,20.0,7.0,Chelsea,2022,1898,Away,D,1,1,Chelsea,0.1,1.6,33.0,2.0,1.0,Leicester City,Draw
1290,1025,2022-05-22,16:00,Matchweek 38,Home,W,2,1,Watford,2.2,0.6,71.0,19.0,8.0,Chelsea,2022,3381,Away,L,1,2,Chelsea,0.6,2.2,29.0,8.0,3.0,Watford,Home
1293,1027,2022-08-14,16:30,Matchweek 2,Home,D,2,2,Tottenham Hotspur,1.6,1.0,63.0,16.0,3.0,Chelsea,2023,3231,Away,D,2,2,Chelsea,1.0,1.6,37.0,10.0,5.0,Tottenham Hotspur,Draw
1298,1029,2022-08-27,15:00,Matchweek 4,Home,W,2,1,Leicester City,1.8,2.5,45.0,7.0,4.0,Chelsea,2023,1903,Away,L,1,2,Chelsea,2.5,1.8,55.0,17.0,5.0,Leicester City,Home
1304,1031,2022-09-03,15:00,Matchweek 6,Home,W,2,1,West Ham,0.9,1.1,67.0,8.0,3.0,Chelsea,2023,3501,Away,L,1,2,Chelsea,1.1,0.9,33.0,6.0,3.0,West Ham,Home
1308,1033,2022-10-08,15:00,Matchweek 10,Home,W,3,0,Wolverhampton Wanderers,1.9,1.1,57.0,20.0,7.0,Chelsea,2023,3694,Away,L,0,3,Chelsea,1.1,1.9,43.0,8.0,2.0,Wolverhampton Wanderers,Home
1309,1036,2022-10-22,17:30,Matchweek 13,Home,D,1,1,Manchester United,1.1,0.8,48.0,5.0,1.0,Chelsea,2023,2480,Away,D,1,1,Chelsea,0.8,1.1,52.0,13.0,6.0,Manchester United,Draw
1310,1038,2022-11-06,12:00,Matchweek 15,Home,L,0,1,Arsenal,0.3,2.1,45.0,5.0,1.0,Chelsea,2023,88,Away,W,1,0,Chelsea,2.1,0.3,55.0,14.0,2.0,Arsenal,Away
1311,1040,2022-12-27,17:30,Matchweek 17,Home,W,2,0,Bournemouth,1.8,0.5,60.0,15.0,5.0,Chelsea,2023,395,Away,L,0,2,Chelsea,0.5,1.8,40.0,9.0,4.0,Bournemouth,Home
1312,1042,2023-01-05,20:00,Matchweek 19,Home,L,0,1,Manchester City,0.4,2.0,48.0,8.0,2.0,Chelsea,2023,2296,Away,W,1,0,Chelsea,2.0,0.4,52.0,12.0,3.0,Manchester City,Away
1313,1044,2023-01-15,14:00,Matchweek 20,Home,W,1,0,Crystal Palace,1.5,0.7,61.0,15.0,5.0,Chelsea,2023,1233,Away,L,0,1,Chelsea,0.7,1.5,39.0,10.0,5.0,Crystal Palace,Home
1315,1046,2023-02-03,20:00,Matchweek 22,Home,D,0,0,Fulham,1.3,0.6,66.0,12.0,2.0,Chelsea,2023,1579,Away,D,0,0,Chelsea,0.6,1.3,34.0,10.0,4.0,Fulham,Draw
1321,1048,2023-02-18,15:00,Matchweek 24,Home,L,0,1,Southampton,1.6,0.6,62.0,17.0,4.0,Chelsea,2023,3100,Away,W,1,0,Chelsea,0.6,1.6,38.0,8.0,4.0,Southampton,Away
1324,1050,2023-03-04,15:00,Matchweek 26,Home,W,1,0,Leeds United,1.5,1.0,57.0,13.0,3.0,Chelsea,2023,1810,Away,L,0,1,Chelsea,1.0,1.5,43.0,11.0,2.0,Leeds United,Home
1327,1052,2023-03-18,17:30,Matchweek 28,Home,D,2,2,Everton,2.3,1.2,68.0,19.0,6.0,Chelsea,2023,1433,Away,D,2,2,Chelsea,1.2,2.3,32.0,12.0,3.0,Everton,Draw
1328,1053,2023-04-01,17:30,Matchweek 29,Home,L,0,2,Aston Villa,2.1,0.9,69.0,27.0,7.0,Chelsea,2023,293,Away,W,2,0,Chelsea,0.9,2.1,31.0,5.0,2.0,Aston Villa,Away
1329,1054,2023-04-04,20:00,Matchweek 8,Home,D,0,0,Liverpool,2.2,0.3,49.0,12.0,2.0,Chelsea,2023,2079,Away,D,0,0,Chelsea,0.3,2.2,51.0,7.0,3.0,Liverpool,Draw
1332,1056,2023-04-15,15:00,Matchweek 31,Home,L,1,2,Brighton,0.5,2.9,43.0,8.0,2.0,Chelsea,2023,750,Away,W,2,1,Chelsea,2.9,0.5,57.0,26.0,10.0,Brighton,Away
1335,1057,2023-04-26,19:45,Matchweek 33,Home,L,0,2,Brentford,1.3,1.1,71.0,15.0,4.0,Chelsea,2023,564,Away,W,2,0,Chelsea,1.1,1.3,29.0,7.0,1.0,Brentford,Away
1339,1060,2023-05-13,15:00,Matchweek 36,Home,D,2,2,Nottingham Forest,1.2,1.3,75.0,14.0,6.0,Chelsea,2023,2847,Away,D,2,2,Chelsea,1.3,1.2,25.0,11.0,2.0,Nottingham Forest,Draw
1347,1063,2023-05-28,16:30,Matchweek 38,Home,D,1,1,Newcastle United,2.2,1.7,64.0,22.0,4.0,Chelsea,2023,2697,Away,D,1,1,Chelsea,1.7,2.2,36.0,13.0,4.0,Newcastle United,Draw
1352,1064,2023-08-13,16:30,Matchweek 1,Home,D,1,1,Liverpool,1.4,1.3,65.0,10.0,4.0,Chelsea,2024,2090,Away,D,1,1,Chelsea,1.3,1.4,35.0,13.0,1.0,Liverpool,Draw
1353,1066,2023-08-25,20:00,Matchweek 3,Home,W,3,0,Luton Town,2.2,0.4,67.0,19.0,8.0,Chelsea,2024,2167,Away,L,0,3,Chelsea,0.4,2.2,33.0,11.0,1.0,Luton Town,Home
1356,1067,2023-09-02,15:00,Matchweek 4,Home,L,0,1,Nottingham Forest,2.3,0.8,75.0,21.0,2.0,Chelsea,2024,2853,Away,W,1,0,Chelsea,0.8,2.3,25.0,7.0,3.0,Nottingham Forest,Away
1358,1069,2023-09-24,14:00,Matchweek 6,Home,L,0,1,Aston Villa,1.3,1.0,53.0,10.0,4.0,Chelsea,2024,309,Away,W,1,0,Chelsea,1.0,1.3,47.0,15.0,7.0,Aston Villa,Away
1362,1072,2023-10-21,17:30,Matchweek 9,Home,D,2,2,Arsenal,1.3,1.0,44.0,10.0,4.0,Chelsea,2024,122,Away,D,2,2,Chelsea,1.0,1.3,56.0,13.0,3.0,Arsenal,Draw
1363,1073,2023-10-28,12:30,Matchweek 10,Home,L,0,2,Brentford,1.9,2.2,68.0,17.0,2.0,Chelsea,2024,579,Away,W,2,0,Chelsea,2.2,1.9,32.0,7.0,5.0,Brentford,Away
1364,1075,2023-11-12,16:30,Matchweek 12,Home,D,4,4,Manchester City,2.9,2.9,45.0,16.0,8.0,Chelsea,2024,2329,Away,D,4,4,Chelsea,2.9,2.9,55.0,14.0,9.0,Manchester City,Draw
1366,1077,2023-12-03,14:00,Matchweek 14,Home,W,3,2,Brighton,2.1,1.1,32.0,7.0,3.0,Chelsea,2024,773,Away,L,2,3,Chelsea,1.1,2.1,68.0,18.0,9.0,Brighton,Home
1371,1080,2023-12-16,15:00,Matchweek 17,Home,W,2,0,Sheffield United,3.1,0.4,78.0,15.0,6.0,Chelsea,2024,2980,Away,L,0,2,Chelsea,0.4,3.1,22.0,6.0,1.0,Sheffield United,Home
1372,1082,2023-12-27,19:30,Matchweek 19,Home,W,2,1,Crystal Palace,2.6,1.1,63.0,8.0,2.0,Chelsea,2024,1272,Away,L,1,2,Chelsea,1.1,2.6,37.0,13.0,5.0,Crystal Palace,Home
1374,1084,2024-01-13,12:30,Matchweek 21,Home,W,1,0,Fulham,2.2,0.8,55.0,16.0,2.0,Chelsea,2024,1616,Away,L,0,1,Chelsea,0.8,2.2,45.0,14.0,4.0,Fulham,Home
1377,1086,2024-02-04,14:00,Matchweek 23,Home,L,2,4,Wolverhampton Wanderers,1.7,2.0,64.0,15.0,4.0,Chelsea,2024,3746,Away,W,4,2,Chelsea,2.0,1.7,36.0,13.0,6.0,Wolverhampton Wanderers,Away
1378,1090,2024-03-11,20:00,Matchweek 28,Home,W,3,2,Newcastle United,1.6,0.7,44.0,12.0,7.0,Chelsea,2024,2725,Away,L,2,3,Chelsea,0.7,1.6,56.0,11.0,3.0,Newcastle United,Home
1379,1091,2024-03-30,15:00,Matchweek 30,Home,D,2,2,Burnley,4.2,1.6,69.0,32.0,12.0,Chelsea,2024,941,Away,D,2,2,Chelsea,1.6,4.2,31.0,18.0,6.0,Burnley,Draw
1384,1092,2024-04-04,20:15,Matchweek 31,Home,W,4,3,Manchester United,3.0,1.5,57.0,26.0,8.0,Chelsea,2024,2537,Away,L,3,4,Chelsea,1.5,3.0,43.0,19.0,5.0,Manchester United,Home
1385,1094,2024-04-15,20:00,Matchweek 33,Home,W,6,0,Everton,3.1,1.5,58.0,13.0,9.0,Chelsea,2024,1475,Away,L,0,6,Chelsea,1.5,3.1,42.0,10.0,2.0,Everton,Home
1386,1097,2024-05-02,19:30,Matchweek 26,Home,W,2,0,Tottenham Hotspur,2.2,1.6,37.0,16.0,4.0,Chelsea,2024,3301,Away,L,0,2,Chelsea,1.6,2.2,63.0,19.0,3.0,Tottenham Hotspur,Home
1388,1098,2024-05-05,14:00,Matchweek 36,Home,W,5,0,West Ham,4.1,0.9,69.0,25.0,14.0,Chelsea,2024,3569,Away,L,0,5,Chelsea,0.9,4.1,31.0,13.0,2.0,West Ham,Home
1390,1101,2024-05-19,16:00,Matchweek 38,Home,W,2,1,Bournemouth,1.1,2.2,61.0,16.0,6.0,Chelsea,2024,455,Away,L,1,2,Chelsea,2.2,1.1,39.0,22.0,5.0,Bournemouth,Home
1399,1102,2024-08-18,16:30,Matchweek 1,Home,L,0,2,Manchester City,1.0,0.8,48.0,10.0,3.0,Chelsea,2025,2356,Away,W,2,0,Chelsea,0.8,1.0,52.0,11.0,5.0,Manchester City,Away
1400,1104,2024-09-01,13:30,Matchweek 3,Home,D,1,1,Crystal Palace,2.4,0.5,62.0,13.0,7.0,Chelsea,2025,1294,Away,D,1,1,Chelsea,0.5,2.4,38.0,9.0,3.0,Crystal Palace,Draw
1402,1107,2024-09-28,15:00,Matchweek 6,Home,W,4,2,Brighton,4.2,1.1,41.0,14.0,5.0,Chelsea,2025,803,Away,L,2,4,Chelsea,1.1,4.2,59.0,15.0,5.0,Brighton,Home
1408,1108,2024-10-06,14:00,Matchweek 7,Home,D,1,1,Nottingham Forest,2.3,0.9,65.0,22.0,8.0,Chelsea,2025,2894,Away,D,1,1,Chelsea,0.9,2.3,35.0,16.0,9.0,Nottingham Forest,Draw
1410,1110,2024-10-27,14:00,Matchweek 9,Home,W,2,1,Newcastle United,1.6,1.8,50.0,17.0,7.0,Chelsea,2025,2744,Away,L,1,2,Chelsea,1.8,1.6,50.0,11.0,2.0,Newcastle United,Home
1412,1112,2024-11-10,16:30,Matchweek 11,Home,D,1,1,Arsenal,1.5,1.5,49.0,17.0,3.0,Chelsea,2025,162,Away,D,1,1,Chelsea,1.5,1.5,51.0,13.0,3.0,Arsenal,Draw
1413,1114,2024-12-01,13:30,Matchweek 13,Home,W,3,0,Aston Villa,1.6,1.2,64.0,17.0,8.0,Chelsea,2025,354,Away,L,0,3,Chelsea,1.2,1.6,36.0,10.0,3.0,Aston Villa,Home
1416,1117,2024-12-15,19:00,Matchweek 16,Home,W,2,1,Brentford,2.2,1.6,62.0,26.0,8.0,Chelsea,2025,623,Away,L,1,2,Chelsea,1.6,2.2,38.0,9.0,4.0,Brentford,Home
1420,1119,2024-12-26,15:00,Matchweek 18,Home,L,1,2,Fulham,1.1,1.8,47.0,12.0,8.0,Chelsea,2025,1651,Away,W,2,1,Chelsea,1.8,1.1,53.0,14.0,7.0,Fulham,Away
1423,1122,2025-01-14,19:30,Matchweek 21,Home,D,2,2,Bournemouth,2.5,1.2,57.0,26.0,10.0,Chelsea,2025,476,Away,D,2,2,Chelsea,1.2,2.5,43.0,6.0,2.0,Bournemouth,Draw
1426,1123,2025-01-20,20:00,Matchweek 22,Home,W,3,1,Wolverhampton Wanderers,3.1,0.8,63.0,19.0,6.0,Chelsea,2025,3783,Away,L,1,3,Chelsea,0.8,3.1,37.0,9.0,4.0,Wolverhampton Wanderers,Home
1427,1125,2025-02-03,20:00,Matchweek 24,Home,W,2,1,West Ham,1.6,1.2,68.0,22.0,3.0,Chelsea,2025,3595,Away,L,1,2,Chelsea,1.2,1.6,32.0,14.0,5.0,West Ham,Home
1428,1128,2025-02-25,20:15,Matchweek 27,Home,W,4,0,Southampton,2.4,0.7,60.0,19.0,10.0,Chelsea,2025,3142,Away,L,0,4,Chelsea,0.7,2.4,40.0,7.0,2.0,Southampton,Home
1430,1129,2025-03-09,14:00,Matchweek 28,Home,W,1,0,Leicester City,1.7,0.1,56.0,19.0,6.0,Chelsea,2025,1965,Away,L,0,1,Chelsea,0.1,1.7,44.0,3.0,3.0,Leicester City,Home
1431,1131,2025-04-03,20:00,Matchweek 30,Home,W,1,0,Tottenham Hotspur,1.0,0.9,51.0,11.0,5.0,Chelsea,2025,3335,Away,L,0,1,Chelsea,0.9,1.0,49.0,8.0,2.0,Tottenham Hotspur,Home
1432,1133,2025-04-13,14:00,Matchweek 32,Home,D,2,2,Ipswich Town,2.2,1.1,73.0,34.0,9.0,Chelsea,2025,1703,Away,D,2,2,Chelsea,1.1,2.2,27.0,13.0,4.0,Ipswich Town,Draw
1435,1135,2025-04-26,12:30,Matchweek 34,Home,W,1,0,Everton,0.8,0.4,55.0,10.0,7.0,Chelsea,2025,1515,Away,L,0,1,Chelsea,0.4,0.8,45.0,6.0,3.0,Everton,Home
1436,1136,2025-05-04,16:30,Matchweek 35,Home,W,3,1,Liverpool,3.1,1.0,36.0,16.0,5.0,Chelsea,2025,2162,Away,L,1,3,Chelsea,1.0,3.1,64.0,11.0,2.0,Liverpool,Home
1437,1138,2025-05-16,20:15,Matchweek 37,Home,W,1,0,Manchester United,0.8,0.3,47.0,11.0,3.0,Chelsea,2025,2582,Away,L,0,1,Chelsea,0.3,0.8,53.0,4.0,1.0,Manchester United,Home
1438,1140,2020-09-12,15:00,Matchweek 1,Home,W,1,0,Southampton,1.1,0.9,31.0,5.0,3.0,Crystal Palace,2021,3002,Away,L,0,1,Crystal Palace,0.9,1.1,69.0,9.0,5.0,Southampton,Home
1439,1142,2020-09-26,15:00,Matchweek 3,Home,L,1,2,Everton,0.4,1.9,42.0,8.0,1.0,Crystal Palace,2021,1332,Away,W,2,1,Crystal Palace,1.9,0.4,58.0,9.0,4.0,Everton,Away
1440,1144,2020-10-18,14:00,Matchweek 5,Home,D,1,1,Brighton,0.8,1.7,34.0,0.0,0.0,Crystal Palace,2021,650,Away,D,1,1,Crystal Palace,1.7,0.8,66.0,20.0,3.0,Brighton,Draw
1441,1147,2020-11-07,15:00,Matchweek 8,Home,W,4,1,Leeds United,0.9,0.8,36.0,10.0,6.0,Crystal Palace,2021,1717,Away,L,1,4,Crystal Palace,0.8,0.9,64.0,9.0,3.0,Leeds United,Home
1442,1149,2020-11-27,20:00,Matchweek 10,Home,L,0,2,Newcastle United,0.6,1.3,57.0,12.0,3.0,Crystal Palace,2021,2593,Away,W,2,0,Crystal Palace,1.3,0.6,43.0,14.0,7.0,Newcastle United,Away
1443,1151,2020-12-13,14:15,Matchweek 12,Home,D,1,1,Tottenham Hotspur,1.6,0.9,44.0,16.0,5.0,Crystal Palace,2021,3165,Away,D,1,1,Crystal Palace,0.9,1.6,56.0,14.0,6.0,Tottenham Hotspur,Draw
1444,1153,2020-12-19,12:30,Matchweek 14,Home,L,0,7,Liverpool,0.3,2.5,36.0,5.0,3.0,Crystal Palace,2021,1989,Away,W,7,0,Crystal Palace,2.5,0.3,64.0,14.0,7.0,Liverpool,Away
1445,1155,2020-12-28,15:00,Matchweek 16,Home,D,1,1,Leicester City,0.5,1.9,34.0,4.0,1.0,Crystal Palace,2021,1839,Away,D,1,1,Crystal Palace,1.9,0.5,66.0,16.0,2.0,Leicester City,Draw
1446,1156,2021-01-02,15:00,Matchweek 17,Home,W,2,0,Sheffield United,0.6,0.4,44.0,9.0,4.0,Crystal Palace,2021,2942,Away,L,0,2,Crystal Palace,0.4,0.6,56.0,7.0,2.0,Sheffield United,Home
1448,1159,2021-01-26,18:00,Matchweek 20,Home,L,2,3,West Ham,0.7,2.8,54.0,6.0,3.0,Crystal Palace,2021,3439,Away,W,3,2,Crystal Palace,2.8,0.7,46.0,17.0,7.0,West Ham,Away
1451,1160,2021-01-30,15:00,Matchweek 21,Home,W,1,0,Wolverhampton Wanderers,1.4,0.4,48.0,11.0,2.0,Crystal Palace,2021,3630,Away,L,0,1,Crystal Palace,0.4,1.4,52.0,6.0,4.0,Wolverhampton Wanderers,Home
1452,1163,2021-02-13,15:00,Matchweek 24,Home,L,0,3,Burnley,0.5,1.4,54.0,13.0,3.0,Crystal Palace,2021,858,Away,W,3,0,Crystal Palace,1.4,0.5,46.0,16.0,4.0,Burnley,Away
1454,1165,2021-02-28,12:00,Matchweek 26,Home,D,0,0,Fulham,0.1,1.4,40.0,3.0,0.0,Crystal Palace,2021,1545,Away,D,0,0,Crystal Palace,1.4,0.1,60.0,16.0,4.0,Fulham,Draw
1455,1166,2021-03-03,20:15,Matchweek 29,Home,D,0,0,Manchester United,0.9,0.9,37.0,8.0,2.0,Crystal Palace,2021,2420,Away,D,0,0,Crystal Palace,0.9,0.9,63.0,11.0,1.0,Manchester United,Draw
1456,1168,2021-03-13,15:00,Matchweek 28,Home,W,1,0,West Brom,1.2,0.8,45.0,5.0,3.0,Crystal Palace,2021,3410,Away,L,0,1,Crystal Palace,0.8,1.2,55.0,12.0,1.0,West Brom,Home
1457,1170,2021-04-10,17:30,Matchweek 31,Home,L,1,4,Chelsea,0.4,3.1,36.0,1.0,1.0,Crystal Palace,2021,980,Away,W,4,1,Crystal Palace,3.1,0.4,64.0,23.0,9.0,Chelsea,Away
1458,1172,2021-05-01,12:30,Matchweek 34,Home,L,0,2,Manchester City,0.9,1.7,32.0,9.0,4.0,Crystal Palace,2021,2237,Away,W,2,0,Crystal Palace,1.7,0.9,68.0,20.0,3.0,Manchester City,Away
1459,1175,2021-05-16,12:00,Matchweek 36,Home,W,3,2,Aston Villa,1.9,1.4,45.0,23.0,8.0,Crystal Palace,2021,225,Away,L,2,3,Crystal Palace,1.4,1.9,55.0,19.0,5.0,Aston Villa,Home
1460,1176,2021-05-19,19:00,Matchweek 37,Home,L,1,3,Arsenal,1.0,1.8,32.0,12.0,6.0,Crystal Palace,2021,36,Away,W,3,1,Crystal Palace,1.8,1.0,68.0,6.0,3.0,Arsenal,Away
1461,1179,2021-08-21,15:00,Matchweek 2,Home,D,0,0,Brentford,0.5,0.9,53.0,7.0,2.0,Crystal Palace,2022,495,Away,D,0,0,Crystal Palace,0.9,0.5,47.0,14.0,3.0,Brentford,Draw
1465,1181,2021-09-11,12:30,Matchweek 4,Home,W,3,0,Tottenham Hotspur,2.1,0.1,62.0,17.0,3.0,Crystal Palace,2022,3195,Away,L,0,3,Crystal Palace,0.1,2.1,38.0,2.0,1.0,Tottenham Hotspur,Home
1466,1183,2021-09-27,20:00,Matchweek 6,Home,D,1,1,Brighton,1.4,0.8,47.0,7.0,2.0,Crystal Palace,2022,689,Away,D,1,1,Crystal Palace,0.8,1.4,53.0,8.0,4.0,Brighton,Draw
1469,1184,2021-10-03,14:00,Matchweek 7,Home,D,2,2,Leicester City,1.5,1.2,60.0,18.0,4.0,Crystal Palace,2022,1868,Away,D,2,2,Crystal Palace,1.2,1.5,40.0,9.0,5.0,Leicester City,Draw
1471,1186,2021-10-23,15:00,Matchweek 9,Home,D,1,1,Newcastle United,1.9,0.3,74.0,15.0,3.0,Crystal Palace,2022,2630,Away,D,1,1,Crystal Palace,0.3,1.9,26.0,6.0,1.0,Newcastle United,Draw
1476,1188,2021-11-06,15:00,Matchweek 11,Home,W,2,0,Wolverhampton Wanderers,1.9,0.3,60.0,13.0,6.0,Crystal Palace,2022,3658,Away,L,0,2,Crystal Palace,0.3,1.9,40.0,4.0,2.0,Wolverhampton Wanderers,Home
1477,1190,2021-11-27,15:00,Matchweek 13,Home,L,1,2,Aston Villa,1.0,0.5,64.0,8.0,3.0,Crystal Palace,2022,240,Away,W,2,1,Crystal Palace,0.5,1.0,36.0,10.0,3.0,Aston Villa,Away
1480,1193,2021-12-12,16:30,Matchweek 16,Home,W,3,1,Everton,1.8,1.0,61.0,17.0,6.0,Crystal Palace,2022,1383,Away,L,1,3,Crystal Palace,1.0,1.8,39.0,12.0,6.0,Everton,Home
1481,1194,2021-12-15,19:30,Matchweek 17,Home,D,2,2,Southampton,1.2,0.6,59.0,9.0,6.0,Crystal Palace,2022,3056,Away,D,2,2,Crystal Palace,0.6,1.2,41.0,15.0,4.0,Southampton,Draw
1483,1196,2021-12-28,15:00,Matchweek 20,Home,W,3,0,Norwich City,1.9,0.9,51.0,18.0,5.0,Crystal Palace,2022,2792,Away,L,0,3,Crystal Palace,0.9,1.9,49.0,12.0,2.0,Norwich City,Home
1486,1197,2022-01-01,17:30,Matchweek 21,Home,L,2,3,West Ham,2.4,2.2,62.0,22.0,6.0,Crystal Palace,2022,3477,Away,W,3,2,Crystal Palace,2.2,2.4,38.0,9.0,4.0,West Ham,Away
1489,1199,2022-01-23,14:00,Matchweek 23,Home,L,1,3,Liverpool,2.2,1.9,43.0,8.0,5.0,Crystal Palace,2022,2035,Away,W,3,1,Crystal Palace,1.9,2.2,57.0,13.0,6.0,Liverpool,Away
1492,1202,2022-02-19,15:00,Matchweek 26,Home,L,0,1,Chelsea,0.5,0.9,42.0,7.0,0.0,Crystal Palace,2022,1012,Away,W,1,0,Crystal Palace,0.9,0.5,58.0,9.0,3.0,Chelsea,Away
1497,1204,2022-02-26,15:00,Matchweek 27,Home,D,1,1,Burnley,1.0,0.2,59.0,11.0,4.0,Crystal Palace,2022,897,Away,D,1,1,Crystal Palace,0.2,1.0,41.0,5.0,1.0,Burnley,Draw
1500,1206,2022-03-14,20:00,Matchweek 29,Home,D,0,0,Manchester City,0.6,2.8,27.0,7.0,1.0,Crystal Palace,2022,2270,Away,D,0,0,Crystal Palace,2.8,0.6,73.0,19.0,4.0,Manchester City,Draw
1501,1207,2022-04-04,20:00,Matchweek 31,Home,W,3,0,Arsenal,1.5,0.8,32.0,5.0,4.0,Crystal Palace,2022,66,Away,L,0,3,Crystal Palace,0.8,1.5,68.0,12.0,3.0,Arsenal,Home
1502,1210,2022-04-25,20:00,Matchweek 34,Home,D,0,0,Leeds United,1.9,0.5,53.0,17.0,7.0,Crystal Palace,2022,1780,Away,D,0,0,Crystal Palace,0.5,1.9,47.0,9.0,2.0,Leeds United,Draw
1505,1212,2022-05-07,15:00,Matchweek 36,Home,W,1,0,Watford,2.2,0.4,67.0,14.0,6.0,Crystal Palace,2022,3378,Away,L,0,1,Crystal Palace,0.4,2.2,33.0,6.0,1.0,Watford,Home
1510,1215,2022-05-22,16:00,Matchweek 38,Home,W,1,0,Manchester United,0.6,0.7,39.0,6.0,3.0,Crystal Palace,2022,2469,Away,L,0,1,Crystal Palace,0.7,0.6,61.0,10.0,4.0,Manchester United,Home
1517,1216,2022-08-05,20:00,Matchweek 1,Home,L,0,2,Arsenal,1.2,1.0,56.0,10.0,2.0,Crystal Palace,2023,76,Away,W,2,0,Crystal Palace,1.0,1.2,44.0,10.0,2.0,Arsenal,Away
1518,1218,2022-08-20,15:00,Matchweek 3,Home,W,3,1,Aston Villa,2.6,0.9,51.0,16.0,8.0,Crystal Palace,2023,268,Away,L,1,3,Crystal Palace,0.9,2.6,49.0,13.0,5.0,Aston Villa,Home
1522,1220,2022-08-30,19:30,Matchweek 5,Home,D,1,1,Brentford,1.0,1.4,49.0,13.0,4.0,Crystal Palace,2023,536,Away,D,1,1,Crystal Palace,1.4,1.0,51.0,9.0,3.0,Brentford,Draw
1526,1222,2022-10-01,15:00,Matchweek 9,Home,L,1,2,Chelsea,0.4,1.1,36.0,7.0,3.0,Crystal Palace,2023,1032,Away,W,2,1,Crystal Palace,1.1,0.4,64.0,13.0,3.0,Chelsea,Away
1530,1223,2022-10-09,14:00,Matchweek 10,Home,W,2,1,Leeds United,1.1,1.0,54.0,13.0,5.0,Crystal Palace,2023,1793,Away,L,1,2,Crystal Palace,1.0,1.1,46.0,10.0,4.0,Leeds United,Home
1531,1225,2022-10-18,20:15,Matchweek 12,Home,W,2,1,Wolverhampton Wanderers,1.2,0.8,51.0,14.0,4.0,Crystal Palace,2023,3696,Away,L,1,2,Crystal Palace,0.8,1.2,49.0,10.0,4.0,Wolverhampton Wanderers,Home
1534,1227,2022-10-29,15:00,Matchweek 14,Home,W,1,0,Southampton,0.9,1.3,44.0,12.0,3.0,Crystal Palace,2023,3090,Away,L,0,1,Crystal Palace,1.3,0.9,56.0,14.0,4.0,Southampton,Home
1538,1230,2022-12-26,15:00,Matchweek 17,Home,L,0,3,Fulham,0.4,2.5,36.0,4.0,0.0,Crystal Palace,2023,1573,Away,W,3,0,Crystal Palace,2.5,0.4,64.0,23.0,10.0,Fulham,Away
1541,1232,2023-01-04,20:00,Matchweek 19,Home,L,0,4,Tottenham Hotspur,0.8,1.4,47.0,19.0,4.0,Crystal Palace,2023,3247,Away,W,4,0,Crystal Palace,1.4,0.8,53.0,14.0,6.0,Tottenham Hotspur,Away
1543,1234,2023-01-18,20:00,Matchweek 7,Home,D,1,1,Manchester United,0.5,2.1,40.0,10.0,5.0,Crystal Palace,2023,2488,Away,D,1,1,Crystal Palace,2.1,0.5,60.0,15.0,4.0,Manchester United,Draw
1544,1235,2023-01-21,17:30,Matchweek 21,Home,D,0,0,Newcastle United,0.3,1.2,40.0,6.0,1.0,Crystal Palace,2023,2679,Away,D,0,0,Crystal Palace,1.2,0.3,60.0,16.0,7.0,Newcastle United,Draw
1546,1237,2023-02-11,15:00,Matchweek 23,Home,D,1,1,Brighton,1.1,2.5,27.0,6.0,1.0,Crystal Palace,2023,742,Away,D,1,1,Crystal Palace,2.5,1.1,73.0,17.0,7.0,Brighton,Draw
1550,1239,2023-02-25,19:45,Matchweek 25,Home,D,0,0,Liverpool,0.7,0.9,37.0,6.0,0.0,Crystal Palace,2023,2074,Away,D,0,0,Crystal Palace,0.9,0.7,63.0,12.0,4.0,Liverpool,Draw
1551,1241,2023-03-11,17:30,Matchweek 27,Home,L,0,1,Manchester City,0.2,2.1,33.0,4.0,0.0,Crystal Palace,2023,2306,Away,W,1,0,Crystal Palace,2.1,0.2,67.0,13.0,3.0,Manchester City,Away
1555,1244,2023-04-01,15:00,Matchweek 29,Home,W,2,1,Leicester City,2.3,0.2,52.0,31.0,9.0,Crystal Palace,2023,1927,Away,L,1,2,Crystal Palace,0.2,2.3,48.0,3.0,2.0,Leicester City,Home
1558,1247,2023-04-22,15:00,Matchweek 32,Home,D,0,0,Everton,0.5,0.4,56.0,12.0,2.0,Crystal Palace,2023,1437,Away,D,0,0,Crystal Palace,0.4,0.5,44.0,10.0,5.0,Everton,Draw
1561,1249,2023-04-29,12:30,Matchweek 34,Home,W,4,3,West Ham,2.1,1.7,59.0,15.0,5.0,Crystal Palace,2023,3528,Away,L,3,4,Crystal Palace,1.7,2.1,41.0,8.0,4.0,West Ham,Home
1562,1251,2023-05-13,15:00,Matchweek 36,Home,W,2,0,Bournemouth,1.5,0.3,59.0,17.0,5.0,Crystal Palace,2023,415,Away,L,0,2,Crystal Palace,0.3,1.5,41.0,5.0,0.0,Bournemouth,Home
1573,1253,2023-05-28,16:30,Matchweek 38,Home,D,1,1,Nottingham Forest,1.4,0.5,66.0,15.0,3.0,Crystal Palace,2023,2849,Away,D,1,1,Crystal Palace,0.5,1.4,34.0,7.0,4.0,Nottingham Forest,Draw
1577,1255,2023-08-21,20:00,Matchweek 2,Home,L,0,1,Arsenal,1.0,2.0,47.0,14.0,2.0,Crystal Palace,2024,115,Away,W,1,0,Crystal Palace,2.0,1.0,53.0,13.0,2.0,Arsenal,Away
1579,1257,2023-09-03,14:00,Matchweek 4,Home,W,3,2,Wolverhampton Wanderers,2.1,1.2,43.0,16.0,10.0,Crystal Palace,2024,3727,Away,L,2,3,Crystal Palace,1.2,2.1,57.0,12.0,4.0,Wolverhampton Wanderers,Home
1580,1259,2023-09-23,15:00,Matchweek 6,Home,D,0,0,Fulham,0.3,0.6,51.0,7.0,3.0,Crystal Palace,2024,1601,Away,D,0,0,Crystal Palace,0.6,0.3,49.0,10.0,5.0,Fulham,Draw
1583,1261,2023-10-07,17:30,Matchweek 8,Home,D,0,0,Nottingham Forest,0.8,1.0,52.0,8.0,2.0,Crystal Palace,2024,2857,Away,D,0,0,Crystal Palace,1.0,0.8,48.0,16.0,5.0,Nottingham Forest,Draw
1584,1263,2023-10-27,20:00,Matchweek 10,Home,L,1,2,Tottenham Hotspur,0.6,1.1,25.0,13.0,3.0,Crystal Palace,2024,3277,Away,W,2,1,Crystal Palace,1.1,0.6,75.0,10.0,1.0,Tottenham Hotspur,Away
1586,1265,2023-11-11,15:00,Matchweek 12,Home,L,2,3,Everton,2.2,1.5,67.0,12.0,3.0,Crystal Palace,2024,1455,Away,W,3,2,Crystal Palace,1.5,2.2,33.0,8.0,4.0,Everton,Away
1588,1268,2023-12-06,19:30,Matchweek 15,Home,L,0,2,Bournemouth,1.0,1.8,59.0,16.0,3.0,Crystal Palace,2024,432,Away,W,2,0,Crystal Palace,1.8,1.0,41.0,11.0,4.0,Bournemouth,Away
1592,1269,2023-12-09,12:30,Matchweek 16,Home,L,1,2,Liverpool,1.7,1.2,24.0,7.0,3.0,Crystal Palace,2024,2105,Away,W,2,1,Crystal Palace,1.2,1.7,76.0,14.0,2.0,Liverpool,Away
1593,1271,2023-12-21,20:00,Matchweek 18,Home,D,1,1,Brighton,1.3,1.2,35.0,11.0,3.0,Crystal Palace,2024,777,Away,D,1,1,Crystal Palace,1.2,1.3,65.0,18.0,6.0,Brighton,Draw
1594,1273,2023-12-30,15:00,Matchweek 20,Home,W,3,1,Brentford,1.0,1.4,46.0,13.0,6.0,Crystal Palace,2024,588,Away,L,1,3,Crystal Palace,1.4,1.0,54.0,9.0,4.0,Brentford,Home
1598,1275,2024-01-30,20:00,Matchweek 22,Home,W,3,2,Sheffield United,1.1,0.8,53.0,12.0,4.0,Crystal Palace,2024,2985,Away,L,2,3,Crystal Palace,0.8,1.1,47.0,9.0,5.0,Sheffield United,Home
1599,1277,2024-02-12,20:00,Matchweek 24,Home,L,1,3,Chelsea,0.6,1.4,23.0,13.0,4.0,Crystal Palace,2024,1087,Away,W,3,1,Crystal Palace,1.4,0.6,77.0,14.0,5.0,Chelsea,Away
1600,1279,2024-02-24,15:00,Matchweek 26,Home,W,3,0,Burnley,2.4,0.1,56.0,14.0,5.0,Crystal Palace,2024,937,Away,L,0,3,Crystal Palace,0.1,2.4,44.0,2.0,0.0,Burnley,Home
1605,1281,2024-03-09,15:00,Matchweek 28,Home,D,1,1,Luton Town,2.7,0.8,49.0,21.0,4.0,Crystal Palace,2024,2192,Away,D,1,1,Crystal Palace,0.8,2.7,51.0,8.0,2.0,Luton Town,Draw
1607,1284,2024-04-06,12:30,Matchweek 32,Home,L,2,4,Manchester City,1.1,1.9,25.0,7.0,4.0,Crystal Palace,2024,2348,Away,W,4,2,Crystal Palace,1.9,1.1,75.0,18.0,8.0,Manchester City,Away
1609,1286,2024-04-21,15:00,Matchweek 34,Home,W,5,2,West Ham,2.4,1.3,60.0,18.0,7.0,Crystal Palace,2024,3567,Away,L,2,5,Crystal Palace,1.3,2.4,40.0,4.0,1.0,West Ham,Home
1611,1287,2024-04-24,20:00,Matchweek 29,Home,W,2,0,Newcastle United,0.9,0.4,47.0,20.0,7.0,Crystal Palace,2024,2730,Away,L,0,2,Crystal Palace,0.4,0.9,53.0,7.0,2.0,Newcastle United,Home
1613,1289,2024-05-06,20:00,Matchweek 36,Home,W,4,0,Manchester United,1.7,0.4,43.0,18.0,10.0,Crystal Palace,2024,2542,Away,L,0,4,Crystal Palace,0.4,1.7,57.0,7.0,2.0,Manchester United,Home
1614,1291,2024-05-19,16:00,Matchweek 38,Home,W,5,0,Aston Villa,2.5,0.9,54.0,15.0,9.0,Crystal Palace,2024,341,Away,L,0,5,Crystal Palace,0.9,2.5,46.0,8.0,2.0,Aston Villa,Home
1628,1293,2024-08-24,15:00,Matchweek 2,Home,L,0,2,West Ham,1.3,1.4,58.0,14.0,2.0,Crystal Palace,2025,3573,Away,W,2,0,Crystal Palace,1.4,1.3,42.0,18.0,3.0,West Ham,Away
1631,1295,2024-09-14,15:00,Matchweek 4,Home,D,2,2,Leicester City,2.5,1.2,66.0,19.0,3.0,Crystal Palace,2025,1941,Away,D,2,2,Crystal Palace,1.2,2.5,34.0,9.0,4.0,Leicester City,Draw
1634,1296,2024-09-21,17:30,Matchweek 5,Home,D,0,0,Manchester United,1.0,1.6,33.0,9.0,4.0,Crystal Palace,2025,2550,Away,D,0,0,Crystal Palace,1.6,1.0,67.0,15.0,6.0,Manchester United,Draw
1635,1298,2024-10-05,12:30,Matchweek 7,Home,L,0,1,Liverpool,0.6,1.4,32.0,9.0,5.0,Crystal Palace,2025,2134,Away,W,1,0,Crystal Palace,1.4,0.6,68.0,16.0,4.0,Liverpool,Away
1638,1300,2024-10-27,14:00,Matchweek 9,Home,W,1,0,Tottenham Hotspur,0.8,0.7,34.0,14.0,6.0,Crystal Palace,2025,3314,Away,L,0,1,Crystal Palace,0.7,0.8,66.0,11.0,3.0,Tottenham Hotspur,Home
1641,1302,2024-11-09,15:00,Matchweek 11,Home,L,0,2,Fulham,1.5,1.8,36.0,13.0,4.0,Crystal Palace,2025,1644,Away,W,2,0,Crystal Palace,1.8,1.5,64.0,17.0,7.0,Fulham,Away
1646,1304,2024-11-30,15:00,Matchweek 13,Home,D,1,1,Newcastle United,1.7,0.0,49.0,16.0,3.0,Crystal Palace,2025,2748,Away,D,1,1,Crystal Palace,0.0,1.7,51.0,1.0,0.0,Newcastle United,Draw
1647,1306,2024-12-07,15:00,Matchweek 15,Home,D,2,2,Manchester City,1.3,1.4,32.0,12.0,3.0,Crystal Palace,2025,2370,Away,D,2,2,Crystal Palace,1.4,1.3,68.0,12.0,4.0,Manchester City,Draw
1650,1308,2024-12-21,17:30,Matchweek 17,Home,L,1,5,Arsenal,1.6,2.5,42.0,15.0,6.0,Crystal Palace,2025,168,Away,W,5,1,Crystal Palace,2.5,1.6,58.0,14.0,6.0,Arsenal,Away
1653,1310,2024-12-29,15:00,Matchweek 19,Home,W,2,1,Southampton,2.0,0.9,47.0,19.0,9.0,Crystal Palace,2025,3134,Away,L,1,2,Crystal Palace,0.9,2.0,53.0,7.0,3.0,Southampton,Home
1656,1311,2025-01-04,15:00,Matchweek 20,Home,D,1,1,Chelsea,1.1,1.2,39.0,13.0,6.0,Crystal Palace,2025,1121,Away,D,1,1,Crystal Palace,1.2,1.1,61.0,15.0,1.0,Chelsea,Draw
1660,1314,2025-01-26,14:00,Matchweek 23,Home,L,1,2,Brentford,1.1,1.3,47.0,16.0,5.0,Crystal Palace,2025,630,Away,W,2,1,Crystal Palace,1.3,1.1,53.0,11.0,5.0,Brentford,Away
1662,1316,2025-02-15,17:30,Matchweek 25,Home,L,1,2,Everton,1.6,0.9,58.0,17.0,6.0,Crystal Palace,2025,1506,Away,W,2,1,Crystal Palace,0.9,1.6,42.0,11.0,6.0,Everton,Away
1663,1318,2025-02-25,19:30,Matchweek 27,Home,W,4,1,Aston Villa,4.3,0.4,36.0,19.0,6.0,Crystal Palace,2025,369,Away,L,1,4,Crystal Palace,0.4,4.3,64.0,6.0,2.0,Aston Villa,Home
1667,1319,2025-03-08,15:00,Matchweek 28,Home,W,1,0,Ipswich Town,3.2,1.5,55.0,19.0,4.0,Crystal Palace,2025,1699,Away,L,0,1,Crystal Palace,1.5,3.2,45.0,15.0,7.0,Ipswich Town,Home
1670,1321,2025-04-05,15:00,Matchweek 31,Home,W,2,1,Brighton,0.6,1.0,38.0,8.0,3.0,Crystal Palace,2025,828,Away,L,1,2,Crystal Palace,1.0,0.6,62.0,11.0,5.0,Brighton,Home
1672,1324,2025-04-19,15:00,Matchweek 33,Home,D,0,0,Bournemouth,0.4,0.7,29.0,5.0,0.0,Crystal Palace,2025,488,Away,D,0,0,Crystal Palace,0.7,0.4,71.0,15.0,4.0,Bournemouth,Draw
1676,1326,2025-05-05,20:00,Matchweek 35,Home,D,1,1,Nottingham Forest,2.3,0.7,50.0,19.0,2.0,Crystal Palace,2025,2922,Away,D,1,1,Crystal Palace,0.7,2.3,50.0,12.0,4.0,Nottingham Forest,Draw
1678,1328,2025-05-20,20:00,Matchweek 37,Home,W,4,2,Wolverhampton Wanderers,1.7,1.4,31.0,14.0,10.0,Crystal Palace,2025,3798,Away,L,2,4,Crystal Palace,1.4,1.7,69.0,12.0,3.0,Wolverhampton Wanderers,Home
1679,1331,2020-09-19,12:30,Matchweek 2,Home,W,5,2,West Brom,3.9,0.3,71.0,17.0,7.0,Everton,2021,3383,Away,L,2,5,Everton,0.3,3.9,29.0,6.0,4.0,West Brom,Home
1680,1333,2020-10-03,15:00,Matchweek 4,Home,W,4,2,Brighton,1.6,1.3,43.0,11.0,6.0,Everton,2021,649,Away,L,2,4,Everton,1.3,1.6,57.0,11.0,3.0,Brighton,Home
1681,1334,2020-10-17,12:30,Matchweek 5,Home,D,2,2,Liverpool,1.2,2.6,42.0,11.0,5.0,Everton,2021,1980,Away,D,2,2,Everton,2.6,1.2,58.0,22.0,8.0,Liverpool,Draw
1682,1337,2020-11-07,12:30,Matchweek 8,Home,L,1,3,Manchester United,0.4,1.5,55.0,7.0,1.0,Everton,2021,2400,Away,W,3,1,Everton,1.5,0.4,45.0,13.0,5.0,Manchester United,Away
1683,1339,2020-11-28,17:30,Matchweek 10,Home,L,0,1,Leeds United,1.2,2.9,41.0,15.0,8.0,Everton,2021,1719,Away,W,1,0,Everton,2.9,1.2,59.0,23.0,6.0,Leeds United,Away
1684,1341,2020-12-12,20:00,Matchweek 12,Home,W,1,0,Chelsea,1.2,0.7,29.0,8.0,3.0,Everton,2021,961,Away,L,0,1,Everton,0.7,1.2,71.0,10.0,3.0,Chelsea,Home
1685,1343,2020-12-19,17:30,Matchweek 14,Home,W,2,1,Arsenal,0.6,1.4,43.0,9.0,2.0,Everton,2021,13,Away,L,1,2,Everton,1.4,0.6,57.0,12.0,1.0,Arsenal,Home
1686,1345,2021-01-01,17:30,Matchweek 17,Home,L,0,1,West Ham,0.4,1.3,60.0,10.0,2.0,Everton,2021,3436,Away,W,1,0,Everton,1.3,0.4,40.0,11.0,5.0,West Ham,Away
1687,1347,2021-01-27,20:15,Matchweek 20,Home,D,1,1,Leicester City,0.5,1.2,35.0,8.0,2.0,Everton,2021,1843,Away,D,1,1,Everton,1.2,0.5,65.0,19.0,6.0,Leicester City,Draw
1689,1348,2021-01-30,12:30,Matchweek 21,Home,L,0,2,Newcastle United,0.8,1.7,60.0,11.0,3.0,Everton,2021,2604,Away,W,2,0,Everton,1.7,0.8,40.0,13.0,3.0,Newcastle United,Away
1690,1351,2021-02-14,19:00,Matchweek 24,Home,L,0,2,Fulham,0.3,2.5,50.0,7.0,2.0,Everton,2021,1542,Away,W,2,0,Everton,2.5,0.3,50.0,12.0,3.0,Fulham,Away
1691,1352,2021-02-17,20:15,Matchweek 16,Home,L,1,3,Manchester City,1.0,1.0,29.0,3.0,2.0,Everton,2021,2227,Away,W,3,1,Everton,1.0,1.0,71.0,16.0,7.0,Manchester City,Away
1692,1354,2021-03-01,20:00,Matchweek 26,Home,W,1,0,Southampton,1.2,0.6,47.0,7.0,1.0,Everton,2021,3027,Away,L,0,1,Everton,0.6,1.2,53.0,9.0,1.0,Southampton,Home
1693,1357,2021-03-13,17:30,Matchweek 28,Home,L,1,2,Burnley,1.5,0.8,65.0,14.0,4.0,Everton,2021,864,Away,W,2,1,Everton,0.8,1.5,35.0,14.0,5.0,Burnley,Away
1694,1358,2021-04-05,18:00,Matchweek 30,Home,D,1,1,Crystal Palace,2.5,0.7,48.0,15.0,7.0,Everton,2021,1169,Away,D,1,1,Everton,0.7,2.5,52.0,13.0,6.0,Crystal Palace,Draw
1695,1360,2021-04-16,20:00,Matchweek 32,Home,D,2,2,Tottenham Hotspur,1.8,1.4,53.0,17.0,6.0,Everton,2021,3185,Away,D,2,2,Everton,1.4,1.8,47.0,12.0,3.0,Tottenham Hotspur,Draw
1696,1362,2021-05-01,20:00,Matchweek 34,Home,L,1,2,Aston Villa,1.0,1.6,47.0,16.0,3.0,Everton,2021,222,Away,W,2,1,Everton,1.6,1.0,53.0,13.0,5.0,Aston Villa,Away
1697,1365,2021-05-16,19:00,Matchweek 36,Home,L,0,1,Sheffield United,1.4,1.2,62.0,16.0,6.0,Everton,2021,2961,Away,W,1,0,Everton,1.2,1.4,38.0,10.0,3.0,Sheffield United,Away
1700,1366,2021-05-19,18:00,Matchweek 37,Home,W,1,0,Wolverhampton Wanderers,0.7,0.3,41.0,14.0,4.0,Everton,2021,3646,Away,L,0,1,Everton,0.3,0.7,59.0,9.0,3.0,Wolverhampton Wanderers,Home
1704,1368,2021-08-14,15:00,Matchweek 1,Home,W,3,1,Southampton,2.4,0.8,48.0,14.0,6.0,Everton,2022,3040,Away,L,1,3,Everton,0.8,2.4,52.0,6.0,3.0,Southampton,Home
1706,1371,2021-09-13,20:00,Matchweek 4,Home,W,3,1,Burnley,1.4,1.0,52.0,14.0,6.0,Everton,2022,877,Away,L,1,3,Everton,1.0,1.4,48.0,11.0,6.0,Burnley,Home
1709,1373,2021-09-25,15:00,Matchweek 6,Home,W,2,0,Norwich City,1.9,0.5,47.0,10.0,3.0,Everton,2022,2779,Away,L,0,2,Everton,0.5,1.9,53.0,10.0,2.0,Norwich City,Home
1711,1375,2021-10-17,14:00,Matchweek 8,Home,L,0,1,West Ham,0.9,1.2,39.0,15.0,2.0,Everton,2022,3465,Away,W,1,0,Everton,1.2,0.9,61.0,16.0,4.0,West Ham,Away
1714,1376,2021-10-23,15:00,Matchweek 9,Home,L,2,5,Watford,1.5,3.7,49.0,15.0,4.0,Everton,2022,3352,Away,W,5,2,Everton,3.7,1.5,51.0,20.0,8.0,Watford,Away
1717,1378,2021-11-07,14:00,Matchweek 11,Home,D,0,0,Tottenham Hotspur,0.6,0.7,45.0,12.0,2.0,Everton,2022,3202,Away,D,0,0,Everton,0.7,0.6,55.0,8.0,0.0,Tottenham Hotspur,Draw
1719,1381,2021-12-01,20:15,Matchweek 14,Home,L,1,4,Liverpool,0.7,2.4,33.0,8.0,2.0,Everton,2022,2027,Away,W,4,1,Everton,2.4,0.7,67.0,16.0,7.0,Liverpool,Away
1721,1382,2021-12-06,20:00,Matchweek 15,Home,W,2,1,Arsenal,0.9,1.0,37.0,11.0,5.0,Everton,2022,52,Away,L,1,2,Everton,1.0,0.9,63.0,10.0,3.0,Arsenal,Home
1723,1385,2022-01-02,14:00,Matchweek 21,Home,L,2,3,Brighton,1.6,1.7,50.0,16.0,6.0,Everton,2022,702,Away,W,3,2,Everton,1.7,1.6,50.0,12.0,5.0,Brighton,Away
1725,1387,2022-01-22,12:30,Matchweek 23,Home,L,0,1,Aston Villa,1.6,0.8,50.0,15.0,0.0,Everton,2022,248,Away,W,1,0,Everton,0.8,1.6,50.0,8.0,3.0,Aston Villa,Away
1728,1389,2022-02-12,15:00,Matchweek 25,Home,W,3,0,Leeds United,2.7,0.3,42.0,21.0,10.0,Everton,2022,1770,Away,L,0,3,Everton,0.3,2.7,58.0,7.0,0.0,Leeds United,Home
1729,1391,2022-02-26,17:30,Matchweek 27,Home,L,0,1,Manchester City,0.5,1.8,33.0,6.0,2.0,Everton,2022,2268,Away,W,1,0,Everton,1.8,0.5,67.0,13.0,8.0,Manchester City,Away
1734,1393,2022-03-13,14:00,Matchweek 29,Home,L,0,1,Wolverhampton Wanderers,0.4,0.8,39.0,7.0,2.0,Everton,2022,3676,Away,W,1,0,Everton,0.8,0.4,61.0,14.0,3.0,Wolverhampton Wanderers,Away
1735,1394,2022-03-17,19:45,Matchweek 20,Home,W,1,0,Newcastle United,0.7,0.9,39.0,9.0,3.0,Everton,2022,2650,Away,L,0,1,Everton,0.9,0.7,61.0,17.0,6.0,Newcastle United,Home
1736,1397,2022-04-09,12:30,Matchweek 32,Home,W,1,0,Manchester United,0.4,0.8,33.0,7.0,3.0,Everton,2022,2462,Away,L,0,1,Everton,0.8,0.4,67.0,12.0,4.0,Manchester United,Home
1737,1398,2022-04-20,19:45,Matchweek 18,Home,D,1,1,Leicester City,1.8,0.9,37.0,13.0,3.0,Everton,2022,1892,Away,D,1,1,Everton,0.9,1.8,63.0,11.0,3.0,Leicester City,Draw
1738,1400,2022-05-01,14:00,Matchweek 35,Home,W,1,0,Chelsea,0.8,0.8,23.0,9.0,4.0,Everton,2022,1021,Away,L,0,1,Everton,0.8,0.8,77.0,17.0,5.0,Chelsea,Home
1740,1403,2022-05-15,16:30,Matchweek 37,Home,L,2,3,Brentford,2.1,1.4,28.0,9.0,4.0,Everton,2022,530,Away,W,3,2,Everton,1.4,2.1,72.0,18.0,6.0,Brentford,Away
1741,1404,2022-05-19,19:45,Matchweek 33,Home,W,3,2,Crystal Palace,0.8,1.1,43.0,12.0,6.0,Everton,2022,1214,Away,L,2,3,Everton,1.1,0.8,57.0,7.0,5.0,Crystal Palace,Home
1742,1406,2022-08-06,17:30,Matchweek 1,Home,L,0,1,Chelsea,0.7,1.5,38.0,8.0,3.0,Everton,2023,1026,Away,W,1,0,Everton,1.5,0.7,62.0,14.0,5.0,Chelsea,Away
1745,1408,2022-08-20,15:00,Matchweek 3,Home,D,1,1,Nottingham Forest,1.5,1.0,49.0,19.0,8.0,Everton,2023,2814,Away,D,1,1,Everton,1.0,1.5,51.0,14.0,5.0,Nottingham Forest,Draw
1747,1411,2022-09-03,12:30,Matchweek 6,Home,D,0,0,Liverpool,1.7,2.1,39.0,14.0,3.0,Everton,2023,2057,Away,D,0,0,Everton,2.1,1.7,61.0,23.0,8.0,Liverpool,Draw
1748,1412,2022-09-18,14:15,Matchweek 8,Home,W,1,0,West Ham,0.4,1.0,53.0,7.0,2.0,Everton,2023,3502,Away,L,0,1,Everton,1.0,0.4,47.0,14.0,4.0,West Ham,Home
1749,1414,2022-10-09,19:00,Matchweek 10,Home,L,1,2,Manchester United,0.6,1.4,40.0,11.0,2.0,Everton,2023,2477,Away,W,2,1,Everton,1.4,0.6,60.0,12.0,4.0,Manchester United,Away
1751,1417,2022-10-22,15:00,Matchweek 13,Home,W,3,0,Crystal Palace,1.4,0.9,46.0,9.0,6.0,Everton,2023,1226,Away,L,0,3,Everton,0.9,1.4,54.0,9.0,2.0,Crystal Palace,Home
1752,1419,2022-11-05,17:30,Matchweek 15,Home,L,0,2,Leicester City,1.2,2.3,49.0,12.0,2.0,Everton,2023,1913,Away,W,2,0,Everton,2.3,1.2,51.0,22.0,8.0,Leicester City,Away
1756,1421,2022-12-26,15:00,Matchweek 17,Home,L,1,2,Wolverhampton Wanderers,1.7,0.8,58.0,12.0,5.0,Everton,2023,3701,Away,W,2,1,Everton,0.8,1.7,42.0,7.0,4.0,Wolverhampton Wanderers,Away
1757,1423,2023-01-03,19:45,Matchweek 19,Home,L,1,4,Brighton,1.3,2.2,49.0,9.0,3.0,Everton,2023,738,Away,W,4,1,Everton,2.2,1.3,51.0,19.0,8.0,Brighton,Away
1762,1424,2023-01-14,15:00,Matchweek 20,Home,L,1,2,Southampton,1.4,1.2,52.0,12.0,4.0,Everton,2023,3096,Away,W,2,1,Everton,1.2,1.4,48.0,13.0,5.0,Southampton,Away
1764,1426,2023-02-04,12:30,Matchweek 22,Home,W,1,0,Arsenal,1.7,0.9,30.0,12.0,4.0,Everton,2023,95,Away,L,0,1,Everton,0.9,1.7,70.0,15.0,2.0,Arsenal,Home
1768,1428,2023-02-18,15:00,Matchweek 24,Home,W,1,0,Leeds United,1.4,0.5,51.0,15.0,4.0,Everton,2023,1808,Away,L,0,1,Everton,0.5,1.4,49.0,8.0,0.0,Leeds United,Home
1772,1429,2023-02-25,15:00,Matchweek 25,Home,L,0,2,Aston Villa,1.6,1.9,47.0,15.0,4.0,Everton,2023,289,Away,W,2,0,Everton,1.9,1.6,53.0,8.0,4.0,Aston Villa,Away
1775,1432,2023-03-11,15:00,Matchweek 27,Home,W,1,0,Brentford,1.0,2.0,33.0,13.0,6.0,Everton,2023,556,Away,L,0,1,Everton,2.0,1.0,67.0,12.0,3.0,Brentford,Home
1779,1434,2023-04-03,20:00,Matchweek 29,Home,D,1,1,Tottenham Hotspur,0.9,1.4,39.0,15.0,6.0,Everton,2023,3258,Away,D,1,1,Everton,1.4,0.9,61.0,7.0,0.0,Tottenham Hotspur,Draw
1784,1436,2023-04-15,15:00,Matchweek 31,Home,L,1,3,Fulham,1.4,1.8,46.0,15.0,7.0,Everton,2023,1587,Away,W,3,1,Everton,1.8,1.4,54.0,21.0,7.0,Fulham,Away
1786,1438,2023-04-27,19:45,Matchweek 33,Home,L,1,4,Newcastle United,0.9,2.4,40.0,13.0,5.0,Everton,2023,2691,Away,W,4,1,Everton,2.4,0.9,60.0,15.0,7.0,Newcastle United,Away
1787,1441,2023-05-14,14:00,Matchweek 36,Home,L,0,3,Manchester City,1.6,0.8,37.0,7.0,2.0,Everton,2023,2314,Away,W,3,0,Everton,0.8,1.6,63.0,9.0,4.0,Manchester City,Away
1789,1443,2023-05-28,16:30,Matchweek 38,Home,W,1,0,Bournemouth,1.0,0.5,38.0,13.0,6.0,Everton,2023,417,Away,L,0,1,Everton,0.5,1.0,62.0,7.0,1.0,Bournemouth,Home
1800,1444,2023-08-12,15:00,Matchweek 1,Home,L,0,1,Fulham,2.7,1.5,42.0,19.0,9.0,Everton,2024,1596,Away,W,1,0,Everton,1.5,2.7,58.0,9.0,2.0,Fulham,Away
1806,1446,2023-08-26,15:00,Matchweek 3,Home,L,0,1,Wolverhampton Wanderers,1.3,1.1,47.0,15.0,7.0,Everton,2024,3726,Away,W,1,0,Everton,1.1,1.3,53.0,11.0,2.0,Wolverhampton Wanderers,Away
1807,1448,2023-09-17,16:30,Matchweek 5,Home,L,0,1,Arsenal,0.3,1.0,26.0,8.0,1.0,Everton,2024,118,Away,W,1,0,Everton,1.0,0.3,74.0,13.0,4.0,Arsenal,Away
1811,1450,2023-09-30,15:00,Matchweek 7,Home,L,1,2,Luton Town,2.9,0.9,67.0,23.0,4.0,Everton,2024,2171,Away,W,2,1,Everton,0.9,2.9,33.0,9.0,2.0,Luton Town,Away
1814,1451,2023-10-07,15:00,Matchweek 8,Home,W,3,0,Bournemouth,2.4,0.7,48.0,25.0,8.0,Everton,2024,425,Away,L,0,3,Everton,0.7,2.4,52.0,11.0,3.0,Bournemouth,Home
1819,1454,2023-11-04,15:00,Matchweek 11,Home,D,1,1,Brighton,0.7,0.5,21.0,10.0,4.0,Everton,2024,770,Away,D,1,1,Everton,0.5,0.7,79.0,7.0,2.0,Brighton,Draw
1823,1456,2023-11-26,16:30,Matchweek 13,Home,L,0,3,Manchester United,2.4,2.2,51.0,24.0,6.0,Everton,2024,2520,Away,W,3,0,Everton,2.2,2.4,49.0,8.0,3.0,Manchester United,Away
1824,1458,2023-12-07,19:30,Matchweek 15,Home,W,3,0,Newcastle United,3.3,1.5,38.0,21.0,6.0,Everton,2024,2712,Away,L,0,3,Everton,1.5,3.3,62.0,13.0,3.0,Newcastle United,Home
1825,1459,2023-12-10,14:00,Matchweek 16,Home,W,2,0,Chelsea,1.2,0.9,29.0,9.0,5.0,Everton,2024,1079,Away,L,0,2,Everton,0.9,1.2,71.0,16.0,4.0,Chelsea,Home
1828,1462,2023-12-27,20:15,Matchweek 19,Home,L,1,3,Manchester City,1.0,2.4,28.0,7.0,2.0,Everton,2024,2335,Away,W,3,1,Everton,2.4,1.0,72.0,22.0,8.0,Manchester City,Away
1829,1464,2024-01-14,14:00,Matchweek 21,Home,D,0,0,Aston Villa,1.1,1.2,32.0,10.0,2.0,Everton,2024,324,Away,D,0,0,Everton,1.2,1.1,68.0,16.0,4.0,Aston Villa,Draw
1830,1466,2024-02-03,12:30,Matchweek 23,Home,D,2,2,Tottenham Hotspur,2.6,1.0,43.0,14.0,4.0,Everton,2024,3290,Away,D,2,2,Everton,1.0,2.6,57.0,9.0,6.0,Tottenham Hotspur,Draw
1831,1468,2024-02-19,20:00,Matchweek 25,Home,D,1,1,Crystal Palace,1.7,0.7,61.0,19.0,4.0,Everton,2024,1278,Away,D,1,1,Everton,0.7,1.7,39.0,10.0,3.0,Crystal Palace,Draw
1836,1470,2024-03-02,15:00,Matchweek 27,Home,L,1,3,West Ham,2.7,1.9,55.0,21.0,9.0,Everton,2024,3560,Away,W,3,1,Everton,1.9,2.7,45.0,12.0,5.0,West Ham,Away
1840,1474,2024-04-06,15:00,Matchweek 32,Home,W,1,0,Burnley,0.9,0.5,38.0,12.0,3.0,Everton,2024,943,Away,L,0,1,Everton,0.5,0.9,62.0,6.0,1.0,Burnley,Home
1843,1476,2024-04-21,13:30,Matchweek 34,Home,W,2,0,Nottingham Forest,0.3,0.9,41.0,7.0,4.0,Everton,2024,2883,Away,L,0,2,Everton,0.9,0.3,59.0,8.0,3.0,Nottingham Forest,Home
1844,1477,2024-04-24,20:00,Matchweek 29,Home,W,2,0,Liverpool,1.2,2.1,25.0,16.0,6.0,Everton,2024,2123,Away,L,0,2,Everton,2.1,1.2,75.0,23.0,7.0,Liverpool,Home
1847,1478,2024-04-27,17:30,Matchweek 35,Home,W,1,0,Brentford,0.8,0.9,48.0,18.0,1.0,Everton,2024,604,Away,L,0,1,Everton,0.9,0.8,52.0,10.0,4.0,Brentford,Home
1853,1480,2024-05-11,15:00,Matchweek 37,Home,W,1,0,Sheffield United,2.3,0.6,58.0,15.0,6.0,Everton,2024,3000,Away,L,0,1,Everton,0.6,2.3,42.0,13.0,1.0,Sheffield United,Home
1855,1482,2024-08-17,15:00,Matchweek 1,Home,L,0,3,Brighton,0.5,1.4,40.0,9.0,1.0,Everton,2025,798,Away,W,3,0,Everton,1.4,0.5,60.0,10.0,5.0,Brighton,Away
1859,1484,2024-08-31,15:00,Matchweek 3,Home,L,2,3,Bournemouth,1.8,2.4,47.0,18.0,8.0,Everton,2025,458,Away,W,3,2,Everton,2.4,1.8,53.0,17.0,7.0,Bournemouth,Away
1864,1487,2024-09-28,15:00,Matchweek 6,Home,W,2,1,Crystal Palace,0.9,0.9,41.0,8.0,2.0,Everton,2025,1297,Away,L,1,2,Everton,0.9,0.9,59.0,17.0,4.0,Crystal Palace,Home
1868,1488,2024-10-05,17:30,Matchweek 7,Home,D,0,0,Newcastle United,0.7,2.1,33.0,8.0,2.0,Everton,2025,2742,Away,D,0,0,Everton,2.1,0.7,67.0,13.0,1.0,Newcastle United,Draw
1869,1490,2024-10-26,17:30,Matchweek 9,Home,D,1,1,Fulham,0.8,1.2,40.0,10.0,5.0,Everton,2025,1642,Away,D,1,1,Everton,1.2,0.8,60.0,14.0,3.0,Fulham,Draw
1870,1493,2024-11-23,15:00,Matchweek 12,Home,D,0,0,Brentford,1.2,1.1,59.0,27.0,5.0,Everton,2025,619,Away,D,0,0,Everton,1.1,1.2,41.0,9.0,2.0,Brentford,Draw
1878,1495,2024-12-04,19:30,Matchweek 14,Home,W,4,0,Wolverhampton Wanderers,1.0,0.8,44.0,13.0,4.0,Everton,2025,3775,Away,L,0,4,Everton,0.8,1.0,56.0,6.0,2.0,Wolverhampton Wanderers,Home
1880,1497,2024-12-22,14:00,Matchweek 17,Home,D,0,0,Chelsea,1.0,1.2,25.0,5.0,4.0,Everton,2025,1118,Away,D,0,0,Everton,1.2,1.0,75.0,12.0,4.0,Chelsea,Draw
1884,1499,2024-12-29,15:00,Matchweek 19,Home,L,0,2,Nottingham Forest,0.9,1.5,64.0,13.0,2.0,Everton,2025,2906,Away,W,2,0,Everton,1.5,0.9,36.0,11.0,7.0,Nottingham Forest,Away
1887,1501,2025-01-15,19:30,Matchweek 21,Home,L,0,1,Aston Villa,1.1,1.2,50.0,10.0,2.0,Everton,2025,362,Away,W,1,0,Everton,1.2,1.1,50.0,11.0,3.0,Aston Villa,Away
1892,1502,2025-01-19,14:00,Matchweek 22,Home,W,3,2,Tottenham Hotspur,1.8,1.1,36.0,12.0,6.0,Everton,2025,3327,Away,L,2,3,Everton,1.1,1.8,64.0,11.0,5.0,Tottenham Hotspur,Home
1894,1504,2025-02-01,15:00,Matchweek 24,Home,W,4,0,Leicester City,2.5,0.3,48.0,13.0,7.0,Everton,2025,1961,Away,L,0,4,Everton,0.3,2.5,52.0,9.0,1.0,Leicester City,Home
1897,1505,2025-02-12,19:30,Matchweek 15,Home,D,2,2,Liverpool,1.0,0.6,37.0,10.0,3.0,Everton,2025,2151,Away,D,2,2,Everton,0.6,1.0,63.0,6.0,4.0,Liverpool,Draw
1898,1507,2025-02-22,12:30,Matchweek 26,Home,D,2,2,Manchester United,1.6,0.4,38.0,9.0,8.0,Everton,2025,2571,Away,D,2,2,Everton,0.4,1.6,62.0,9.0,3.0,Manchester United,Draw
1901,1510,2025-03-15,15:00,Matchweek 29,Home,D,1,1,West Ham,1.0,0.8,54.0,13.0,5.0,Everton,2025,3600,Away,D,1,1,Everton,0.8,1.0,46.0,10.0,5.0,West Ham,Draw
1903,1512,2025-04-05,12:30,Matchweek 31,Home,D,1,1,Arsenal,1.1,1.8,31.0,4.0,1.0,Everton,2025,182,Away,D,1,1,Everton,1.8,1.1,69.0,14.0,4.0,Arsenal,Draw
1906,1514,2025-04-19,15:00,Matchweek 33,Home,L,0,2,Manchester City,0.9,2.0,33.0,8.0,2.0,Everton,2025,2388,Away,W,2,0,Everton,2.0,0.9,67.0,12.0,6.0,Manchester City,Away
1908,1516,2025-05-03,15:00,Matchweek 35,Home,D,2,2,Ipswich Town,0.6,0.8,58.0,8.0,3.0,Everton,2025,1706,Away,D,2,2,Everton,0.8,0.6,42.0,12.0,5.0,Ipswich Town,Draw
1910,1518,2025-05-18,12:00,Matchweek 37,Home,W,2,0,Southampton,2.7,1.2,50.0,13.0,4.0,Everton,2025,3152,Away,L,0,2,Everton,1.2,2.7,50.0,6.0,2.0,Southampton,Home
1911,1520,2020-09-12,12:30,Matchweek 1,Home,L,0,3,Arsenal,0.1,1.9,46.0,5.0,2.0,Fulham,2021,0,Away,W,3,0,Fulham,1.9,0.1,54.0,13.0,5.0,Arsenal,Away
1912,1522,2020-09-28,17:45,Matchweek 3,Home,L,0,3,Aston Villa,0.7,1.4,64.0,16.0,2.0,Fulham,2021,191,Away,W,3,0,Fulham,1.4,0.7,36.0,12.0,5.0,Aston Villa,Away
1913,1525,2020-10-24,15:00,Matchweek 6,Home,L,1,2,Crystal Palace,1.1,2.5,64.0,16.0,3.0,Fulham,2021,1145,Away,W,2,1,Fulham,2.5,1.1,36.0,14.0,10.0,Crystal Palace,Away
1914,1526,2020-11-02,17:30,Matchweek 7,Home,W,2,0,West Brom,1.5,0.5,47.0,13.0,4.0,Fulham,2021,3388,Away,L,0,2,Fulham,0.5,1.5,53.0,10.0,1.0,West Brom,Home
1915,1528,2020-11-22,12:00,Matchweek 9,Home,L,2,3,Everton,1.9,2.0,54.0,13.0,6.0,Fulham,2021,1338,Away,W,3,2,Fulham,2.0,1.9,46.0,9.0,7.0,Everton,Away
1916,1531,2020-12-13,16:30,Matchweek 12,Home,D,1,1,Liverpool,1.5,1.8,26.0,10.0,5.0,Fulham,2021,1987,Away,D,1,1,Fulham,1.8,1.5,74.0,11.0,5.0,Liverpool,Draw
1917,1532,2020-12-16,20:00,Matchweek 13,Home,D,0,0,Brighton,1.0,0.5,46.0,9.0,4.0,Fulham,2021,658,Away,D,0,0,Fulham,0.5,1.0,54.0,9.0,4.0,Brighton,Draw
1921,1534,2020-12-26,15:00,Matchweek 15,Home,D,0,0,Southampton,0.7,0.2,47.0,10.0,1.0,Fulham,2021,3016,Away,D,0,0,Fulham,0.2,0.7,53.0,3.0,2.0,Southampton,Draw
1922,1536,2021-01-16,17:30,Matchweek 19,Home,L,0,1,Chelsea,0.7,1.6,31.0,10.0,2.0,Fulham,2021,967,Away,W,1,0,Fulham,1.6,0.7,69.0,21.0,6.0,Chelsea,Away
1923,1537,2021-01-20,20:15,Matchweek 18,Home,L,1,2,Manchester United,0.9,1.7,38.0,12.0,5.0,Fulham,2021,2412,Away,W,2,1,Fulham,1.7,0.9,62.0,15.0,5.0,Manchester United,Away
1924,1540,2021-02-03,18:00,Matchweek 22,Home,L,0,2,Leicester City,0.6,1.4,57.0,8.0,1.0,Fulham,2021,1845,Away,W,2,0,Fulham,1.4,0.6,43.0,9.0,5.0,Leicester City,Away
1926,1541,2021-02-06,17:30,Matchweek 23,Home,D,0,0,West Ham,1.5,1.0,60.0,20.0,2.0,Fulham,2021,3442,Away,D,0,0,Fulham,1.0,1.5,40.0,8.0,1.0,West Ham,Draw
1927,1544,2021-02-20,20:00,Matchweek 25,Home,W,1,0,Sheffield United,1.2,0.9,64.0,15.0,5.0,Fulham,2021,2950,Away,L,0,1,Fulham,0.9,1.2,36.0,4.0,2.0,Sheffield United,Home
1928,1546,2021-03-04,18:00,Matchweek 33,Home,L,0,1,Tottenham Hotspur,0.7,1.6,60.0,11.0,3.0,Fulham,2021,3179,Away,W,1,0,Fulham,1.6,0.7,40.0,9.0,2.0,Tottenham Hotspur,Away
1929,1548,2021-03-13,20:00,Matchweek 28,Home,L,0,3,Manchester City,0.3,2.2,46.0,3.0,0.0,Fulham,2021,2233,Away,W,3,0,Fulham,2.2,0.3,54.0,7.0,6.0,Manchester City,Away
1930,1549,2021-03-19,20:00,Matchweek 29,Home,L,1,2,Leeds United,1.6,1.3,51.0,13.0,6.0,Fulham,2021,1738,Away,W,2,1,Fulham,1.3,1.6,49.0,13.0,4.0,Leeds United,Away
1931,1551,2021-04-09,20:00,Matchweek 31,Home,L,0,1,Wolverhampton Wanderers,0.9,0.5,50.0,14.0,3.0,Fulham,2021,3640,Away,W,1,0,Fulham,0.5,0.9,50.0,7.0,3.0,Wolverhampton Wanderers,Away
1932,1554,2021-05-10,20:00,Matchweek 35,Home,L,0,2,Burnley,1.0,1.5,68.0,21.0,3.0,Fulham,2021,870,Away,W,2,0,Fulham,1.5,1.0,32.0,14.0,5.0,Burnley,Away
1939,1557,2021-05-23,16:00,Matchweek 38,Home,L,0,2,Newcastle United,1.0,1.3,64.0,14.0,0.0,Fulham,2021,2621,Away,W,2,0,Fulham,1.3,1.0,36.0,9.0,3.0,Newcastle United,Away
1943,1558,2022-08-06,12:30,Matchweek 1,Home,D,2,2,Liverpool,1.2,1.2,33.0,8.0,2.0,Fulham,2023,2052,Away,D,2,2,Fulham,1.2,1.2,67.0,11.0,3.0,Liverpool,Draw
1945,1560,2022-08-20,15:00,Matchweek 3,Home,W,3,2,Brentford,2.4,1.8,43.0,18.0,9.0,Fulham,2023,534,Away,L,2,3,Fulham,1.8,2.4,57.0,13.0,5.0,Brentford,Home
1949,1562,2022-08-30,19:30,Matchweek 5,Home,W,2,1,Brighton,0.7,1.4,39.0,10.0,3.0,Fulham,2023,726,Away,L,1,2,Fulham,1.4,0.7,61.0,6.0,2.0,Brighton,Home
1954,1565,2022-10-01,15:00,Matchweek 9,Home,L,1,4,Newcastle United,0.5,3.3,33.0,3.0,1.0,Fulham,2023,2667,Away,W,4,1,Fulham,3.3,0.5,67.0,19.0,10.0,Newcastle United,Away
1955,1567,2022-10-15,15:00,Matchweek 11,Home,D,2,2,Bournemouth,2.1,1.0,69.0,18.0,3.0,Fulham,2023,389,Away,D,2,2,Fulham,1.0,2.1,31.0,10.0,6.0,Bournemouth,Draw
1957,1568,2022-10-20,19:30,Matchweek 12,Home,W,3,0,Aston Villa,2.1,1.2,60.0,17.0,6.0,Fulham,2023,276,Away,L,0,3,Fulham,1.2,2.1,40.0,12.0,6.0,Aston Villa,Home
1958,1570,2022-10-29,17:30,Matchweek 14,Home,D,0,0,Everton,1.9,0.9,56.0,24.0,6.0,Fulham,2023,1418,Away,D,0,0,Fulham,0.9,1.9,44.0,9.0,4.0,Everton,Draw
1959,1572,2022-11-13,16:30,Matchweek 16,Home,L,1,2,Manchester United,1.4,2.5,53.0,14.0,7.0,Fulham,2023,2483,Away,W,2,1,Fulham,2.5,1.4,47.0,14.0,9.0,Manchester United,Away
1963,1574,2022-12-31,15:00,Matchweek 18,Home,W,2,1,Southampton,1.5,0.8,62.0,7.0,1.0,Fulham,2023,3094,Away,L,1,2,Fulham,0.8,1.5,38.0,9.0,3.0,Southampton,Home
1964,1576,2023-01-12,20:00,Matchweek 7,Home,W,2,1,Chelsea,1.0,2.1,48.0,8.0,3.0,Fulham,2023,1043,Away,L,1,2,Fulham,2.1,1.0,52.0,20.0,10.0,Chelsea,Home
1965,1578,2023-01-23,20:00,Matchweek 21,Home,L,0,1,Tottenham Hotspur,1.0,0.9,54.0,10.0,5.0,Fulham,2023,3250,Away,W,1,0,Fulham,0.9,1.0,46.0,10.0,3.0,Tottenham Hotspur,Away
1968,1580,2023-02-11,15:00,Matchweek 23,Home,W,2,0,Nottingham Forest,1.5,0.7,50.0,16.0,3.0,Fulham,2023,2833,Away,L,0,2,Fulham,0.7,1.5,50.0,10.0,1.0,Nottingham Forest,Home
1971,1582,2023-02-24,20:00,Matchweek 25,Home,D,1,1,Wolverhampton Wanderers,0.5,0.8,51.0,10.0,5.0,Fulham,2023,3709,Away,D,1,1,Fulham,0.8,0.5,49.0,8.0,2.0,Wolverhampton Wanderers,Draw
1972,1584,2023-03-12,14:00,Matchweek 27,Home,L,0,3,Arsenal,0.8,2.3,45.0,12.0,2.0,Fulham,2023,102,Away,W,3,0,Fulham,2.3,0.8,55.0,15.0,7.0,Arsenal,Away
1980,1586,2023-04-08,15:00,Matchweek 30,Home,L,0,1,West Ham,0.7,1.1,76.0,16.0,3.0,Fulham,2023,3524,Away,W,1,0,Fulham,1.1,0.7,24.0,9.0,5.0,West Ham,Away
1981,1588,2023-04-22,12:30,Matchweek 32,Home,W,2,1,Leeds United,1.7,0.8,50.0,12.0,5.0,Fulham,2023,1817,Away,L,1,2,Fulham,0.8,1.7,50.0,10.0,2.0,Leeds United,Home
1984,1590,2023-04-30,14:00,Matchweek 34,Home,L,1,2,Manchester City,0.2,2.5,38.0,4.0,1.0,Fulham,2023,2311,Away,W,2,1,Fulham,2.5,0.2,62.0,11.0,8.0,Manchester City,Away
1986,1592,2023-05-08,15:00,Matchweek 35,Home,W,5,3,Leicester City,1.6,2.8,57.0,17.0,7.0,Fulham,2023,1934,Away,L,3,5,Fulham,2.8,1.6,43.0,16.0,7.0,Leicester City,Home
1988,1594,2023-05-20,15:00,Matchweek 37,Home,D,2,2,Crystal Palace,1.7,1.6,49.0,10.0,3.0,Fulham,2023,1252,Away,D,2,2,Fulham,1.6,1.7,51.0,11.0,5.0,Crystal Palace,Draw
1992,1597,2023-08-19,15:00,Matchweek 2,Home,L,0,3,Brentford,0.5,3.7,55.0,10.0,2.0,Fulham,2024,571,Away,W,3,0,Fulham,3.7,0.5,45.0,16.0,7.0,Brentford,Away
1996,1600,2023-09-16,15:00,Matchweek 5,Home,W,1,0,Luton Town,1.0,1.1,77.0,13.0,2.0,Fulham,2024,2169,Away,L,0,1,Fulham,1.1,1.0,23.0,7.0,2.0,Luton Town,Home
1999,1602,2023-10-02,20:00,Matchweek 7,Home,L,0,2,Chelsea,1.1,1.7,56.0,10.0,3.0,Fulham,2024,1070,Away,W,2,0,Fulham,1.7,1.1,44.0,11.0,4.0,Chelsea,Away
2003,1603,2023-10-07,15:00,Matchweek 8,Home,W,3,1,Sheffield United,2.2,0.6,60.0,20.0,6.0,Fulham,2024,2971,Away,L,1,3,Fulham,0.6,2.2,40.0,5.0,2.0,Sheffield United,Home
2004,1606,2023-11-04,12:30,Matchweek 11,Home,L,0,1,Manchester United,1.0,0.7,45.0,18.0,2.0,Fulham,2024,2518,Away,W,1,0,Fulham,0.7,1.0,55.0,12.0,5.0,Manchester United,Away
2005,1608,2023-11-27,20:00,Matchweek 13,Home,W,3,2,Wolverhampton Wanderers,2.9,1.4,60.0,10.0,4.0,Fulham,2024,3736,Away,L,2,3,Fulham,1.4,2.9,40.0,9.0,5.0,Wolverhampton Wanderers,Home
2009,1610,2023-12-06,19:30,Matchweek 15,Home,W,5,0,Nottingham Forest,2.5,0.3,63.0,14.0,6.0,Fulham,2024,2864,Away,L,0,5,Fulham,0.3,2.5,37.0,4.0,1.0,Nottingham Forest,Home
2012,1611,2023-12-10,14:00,Matchweek 16,Home,W,5,0,West Ham,2.3,1.3,63.0,14.0,8.0,Fulham,2024,3549,Away,L,0,5,Fulham,1.3,2.3,37.0,9.0,5.0,West Ham,Home
2014,1613,2023-12-23,15:00,Matchweek 18,Home,L,0,2,Burnley,1.3,0.4,66.0,19.0,5.0,Fulham,2024,929,Away,W,2,0,Fulham,0.4,1.3,34.0,7.0,2.0,Burnley,Away
2017,1615,2023-12-31,14:00,Matchweek 20,Home,W,2,1,Arsenal,1.2,1.6,40.0,15.0,4.0,Fulham,2024,133,Away,L,1,2,Fulham,1.6,1.2,60.0,13.0,3.0,Arsenal,Home
2020,1617,2024-01-30,19:45,Matchweek 22,Home,D,0,0,Everton,1.6,1.9,70.0,25.0,5.0,Fulham,2024,1465,Away,D,0,0,Fulham,1.9,1.6,30.0,21.0,2.0,Everton,Draw
2021,1619,2024-02-10,15:00,Matchweek 24,Home,W,3,1,Bournemouth,1.6,1.8,49.0,7.0,6.0,Fulham,2024,440,Away,L,1,3,Fulham,1.8,1.6,51.0,25.0,4.0,Bournemouth,Home
2027,1620,2024-02-17,15:00,Matchweek 25,Home,L,1,2,Aston Villa,1.5,1.5,52.0,15.0,4.0,Fulham,2024,328,Away,W,2,1,Fulham,1.5,1.5,48.0,12.0,3.0,Aston Villa,Away
2031,1622,2024-03-02,15:00,Matchweek 27,Home,W,3,0,Brighton,1.3,1.3,30.0,12.0,5.0,Fulham,2024,786,Away,L,0,3,Fulham,1.3,1.3,70.0,15.0,5.0,Brighton,Home
2037,1624,2024-03-16,17:30,Matchweek 29,Home,W,3,0,Tottenham Hotspur,2.6,2.4,43.0,16.0,7.0,Fulham,2024,3295,Away,L,0,3,Fulham,2.4,2.6,57.0,14.0,5.0,Tottenham Hotspur,Home
2041,1627,2024-04-06,15:00,Matchweek 32,Home,L,0,1,Newcastle United,1.2,1.0,66.0,14.0,4.0,Fulham,2024,2728,Away,W,1,0,Fulham,1.0,1.2,34.0,12.0,5.0,Newcastle United,Away
2043,1629,2024-04-21,16:30,Matchweek 34,Home,L,1,3,Liverpool,0.8,1.0,40.0,12.0,5.0,Fulham,2024,2122,Away,W,3,1,Fulham,1.0,0.8,60.0,14.0,7.0,Liverpool,Away
2045,1630,2024-04-27,15:00,Matchweek 35,Home,D,1,1,Crystal Palace,1.1,1.0,53.0,9.0,2.0,Fulham,2024,1288,Away,D,1,1,Fulham,1.0,1.1,47.0,14.0,4.0,Crystal Palace,Draw
2048,1632,2024-05-11,12:30,Matchweek 37,Home,L,0,4,Manchester City,0.1,3.2,36.0,1.0,1.0,Fulham,2024,2353,Away,W,4,0,Fulham,3.2,0.1,64.0,15.0,8.0,Manchester City,Away
2051,1635,2024-08-24,15:00,Matchweek 2,Home,W,2,1,Leicester City,1.8,0.6,54.0,18.0,6.0,Fulham,2025,1939,Away,L,1,2,Fulham,0.6,1.8,46.0,10.0,4.0,Leicester City,Home
2058,1637,2024-09-14,15:00,Matchweek 4,Home,D,1,1,West Ham,1.5,0.8,54.0,21.0,5.0,Fulham,2025,3575,Away,D,1,1,Fulham,0.8,1.5,46.0,11.0,3.0,West Ham,Draw
2063,1638,2024-09-21,15:00,Matchweek 5,Home,W,3,1,Newcastle United,2.2,1.5,39.0,22.0,11.0,Fulham,2025,2740,Away,L,1,3,Fulham,1.5,2.2,61.0,16.0,5.0,Newcastle United,Home
2065,1641,2024-10-19,15:00,Matchweek 8,Home,L,1,3,Aston Villa,1.8,1.6,52.0,9.0,3.0,Fulham,2025,349,Away,W,3,1,Fulham,1.6,1.8,48.0,14.0,5.0,Aston Villa,Away
2070,1643,2024-11-04,20:00,Matchweek 10,Home,W,2,1,Brentford,1.3,0.6,68.0,26.0,12.0,Fulham,2025,617,Away,L,1,2,Fulham,0.6,1.3,32.0,5.0,2.0,Brentford,Home
2075,1645,2024-11-23,15:00,Matchweek 12,Home,L,1,4,Wolverhampton Wanderers,1.0,1.3,59.0,10.0,3.0,Fulham,2025,3773,Away,W,4,1,Fulham,1.3,1.0,41.0,10.0,5.0,Wolverhampton Wanderers,Away
2076,1647,2024-12-05,19:30,Matchweek 14,Home,W,3,1,Brighton,1.1,1.4,43.0,6.0,2.0,Fulham,2025,811,Away,L,1,3,Fulham,1.4,1.1,57.0,13.0,3.0,Brighton,Home
2077,1648,2024-12-08,14:00,Matchweek 15,Home,D,1,1,Arsenal,0.2,1.8,34.0,2.0,2.0,Fulham,2025,166,Away,D,1,1,Fulham,1.8,0.2,66.0,12.0,4.0,Arsenal,Draw
2082,1650,2024-12-22,14:00,Matchweek 17,Home,D,0,0,Southampton,0.9,0.3,57.0,15.0,5.0,Fulham,2025,3132,Away,D,0,0,Fulham,0.3,0.9,43.0,5.0,1.0,Southampton,Draw
2084,1652,2024-12-29,15:00,Matchweek 19,Home,D,2,2,Bournemouth,1.1,2.0,52.0,11.0,6.0,Fulham,2025,474,Away,D,2,2,Fulham,2.0,1.1,48.0,16.0,8.0,Bournemouth,Draw
2088,1653,2025-01-05,14:00,Matchweek 20,Home,D,2,2,Ipswich Town,2.2,1.5,73.0,13.0,2.0,Fulham,2025,1691,Away,D,2,2,Fulham,1.5,2.2,27.0,6.0,2.0,Ipswich Town,Draw
2089,1656,2025-01-26,19:00,Matchweek 23,Home,L,0,1,Manchester United,0.7,0.3,51.0,9.0,2.0,Fulham,2025,2568,Away,W,1,0,Fulham,0.3,0.7,49.0,4.0,1.0,Manchester United,Away
2094,1658,2025-02-15,15:00,Matchweek 25,Home,W,2,1,Nottingham Forest,2.1,0.4,55.0,24.0,10.0,Fulham,2025,2912,Away,L,1,2,Fulham,0.4,2.1,45.0,8.0,2.0,Nottingham Forest,Home
2096,1659,2025-02-22,15:00,Matchweek 26,Home,L,0,2,Crystal Palace,0.2,1.3,62.0,10.0,0.0,Fulham,2025,1317,Away,W,2,0,Fulham,1.3,0.2,38.0,10.0,5.0,Crystal Palace,Away
2101,1662,2025-03-16,13:30,Matchweek 29,Home,W,2,0,Tottenham Hotspur,1.0,0.9,57.0,13.0,4.0,Fulham,2025,3334,Away,L,0,2,Fulham,0.9,1.0,43.0,12.0,4.0,Tottenham Hotspur,Home
2103,1664,2025-04-06,14:00,Matchweek 31,Home,W,3,2,Liverpool,0.7,1.5,37.0,12.0,6.0,Fulham,2025,2158,Away,L,2,3,Fulham,1.5,0.7,63.0,14.0,6.0,Liverpool,Home
2106,1666,2025-04-20,14:00,Matchweek 33,Home,L,1,2,Chelsea,0.3,0.9,41.0,6.0,1.0,Fulham,2025,1134,Away,W,2,1,Fulham,0.9,0.3,59.0,13.0,7.0,Chelsea,Away
2110,1669,2025-05-10,15:00,Matchweek 36,Home,L,1,3,Everton,0.8,1.1,64.0,18.0,6.0,Fulham,2025,1517,Away,W,3,1,Fulham,1.1,0.8,36.0,11.0,7.0,Everton,Away
2120,1671,2025-05-25,16:00,Matchweek 38,Home,L,0,2,Manchester City,1.3,3.0,47.0,13.0,3.0,Fulham,2025,2393,Away,W,2,0,Fulham,3.0,1.3,53.0,19.0,4.0,Manchester City,Away
2122,1672,2024-08-17,12:30,Matchweek 1,Home,L,0,2,Liverpool,0.5,2.6,38.0,7.0,2.0,Ipswich Town,2025,2128,Away,W,2,0,Ipswich Town,2.6,0.5,62.0,18.0,5.0,Liverpool,Away
2125,1674,2024-08-31,15:00,Matchweek 3,Home,D,1,1,Fulham,0.4,0.9,48.0,11.0,4.0,Ipswich Town,2025,1636,Away,D,1,1,Ipswich Town,0.9,0.4,52.0,9.0,4.0,Fulham,Draw
2128,1677,2024-09-29,14:00,Matchweek 6,Home,D,2,2,Aston Villa,1.2,0.8,44.0,15.0,5.0,Ipswich Town,2025,347,Away,D,2,2,Ipswich Town,0.8,1.2,56.0,7.0,3.0,Aston Villa,Draw
2132,1679,2024-10-19,15:00,Matchweek 8,Home,L,0,2,Everton,1.3,1.7,55.0,13.0,2.0,Ipswich Town,2025,1489,Away,W,2,0,Ipswich Town,1.7,1.3,45.0,11.0,8.0,Everton,Away
2136,1681,2024-11-02,15:00,Matchweek 10,Home,D,1,1,Leicester City,1.0,1.5,43.0,14.0,2.0,Ipswich Town,2025,1947,Away,D,1,1,Ipswich Town,1.5,1.0,57.0,20.0,5.0,Leicester City,Draw
2139,1683,2024-11-24,16:30,Matchweek 12,Home,D,1,1,Manchester United,1.6,0.8,40.0,11.0,6.0,Ipswich Town,2025,2557,Away,D,1,1,Ipswich Town,0.8,1.6,60.0,11.0,4.0,Manchester United,Draw
2140,1685,2024-12-03,19:30,Matchweek 14,Home,L,0,1,Crystal Palace,0.5,1.6,54.0,9.0,2.0,Ipswich Town,2025,1305,Away,W,1,0,Ipswich Town,1.6,0.5,46.0,13.0,3.0,Crystal Palace,Away
2142,1686,2024-12-08,14:00,Matchweek 15,Home,L,1,2,Bournemouth,1.3,3.2,44.0,18.0,5.0,Ipswich Town,2025,470,Away,W,2,1,Ipswich Town,3.2,1.3,56.0,22.0,6.0,Bournemouth,Away
2145,1688,2024-12-21,15:00,Matchweek 17,Home,L,0,4,Newcastle United,0.7,2.3,42.0,10.0,2.0,Ipswich Town,2025,2752,Away,W,4,0,Ipswich Town,2.3,0.7,58.0,15.0,7.0,Newcastle United,Away
2148,1690,2024-12-30,19:45,Matchweek 19,Home,W,2,0,Chelsea,1.6,2.0,24.0,8.0,5.0,Ipswich Town,2025,1120,Away,L,0,2,Ipswich Town,2.0,1.6,76.0,20.0,4.0,Chelsea,Home
2149,1692,2025-01-16,19:30,Matchweek 21,Home,L,0,2,Brighton,0.3,1.0,47.0,5.0,3.0,Ipswich Town,2025,818,Away,W,2,0,Ipswich Town,1.0,0.3,53.0,11.0,5.0,Brighton,Away
2150,1693,2025-01-19,16:30,Matchweek 22,Home,L,0,6,Manchester City,0.5,3.0,33.0,8.0,4.0,Ipswich Town,2025,2377,Away,W,6,0,Ipswich Town,3.0,0.5,67.0,17.0,9.0,Manchester City,Away
2154,1695,2025-02-01,15:00,Matchweek 24,Home,L,1,2,Southampton,1.8,0.9,57.0,15.0,6.0,Ipswich Town,2025,3139,Away,W,2,1,Ipswich Town,0.9,1.8,43.0,9.0,4.0,Southampton,Away
2157,1697,2025-02-22,15:00,Matchweek 26,Home,L,1,4,Tottenham Hotspur,1.1,1.7,42.0,17.0,5.0,Ipswich Town,2025,3331,Away,W,4,1,Ipswich Town,1.7,1.1,58.0,10.0,6.0,Tottenham Hotspur,Away
2161,1700,2025-03-15,15:00,Matchweek 29,Home,L,2,4,Nottingham Forest,0.4,1.5,55.0,11.0,3.0,Ipswich Town,2025,2916,Away,W,4,2,Ipswich Town,1.5,0.4,45.0,11.0,6.0,Nottingham Forest,Away
2166,1702,2025-04-05,15:00,Matchweek 31,Home,L,1,2,Wolverhampton Wanderers,0.8,2.6,45.0,6.0,2.0,Ipswich Town,2025,3792,Away,W,2,1,Ipswich Town,2.6,0.8,55.0,22.0,6.0,Wolverhampton Wanderers,Away
2167,1704,2025-04-20,14:00,Matchweek 33,Home,L,0,4,Arsenal,0.2,2.4,25.0,4.0,0.0,Ipswich Town,2025,184,Away,W,4,0,Ipswich Town,2.4,0.2,75.0,24.0,7.0,Arsenal,Away
2170,1707,2025-05-10,15:00,Matchweek 36,Home,L,0,1,Brentford,0.9,1.4,49.0,11.0,4.0,Ipswich Town,2025,643,Away,W,1,0,Ipswich Town,1.4,0.9,51.0,15.0,5.0,Brentford,Away
2183,1709,2025-05-25,16:00,Matchweek 38,Home,L,1,3,West Ham,0.7,1.1,42.0,14.0,4.0,Ipswich Town,2025,3609,Away,W,3,1,Ipswich Town,1.1,0.7,58.0,10.0,6.0,West Ham,Away
2184,1711,2020-09-19,15:00,Matchweek 2,Home,W,4,3,Fulham,1.4,1.7,51.0,9.0,6.0,Leeds United,2021,1521,Away,L,3,4,Leeds United,1.7,1.4,49.0,13.0,5.0,Fulham,Home
2185,1713,2020-10-03,17:30,Matchweek 4,Home,D,1,1,Manchester City,2.4,1.2,51.0,12.0,7.0,Leeds United,2021,2206,Away,D,1,1,Leeds United,1.2,2.4,49.0,23.0,1.0,Manchester City,Draw
2186,1714,2020-10-19,20:00,Matchweek 5,Home,L,0,1,Wolverhampton Wanderers,1.0,0.4,66.0,13.0,2.0,Leeds United,2021,3614,Away,W,1,0,Leeds United,0.4,1.0,34.0,7.0,3.0,Wolverhampton Wanderers,Away
2187,1716,2020-11-02,20:00,Matchweek 7,Home,L,1,4,Leicester City,2.1,2.9,67.0,11.0,4.0,Leeds United,2021,1830,Away,W,4,1,Leeds United,2.9,2.1,33.0,9.0,7.0,Leicester City,Away
2188,1718,2020-11-22,16:30,Matchweek 9,Home,D,0,0,Arsenal,1.8,0.9,66.0,25.0,4.0,Leeds United,2021,8,Away,D,0,0,Leeds United,0.9,1.8,34.0,9.0,2.0,Arsenal,Draw
2189,1721,2020-12-11,20:00,Matchweek 12,Home,L,1,2,West Ham,1.6,1.3,63.0,12.0,6.0,Leeds United,2021,3431,Away,W,2,1,Leeds United,1.3,1.6,37.0,19.0,8.0,West Ham,Away
2191,1722,2020-12-16,18:00,Matchweek 13,Home,W,5,2,Newcastle United,2.7,1.5,68.0,25.0,10.0,Leeds United,2021,2595,Away,L,2,5,Leeds United,1.5,2.7,32.0,10.0,4.0,Newcastle United,Home
2193,1724,2020-12-27,12:00,Matchweek 15,Home,W,1,0,Burnley,1.9,1.5,51.0,10.0,3.0,Leeds United,2021,849,Away,L,0,1,Leeds United,1.5,1.9,49.0,14.0,6.0,Burnley,Home
2194,1727,2021-01-16,15:00,Matchweek 19,Home,L,0,1,Brighton,0.3,1.4,66.0,7.0,2.0,Leeds United,2021,664,Away,W,1,0,Leeds United,1.4,0.3,34.0,7.0,2.0,Brighton,Away
2196,1730,2021-02-03,19:30,Matchweek 22,Home,L,1,2,Everton,1.3,1.6,63.0,16.0,7.0,Leeds United,2021,1349,Away,W,2,1,Leeds United,1.6,1.3,37.0,10.0,6.0,Everton,Away
2197,1731,2021-02-08,20:00,Matchweek 23,Home,W,2,0,Crystal Palace,1.9,0.4,67.0,17.0,7.0,Leeds United,2021,1162,Away,L,0,2,Leeds United,0.4,1.9,33.0,8.0,3.0,Crystal Palace,Home
2198,1734,2021-02-23,18:00,Matchweek 18,Home,W,3,0,Southampton,1.3,0.9,46.0,11.0,7.0,Leeds United,2021,3026,Away,L,0,3,Leeds United,0.9,1.3,54.0,13.0,5.0,Southampton,Home
2199,1735,2021-02-27,17:30,Matchweek 26,Home,L,0,1,Aston Villa,0.9,0.7,69.0,13.0,3.0,Leeds United,2021,213,Away,W,1,0,Leeds United,0.7,0.9,31.0,9.0,4.0,Aston Villa,Away
2200,1737,2021-03-13,12:30,Matchweek 28,Home,D,0,0,Chelsea,0.4,1.0,38.0,7.0,4.0,Leeds United,2021,978,Away,D,0,0,Leeds United,1.0,0.4,62.0,15.0,8.0,Chelsea,Draw
2201,1739,2021-04-03,15:00,Matchweek 30,Home,W,2,1,Sheffield United,2.4,1.1,54.0,23.0,8.0,Leeds United,2021,2955,Away,L,1,2,Leeds United,1.1,2.4,46.0,9.0,1.0,Sheffield United,Home
2202,1741,2021-04-19,20:00,Matchweek 32,Home,D,1,1,Liverpool,2.3,1.4,61.0,12.0,5.0,Leeds United,2021,2007,Away,D,1,1,Leeds United,1.4,2.3,39.0,17.0,7.0,Liverpool,Draw
2203,1742,2021-04-25,14:00,Matchweek 33,Home,D,0,0,Manchester United,0.3,1.2,44.0,6.0,3.0,Leeds United,2021,2426,Away,D,0,0,Leeds United,1.2,0.3,56.0,16.0,4.0,Manchester United,Draw
2204,1744,2021-05-08,12:30,Matchweek 35,Home,W,3,1,Tottenham Hotspur,2.5,0.9,53.0,16.0,7.0,Leeds United,2021,3188,Away,L,1,3,Leeds United,0.9,2.5,47.0,11.0,3.0,Tottenham Hotspur,Home
2214,1747,2021-05-23,16:00,Matchweek 38,Home,W,3,1,West Brom,2.3,1.0,64.0,16.0,8.0,Leeds United,2021,3419,Away,L,1,3,Leeds United,1.0,2.3,36.0,14.0,5.0,West Brom,Home
2216,1749,2021-08-21,15:00,Matchweek 2,Home,D,2,2,Everton,1.2,1.8,69.0,17.0,4.0,Leeds United,2022,1369,Away,D,2,2,Leeds United,1.8,1.2,31.0,16.0,7.0,Everton,Draw
2219,1751,2021-09-12,16:30,Matchweek 4,Home,L,0,3,Liverpool,1.2,4.3,44.0,9.0,4.0,Leeds United,2022,2017,Away,W,3,0,Leeds United,4.3,1.2,56.0,30.0,8.0,Liverpool,Away
2223,1753,2021-09-25,15:00,Matchweek 6,Home,L,1,2,West Ham,1.2,1.6,53.0,15.0,5.0,Leeds United,2022,3463,Away,W,2,1,Leeds United,1.6,1.2,47.0,20.0,6.0,West Ham,Away
2227,1754,2021-10-02,15:00,Matchweek 7,Home,W,1,0,Watford,1.3,0.2,66.0,20.0,3.0,Leeds United,2022,3350,Away,L,0,1,Leeds United,0.2,1.3,34.0,5.0,1.0,Watford,Home
2231,1756,2021-10-23,15:00,Matchweek 9,Home,D,1,1,Wolverhampton Wanderers,1.6,0.9,62.0,17.0,3.0,Leeds United,2022,3656,Away,D,1,1,Leeds United,0.9,1.6,38.0,8.0,4.0,Wolverhampton Wanderers,Draw
2232,1758,2021-11-07,14:00,Matchweek 11,Home,D,1,1,Leicester City,1.3,0.7,56.0,18.0,5.0,Leeds United,2022,1872,Away,D,1,1,Leeds United,0.7,1.3,44.0,9.0,3.0,Leicester City,Draw
2235,1761,2021-11-30,20:15,Matchweek 14,Home,W,1,0,Crystal Palace,1.4,1.1,61.0,14.0,2.0,Leeds United,2022,1191,Away,L,0,1,Leeds United,1.1,1.4,39.0,9.0,1.0,Crystal Palace,Home
2236,1762,2021-12-05,14:00,Matchweek 15,Home,D,2,2,Brentford,1.2,1.0,63.0,13.0,6.0,Leeds United,2022,508,Away,D,2,2,Leeds United,1.0,1.2,37.0,9.0,3.0,Brentford,Draw
2239,1765,2021-12-18,17:30,Matchweek 18,Home,L,1,4,Arsenal,1.6,3.5,51.0,8.0,1.0,Leeds United,2022,55,Away,W,4,1,Leeds United,3.5,1.6,49.0,21.0,12.0,Arsenal,Away
2242,1766,2022-01-02,14:00,Matchweek 21,Home,W,3,1,Burnley,1.9,1.0,55.0,22.0,7.0,Leeds United,2022,890,Away,L,1,3,Leeds United,1.0,1.9,45.0,8.0,2.0,Burnley,Home
2243,1768,2022-01-22,15:00,Matchweek 23,Home,L,0,1,Newcastle United,0.7,0.9,62.0,13.0,4.0,Leeds United,2022,2642,Away,W,1,0,Leeds United,0.9,0.7,38.0,15.0,3.0,Newcastle United,Away
2246,1771,2022-02-20,14:00,Matchweek 26,Home,L,2,4,Manchester United,1.8,2.2,54.0,16.0,6.0,Leeds United,2022,2457,Away,W,4,2,Leeds United,2.2,1.8,46.0,15.0,9.0,Manchester United,Away
2247,1773,2022-02-26,12:30,Matchweek 27,Home,L,0,4,Tottenham Hotspur,1.5,1.9,50.0,19.0,2.0,Leeds United,2022,3216,Away,W,4,0,Leeds United,1.9,1.5,50.0,15.0,10.0,Tottenham Hotspur,Away
2248,1775,2022-03-10,19:45,Matchweek 20,Home,L,0,3,Aston Villa,0.2,1.5,51.0,4.0,1.0,Leeds United,2022,254,Away,W,3,0,Leeds United,1.5,0.2,49.0,15.0,9.0,Aston Villa,Away
2251,1776,2022-03-13,14:00,Matchweek 29,Home,W,2,1,Norwich City,2.5,1.5,52.0,13.0,7.0,Leeds United,2022,2802,Away,L,1,2,Leeds United,1.5,2.5,48.0,12.0,4.0,Norwich City,Home
2258,1778,2022-04-02,15:00,Matchweek 31,Home,D,1,1,Southampton,1.2,1.4,56.0,12.0,3.0,Leeds United,2022,3069,Away,D,1,1,Leeds United,1.4,1.2,44.0,14.0,5.0,Southampton,Draw
2259,1781,2022-04-30,17:30,Matchweek 35,Home,L,0,4,Manchester City,1.3,2.4,42.0,7.0,1.0,Leeds United,2022,2275,Away,W,4,0,Leeds United,2.4,1.3,58.0,19.0,6.0,Manchester City,Away
2260,1783,2022-05-11,19:30,Matchweek 33,Home,L,0,3,Chelsea,0.4,1.3,33.0,5.0,0.0,Leeds United,2022,1023,Away,W,3,0,Leeds United,1.3,0.4,67.0,17.0,3.0,Chelsea,Away
2261,1784,2022-05-15,14:00,Matchweek 37,Home,D,1,1,Brighton,1.6,2.2,50.0,19.0,4.0,Leeds United,2022,720,Away,D,1,1,Leeds United,2.2,1.6,50.0,15.0,6.0,Brighton,Draw
2269,1786,2022-08-06,15:00,Matchweek 1,Home,W,2,1,Wolverhampton Wanderers,0.8,1.3,40.0,12.0,4.0,Leeds United,2023,3686,Away,L,1,2,Leeds United,1.3,0.8,60.0,15.0,6.0,Wolverhampton Wanderers,Home
2271,1788,2022-08-21,14:00,Matchweek 3,Home,W,3,0,Chelsea,2.1,0.9,39.0,12.0,6.0,Leeds United,2023,1028,Away,L,0,3,Leeds United,0.9,2.1,61.0,14.0,3.0,Chelsea,Home
2272,1790,2022-08-30,20:00,Matchweek 5,Home,D,1,1,Everton,1.0,1.0,69.0,14.0,5.0,Leeds United,2023,1410,Away,D,1,1,Leeds United,1.0,1.0,31.0,7.0,2.0,Everton,Draw
2273,1792,2022-10-02,16:30,Matchweek 9,Home,D,0,0,Aston Villa,0.4,2.2,44.0,6.0,1.0,Leeds United,2023,273,Away,D,0,0,Leeds United,2.2,0.4,56.0,19.0,6.0,Aston Villa,Draw
2274,1794,2022-10-16,14:00,Matchweek 11,Home,L,0,1,Arsenal,1.8,0.5,47.0,15.0,4.0,Leeds United,2023,85,Away,W,1,0,Leeds United,0.5,1.8,53.0,9.0,4.0,Arsenal,Away
2280,1796,2022-10-23,14:00,Matchweek 13,Home,L,2,3,Fulham,1.6,1.8,57.0,14.0,5.0,Leeds United,2023,1569,Away,W,3,2,Leeds United,1.8,1.6,43.0,11.0,4.0,Fulham,Away
2282,1798,2022-11-05,15:00,Matchweek 15,Home,W,4,3,Bournemouth,2.2,1.5,60.0,17.0,3.0,Leeds United,2023,393,Away,L,3,4,Leeds United,1.5,2.2,40.0,9.0,5.0,Bournemouth,Home
2286,1800,2022-12-28,20:00,Matchweek 17,Home,L,1,3,Manchester City,0.6,4.3,31.0,9.0,1.0,Leeds United,2023,2294,Away,W,3,1,Leeds United,4.3,0.6,69.0,26.0,9.0,Manchester City,Away
2287,1802,2023-01-04,19:45,Matchweek 19,Home,D,2,2,West Ham,1.6,1.4,62.0,14.0,5.0,Leeds United,2023,3513,Away,D,2,2,Leeds United,1.4,1.6,38.0,14.0,1.0,West Ham,Draw
2288,1804,2023-01-22,14:00,Matchweek 21,Home,D,0,0,Brentford,0.5,0.4,58.0,9.0,5.0,Leeds United,2023,551,Away,D,0,0,Leeds United,0.4,0.5,42.0,6.0,0.0,Brentford,Draw
2290,1807,2023-02-12,14:00,Matchweek 23,Home,L,0,2,Manchester United,1.8,1.1,34.0,16.0,6.0,Leeds United,2023,2492,Away,W,2,0,Leeds United,1.1,1.8,66.0,11.0,5.0,Manchester United,Away
2294,1809,2023-02-25,15:00,Matchweek 25,Home,W,1,0,Southampton,0.9,0.4,61.0,14.0,4.0,Leeds United,2023,3101,Away,L,0,1,Leeds United,0.4,0.9,39.0,8.0,2.0,Southampton,Home
2296,1811,2023-03-11,15:00,Matchweek 27,Home,D,2,2,Brighton,0.9,2.7,38.0,12.0,4.0,Leeds United,2023,745,Away,D,2,2,Leeds United,2.7,0.9,62.0,15.0,3.0,Brighton,Draw
2301,1814,2023-04-04,19:45,Matchweek 7,Home,W,2,1,Nottingham Forest,1.8,0.8,61.0,21.0,6.0,Leeds United,2023,2840,Away,L,1,2,Leeds United,0.8,1.8,39.0,13.0,1.0,Nottingham Forest,Home
2302,1815,2023-04-09,14:00,Matchweek 30,Home,L,1,5,Crystal Palace,0.9,3.0,48.0,11.0,7.0,Leeds United,2023,1245,Away,W,5,1,Leeds United,3.0,0.9,52.0,16.0,7.0,Crystal Palace,Away
2303,1816,2023-04-17,20:00,Matchweek 31,Home,L,1,6,Liverpool,1.4,2.7,27.0,13.0,3.0,Leeds United,2023,2081,Away,W,6,1,Leeds United,2.7,1.4,73.0,13.0,7.0,Liverpool,Away
2304,1818,2023-04-25,20:00,Matchweek 33,Home,D,1,1,Leicester City,1.5,2.1,41.0,13.0,3.0,Leeds United,2023,1932,Away,D,1,1,Leeds United,2.1,1.5,59.0,15.0,3.0,Leicester City,Draw
2305,1821,2023-05-13,12:30,Matchweek 36,Home,D,2,2,Newcastle United,2.0,2.3,36.0,8.0,3.0,Leeds United,2023,2694,Away,D,2,2,Leeds United,2.3,2.0,64.0,16.0,3.0,Newcastle United,Draw
2313,1823,2023-05-28,16:30,Matchweek 38,Home,L,1,4,Tottenham Hotspur,1.5,2.2,52.0,19.0,2.0,Leeds United,2023,3267,Away,W,4,1,Leeds United,2.2,1.5,48.0,11.0,7.0,Tottenham Hotspur,Away
2316,1825,2020-09-20,19:00,Matchweek 2,Home,W,4,2,Burnley,1.2,1.4,67.0,14.0,6.0,Leicester City,2021,836,Away,L,2,4,Leicester City,1.4,1.2,33.0,16.0,5.0,Burnley,Home
2318,1827,2020-10-04,12:00,Matchweek 4,Home,L,0,3,West Ham,0.6,2.0,69.0,4.0,0.0,Leicester City,2021,3423,Away,W,3,0,Leicester City,2.0,0.6,31.0,14.0,6.0,West Ham,Away
2319,1828,2020-10-18,19:15,Matchweek 5,Home,L,0,1,Aston Villa,0.6,0.7,50.0,11.0,5.0,Leicester City,2021,193,Away,W,1,0,Leicester City,0.7,0.6,50.0,10.0,4.0,Aston Villa,Away
2320,1831,2020-11-08,14:00,Matchweek 8,Home,W,1,0,Wolverhampton Wanderers,2.0,0.8,49.0,8.0,1.0,Leicester City,2021,3617,Away,L,0,1,Leicester City,0.8,2.0,51.0,8.0,2.0,Wolverhampton Wanderers,Home
2321,1833,2020-11-30,17:30,Matchweek 10,Home,L,1,2,Fulham,1.2,2.2,68.0,16.0,3.0,Leicester City,2021,1529,Away,W,2,1,Leicester City,2.2,1.2,32.0,9.0,4.0,Fulham,Away
2322,1835,2020-12-13,19:15,Matchweek 12,Home,W,3,0,Brighton,1.5,0.9,54.0,15.0,6.0,Leicester City,2021,657,Away,L,0,3,Leicester City,0.9,1.5,46.0,12.0,4.0,Brighton,Home
2324,1836,2020-12-16,18:00,Matchweek 13,Home,L,0,2,Everton,0.8,1.4,61.0,14.0,2.0,Leicester City,2021,1342,Away,W,2,0,Leicester City,1.4,0.8,39.0,11.0,6.0,Everton,Away
2327,1838,2020-12-26,12:30,Matchweek 15,Home,D,2,2,Manchester United,0.9,1.7,54.0,10.0,2.0,Leicester City,2021,2407,Away,D,2,2,Leicester City,1.7,0.9,46.0,9.0,4.0,Manchester United,Draw
2328,1841,2021-01-16,20:00,Matchweek 19,Home,W,2,0,Southampton,2.2,0.6,47.0,16.0,4.0,Leicester City,2021,3019,Away,L,0,2,Leicester City,0.6,2.2,53.0,8.0,3.0,Southampton,Home
2329,1842,2021-01-19,20:15,Matchweek 18,Home,W,2,0,Chelsea,1.4,0.7,36.0,8.0,6.0,Leicester City,2021,968,Away,L,0,2,Leicester City,0.7,1.4,64.0,9.0,5.0,Chelsea,Home
2330,1844,2021-01-31,14:00,Matchweek 21,Home,L,1,3,Leeds United,1.8,2.1,51.0,18.0,8.0,Leicester City,2021,1729,Away,W,3,1,Leicester City,2.1,1.8,49.0,8.0,6.0,Leeds United,Away
2331,1847,2021-02-13,12:30,Matchweek 24,Home,W,3,1,Liverpool,1.9,1.7,38.0,11.0,6.0,Leicester City,2021,1999,Away,L,1,3,Leicester City,1.7,1.9,62.0,15.0,4.0,Liverpool,Home
2332,1849,2021-02-28,12:00,Matchweek 26,Home,L,1,3,Arsenal,0.4,2.3,44.0,8.0,3.0,Leicester City,2021,25,Away,W,3,1,Leicester City,2.3,0.4,56.0,11.0,3.0,Arsenal,Away
2334,1852,2021-03-14,14:00,Matchweek 28,Home,W,5,0,Sheffield United,4.0,0.1,71.0,19.0,9.0,Leicester City,2021,2954,Away,L,0,5,Leicester City,0.1,4.0,29.0,1.0,0.0,Sheffield United,Home
2335,1853,2021-04-03,17:30,Matchweek 30,Home,L,0,2,Manchester City,0.3,1.4,44.0,5.0,2.0,Leicester City,2021,2234,Away,W,2,0,Leicester City,1.4,0.3,56.0,11.0,4.0,Manchester City,Away
2336,1855,2021-04-22,20:00,Matchweek 32,Home,W,3,0,West Brom,2.1,0.5,72.0,17.0,7.0,Leicester City,2021,3413,Away,L,0,3,Leicester City,0.5,2.1,28.0,4.0,1.0,West Brom,Home
2337,1856,2021-04-26,20:00,Matchweek 33,Home,W,2,1,Crystal Palace,1.5,0.7,66.0,13.0,5.0,Leicester City,2021,1171,Away,L,1,2,Leicester City,0.7,1.5,34.0,4.0,2.0,Crystal Palace,Home
2338,1858,2021-05-07,20:00,Matchweek 35,Home,L,2,4,Newcastle United,2.2,2.7,68.0,25.0,9.0,Leicester City,2021,2618,Away,W,4,2,Leicester City,2.7,2.2,32.0,14.0,6.0,Newcastle United,Away
2347,1861,2021-05-23,16:00,Matchweek 38,Home,L,2,4,Tottenham Hotspur,1.9,1.5,47.0,8.0,4.0,Leicester City,2021,3191,Away,W,4,2,Leicester City,1.5,1.9,53.0,11.0,4.0,Tottenham Hotspur,Away
2353,1862,2021-08-14,15:00,Matchweek 1,Home,W,1,0,Wolverhampton Wanderers,0.5,1.3,56.0,9.0,5.0,Leicester City,2022,3648,Away,L,0,1,Leicester City,1.3,0.5,44.0,17.0,3.0,Wolverhampton Wanderers,Home
2355,1865,2021-09-11,15:00,Matchweek 4,Home,L,0,1,Manchester City,0.6,2.8,39.0,6.0,1.0,Leicester City,2022,2245,Away,W,1,0,Leicester City,2.8,0.6,61.0,25.0,8.0,Manchester City,Away
2360,1867,2021-09-25,15:00,Matchweek 6,Home,D,2,2,Burnley,2.4,0.5,66.0,22.0,4.0,Leicester City,2022,879,Away,D,2,2,Leicester City,0.5,2.4,34.0,9.0,3.0,Burnley,Draw
2367,1869,2021-10-16,15:00,Matchweek 8,Home,W,4,2,Manchester United,2.4,1.2,49.0,22.0,11.0,Leicester City,2022,2439,Away,L,2,4,Leicester City,1.2,2.4,51.0,18.0,6.0,Manchester United,Home
2369,1871,2021-10-30,12:30,Matchweek 10,Home,L,0,2,Arsenal,1.3,0.7,64.0,16.0,8.0,Leicester City,2022,47,Away,W,2,0,Leicester City,0.7,1.3,36.0,9.0,5.0,Arsenal,Away
2370,1873,2021-11-20,12:30,Matchweek 12,Home,L,0,3,Chelsea,0.4,2.0,39.0,4.0,3.0,Leicester City,2022,999,Away,W,3,0,Leicester City,2.0,0.4,61.0,16.0,7.0,Chelsea,Away
2372,1874,2021-11-28,14:00,Matchweek 13,Home,W,4,2,Watford,2.1,2.8,56.0,18.0,8.0,Leicester City,2022,3356,Away,L,2,4,Leicester City,2.8,2.1,44.0,16.0,4.0,Watford,Home
2374,1877,2021-12-12,14:00,Matchweek 16,Home,W,4,0,Newcastle United,2.6,1.0,47.0,7.0,4.0,Leicester City,2022,2637,Away,L,0,4,Leicester City,1.0,2.6,53.0,12.0,3.0,Newcastle United,Home
2376,1879,2021-12-28,20:00,Matchweek 20,Home,W,1,0,Liverpool,0.4,2.3,37.0,6.0,1.0,Leicester City,2022,2032,Away,L,0,1,Leicester City,2.3,0.4,63.0,20.0,3.0,Liverpool,Home
2377,1880,2022-01-19,19:30,Matchweek 17,Home,L,2,3,Tottenham Hotspur,1.2,3.1,49.0,14.0,4.0,Leicester City,2022,3210,Away,W,3,2,Leicester City,3.1,1.2,51.0,27.0,8.0,Tottenham Hotspur,Away
2378,1881,2022-01-23,14:00,Matchweek 23,Home,D,1,1,Brighton,1.4,1.1,44.0,15.0,5.0,Leicester City,2022,705,Away,D,1,1,Leicester City,1.1,1.4,56.0,14.0,4.0,Brighton,Draw
2381,1883,2022-02-13,16:30,Matchweek 25,Home,D,2,2,West Ham,1.4,1.1,55.0,12.0,1.0,Leicester City,2022,3482,Away,D,2,2,Leicester City,1.1,1.4,45.0,8.0,3.0,West Ham,Draw
2382,1886,2022-03-05,12:30,Matchweek 28,Home,W,1,0,Leeds United,0.4,1.7,51.0,7.0,4.0,Leicester City,2022,1774,Away,L,0,1,Leicester City,1.7,0.4,49.0,19.0,4.0,Leeds United,Home
2383,1888,2022-03-20,14:00,Matchweek 30,Home,W,2,1,Brentford,1.0,1.3,52.0,12.0,4.0,Leicester City,2022,523,Away,L,1,2,Leicester City,1.3,1.0,48.0,15.0,6.0,Brentford,Home
2385,1890,2022-04-10,14:00,Matchweek 32,Home,W,2,1,Crystal Palace,1.0,1.4,51.0,12.0,3.0,Leicester City,2022,1208,Away,L,1,2,Leicester City,1.4,1.0,49.0,10.0,2.0,Crystal Palace,Home
2387,1893,2022-04-23,15:00,Matchweek 34,Home,D,0,0,Aston Villa,0.3,0.9,64.0,5.0,2.0,Leicester City,2022,259,Away,D,0,0,Leicester City,0.9,0.3,36.0,11.0,3.0,Aston Villa,Draw
2390,1895,2022-05-08,14:00,Matchweek 36,Home,L,1,2,Everton,1.5,1.1,66.0,16.0,8.0,Leicester City,2022,1401,Away,W,2,1,Leicester City,1.1,1.5,34.0,10.0,4.0,Everton,Away
2393,1896,2022-05-11,19:45,Matchweek 21,Home,W,3,0,Norwich City,2.0,1.1,65.0,20.0,8.0,Leicester City,2022,2809,Away,L,0,3,Leicester City,1.1,2.0,35.0,9.0,5.0,Norwich City,Home
2399,1899,2022-05-22,16:00,Matchweek 38,Home,W,4,1,Southampton,3.4,1.1,51.0,12.0,6.0,Leicester City,2022,3077,Away,L,1,4,Leicester City,1.1,3.4,49.0,6.0,1.0,Southampton,Home
2404,1900,2022-08-07,14:00,Matchweek 1,Home,D,2,2,Brentford,0.6,0.8,56.0,14.0,5.0,Leicester City,2023,532,Away,D,2,2,Leicester City,0.8,0.6,44.0,8.0,3.0,Brentford,Draw
2409,1902,2022-08-20,15:00,Matchweek 3,Home,L,1,2,Southampton,0.3,0.9,62.0,6.0,1.0,Leicester City,2023,3080,Away,W,2,1,Leicester City,0.9,0.3,38.0,9.0,3.0,Southampton,Away
2410,1904,2022-09-01,20:00,Matchweek 5,Home,L,0,1,Manchester United,0.7,1.5,53.0,10.0,2.0,Leicester City,2023,2474,Away,W,1,0,Leicester City,1.5,0.7,47.0,9.0,2.0,Manchester United,Away
2411,1907,2022-10-03,20:00,Matchweek 9,Home,W,4,0,Nottingham Forest,1.3,1.1,51.0,17.0,7.0,Leicester City,2023,2819,Away,L,0,4,Leicester City,1.1,1.3,49.0,10.0,3.0,Nottingham Forest,Home
2412,1909,2022-10-15,12:30,Matchweek 11,Home,D,0,0,Crystal Palace,1.0,0.4,54.0,14.0,5.0,Leicester City,2023,1224,Away,D,0,0,Leicester City,0.4,1.0,46.0,8.0,1.0,Crystal Palace,Draw
2413,1910,2022-10-20,20:15,Matchweek 12,Home,W,2,0,Leeds United,0.8,1.3,46.0,5.0,1.0,Leicester City,2023,1795,Away,L,0,2,Leicester City,1.3,0.8,54.0,14.0,2.0,Leeds United,Home
2414,1912,2022-10-29,12:30,Matchweek 14,Home,L,0,1,Manchester City,0.7,1.0,36.0,10.0,5.0,Leicester City,2023,2291,Away,W,1,0,Leicester City,1.0,0.7,64.0,15.0,5.0,Manchester City,Away
2417,1915,2022-12-26,15:00,Matchweek 17,Home,L,0,3,Newcastle United,0.5,1.9,60.0,8.0,2.0,Leicester City,2023,2675,Away,W,3,0,Leicester City,1.9,0.5,40.0,11.0,4.0,Newcastle United,Away
2420,1917,2023-01-03,19:45,Matchweek 19,Home,L,0,1,Fulham,1.7,1.7,61.0,15.0,6.0,Leicester City,2023,1575,Away,W,1,0,Leicester City,1.7,1.7,39.0,11.0,2.0,Fulham,Away
2423,1919,2023-01-21,15:00,Matchweek 21,Home,D,2,2,Brighton,0.9,1.7,37.0,9.0,2.0,Leicester City,2023,740,Away,D,2,2,Leicester City,1.7,0.9,63.0,13.0,4.0,Brighton,Draw
2429,1921,2023-02-11,15:00,Matchweek 23,Home,W,4,1,Tottenham Hotspur,1.7,1.3,49.0,15.0,6.0,Leicester City,2023,3252,Away,L,1,4,Leicester City,1.3,1.7,51.0,11.0,4.0,Tottenham Hotspur,Home
2431,1923,2023-02-25,15:00,Matchweek 25,Home,L,0,1,Arsenal,0.0,0.7,35.0,1.0,0.0,Leicester City,2023,99,Away,W,1,0,Leicester City,0.7,0.0,65.0,10.0,2.0,Arsenal,Away
2437,1925,2023-03-11,15:00,Matchweek 27,Home,L,1,3,Chelsea,2.4,1.6,48.0,17.0,6.0,Leicester City,2023,1051,Away,W,3,1,Leicester City,1.6,2.4,52.0,12.0,6.0,Chelsea,Away
2439,1928,2023-04-04,19:45,Matchweek 7,Home,L,1,2,Aston Villa,0.5,1.0,36.0,9.0,4.0,Leicester City,2023,294,Away,W,2,1,Leicester City,1.0,0.5,64.0,15.0,5.0,Aston Villa,Away
2442,1929,2023-04-08,15:00,Matchweek 30,Home,L,0,1,Bournemouth,0.6,1.9,51.0,14.0,4.0,Leicester City,2023,409,Away,W,1,0,Leicester City,1.9,0.6,49.0,19.0,7.0,Bournemouth,Away
2451,1931,2023-04-22,15:00,Matchweek 32,Home,W,2,1,Wolverhampton Wanderers,2.4,0.9,42.0,14.0,6.0,Leicester City,2023,3717,Away,L,1,2,Leicester City,0.9,2.4,58.0,16.0,3.0,Wolverhampton Wanderers,Home
2452,1933,2023-05-01,20:00,Matchweek 34,Home,D,2,2,Everton,3.4,3.1,54.0,14.0,4.0,Leicester City,2023,1439,Away,D,2,2,Leicester City,3.1,3.4,46.0,22.0,7.0,Everton,Draw
2453,1935,2023-05-15,20:00,Matchweek 36,Home,L,0,3,Liverpool,0.4,2.2,34.0,4.0,4.0,Leicester City,2023,2087,Away,W,3,0,Leicester City,2.2,0.4,66.0,16.0,5.0,Liverpool,Away
2462,1937,2023-05-28,16:30,Matchweek 38,Home,W,2,1,West Ham,1.4,1.4,48.0,13.0,4.0,Leicester City,2023,3533,Away,L,1,2,Leicester City,1.4,1.4,52.0,16.0,3.0,West Ham,Home
2464,1938,2024-08-19,20:00,Matchweek 1,Home,D,1,1,Tottenham Hotspur,1.0,1.2,30.0,7.0,3.0,Leicester City,2025,3306,Away,D,1,1,Leicester City,1.2,1.0,70.0,15.0,6.0,Tottenham Hotspur,Draw
2465,1940,2024-08-31,15:00,Matchweek 3,Home,L,1,2,Aston Villa,0.4,1.4,57.0,9.0,3.0,Leicester City,2025,344,Away,W,2,1,Leicester City,1.4,0.4,43.0,10.0,5.0,Aston Villa,Away
2472,1942,2024-09-21,15:00,Matchweek 5,Home,D,1,1,Everton,0.7,1.1,58.0,12.0,2.0,Leicester City,2025,1486,Away,D,1,1,Leicester City,1.1,0.7,42.0,17.0,5.0,Everton,Draw
2476,1944,2024-10-05,15:00,Matchweek 7,Home,W,1,0,Bournemouth,0.8,2.1,45.0,6.0,2.0,Leicester City,2025,462,Away,L,0,1,Leicester City,2.1,0.8,55.0,19.0,2.0,Bournemouth,Home
2481,1946,2024-10-25,20:00,Matchweek 9,Home,L,1,3,Nottingham Forest,0.8,1.7,65.0,11.0,1.0,Leicester City,2025,2896,Away,W,3,1,Leicester City,1.7,0.8,35.0,20.0,5.0,Nottingham Forest,Away
2482,1949,2024-11-23,12:30,Matchweek 12,Home,L,1,2,Chelsea,1.1,2.7,37.0,3.0,0.0,Leicester City,2025,1113,Away,W,2,1,Leicester City,2.7,1.1,63.0,16.0,6.0,Chelsea,Away
2483,1951,2024-12-03,20:15,Matchweek 14,Home,W,3,1,West Ham,1.7,3.0,39.0,8.0,6.0,Leicester City,2025,3585,Away,L,1,3,Leicester City,3.0,1.7,61.0,31.0,8.0,West Ham,Home
2486,1952,2024-12-08,14:00,Matchweek 15,Home,D,2,2,Brighton,1.3,1.5,56.0,10.0,3.0,Leicester City,2025,812,Away,D,2,2,Leicester City,1.5,1.3,44.0,16.0,7.0,Brighton,Draw
2490,1954,2024-12-22,14:00,Matchweek 17,Home,L,0,3,Wolverhampton Wanderers,0.8,1.1,54.0,9.0,4.0,Leicester City,2025,3778,Away,W,3,0,Leicester City,1.1,0.8,46.0,8.0,4.0,Wolverhampton Wanderers,Away
2491,1956,2024-12-29,14:30,Matchweek 19,Home,L,0,2,Manchester City,1.3,1.3,53.0,11.0,3.0,Leicester City,2025,2374,Away,W,2,0,Leicester City,1.3,1.3,47.0,14.0,5.0,Manchester City,Away
2493,1958,2025-01-15,19:30,Matchweek 21,Home,L,0,2,Crystal Palace,1.7,1.8,57.0,21.0,4.0,Leicester City,2025,1312,Away,W,2,0,Leicester City,1.8,1.7,43.0,9.0,4.0,Crystal Palace,Away
2496,1959,2025-01-18,15:00,Matchweek 22,Home,L,0,2,Fulham,0.6,2.0,40.0,8.0,4.0,Leicester City,2025,1655,Away,W,2,0,Leicester City,2.0,0.6,60.0,17.0,2.0,Fulham,Away
2498,1962,2025-02-15,12:30,Matchweek 25,Home,L,0,2,Arsenal,0.2,1.4,40.0,6.0,2.0,Leicester City,2025,176,Away,W,2,0,Leicester City,1.4,0.2,60.0,11.0,5.0,Arsenal,Away
2499,1963,2025-02-21,20:00,Matchweek 26,Home,L,0,4,Brentford,0.5,1.5,48.0,8.0,3.0,Leicester City,2025,633,Away,W,4,0,Leicester City,1.5,0.5,52.0,14.0,6.0,Brentford,Away
2500,1966,2025-03-16,19:00,Matchweek 29,Home,L,0,3,Manchester United,1.0,0.9,53.0,11.0,3.0,Leicester City,2025,2574,Away,W,3,0,Leicester City,0.9,1.0,47.0,18.0,5.0,Manchester United,Away
2501,1968,2025-04-07,20:00,Matchweek 31,Home,L,0,3,Newcastle United,0.5,3.2,58.0,7.0,2.0,Leicester City,2025,2765,Away,W,3,0,Leicester City,3.2,0.5,42.0,16.0,5.0,Newcastle United,Away
2502,1970,2025-04-20,16:30,Matchweek 33,Home,L,0,1,Liverpool,0.3,2.5,42.0,5.0,0.0,Leicester City,2025,2160,Away,W,1,0,Leicester City,2.5,0.3,58.0,28.0,8.0,Liverpool,Away
2504,1972,2025-05-03,15:00,Matchweek 35,Home,W,2,0,Southampton,1.4,0.5,49.0,14.0,4.0,Leicester City,2025,3150,Away,L,0,2,Leicester City,0.5,1.4,51.0,8.0,2.0,Southampton,Home
2506,1974,2025-05-18,15:00,Matchweek 37,Home,W,2,0,Ipswich Town,0.8,1.4,50.0,9.0,3.0,Leicester City,2025,1708,Away,L,0,2,Leicester City,1.4,0.8,50.0,20.0,2.0,Ipswich Town,Home
2507,1976,2020-09-12,17:30,Matchweek 1,Home,W,4,3,Leeds United,2.7,0.3,49.0,20.0,4.0,Liverpool,2021,1710,Away,L,3,4,Liverpool,0.3,2.7,51.0,6.0,3.0,Leeds United,Home
2508,1978,2020-09-28,20:00,Matchweek 3,Home,W,3,1,Arsenal,2.7,1.3,66.0,21.0,8.0,Liverpool,2021,2,Away,L,1,3,Liverpool,1.3,2.7,34.0,4.0,3.0,Arsenal,Home
2509,1981,2020-10-24,20:00,Matchweek 6,Home,W,2,1,Sheffield United,2.3,1.6,62.0,17.0,5.0,Liverpool,2021,2931,Away,L,1,2,Liverpool,1.6,2.3,38.0,12.0,1.0,Sheffield United,Home
2510,1982,2020-10-31,17:30,Matchweek 7,Home,W,2,1,West Ham,1.7,0.3,72.0,8.0,4.0,Liverpool,2021,3426,Away,L,1,2,Liverpool,0.3,1.7,28.0,4.0,3.0,West Ham,Home
2511,1984,2020-11-22,19:15,Matchweek 9,Home,W,3,0,Leicester City,3.1,1.6,56.0,24.0,11.0,Liverpool,2021,1832,Away,L,0,3,Liverpool,1.6,3.1,44.0,11.0,4.0,Leicester City,Home
2512,1986,2020-12-06,19:15,Matchweek 11,Home,W,4,0,Wolverhampton Wanderers,1.2,0.4,60.0,11.0,6.0,Liverpool,2021,3620,Away,L,0,4,Liverpool,0.4,1.2,40.0,9.0,3.0,Wolverhampton Wanderers,Home
2515,1988,2020-12-16,20:00,Matchweek 13,Home,W,2,1,Tottenham Hotspur,1.0,1.1,75.0,17.0,11.0,Liverpool,2021,3166,Away,L,1,2,Liverpool,1.1,1.0,25.0,8.0,2.0,Tottenham Hotspur,Home
2516,1990,2020-12-27,16:30,Matchweek 15,Home,D,1,1,West Brom,1.5,0.6,77.0,17.0,2.0,Liverpool,2021,3396,Away,D,1,1,Liverpool,0.6,1.5,23.0,5.0,3.0,West Brom,Draw
2517,1993,2021-01-17,16:30,Matchweek 19,Home,D,0,0,Manchester United,1.2,1.1,65.0,17.0,3.0,Liverpool,2021,2411,Away,D,0,0,Liverpool,1.1,1.2,35.0,8.0,4.0,Manchester United,Draw
2518,1994,2021-01-21,20:00,Matchweek 18,Home,L,0,1,Burnley,1.6,1.1,72.0,27.0,6.0,Liverpool,2021,853,Away,W,1,0,Liverpool,1.1,1.6,28.0,5.0,3.0,Burnley,Away
2519,1997,2021-02-03,20:15,Matchweek 22,Home,L,0,1,Brighton,1.0,1.3,63.0,11.0,1.0,Liverpool,2021,667,Away,W,1,0,Liverpool,1.3,1.0,37.0,13.0,4.0,Brighton,Away
2521,1998,2021-02-07,16:30,Matchweek 23,Home,L,1,4,Manchester City,1.2,3.5,56.0,7.0,2.0,Liverpool,2021,2225,Away,W,4,1,Liverpool,3.5,1.2,44.0,7.0,5.0,Manchester City,Away
2522,2000,2021-02-20,17:30,Matchweek 25,Home,L,0,2,Everton,1.4,1.6,71.0,15.0,6.0,Liverpool,2021,1353,Away,W,2,0,Liverpool,1.6,1.4,29.0,8.0,5.0,Everton,Away
2523,2002,2021-03-04,20:15,Matchweek 29,Home,L,0,1,Chelsea,0.3,1.0,54.0,7.0,1.0,Liverpool,2021,976,Away,W,1,0,Liverpool,1.0,0.3,46.0,11.0,4.0,Chelsea,Away
2524,2003,2021-03-07,14:00,Matchweek 27,Home,L,0,1,Fulham,0.9,1.3,63.0,16.0,3.0,Liverpool,2021,1547,Away,W,1,0,Liverpool,1.3,0.9,37.0,10.0,3.0,Fulham,Away
2525,2006,2021-04-10,15:00,Matchweek 31,Home,W,2,1,Aston Villa,2.3,0.5,65.0,23.0,10.0,Liverpool,2021,219,Away,L,1,2,Liverpool,0.5,2.3,35.0,9.0,5.0,Aston Villa,Home
2526,2008,2021-04-24,12:30,Matchweek 33,Home,D,1,1,Newcastle United,2.4,1.0,68.0,22.0,9.0,Liverpool,2021,2616,Away,D,1,1,Liverpool,1.0,2.4,32.0,7.0,4.0,Newcastle United,Draw
2527,2009,2021-05-08,20:15,Matchweek 35,Home,W,2,0,Southampton,1.7,1.1,54.0,14.0,6.0,Liverpool,2021,3035,Away,L,0,2,Liverpool,1.1,1.7,46.0,12.0,6.0,Southampton,Home
2531,2013,2021-05-23,16:00,Matchweek 38,Home,W,2,0,Crystal Palace,1.6,0.6,69.0,19.0,5.0,Liverpool,2021,1177,Away,L,0,2,Liverpool,0.6,1.6,31.0,5.0,4.0,Crystal Palace,Home
2538,2015,2021-08-21,12:30,Matchweek 2,Home,W,2,0,Burnley,2.7,0.9,65.0,27.0,8.0,Liverpool,2022,875,Away,L,0,2,Liverpool,0.9,2.7,35.0,9.0,3.0,Burnley,Home
2539,2016,2021-08-28,17:30,Matchweek 3,Home,D,1,1,Chelsea,2.5,0.6,65.0,23.0,6.0,Liverpool,2022,990,Away,D,1,1,Liverpool,0.6,2.5,35.0,6.0,3.0,Chelsea,Draw
2541,2018,2021-09-18,15:00,Matchweek 5,Home,W,3,0,Crystal Palace,3.1,0.6,59.0,25.0,10.0,Liverpool,2022,1182,Away,L,0,3,Liverpool,0.6,3.1,41.0,13.0,2.0,Crystal Palace,Home
2544,2020,2021-10-03,16:30,Matchweek 7,Home,D,2,2,Manchester City,0.9,1.2,49.0,6.0,3.0,Liverpool,2022,2248,Away,D,2,2,Liverpool,1.2,0.9,51.0,12.0,3.0,Manchester City,Draw
2546,2023,2021-10-30,15:00,Matchweek 10,Home,D,2,2,Brighton,1.5,1.0,58.0,14.0,3.0,Liverpool,2022,693,Away,D,2,2,Liverpool,1.0,1.5,42.0,9.0,6.0,Brighton,Draw
2550,2025,2021-11-20,17:30,Matchweek 12,Home,W,4,0,Arsenal,4.3,0.4,62.0,19.0,9.0,Liverpool,2022,49,Away,L,0,4,Liverpool,0.4,4.3,38.0,5.0,3.0,Arsenal,Home
2552,2026,2021-11-27,15:00,Matchweek 13,Home,W,4,0,Southampton,2.9,1.0,64.0,20.0,6.0,Liverpool,2022,3052,Away,L,0,4,Liverpool,1.0,2.9,36.0,7.0,3.0,Southampton,Home
2554,2029,2021-12-11,15:00,Matchweek 16,Home,W,1,0,Aston Villa,2.2,0.2,62.0,19.0,4.0,Liverpool,2022,243,Away,L,0,1,Liverpool,0.2,2.2,38.0,4.0,0.0,Aston Villa,Home
2557,2030,2021-12-16,20:00,Matchweek 17,Home,W,3,1,Newcastle United,2.7,0.3,74.0,23.0,8.0,Liverpool,2022,2638,Away,L,1,3,Liverpool,0.3,2.7,26.0,5.0,3.0,Newcastle United,Home
2558,2034,2022-01-16,14:00,Matchweek 22,Home,W,3,0,Brentford,2.7,0.7,68.0,27.0,13.0,Liverpool,2022,514,Away,L,0,3,Liverpool,0.7,2.7,32.0,6.0,1.0,Brentford,Home
2561,2036,2022-02-10,19:45,Matchweek 24,Home,W,2,0,Leicester City,1.8,0.5,64.0,22.0,11.0,Liverpool,2022,1882,Away,L,0,2,Liverpool,0.5,1.8,36.0,5.0,1.0,Leicester City,Home
2566,2038,2022-02-19,15:00,Matchweek 26,Home,W,3,1,Norwich City,3.6,0.6,69.0,29.0,7.0,Liverpool,2022,2798,Away,L,1,3,Liverpool,0.6,3.6,31.0,6.0,1.0,Norwich City,Home
2568,2039,2022-02-23,19:45,Matchweek 19,Home,W,6,0,Leeds United,5.9,0.2,63.0,21.0,12.0,Liverpool,2022,1772,Away,L,0,6,Liverpool,0.2,5.9,37.0,3.0,2.0,Leeds United,Home
2569,2040,2022-03-05,17:30,Matchweek 28,Home,W,1,0,West Ham,2.4,1.3,68.0,22.0,5.0,Liverpool,2022,3485,Away,L,0,1,Liverpool,1.3,2.4,32.0,13.0,4.0,West Ham,Home
2570,2043,2022-04-02,12:30,Matchweek 31,Home,W,2,0,Watford,2.2,0.6,73.0,19.0,2.0,Liverpool,2022,3373,Away,L,0,2,Liverpool,0.6,2.2,27.0,5.0,2.0,Watford,Home
2571,2045,2022-04-19,20:00,Matchweek 30,Home,W,4,0,Manchester United,2.0,0.1,71.0,14.0,5.0,Liverpool,2022,2464,Away,L,0,4,Liverpool,0.1,2.0,29.0,2.0,1.0,Manchester United,Home
2572,2046,2022-04-24,16:30,Matchweek 34,Home,W,2,0,Everton,1.7,0.4,82.0,18.0,4.0,Liverpool,2022,1399,Away,L,0,2,Liverpool,0.4,1.7,18.0,9.0,1.0,Everton,Home
2573,2048,2022-05-07,19:45,Matchweek 36,Home,D,1,1,Tottenham Hotspur,1.3,0.9,64.0,22.0,3.0,Liverpool,2022,3226,Away,D,1,1,Liverpool,0.9,1.3,36.0,8.0,3.0,Tottenham Hotspur,Draw
2583,2051,2022-05-22,16:00,Matchweek 38,Home,W,3,1,Wolverhampton Wanderers,2.7,1.3,63.0,29.0,7.0,Liverpool,2022,3685,Away,L,1,3,Liverpool,1.3,2.7,37.0,7.0,5.0,Wolverhampton Wanderers,Home
2584,2053,2022-08-15,20:00,Matchweek 2,Home,D,1,1,Crystal Palace,2.0,1.0,72.0,24.0,4.0,Liverpool,2023,1217,Away,D,1,1,Liverpool,1.0,2.0,28.0,7.0,3.0,Crystal Palace,Draw
2585,2055,2022-08-27,15:00,Matchweek 4,Home,W,9,0,Bournemouth,3.3,0.3,69.0,19.0,12.0,Liverpool,2023,383,Away,L,0,9,Liverpool,0.3,3.3,31.0,5.0,2.0,Bournemouth,Home
2590,2056,2022-08-31,20:00,Matchweek 5,Home,W,2,1,Newcastle United,1.5,0.7,72.0,23.0,6.0,Liverpool,2023,2664,Away,L,1,2,Liverpool,0.7,1.5,28.0,5.0,2.0,Newcastle United,Home
2592,2058,2022-10-01,15:00,Matchweek 9,Home,D,3,3,Brighton,1.5,1.4,54.0,15.0,7.0,Liverpool,2023,728,Away,D,3,3,Liverpool,1.4,1.5,46.0,6.0,6.0,Brighton,Draw
2596,2060,2022-10-16,16:30,Matchweek 11,Home,W,1,0,Manchester City,2.1,1.0,37.0,13.0,2.0,Liverpool,2023,2289,Away,L,0,1,Liverpool,1.0,2.1,63.0,16.0,6.0,Manchester City,Home
2600,2061,2022-10-19,19:30,Matchweek 12,Home,W,1,0,West Ham,1.7,1.7,54.0,22.0,7.0,Liverpool,2023,3506,Away,L,0,1,Liverpool,1.7,1.7,46.0,7.0,2.0,West Ham,Home
2601,2063,2022-10-29,19:45,Matchweek 14,Home,L,1,2,Leeds United,1.7,1.8,68.0,22.0,10.0,Liverpool,2023,1797,Away,W,2,1,Liverpool,1.8,1.7,32.0,14.0,6.0,Leeds United,Away
2606,2065,2022-11-12,15:00,Matchweek 16,Home,W,3,1,Southampton,1.9,1.1,60.0,15.0,7.0,Liverpool,2023,3092,Away,L,1,3,Liverpool,1.1,1.9,40.0,9.0,5.0,Southampton,Home
2607,2067,2022-12-30,20:00,Matchweek 18,Home,W,2,1,Leicester City,2.2,1.0,57.0,21.0,5.0,Liverpool,2023,1916,Away,L,1,2,Liverpool,1.0,2.2,43.0,7.0,2.0,Leicester City,Home
2608,2070,2023-01-21,12:30,Matchweek 21,Home,D,0,0,Chelsea,1.4,1.6,48.0,15.0,3.0,Liverpool,2023,1045,Away,D,0,0,Liverpool,1.6,1.4,52.0,11.0,2.0,Chelsea,Draw
2609,2072,2023-02-13,20:00,Matchweek 23,Home,W,2,0,Everton,2.3,0.4,59.0,15.0,6.0,Liverpool,2023,1427,Away,L,0,2,Liverpool,0.4,2.3,41.0,6.0,1.0,Everton,Home
2610,2075,2023-03-01,20:00,Matchweek 7,Home,W,2,0,Wolverhampton Wanderers,2.6,0.8,57.0,15.0,6.0,Liverpool,2023,3710,Away,L,0,2,Liverpool,0.8,2.6,43.0,4.0,1.0,Wolverhampton Wanderers,Home
2611,2076,2023-03-05,16:30,Matchweek 26,Home,W,7,0,Manchester United,2.8,0.8,59.0,18.0,8.0,Liverpool,2023,2494,Away,L,0,7,Liverpool,0.8,2.8,41.0,8.0,4.0,Manchester United,Home
2612,2080,2023-04-09,16:30,Matchweek 30,Home,D,2,2,Arsenal,3.9,1.4,59.0,20.0,6.0,Liverpool,2023,105,Away,D,2,2,Liverpool,1.4,3.9,41.0,9.0,5.0,Arsenal,Draw
2615,2082,2023-04-22,15:00,Matchweek 32,Home,W,3,2,Nottingham Forest,2.8,0.9,80.0,18.0,5.0,Liverpool,2023,2843,Away,L,2,3,Liverpool,0.9,2.8,20.0,11.0,5.0,Nottingham Forest,Home
2617,2084,2023-04-30,16:30,Matchweek 34,Home,W,4,3,Tottenham Hotspur,2.2,2.0,67.0,11.0,3.0,Liverpool,2023,3263,Away,L,3,4,Liverpool,2.0,2.2,33.0,10.0,6.0,Tottenham Hotspur,Home
2618,2085,2023-05-03,20:00,Matchweek 28,Home,W,1,0,Fulham,1.8,0.9,57.0,14.0,2.0,Liverpool,2023,1591,Away,L,0,1,Liverpool,0.9,1.8,43.0,9.0,3.0,Fulham,Home
2620,2086,2023-05-06,17:30,Matchweek 35,Home,W,1,0,Brentford,2.2,0.2,54.0,15.0,5.0,Liverpool,2023,566,Away,L,0,1,Liverpool,0.2,2.2,46.0,5.0,1.0,Brentford,Home
2621,2088,2023-05-20,15:00,Matchweek 37,Home,D,1,1,Aston Villa,0.7,1.3,66.0,10.0,5.0,Liverpool,2023,302,Away,D,1,1,Liverpool,1.3,0.7,34.0,5.0,3.0,Aston Villa,Draw
2625,2091,2023-08-19,15:00,Matchweek 2,Home,W,3,1,Bournemouth,3.0,1.3,64.0,25.0,9.0,Liverpool,2024,419,Away,L,1,3,Liverpool,1.3,3.0,36.0,13.0,5.0,Bournemouth,Home
2628,2093,2023-09-03,14:00,Matchweek 4,Home,W,3,0,Aston Villa,2.5,0.7,63.0,17.0,4.0,Liverpool,2024,307,Away,L,0,3,Liverpool,0.7,2.5,37.0,9.0,3.0,Aston Villa,Home
2633,2095,2023-09-24,14:00,Matchweek 6,Home,W,3,1,West Ham,3.0,1.1,63.0,21.0,6.0,Liverpool,2024,3539,Away,L,1,3,Liverpool,1.1,3.0,37.0,11.0,4.0,West Ham,Home
2634,2098,2023-10-21,12:30,Matchweek 9,Home,W,2,0,Everton,2.2,0.1,77.0,25.0,5.0,Liverpool,2024,1452,Away,L,0,2,Liverpool,0.1,2.2,23.0,6.0,1.0,Everton,Home
2637,2099,2023-10-29,14:00,Matchweek 10,Home,W,3,0,Nottingham Forest,3.2,0.4,72.0,21.0,8.0,Liverpool,2024,2859,Away,L,0,3,Liverpool,0.4,3.2,28.0,9.0,1.0,Nottingham Forest,Home
2638,2101,2023-11-12,14:00,Matchweek 12,Home,W,3,0,Brentford,1.7,1.6,58.0,17.0,10.0,Liverpool,2024,581,Away,L,0,3,Liverpool,1.6,1.7,42.0,16.0,3.0,Brentford,Home
2645,2103,2023-12-03,14:00,Matchweek 14,Home,W,4,3,Fulham,2.1,1.2,61.0,26.0,12.0,Liverpool,2024,1609,Away,L,3,4,Liverpool,1.2,2.1,39.0,9.0,5.0,Fulham,Home
2646,2106,2023-12-17,16:30,Matchweek 17,Home,D,0,0,Manchester United,2.3,0.8,68.0,34.0,8.0,Liverpool,2024,2524,Away,D,0,0,Liverpool,0.8,2.3,32.0,6.0,1.0,Manchester United,Draw
2647,2107,2023-12-23,17:30,Matchweek 18,Home,D,1,1,Arsenal,1.0,0.7,52.0,13.0,3.0,Liverpool,2024,131,Away,D,1,1,Liverpool,0.7,1.0,48.0,13.0,2.0,Arsenal,Draw
2648,2109,2024-01-01,20:00,Matchweek 20,Home,W,4,2,Newcastle United,7.0,0.6,61.0,32.0,12.0,Liverpool,2024,2717,Away,L,2,4,Liverpool,0.6,7.0,39.0,5.0,3.0,Newcastle United,Home
2649,2111,2024-01-31,20:15,Matchweek 22,Home,W,4,1,Chelsea,2.9,0.6,50.0,27.0,13.0,Liverpool,2024,1085,Away,L,1,4,Liverpool,0.6,2.9,50.0,4.0,3.0,Chelsea,Home
2653,2113,2024-02-10,15:00,Matchweek 24,Home,W,3,1,Burnley,2.8,1.3,70.0,25.0,10.0,Liverpool,2024,935,Away,L,1,3,Liverpool,1.3,2.8,30.0,9.0,4.0,Burnley,Home
2655,2115,2024-02-21,19:30,Matchweek 26,Home,W,4,1,Luton Town,3.3,0.9,60.0,29.0,13.0,Liverpool,2024,2190,Away,L,1,4,Liverpool,0.9,3.3,40.0,12.0,3.0,Luton Town,Home
2656,2117,2024-03-10,15:45,Matchweek 28,Home,D,1,1,Manchester City,2.7,1.6,53.0,18.0,5.0,Liverpool,2024,2345,Away,D,1,1,Liverpool,1.6,2.7,47.0,10.0,6.0,Manchester City,Draw
2657,2118,2024-03-31,14:00,Matchweek 30,Home,W,2,1,Brighton,2.8,0.5,55.0,30.0,8.0,Liverpool,2024,788,Away,L,1,2,Liverpool,0.5,2.8,45.0,9.0,3.0,Brighton,Home
2658,2119,2024-04-04,19:30,Matchweek 31,Home,W,3,1,Sheffield United,1.8,0.6,82.0,29.0,9.0,Liverpool,2024,2993,Away,L,1,3,Liverpool,0.6,1.8,18.0,5.0,3.0,Sheffield United,Home
2659,2121,2024-04-14,14:00,Matchweek 33,Home,L,0,1,Crystal Palace,2.7,2.0,69.0,21.0,5.0,Liverpool,2024,1285,Away,W,1,0,Liverpool,2.0,2.7,31.0,8.0,4.0,Crystal Palace,Away
2661,2125,2024-05-05,16:30,Matchweek 36,Home,W,4,2,Tottenham Hotspur,3.3,1.2,44.0,25.0,12.0,Liverpool,2024,3302,Away,L,2,4,Liverpool,1.2,3.3,56.0,11.0,6.0,Tottenham Hotspur,Home
2671,2127,2024-05-19,16:00,Matchweek 38,Home,W,2,0,Wolverhampton Wanderers,4.5,0.5,67.0,36.0,13.0,Liverpool,2024,3761,Away,L,0,2,Liverpool,0.5,4.5,33.0,4.0,2.0,Wolverhampton Wanderers,Home
2672,2129,2024-08-25,16:30,Matchweek 2,Home,W,2,0,Brentford,2.5,0.5,62.0,19.0,8.0,Liverpool,2025,609,Away,L,0,2,Liverpool,0.5,2.5,38.0,8.0,2.0,Brentford,Home
2676,2131,2024-09-14,15:00,Matchweek 4,Home,L,0,1,Nottingham Forest,0.9,0.4,68.0,14.0,5.0,Liverpool,2025,2891,Away,W,1,0,Liverpool,0.4,0.9,32.0,5.0,3.0,Nottingham Forest,Away
2678,2132,2024-09-21,15:00,Matchweek 5,Home,W,3,0,Bournemouth,2.0,1.1,58.0,19.0,12.0,Liverpool,2025,460,Away,L,0,3,Liverpool,1.1,2.0,42.0,19.0,6.0,Bournemouth,Home
2684,2135,2024-10-20,16:30,Matchweek 8,Home,W,2,1,Chelsea,1.9,1.0,43.0,8.0,4.0,Liverpool,2025,1109,Away,L,1,2,Liverpool,1.0,1.9,57.0,12.0,2.0,Chelsea,Home
2685,2137,2024-11-02,15:00,Matchweek 10,Home,W,2,1,Brighton,1.6,1.0,49.0,16.0,8.0,Liverpool,2025,807,Away,L,1,2,Liverpool,1.0,1.6,51.0,13.0,5.0,Brighton,Home
2690,2138,2024-11-09,20:00,Matchweek 11,Home,W,2,0,Aston Villa,2.0,1.2,62.0,14.0,5.0,Liverpool,2025,352,Away,L,0,2,Liverpool,1.2,2.0,38.0,12.0,2.0,Aston Villa,Home
2691,2140,2024-12-01,16:00,Matchweek 13,Home,W,2,0,Manchester City,3.4,0.8,44.0,17.0,6.0,Liverpool,2025,2368,Away,L,0,2,Liverpool,0.8,3.4,56.0,8.0,2.0,Manchester City,Home
2693,2142,2024-12-14,15:00,Matchweek 16,Home,D,2,2,Fulham,2.1,1.2,61.0,16.0,4.0,Liverpool,2025,1649,Away,D,2,2,Liverpool,1.2,2.1,39.0,12.0,3.0,Fulham,Draw
2696,2144,2024-12-26,20:00,Matchweek 18,Home,W,3,1,Leicester City,2.0,0.3,68.0,19.0,7.0,Liverpool,2025,1955,Away,L,1,3,Liverpool,0.3,2.0,32.0,4.0,1.0,Leicester City,Home
2697,2146,2025-01-05,16:30,Matchweek 20,Home,D,2,2,Manchester United,2.7,1.0,53.0,18.0,5.0,Liverpool,2025,2565,Away,D,2,2,Liverpool,1.0,2.7,47.0,13.0,4.0,Manchester United,Draw
2700,2149,2025-01-25,15:00,Matchweek 23,Home,W,4,1,Ipswich Town,2.0,0.5,70.0,16.0,6.0,Liverpool,2025,1694,Away,L,1,4,Liverpool,0.5,2.0,30.0,3.0,3.0,Ipswich Town,Home
2703,2152,2025-02-16,14:00,Matchweek 25,Home,W,2,1,Wolverhampton Wanderers,1.7,1.5,50.0,9.0,2.0,Liverpool,2025,3786,Away,L,1,2,Liverpool,1.5,1.7,50.0,16.0,4.0,Wolverhampton Wanderers,Home
2704,2155,2025-02-26,20:15,Matchweek 27,Home,W,2,0,Newcastle United,1.7,0.2,61.0,12.0,3.0,Liverpool,2025,2762,Away,L,0,2,Liverpool,0.2,1.7,39.0,3.0,0.0,Newcastle United,Home
2707,2156,2025-03-08,15:00,Matchweek 28,Home,W,3,1,Southampton,3.9,0.4,71.0,26.0,5.0,Liverpool,2025,3143,Away,L,1,3,Liverpool,0.4,3.9,29.0,6.0,4.0,Southampton,Home
2708,2157,2025-04-02,20:00,Matchweek 30,Home,W,1,0,Everton,1.5,0.9,73.0,17.0,3.0,Liverpool,2025,1511,Away,L,0,1,Liverpool,0.9,1.5,27.0,5.0,0.0,Everton,Home
2711,2159,2025-04-13,14:00,Matchweek 32,Home,W,2,1,West Ham,1.8,1.4,55.0,15.0,6.0,Liverpool,2025,3603,Away,L,1,2,Liverpool,1.4,1.8,45.0,11.0,4.0,West Ham,Home
2712,2161,2025-04-27,16:30,Matchweek 34,Home,W,5,1,Tottenham Hotspur,2.2,0.5,61.0,25.0,6.0,Liverpool,2025,3339,Away,L,1,5,Liverpool,0.5,2.2,39.0,8.0,3.0,Tottenham Hotspur,Home
2713,2163,2025-05-11,16:30,Matchweek 36,Home,D,2,2,Arsenal,2.4,2.6,45.0,14.0,5.0,Liverpool,2025,187,Away,D,2,2,Liverpool,2.6,2.4,55.0,15.0,6.0,Arsenal,Draw
2719,2165,2025-05-25,16:00,Matchweek 38,Home,D,1,1,Crystal Palace,2.1,1.8,69.0,14.0,3.0,Liverpool,2025,1329,Away,D,1,1,Liverpool,1.8,2.1,31.0,8.0,5.0,Crystal Palace,Draw
2724,2168,2023-09-01,20:00,Matchweek 4,Home,L,1,2,West Ham,1.4,1.0,39.0,16.0,1.0,Luton Town,2024,3537,Away,W,2,1,Luton Town,1.0,1.4,61.0,9.0,3.0,West Ham,Away
2727,2170,2023-09-23,15:00,Matchweek 6,Home,D,1,1,Wolverhampton Wanderers,2.1,0.6,57.0,19.0,3.0,Luton Town,2024,3729,Away,D,1,1,Luton Town,0.6,2.1,43.0,3.0,3.0,Wolverhampton Wanderers,Draw
2728,2172,2023-10-03,19:30,Matchweek 2,Home,L,1,2,Burnley,1.3,1.1,49.0,18.0,2.0,Luton Town,2024,918,Away,W,2,1,Luton Town,1.1,1.3,51.0,14.0,4.0,Burnley,Away
2729,2173,2023-10-07,12:30,Matchweek 8,Home,L,0,1,Tottenham Hotspur,0.8,1.9,34.0,12.0,2.0,Luton Town,2024,3275,Away,W,1,0,Luton Town,1.9,0.8,66.0,15.0,4.0,Tottenham Hotspur,Away
2730,2176,2023-11-05,16:30,Matchweek 11,Home,D,1,1,Liverpool,0.8,2.6,27.0,8.0,5.0,Luton Town,2024,2100,Away,D,1,1,Luton Town,2.6,0.8,73.0,24.0,6.0,Liverpool,Draw
2734,2178,2023-11-25,15:00,Matchweek 13,Home,W,2,1,Crystal Palace,0.9,1.6,39.0,8.0,3.0,Luton Town,2024,1266,Away,L,1,2,Luton Town,1.6,0.9,61.0,16.0,8.0,Crystal Palace,Home
2736,2180,2023-12-05,20:15,Matchweek 15,Home,L,3,4,Arsenal,0.5,2.2,34.0,6.0,4.0,Luton Town,2024,128,Away,W,4,3,Luton Town,2.2,0.5,66.0,23.0,9.0,Arsenal,Away
2738,2181,2023-12-10,14:00,Matchweek 16,Home,L,1,2,Manchester City,0.3,1.6,35.0,4.0,2.0,Luton Town,2024,2333,Away,W,2,1,Luton Town,1.6,0.3,65.0,18.0,6.0,Manchester City,Away
2743,2182,2023-12-23,15:00,Matchweek 18,Home,W,1,0,Newcastle United,1.4,1.4,35.0,16.0,5.0,Luton Town,2024,2715,Away,L,0,1,Luton Town,1.4,1.4,65.0,15.0,2.0,Newcastle United,Home
2744,2184,2023-12-30,12:30,Matchweek 20,Home,L,2,3,Chelsea,2.3,1.5,52.0,15.0,6.0,Luton Town,2024,1083,Away,W,3,2,Luton Town,1.5,2.3,48.0,12.0,8.0,Chelsea,Away
2745,2186,2024-01-30,19:45,Matchweek 22,Home,W,4,0,Brighton,3.1,0.9,41.0,18.0,8.0,Luton Town,2024,781,Away,L,0,4,Luton Town,0.9,3.1,59.0,9.0,2.0,Brighton,Home
2751,2188,2024-02-10,15:00,Matchweek 24,Home,L,1,3,Sheffield United,1.8,1.7,74.0,19.0,4.0,Luton Town,2024,2987,Away,W,3,1,Luton Town,1.7,1.8,26.0,6.0,2.0,Sheffield United,Away
2752,2189,2024-02-18,16:30,Matchweek 25,Home,L,1,2,Manchester United,1.8,2.9,58.0,22.0,4.0,Luton Town,2024,2532,Away,W,2,1,Luton Town,2.9,1.8,42.0,21.0,8.0,Manchester United,Away
2753,2191,2024-03-02,17:30,Matchweek 27,Home,L,2,3,Aston Villa,1.8,1.9,46.0,14.0,4.0,Luton Town,2024,330,Away,W,3,2,Luton Town,1.9,1.8,54.0,12.0,8.0,Aston Villa,Away
2755,2194,2024-03-16,15:00,Matchweek 29,Home,D,1,1,Nottingham Forest,0.6,2.0,60.0,10.0,4.0,Luton Town,2024,2878,Away,D,1,1,Luton Town,2.0,0.6,40.0,16.0,3.0,Nottingham Forest,Draw
2756,2197,2024-04-06,15:00,Matchweek 32,Home,W,2,1,Bournemouth,1.5,0.4,55.0,19.0,9.0,Luton Town,2024,448,Away,L,1,2,Luton Town,0.4,1.5,45.0,8.0,1.0,Bournemouth,Home
2761,2199,2024-04-20,15:00,Matchweek 34,Home,L,1,5,Brentford,0.6,3.1,53.0,6.0,3.0,Luton Town,2024,603,Away,W,5,1,Luton Town,3.1,0.6,47.0,21.0,9.0,Brentford,Away
2763,2201,2024-05-03,20:00,Matchweek 36,Home,D,1,1,Everton,0.8,1.4,51.0,18.0,5.0,Luton Town,2024,1479,Away,D,1,1,Luton Town,1.4,0.8,49.0,9.0,2.0,Everton,Draw
2767,2203,2024-05-19,16:00,Matchweek 38,Home,L,2,4,Fulham,2.0,1.1,41.0,14.0,5.0,Luton Town,2024,1633,Away,W,4,2,Luton Town,1.1,2.0,59.0,16.0,8.0,Fulham,Away
2774,2205,2020-09-27,16:30,Matchweek 3,Home,L,2,5,Leicester City,0.9,2.9,72.0,16.0,5.0,Manchester City,2021,1826,Away,W,5,2,Manchester City,2.9,0.9,28.0,4.0,4.0,Leicester City,Away
2775,2207,2020-10-17,17:30,Matchweek 5,Home,W,1,0,Arsenal,1.3,0.9,58.0,13.0,5.0,Manchester City,2021,4,Away,L,0,1,Manchester City,0.9,1.3,42.0,11.0,3.0,Arsenal,Home
2776,2210,2020-11-08,16:30,Matchweek 8,Home,D,1,1,Liverpool,1.4,1.2,54.0,6.0,2.0,Manchester City,2021,1983,Away,D,1,1,Manchester City,1.2,1.4,46.0,9.0,2.0,Liverpool,Draw
2777,2212,2020-11-28,15:00,Matchweek 10,Home,W,5,0,Burnley,1.7,0.5,68.0,19.0,6.0,Manchester City,2021,844,Away,L,0,5,Manchester City,0.5,1.7,32.0,9.0,1.0,Burnley,Home
2778,2213,2020-12-05,15:00,Matchweek 11,Home,W,2,0,Fulham,2.9,0.3,69.0,14.0,4.0,Manchester City,2021,1530,Away,L,0,2,Manchester City,0.3,2.9,31.0,6.0,1.0,Fulham,Home
2779,2215,2020-12-15,20:00,Matchweek 13,Home,D,1,1,West Brom,2.2,0.4,77.0,26.0,7.0,Manchester City,2021,3394,Away,D,1,1,Manchester City,0.4,2.2,23.0,5.0,1.0,West Brom,Draw
2781,2217,2020-12-26,20:00,Matchweek 15,Home,W,2,0,Newcastle United,3.0,0.3,74.0,11.0,6.0,Manchester City,2021,2597,Away,L,0,2,Manchester City,0.3,3.0,26.0,7.0,2.0,Newcastle United,Home
2782,2219,2021-01-13,18:00,Matchweek 18,Home,W,1,0,Brighton,2.0,0.2,65.0,15.0,6.0,Manchester City,2021,663,Away,L,0,1,Manchester City,0.2,2.0,35.0,5.0,1.0,Brighton,Home
2783,2220,2021-01-17,19:15,Matchweek 19,Home,W,4,0,Crystal Palace,0.7,0.1,71.0,13.0,6.0,Manchester City,2021,1158,Away,L,0,4,Manchester City,0.1,0.7,29.0,2.0,0.0,Crystal Palace,Home
2784,2221,2021-01-20,18:00,Matchweek 1,Home,W,2,0,Aston Villa,3.4,0.6,69.0,27.0,8.0,Manchester City,2021,205,Away,L,0,2,Manchester City,0.6,3.4,31.0,11.0,4.0,Aston Villa,Home
2786,2223,2021-01-30,15:00,Matchweek 21,Home,W,1,0,Sheffield United,1.5,0.2,75.0,10.0,5.0,Manchester City,2021,2946,Away,L,0,1,Manchester City,0.2,1.5,25.0,4.0,1.0,Sheffield United,Home
2788,2226,2021-02-13,17:30,Matchweek 24,Home,W,3,0,Tottenham Hotspur,2.2,0.3,60.0,14.0,5.0,Manchester City,2021,3176,Away,L,0,3,Manchester City,0.3,2.2,40.0,7.0,3.0,Tottenham Hotspur,Home
2789,2229,2021-02-27,12:30,Matchweek 26,Home,W,2,1,West Ham,0.5,1.5,63.0,10.0,3.0,Manchester City,2021,3445,Away,L,1,2,Manchester City,1.5,0.5,37.0,9.0,3.0,West Ham,Home
2790,2230,2021-03-02,20:00,Matchweek 29,Home,W,4,1,Wolverhampton Wanderers,3.3,0.3,72.0,22.0,10.0,Manchester City,2021,3636,Away,L,1,4,Manchester City,0.3,3.3,28.0,6.0,1.0,Wolverhampton Wanderers,Home
2791,2231,2021-03-07,16:30,Matchweek 27,Home,L,0,2,Manchester United,1.3,1.7,66.0,23.0,6.0,Manchester City,2021,2421,Away,W,2,0,Manchester City,1.7,1.3,34.0,7.0,5.0,Manchester United,Away
2792,2232,2021-03-10,18:00,Matchweek 33,Home,W,5,2,Southampton,2.6,1.6,58.0,17.0,10.0,Manchester City,2021,3029,Away,L,2,5,Manchester City,1.6,2.6,42.0,10.0,5.0,Southampton,Home
2793,2235,2021-04-10,12:30,Matchweek 31,Home,L,1,2,Leeds United,2.1,0.1,71.0,29.0,7.0,Manchester City,2021,1740,Away,W,2,1,Manchester City,0.1,2.1,29.0,2.0,2.0,Leeds United,Away
2794,2238,2021-05-08,17:30,Matchweek 35,Home,L,1,2,Chelsea,1.8,0.7,48.0,15.0,3.0,Manchester City,2021,984,Away,W,2,1,Manchester City,0.7,1.8,52.0,12.0,5.0,Chelsea,Away
2799,2241,2021-05-23,16:00,Matchweek 38,Home,W,5,0,Everton,2.5,1.1,67.0,21.0,11.0,Manchester City,2021,1367,Away,L,0,5,Manchester City,1.1,2.5,33.0,7.0,2.0,Everton,Home
2808,2243,2021-08-21,15:00,Matchweek 2,Home,W,5,0,Norwich City,2.6,0.1,67.0,16.0,4.0,Manchester City,2022,2775,Away,L,0,5,Manchester City,0.1,2.6,33.0,1.0,0.0,Norwich City,Home
2809,2244,2021-08-28,12:30,Matchweek 3,Home,W,5,0,Arsenal,4.4,0.2,80.0,25.0,10.0,Manchester City,2022,40,Away,L,0,5,Manchester City,0.2,4.4,20.0,1.0,0.0,Arsenal,Home
2812,2246,2021-09-18,15:00,Matchweek 5,Home,D,0,0,Southampton,1.0,0.4,64.0,16.0,1.0,Manchester City,2022,3044,Away,D,0,0,Manchester City,0.4,1.0,36.0,10.0,2.0,Southampton,Draw
2815,2249,2021-10-16,15:00,Matchweek 8,Home,W,2,0,Burnley,2.1,0.9,70.0,15.0,6.0,Manchester City,2022,881,Away,L,0,2,Manchester City,0.9,2.1,30.0,7.0,2.0,Burnley,Home
2822,2251,2021-10-30,15:00,Matchweek 10,Home,L,0,2,Crystal Palace,0.7,0.7,68.0,14.0,3.0,Manchester City,2022,1187,Away,W,2,0,Manchester City,0.7,0.7,32.0,8.0,3.0,Crystal Palace,Away
2824,2253,2021-11-21,14:00,Matchweek 12,Home,W,3,0,Everton,2.5,0.2,77.0,17.0,7.0,Manchester City,2022,1379,Away,L,0,3,Manchester City,0.2,2.5,23.0,4.0,1.0,Everton,Home
2827,2254,2021-11-28,14:00,Matchweek 13,Home,W,2,1,West Ham,2.1,0.2,68.0,19.0,8.0,Manchester City,2022,3470,Away,L,1,2,Manchester City,0.2,2.1,32.0,5.0,3.0,West Ham,Home
2828,2257,2021-12-11,12:30,Matchweek 16,Home,W,1,0,Wolverhampton Wanderers,3.2,0.2,71.0,23.0,8.0,Manchester City,2022,3663,Away,L,0,1,Manchester City,0.2,3.2,29.0,2.0,1.0,Wolverhampton Wanderers,Home
2829,2258,2021-12-14,20:00,Matchweek 17,Home,W,7,0,Leeds United,3.1,0.3,63.0,31.0,15.0,Manchester City,2022,1764,Away,L,0,7,Manchester City,0.3,3.1,37.0,6.0,3.0,Leeds United,Home
2832,2260,2021-12-26,15:00,Matchweek 19,Home,W,6,3,Leicester City,3.6,2.7,72.0,15.0,6.0,Manchester City,2022,1878,Away,L,3,6,Manchester City,2.7,3.6,28.0,14.0,8.0,Leicester City,Home
2834,2263,2022-01-15,12:30,Matchweek 22,Home,W,1,0,Chelsea,1.0,0.3,56.0,11.0,6.0,Manchester City,2022,1009,Away,L,0,1,Manchester City,0.3,1.0,44.0,4.0,1.0,Chelsea,Home
2835,2265,2022-02-09,19:45,Matchweek 24,Home,W,2,0,Brentford,1.9,0.4,74.0,14.0,6.0,Manchester City,2022,517,Away,L,0,2,Manchester City,0.4,1.9,26.0,6.0,2.0,Brentford,Home
2838,2267,2022-02-19,17:30,Matchweek 26,Home,L,2,3,Tottenham Hotspur,2.1,1.4,71.0,20.0,3.0,Manchester City,2022,3214,Away,W,3,2,Manchester City,1.4,2.1,29.0,6.0,5.0,Tottenham Hotspur,Away
2839,2269,2022-03-06,16:30,Matchweek 28,Home,W,4,1,Manchester United,2.7,0.5,69.0,24.0,10.0,Manchester City,2022,2459,Away,L,1,4,Manchester City,0.5,2.7,31.0,5.0,2.0,Manchester United,Home
2840,2272,2022-04-10,16:30,Matchweek 32,Home,D,2,2,Liverpool,1.3,1.3,55.0,11.0,4.0,Manchester City,2022,2044,Away,D,2,2,Manchester City,1.3,1.3,45.0,6.0,4.0,Liverpool,Draw
2841,2273,2022-04-20,20:00,Matchweek 30,Home,W,3,0,Brighton,1.3,0.2,65.0,17.0,5.0,Manchester City,2022,716,Away,L,0,3,Manchester City,0.2,1.3,35.0,2.0,1.0,Brighton,Home
2844,2274,2022-04-23,15:00,Matchweek 34,Home,W,5,1,Watford,3.6,0.5,73.0,20.0,7.0,Manchester City,2022,3376,Away,L,1,5,Manchester City,0.5,3.6,27.0,5.0,2.0,Watford,Home
2845,2276,2022-05-08,16:30,Matchweek 36,Home,W,5,0,Newcastle United,3.1,0.8,71.0,21.0,9.0,Manchester City,2022,2657,Away,L,0,5,Manchester City,0.8,3.1,29.0,7.0,3.0,Newcastle United,Home
2846,2279,2022-05-22,16:00,Matchweek 38,Home,W,3,2,Aston Villa,3.4,0.2,71.0,24.0,5.0,Manchester City,2022,265,Away,L,2,3,Manchester City,0.2,3.4,29.0,4.0,2.0,Aston Villa,Home
2856,2281,2022-08-13,15:00,Matchweek 2,Home,W,4,0,Bournemouth,1.7,0.1,67.0,19.0,7.0,Manchester City,2023,381,Away,L,0,4,Manchester City,0.1,1.7,33.0,3.0,1.0,Bournemouth,Home
2862,2283,2022-08-27,15:00,Matchweek 4,Home,W,4,2,Crystal Palace,2.2,0.1,74.0,18.0,5.0,Manchester City,2023,1219,Away,L,2,4,Manchester City,0.1,2.2,26.0,2.0,2.0,Crystal Palace,Home
2867,2284,2022-08-31,19:30,Matchweek 5,Home,W,6,0,Nottingham Forest,3.3,0.7,74.0,17.0,9.0,Manchester City,2023,2816,Away,L,0,6,Manchester City,0.7,3.3,26.0,8.0,1.0,Nottingham Forest,Home
2869,2287,2022-10-02,14:00,Matchweek 9,Home,W,6,3,Manchester United,3.2,1.7,53.0,22.0,9.0,Manchester City,2023,2476,Away,L,3,6,Manchester City,1.7,3.2,47.0,11.0,7.0,Manchester United,Home
2872,2288,2022-10-08,15:00,Matchweek 10,Home,W,4,0,Southampton,2.4,0.2,65.0,21.0,8.0,Manchester City,2023,3086,Away,L,0,4,Manchester City,0.2,2.4,35.0,5.0,0.0,Southampton,Home
2874,2290,2022-10-22,15:00,Matchweek 13,Home,W,3,1,Brighton,1.6,0.5,48.0,9.0,3.0,Manchester City,2023,732,Away,L,1,3,Manchester City,0.5,1.6,52.0,8.0,2.0,Brighton,Home
2879,2292,2022-11-05,15:00,Matchweek 15,Home,W,2,1,Fulham,2.1,1.0,70.0,15.0,4.0,Manchester City,2023,1571,Away,L,1,2,Manchester City,1.0,2.1,30.0,3.0,1.0,Fulham,Home
2880,2293,2022-11-12,12:30,Matchweek 16,Home,L,1,2,Brentford,1.6,1.3,74.0,29.0,6.0,Manchester City,2023,546,Away,W,2,1,Manchester City,1.3,1.6,26.0,10.0,7.0,Brentford,Away
2882,2295,2022-12-31,15:00,Matchweek 18,Home,D,1,1,Everton,1.7,0.1,74.0,16.0,3.0,Manchester City,2023,1422,Away,D,1,1,Manchester City,0.1,1.7,26.0,2.0,1.0,Everton,Draw
2885,2298,2023-01-19,20:00,Matchweek 7,Home,W,4,2,Tottenham Hotspur,2.3,0.8,58.0,16.0,6.0,Manchester City,2023,3249,Away,L,2,4,Manchester City,0.8,2.3,42.0,9.0,3.0,Tottenham Hotspur,Home
2887,2299,2023-01-22,14:00,Matchweek 21,Home,W,3,0,Wolverhampton Wanderers,2.8,0.8,55.0,12.0,5.0,Manchester City,2023,3705,Away,L,0,3,Manchester City,0.8,2.8,45.0,10.0,1.0,Wolverhampton Wanderers,Home
2888,2301,2023-02-12,16:30,Matchweek 23,Home,W,3,1,Aston Villa,3.3,0.3,67.0,16.0,7.0,Manchester City,2023,287,Away,L,1,3,Manchester City,0.3,3.3,33.0,6.0,2.0,Aston Villa,Home
2889,2305,2023-03-04,12:30,Matchweek 26,Home,W,2,0,Newcastle United,1.3,0.4,56.0,11.0,3.0,Manchester City,2023,2683,Away,L,0,2,Manchester City,0.4,1.3,44.0,5.0,2.0,Newcastle United,Home
2890,2307,2023-04-01,12:30,Matchweek 29,Home,W,4,1,Liverpool,2.9,0.3,68.0,17.0,8.0,Manchester City,2023,2078,Away,L,1,4,Manchester City,0.3,2.9,32.0,4.0,1.0,Liverpool,Home
2891,2309,2023-04-15,17:30,Matchweek 31,Home,W,3,1,Leicester City,1.6,2.3,70.0,11.0,3.0,Manchester City,2023,1930,Away,L,1,3,Manchester City,2.3,1.6,30.0,11.0,4.0,Leicester City,Home
2892,2310,2023-04-26,20:00,Matchweek 33,Home,W,4,1,Arsenal,2.5,0.5,52.0,14.0,9.0,Manchester City,2023,108,Away,L,1,4,Manchester City,0.5,2.5,48.0,8.0,2.0,Arsenal,Home
2894,2312,2023-05-03,20:00,Matchweek 28,Home,W,3,0,West Ham,2.3,0.4,69.0,16.0,7.0,Manchester City,2023,3529,Away,L,0,3,Manchester City,0.4,2.3,31.0,6.0,2.0,West Ham,Home
2898,2313,2023-05-06,15:00,Matchweek 35,Home,W,2,1,Leeds United,2.6,0.2,80.0,17.0,6.0,Manchester City,2023,1820,Away,L,1,2,Manchester City,0.2,2.6,20.0,4.0,2.0,Leeds United,Home
2899,2315,2023-05-21,16:00,Matchweek 37,Home,W,1,0,Chelsea,1.2,1.2,64.0,15.0,2.0,Manchester City,2023,1061,Away,L,0,1,Manchester City,1.2,1.2,36.0,13.0,6.0,Chelsea,Home
2900,2319,2023-08-19,20:00,Matchweek 2,Home,W,1,0,Newcastle United,1.0,0.3,59.0,14.0,4.0,Manchester City,2024,2699,Away,L,0,1,Manchester City,0.3,1.0,41.0,7.0,1.0,Newcastle United,Home
2902,2321,2023-09-02,15:00,Matchweek 4,Home,W,5,1,Fulham,2.2,1.4,68.0,6.0,4.0,Manchester City,2024,1599,Away,L,1,5,Manchester City,1.4,2.2,32.0,6.0,4.0,Fulham,Home
2906,2323,2023-09-23,15:00,Matchweek 6,Home,W,2,0,Nottingham Forest,1.3,1.0,57.0,7.0,4.0,Manchester City,2024,2855,Away,L,0,2,Manchester City,1.0,1.3,43.0,10.0,3.0,Nottingham Forest,Home
2908,2326,2023-10-21,15:00,Matchweek 9,Home,W,2,1,Brighton,0.8,0.8,55.0,10.0,5.0,Manchester City,2024,768,Away,L,1,2,Manchester City,0.8,0.8,45.0,5.0,3.0,Brighton,Home
2913,2328,2023-11-04,15:00,Matchweek 11,Home,W,6,1,Bournemouth,1.9,0.9,65.0,21.0,8.0,Manchester City,2024,428,Away,L,1,6,Manchester City,0.9,1.9,35.0,5.0,1.0,Bournemouth,Home
2918,2330,2023-11-25,12:30,Matchweek 13,Home,D,1,1,Liverpool,1.3,0.6,59.0,16.0,5.0,Manchester City,2024,2102,Away,D,1,1,Manchester City,0.6,1.3,41.0,8.0,3.0,Liverpool,Draw
2919,2331,2023-12-03,16:30,Matchweek 14,Home,D,3,3,Tottenham Hotspur,2.6,0.5,55.0,17.0,4.0,Manchester City,2024,3281,Away,D,3,3,Manchester City,0.5,2.6,45.0,8.0,4.0,Tottenham Hotspur,Draw
2920,2334,2023-12-16,15:00,Matchweek 17,Home,D,2,2,Crystal Palace,1.6,1.8,74.0,19.0,9.0,Manchester City,2024,1270,Away,D,2,2,Manchester City,1.8,1.6,26.0,4.0,1.0,Crystal Palace,Draw
2926,2336,2023-12-30,15:00,Matchweek 20,Home,W,2,0,Sheffield United,2.2,0.3,80.0,18.0,4.0,Manchester City,2024,2983,Away,L,0,2,Manchester City,0.3,2.2,20.0,4.0,2.0,Sheffield United,Home
2928,2338,2024-01-31,19:30,Matchweek 22,Home,W,3,1,Burnley,1.7,1.4,74.0,14.0,4.0,Manchester City,2024,933,Away,L,1,3,Manchester City,1.4,1.7,26.0,8.0,3.0,Burnley,Home
2929,2340,2024-02-10,12:30,Matchweek 24,Home,W,2,0,Everton,1.6,0.3,72.0,19.0,3.0,Manchester City,2024,1467,Away,L,0,2,Manchester City,0.3,1.6,28.0,5.0,1.0,Everton,Home
2930,2341,2024-02-17,17:30,Matchweek 25,Home,D,1,1,Chelsea,2.6,1.4,70.0,31.0,5.0,Manchester City,2024,1088,Away,D,1,1,Manchester City,1.4,2.6,30.0,9.0,6.0,Chelsea,Draw
2931,2342,2024-02-20,19:30,Matchweek 18,Home,W,1,0,Brentford,2.3,0.4,70.0,25.0,10.0,Manchester City,2024,594,Away,L,0,1,Manchester City,0.4,2.3,30.0,6.0,2.0,Brentford,Home
2932,2344,2024-03-03,15:30,Matchweek 27,Home,W,3,1,Manchester United,3.3,0.2,73.0,27.0,8.0,Manchester City,2024,2534,Away,L,1,3,Manchester City,0.2,3.3,27.0,3.0,1.0,Manchester United,Home
2933,2346,2024-03-31,16:30,Matchweek 30,Home,D,0,0,Arsenal,1.0,0.7,72.0,12.0,1.0,Manchester City,2024,142,Away,D,0,0,Manchester City,0.7,1.0,28.0,6.0,2.0,Arsenal,Draw
2934,2347,2024-04-03,20:15,Matchweek 31,Home,W,4,1,Aston Villa,3.4,0.8,67.0,25.0,11.0,Manchester City,2024,334,Away,L,1,4,Manchester City,0.8,3.4,33.0,8.0,3.0,Aston Villa,Home
2936,2349,2024-04-13,15:00,Matchweek 33,Home,W,5,1,Luton Town,4.2,0.5,73.0,36.0,12.0,Manchester City,2024,2198,Away,L,1,5,Manchester City,0.5,4.2,27.0,4.0,2.0,Luton Town,Home
2939,2352,2024-05-04,17:30,Matchweek 36,Home,W,5,1,Wolverhampton Wanderers,3.7,0.3,58.0,18.0,10.0,Manchester City,2024,3759,Away,L,1,5,Manchester City,0.3,3.7,42.0,2.0,1.0,Wolverhampton Wanderers,Home
2948,2355,2024-05-19,16:00,Matchweek 38,Home,W,3,1,West Ham,1.9,0.4,71.0,28.0,12.0,Manchester City,2024,3571,Away,L,1,3,Manchester City,0.4,1.9,29.0,3.0,2.0,West Ham,Home
2951,2357,2024-08-24,15:00,Matchweek 2,Home,W,4,1,Ipswich Town,3.3,0.3,75.0,13.0,4.0,Manchester City,2025,1673,Away,L,1,4,Manchester City,0.3,3.3,25.0,1.0,1.0,Ipswich Town,Home
2955,2359,2024-09-14,15:00,Matchweek 4,Home,W,2,1,Brentford,2.1,1.0,54.0,18.0,7.0,Manchester City,2025,611,Away,L,1,2,Manchester City,1.0,2.1,46.0,8.0,5.0,Brentford,Home
2960,2360,2024-09-22,16:30,Matchweek 5,Home,D,2,2,Arsenal,2.1,0.7,77.0,33.0,11.0,Manchester City,2025,156,Away,D,2,2,Manchester City,0.7,2.1,23.0,5.0,3.0,Arsenal,Draw
2962,2362,2024-10-05,15:00,Matchweek 7,Home,W,3,2,Fulham,1.6,2.6,58.0,20.0,7.0,Manchester City,2025,1640,Away,L,2,3,Manchester City,2.6,1.6,42.0,11.0,4.0,Fulham,Home
2968,2364,2024-10-26,15:00,Matchweek 9,Home,W,1,0,Southampton,2.9,0.2,57.0,22.0,7.0,Manchester City,2025,3124,Away,L,0,1,Manchester City,0.2,2.9,43.0,5.0,2.0,Southampton,Home
2970,2367,2024-11-23,17:30,Matchweek 12,Home,L,0,4,Tottenham Hotspur,2.1,2.5,58.0,23.0,5.0,Manchester City,2025,3317,Away,W,4,0,Manchester City,2.5,2.1,42.0,9.0,7.0,Tottenham Hotspur,Away
2973,2369,2024-12-04,19:30,Matchweek 14,Home,W,3,0,Nottingham Forest,2.4,1.0,66.0,17.0,6.0,Manchester City,2025,2901,Away,L,0,3,Manchester City,1.0,2.4,34.0,12.0,3.0,Nottingham Forest,Home
2975,2371,2024-12-15,16:30,Matchweek 16,Home,L,1,2,Manchester United,0.9,2.1,52.0,10.0,3.0,Manchester City,2025,2561,Away,W,2,1,Manchester City,2.1,0.9,48.0,9.0,2.0,Manchester United,Away
2976,2373,2024-12-26,12:30,Matchweek 18,Home,D,1,1,Everton,2.1,0.7,66.0,23.0,4.0,Manchester City,2025,1498,Away,D,1,1,Manchester City,0.7,2.1,34.0,8.0,3.0,Everton,Draw
2981,2375,2025-01-04,15:00,Matchweek 20,Home,W,4,1,West Ham,1.9,1.4,56.0,10.0,7.0,Manchester City,2025,3591,Away,L,1,4,Manchester City,1.4,1.9,44.0,17.0,4.0,West Ham,Home
2982,2378,2025-01-25,17:30,Matchweek 23,Home,W,3,1,Chelsea,2.2,1.8,56.0,15.0,6.0,Manchester City,2025,1124,Away,L,1,3,Manchester City,1.8,2.2,44.0,10.0,4.0,Chelsea,Home
2986,2380,2025-02-15,15:00,Matchweek 25,Home,W,4,0,Newcastle United,1.9,0.5,61.0,11.0,7.0,Manchester City,2025,2760,Away,L,0,4,Manchester City,0.5,1.9,39.0,3.0,1.0,Newcastle United,Home
2988,2381,2025-02-23,16:30,Matchweek 26,Home,L,0,2,Liverpool,0.6,0.7,66.0,16.0,5.0,Manchester City,2025,2154,Away,W,2,0,Manchester City,0.7,0.6,34.0,8.0,4.0,Liverpool,Away
2989,2384,2025-03-15,15:00,Matchweek 29,Home,D,2,2,Brighton,1.7,2.0,60.0,10.0,2.0,Manchester City,2025,826,Away,D,2,2,Manchester City,2.0,1.7,40.0,15.0,3.0,Brighton,Draw
2997,2385,2025-04-02,19:45,Matchweek 30,Home,W,2,0,Leicester City,2.2,0.1,72.0,18.0,5.0,Manchester City,2025,1967,Away,L,0,2,Manchester City,0.1,2.2,28.0,2.0,0.0,Leicester City,Home
2998,2387,2025-04-12,12:30,Matchweek 32,Home,W,5,2,Crystal Palace,3.7,1.8,67.0,21.0,8.0,Manchester City,2025,1322,Away,L,2,5,Manchester City,1.8,3.7,33.0,8.0,3.0,Crystal Palace,Home
2999,2389,2025-04-22,20:00,Matchweek 34,Home,W,2,1,Aston Villa,1.3,1.8,61.0,14.0,6.0,Manchester City,2025,375,Away,L,1,2,Manchester City,1.8,1.3,39.0,6.0,2.0,Aston Villa,Home
3000,2390,2025-05-02,20:00,Matchweek 35,Home,W,1,0,Wolverhampton Wanderers,0.7,0.4,63.0,9.0,2.0,Manchester City,2025,3796,Away,L,0,1,Manchester City,0.4,0.7,37.0,6.0,0.0,Wolverhampton Wanderers,Home
3001,2392,2025-05-20,20:00,Matchweek 37,Home,W,3,1,Bournemouth,1.5,1.1,57.0,12.0,5.0,Manchester City,2025,492,Away,L,1,3,Manchester City,1.1,1.5,43.0,8.0,2.0,Bournemouth,Home
3003,2394,2020-09-19,17:30,Matchweek 2,Home,L,1,3,Crystal Palace,1.2,1.6,75.0,17.0,4.0,Manchester United,2021,1141,Away,W,3,1,Manchester United,1.6,1.2,25.0,13.0,4.0,Crystal Palace,Away
3004,2396,2020-10-04,16:30,Matchweek 4,Home,L,1,6,Tottenham Hotspur,0.9,3.4,39.0,4.0,1.0,Manchester United,2021,3157,Away,W,6,1,Manchester United,3.4,0.9,61.0,21.0,7.0,Tottenham Hotspur,Away
3005,2398,2020-10-24,17:30,Matchweek 6,Home,D,0,0,Chelsea,0.6,0.2,51.0,14.0,4.0,Manchester United,2021,955,Away,D,0,0,Manchester United,0.2,0.6,49.0,6.0,1.0,Chelsea,Draw
3006,2399,2020-11-01,16:30,Matchweek 7,Home,L,0,1,Arsenal,0.4,1.0,54.0,8.0,2.0,Manchester United,2021,6,Away,W,1,0,Manchester United,1.0,0.4,46.0,6.0,1.0,Arsenal,Away
3007,2401,2020-11-21,20:00,Matchweek 9,Home,W,1,0,West Brom,2.4,0.6,63.0,16.0,6.0,Manchester United,2021,3390,Away,L,0,1,Manchester United,0.6,2.4,37.0,7.0,2.0,West Brom,Home
3008,2404,2020-12-12,17:30,Matchweek 12,Home,D,0,0,Manchester City,0.6,1.3,46.0,11.0,2.0,Manchester United,2021,2214,Away,D,0,0,Manchester United,1.3,0.6,54.0,9.0,2.0,Manchester City,Draw
3009,2406,2020-12-20,16:30,Matchweek 14,Home,W,6,2,Leeds United,3.6,1.8,41.0,25.0,13.0,Manchester United,2021,1723,Away,L,2,6,Manchester United,1.8,3.6,59.0,17.0,4.0,Leeds United,Home
3010,2408,2020-12-29,20:00,Matchweek 16,Home,W,1,0,Wolverhampton Wanderers,1.5,0.5,58.0,11.0,3.0,Manchester United,2021,3625,Away,L,0,1,Manchester United,0.5,1.5,42.0,9.0,5.0,Wolverhampton Wanderers,Home
3011,2409,2021-01-01,20:00,Matchweek 17,Home,W,2,1,Aston Villa,2.1,1.4,48.0,18.0,8.0,Manchester United,2021,204,Away,L,1,2,Manchester United,1.4,2.1,52.0,15.0,5.0,Aston Villa,Home
3013,2413,2021-01-27,20:15,Matchweek 20,Home,L,1,2,Sheffield United,1.1,1.0,75.0,16.0,4.0,Manchester United,2021,2945,Away,W,2,1,Manchester United,1.0,1.1,25.0,5.0,3.0,Sheffield United,Away
3015,2415,2021-02-02,20:15,Matchweek 22,Home,W,9,0,Southampton,4.7,0.5,74.0,23.0,13.0,Manchester United,2021,3022,Away,L,0,9,Manchester United,0.5,4.7,26.0,3.0,1.0,Southampton,Home
3016,2416,2021-02-06,20:00,Matchweek 23,Home,D,3,3,Everton,1.8,1.5,61.0,14.0,5.0,Manchester United,2021,1350,Away,D,3,3,Manchester United,1.5,1.8,39.0,6.0,3.0,Everton,Draw
3017,2418,2021-02-21,19:00,Matchweek 25,Home,W,3,1,Newcastle United,1.7,0.4,71.0,14.0,6.0,Manchester United,2021,2608,Away,L,1,3,Manchester United,0.4,1.7,29.0,10.0,6.0,Newcastle United,Home
3018,2422,2021-03-14,19:15,Matchweek 28,Home,W,1,0,West Ham,1.5,0.6,61.0,15.0,4.0,Manchester United,2021,3447,Away,L,0,1,Manchester United,0.6,1.5,39.0,7.0,0.0,West Ham,Home
3019,2423,2021-04-04,19:30,Matchweek 30,Home,W,2,1,Brighton,1.5,1.2,57.0,15.0,7.0,Manchester United,2021,675,Away,L,1,2,Manchester United,1.2,1.5,43.0,5.0,3.0,Brighton,Home
3020,2425,2021-04-18,16:00,Matchweek 32,Home,W,3,1,Burnley,2.5,0.9,69.0,17.0,8.0,Manchester United,2021,867,Away,L,1,3,Manchester United,0.9,2.5,31.0,10.0,3.0,Burnley,Home
3021,2428,2021-05-11,18:00,Matchweek 36,Home,L,1,2,Leicester City,0.2,0.9,53.0,4.0,1.0,Manchester United,2021,1859,Away,W,2,1,Manchester United,0.9,0.2,47.0,12.0,3.0,Leicester City,Away
3022,2429,2021-05-13,20:15,Matchweek 34,Home,L,2,4,Liverpool,1.9,2.7,53.0,18.0,2.0,Manchester United,2021,2010,Away,W,4,2,Manchester United,2.7,1.9,47.0,17.0,8.0,Liverpool,Away
3023,2430,2021-05-18,18:00,Matchweek 37,Home,D,1,1,Fulham,0.9,0.9,57.0,13.0,6.0,Manchester United,2021,1556,Away,D,1,1,Manchester United,0.9,0.9,43.0,8.0,5.0,Fulham,Draw
3025,2432,2021-08-14,12:30,Matchweek 1,Home,W,5,1,Leeds United,1.5,0.5,49.0,16.0,8.0,Manchester United,2022,1748,Away,L,1,5,Manchester United,0.5,1.5,51.0,10.0,3.0,Leeds United,Home
3028,2435,2021-09-11,15:00,Matchweek 4,Home,W,4,1,Newcastle United,2.5,0.4,63.0,21.0,6.0,Manchester United,2022,2625,Away,L,1,4,Manchester United,0.4,2.5,37.0,12.0,3.0,Newcastle United,Home
3032,2437,2021-09-25,12:30,Matchweek 6,Home,L,0,1,Aston Villa,2.2,1.0,59.0,27.0,4.0,Manchester United,2022,233,Away,W,1,0,Manchester United,1.0,2.2,41.0,7.0,3.0,Aston Villa,Away
3034,2438,2021-10-02,12:30,Matchweek 7,Home,D,1,1,Everton,1.0,1.3,72.0,13.0,6.0,Manchester United,2022,1374,Away,D,1,1,Manchester United,1.3,1.0,28.0,12.0,2.0,Everton,Draw
3035,2440,2021-10-24,16:30,Matchweek 9,Home,L,0,5,Liverpool,1.6,3.4,38.0,12.0,3.0,Manchester United,2022,2022,Away,W,5,0,Manchester United,3.4,1.6,62.0,19.0,8.0,Liverpool,Away
3036,2442,2021-11-06,12:30,Matchweek 11,Home,L,0,2,Manchester City,0.9,1.6,33.0,5.0,1.0,Manchester United,2022,2252,Away,W,2,0,Manchester United,1.6,0.9,67.0,16.0,5.0,Manchester City,Away
3037,2445,2021-12-02,20:15,Matchweek 14,Home,W,3,2,Arsenal,1.9,1.4,44.0,13.0,9.0,Manchester United,2022,51,Away,L,2,3,Manchester United,1.4,1.9,56.0,17.0,7.0,Arsenal,Home
3039,2446,2021-12-05,14:00,Matchweek 15,Home,W,1,0,Crystal Palace,0.9,0.5,61.0,16.0,3.0,Manchester United,2022,1192,Away,L,0,1,Manchester United,0.5,0.9,39.0,8.0,2.0,Crystal Palace,Home
3041,2449,2021-12-30,20:15,Matchweek 20,Home,W,3,1,Burnley,2.4,1.1,57.0,18.0,6.0,Manchester United,2022,889,Away,L,1,3,Manchester United,1.1,2.4,43.0,10.0,3.0,Burnley,Home
3042,2450,2022-01-03,17:30,Matchweek 21,Home,L,0,1,Wolverhampton Wanderers,0.8,0.7,51.0,9.0,2.0,Manchester United,2022,3666,Away,W,1,0,Manchester United,0.7,0.8,49.0,19.0,6.0,Wolverhampton Wanderers,Away
3044,2453,2022-01-22,15:00,Matchweek 23,Home,W,1,0,West Ham,1.9,0.3,57.0,18.0,3.0,Manchester United,2022,3480,Away,L,0,1,Manchester United,0.3,1.9,43.0,6.0,1.0,West Ham,Home
3046,2455,2022-02-12,12:30,Matchweek 25,Home,D,1,1,Southampton,2.1,0.8,53.0,12.0,7.0,Manchester United,2022,3063,Away,D,1,1,Manchester United,0.8,2.1,47.0,13.0,4.0,Southampton,Draw
3047,2456,2022-02-15,20:15,Matchweek 18,Home,W,2,0,Brighton,1.7,0.7,50.0,19.0,7.0,Manchester United,2022,707,Away,L,0,2,Manchester United,0.7,1.7,50.0,10.0,3.0,Brighton,Home
3051,2458,2022-02-26,15:00,Matchweek 27,Home,D,0,0,Watford,2.8,0.6,67.0,22.0,3.0,Manchester United,2022,3369,Away,D,0,0,Manchester United,0.6,2.8,33.0,10.0,2.0,Watford,Draw
3052,2460,2022-03-12,17:30,Matchweek 29,Home,W,3,2,Tottenham Hotspur,1.0,1.5,43.0,10.0,6.0,Manchester United,2022,3218,Away,L,2,3,Manchester United,1.5,1.0,57.0,9.0,1.0,Tottenham Hotspur,Home
3053,2461,2022-04-02,17:30,Matchweek 31,Home,D,1,1,Leicester City,0.9,0.8,54.0,11.0,5.0,Manchester United,2022,1889,Away,D,1,1,Manchester United,0.8,0.9,46.0,11.0,3.0,Leicester City,Draw
3056,2463,2022-04-16,15:00,Matchweek 33,Home,W,3,2,Norwich City,1.9,1.5,61.0,20.0,9.0,Manchester United,2022,2805,Away,L,2,3,Manchester United,1.5,1.9,39.0,15.0,4.0,Norwich City,Home
3057,2466,2022-04-28,19:45,Matchweek 37,Home,D,1,1,Chelsea,0.5,1.9,36.0,6.0,3.0,Manchester United,2022,1020,Away,D,1,1,Manchester United,1.9,0.5,64.0,21.0,6.0,Chelsea,Draw
3058,2467,2022-05-02,20:00,Matchweek 35,Home,W,3,0,Brentford,2.0,0.6,63.0,8.0,4.0,Manchester United,2022,528,Away,L,0,3,Manchester United,0.6,2.0,37.0,12.0,4.0,Brentford,Home
3060,2470,2022-08-07,14:00,Matchweek 1,Home,L,1,2,Brighton,1.4,1.5,62.0,17.0,5.0,Manchester United,2023,722,Away,W,2,1,Manchester United,1.5,1.4,38.0,15.0,4.0,Brighton,Away
3061,2472,2022-08-22,20:00,Matchweek 3,Home,W,2,1,Liverpool,1.8,1.3,30.0,13.0,5.0,Manchester United,2023,2054,Away,L,1,2,Manchester United,1.3,1.8,70.0,17.0,5.0,Liverpool,Home
3062,2475,2022-09-04,16:30,Matchweek 6,Home,W,3,1,Arsenal,1.5,1.3,40.0,10.0,6.0,Manchester United,2023,81,Away,L,1,3,Manchester United,1.3,1.5,60.0,16.0,3.0,Arsenal,Home
3065,2478,2022-10-16,14:00,Matchweek 11,Home,D,0,0,Newcastle United,0.8,0.8,63.0,15.0,2.0,Manchester United,2023,2669,Away,D,0,0,Manchester United,0.8,0.8,37.0,9.0,2.0,Newcastle United,Draw
3067,2479,2022-10-19,20:15,Matchweek 12,Home,W,2,0,Tottenham Hotspur,1.5,0.6,52.0,28.0,10.0,Manchester United,2023,3240,Away,L,0,2,Manchester United,0.6,1.5,48.0,9.0,2.0,Tottenham Hotspur,Home
3068,2481,2022-10-30,16:15,Matchweek 14,Home,W,1,0,West Ham,1.2,1.1,53.0,16.0,3.0,Manchester United,2023,3508,Away,L,0,1,Manchester United,1.1,1.2,47.0,13.0,4.0,West Ham,Home
3069,2484,2022-12-27,20:00,Matchweek 17,Home,W,3,0,Nottingham Forest,2.4,0.7,65.0,17.0,8.0,Manchester United,2023,2827,Away,L,0,3,Manchester United,0.7,2.4,35.0,8.0,3.0,Nottingham Forest,Home
3070,2486,2023-01-03,20:00,Matchweek 19,Home,W,3,0,Bournemouth,2.2,0.6,58.0,18.0,6.0,Manchester United,2023,397,Away,L,0,3,Manchester United,0.6,2.2,42.0,7.0,4.0,Bournemouth,Home
3071,2487,2023-01-14,12:30,Matchweek 20,Home,W,2,1,Manchester City,1.7,0.6,30.0,8.0,3.0,Manchester United,2023,2297,Away,L,1,2,Manchester United,0.6,1.7,70.0,5.0,1.0,Manchester City,Home
3073,2490,2023-02-04,15:00,Matchweek 22,Home,W,2,1,Crystal Palace,2.0,1.3,52.0,13.0,4.0,Manchester United,2023,1236,Away,L,1,2,Manchester United,1.3,2.0,48.0,10.0,3.0,Crystal Palace,Home
3077,2491,2023-02-08,20:00,Matchweek 8,Home,D,2,2,Leeds United,2.0,0.6,66.0,24.0,6.0,Manchester United,2023,1806,Away,D,2,2,Manchester United,0.6,2.0,34.0,8.0,2.0,Leeds United,Draw
3078,2493,2023-02-19,14:00,Matchweek 24,Home,W,3,0,Leicester City,4.4,1.6,57.0,26.0,8.0,Manchester United,2023,1922,Away,L,0,3,Manchester United,1.6,4.4,43.0,19.0,3.0,Leicester City,Home
3081,2495,2023-03-12,14:00,Matchweek 27,Home,D,0,0,Southampton,0.8,1.0,47.0,10.0,4.0,Manchester United,2023,3103,Away,D,0,0,Manchester United,1.0,0.8,53.0,17.0,4.0,Southampton,Draw
3082,2497,2023-04-05,20:00,Matchweek 25,Home,W,1,0,Brentford,1.2,0.7,64.0,18.0,3.0,Manchester United,2023,560,Away,L,0,1,Manchester United,0.7,1.2,36.0,6.0,1.0,Brentford,Home
3083,2498,2023-04-08,12:30,Matchweek 30,Home,W,2,0,Everton,3.4,1.0,63.0,29.0,11.0,Manchester United,2023,1435,Away,L,0,2,Manchester United,1.0,3.4,37.0,15.0,1.0,Everton,Home
3084,2501,2023-04-30,14:00,Matchweek 34,Home,W,1,0,Aston Villa,1.2,0.6,57.0,14.0,6.0,Manchester United,2023,299,Away,L,0,1,Manchester United,0.6,1.2,43.0,7.0,1.0,Aston Villa,Home
3092,2504,2023-05-13,15:00,Matchweek 36,Home,W,2,0,Wolverhampton Wanderers,3.2,0.3,48.0,27.0,9.0,Manchester United,2023,3721,Away,L,0,2,Manchester United,0.3,3.2,52.0,5.0,0.0,Wolverhampton Wanderers,Home
3093,2506,2023-05-25,20:00,Matchweek 32,Home,W,4,1,Chelsea,5.2,1.9,42.0,17.0,8.0,Manchester United,2023,1062,Away,L,1,4,Manchester United,1.9,5.2,58.0,14.0,5.0,Chelsea,Home
3096,2507,2023-05-28,16:30,Matchweek 38,Home,W,2,1,Fulham,2.9,1.8,53.0,21.0,8.0,Manchester United,2023,1595,Away,L,1,2,Manchester United,1.8,2.9,47.0,9.0,2.0,Fulham,Home
3104,2508,2023-08-14,20:00,Matchweek 1,Home,W,1,0,Wolverhampton Wanderers,2.2,2.2,51.0,15.0,2.0,Manchester United,2024,3724,Away,L,0,1,Manchester United,2.2,2.2,49.0,23.0,6.0,Wolverhampton Wanderers,Home
3107,2510,2023-08-26,15:00,Matchweek 3,Home,W,3,2,Nottingham Forest,2.8,1.2,66.0,17.0,8.0,Manchester United,2024,2852,Away,L,2,3,Manchester United,1.2,2.8,34.0,9.0,4.0,Nottingham Forest,Home
3109,2512,2023-09-16,15:00,Matchweek 5,Home,L,1,3,Brighton,1.0,1.7,44.0,14.0,4.0,Manchester United,2024,764,Away,W,3,1,Manchester United,1.7,1.0,56.0,10.0,8.0,Brighton,Away
3116,2514,2023-09-30,15:00,Matchweek 7,Home,L,0,1,Crystal Palace,1.3,0.9,77.0,19.0,3.0,Manchester United,2024,1260,Away,W,1,0,Manchester United,0.9,1.3,23.0,8.0,2.0,Crystal Palace,Away
3121,2515,2023-10-07,15:00,Matchweek 8,Home,W,2,1,Brentford,1.4,0.9,64.0,21.0,8.0,Manchester United,2024,577,Away,L,1,2,Manchester United,0.9,1.4,36.0,11.0,3.0,Brentford,Home
3124,2517,2023-10-29,15:30,Matchweek 10,Home,L,0,3,Manchester City,0.9,4.0,40.0,7.0,3.0,Manchester United,2024,2327,Away,W,3,0,Manchester United,4.0,0.9,60.0,20.0,9.0,Manchester City,Away
3127,2519,2023-11-11,15:00,Matchweek 12,Home,W,1,0,Luton Town,2.2,0.4,64.0,15.0,4.0,Manchester United,2024,2177,Away,L,0,1,Manchester United,0.4,2.2,36.0,10.0,4.0,Luton Town,Home
3128,2522,2023-12-06,20:15,Matchweek 15,Home,W,2,1,Chelsea,4.1,1.5,45.0,27.0,8.0,Manchester United,2024,1078,Away,L,1,2,Manchester United,1.5,4.1,55.0,13.0,3.0,Chelsea,Home
3130,2523,2023-12-09,15:00,Matchweek 16,Home,L,0,3,Bournemouth,1.1,1.5,68.0,20.0,3.0,Manchester United,2024,433,Away,W,3,0,Manchester United,1.5,1.1,32.0,10.0,4.0,Bournemouth,Away
3134,2526,2023-12-26,20:00,Matchweek 19,Home,W,3,2,Aston Villa,1.1,1.7,46.0,13.0,7.0,Manchester United,2024,322,Away,L,2,3,Manchester United,1.7,1.1,54.0,10.0,3.0,Aston Villa,Home
3135,2528,2024-01-14,16:30,Matchweek 21,Home,D,2,2,Tottenham Hotspur,0.8,1.2,37.0,9.0,2.0,Manchester United,2024,3288,Away,D,2,2,Manchester United,1.2,0.8,63.0,16.0,5.0,Tottenham Hotspur,Draw
3137,2530,2024-02-04,14:00,Matchweek 23,Home,W,3,0,West Ham,0.7,1.4,51.0,12.0,5.0,Manchester United,2024,3556,Away,L,0,3,Manchester United,1.4,0.7,49.0,22.0,3.0,West Ham,Home
3141,2533,2024-02-24,15:00,Matchweek 26,Home,L,1,2,Fulham,1.7,1.2,57.0,21.0,8.0,Manchester United,2024,1621,Away,W,2,1,Manchester United,1.2,1.7,43.0,17.0,5.0,Fulham,Away
3143,2535,2024-03-09,12:30,Matchweek 28,Home,W,2,0,Everton,2.7,1.6,51.0,13.0,6.0,Manchester United,2024,1471,Away,L,0,2,Manchester United,1.6,2.7,49.0,23.0,6.0,Everton,Home
3144,2538,2024-04-07,15:30,Matchweek 32,Home,D,2,2,Liverpool,0.7,3.6,38.0,9.0,5.0,Manchester United,2024,2120,Away,D,2,2,Manchester United,3.6,0.7,62.0,27.0,6.0,Liverpool,Draw
3147,2540,2024-04-24,20:00,Matchweek 29,Home,W,4,2,Sheffield United,2.9,0.8,71.0,24.0,12.0,Manchester United,2024,2997,Away,L,2,4,Manchester United,0.8,2.9,29.0,10.0,4.0,Sheffield United,Home
3148,2541,2024-04-27,15:00,Matchweek 35,Home,D,1,1,Burnley,2.7,2.1,48.0,27.0,10.0,Manchester United,2024,946,Away,D,1,1,Manchester United,2.1,2.7,52.0,15.0,6.0,Burnley,Draw
3152,2543,2024-05-12,16:30,Matchweek 37,Home,L,0,1,Arsenal,0.5,1.5,54.0,14.0,2.0,Manchester United,2024,150,Away,W,1,0,Manchester United,1.5,0.5,46.0,11.0,5.0,Arsenal,Away
3153,2544,2024-05-15,20:00,Matchweek 34,Home,W,3,2,Newcastle United,1.5,2.2,45.0,17.0,8.0,Manchester United,2024,2734,Away,L,2,3,Manchester United,2.2,1.5,55.0,21.0,7.0,Newcastle United,Home
3154,2546,2024-08-16,20:00,Matchweek 1,Home,W,1,0,Fulham,2.4,0.4,55.0,14.0,5.0,Manchester United,2025,1634,Away,L,0,1,Manchester United,0.4,2.4,45.0,10.0,2.0,Fulham,Home
3155,2548,2024-09-01,16:00,Matchweek 3,Home,L,0,3,Liverpool,1.4,1.8,53.0,8.0,3.0,Manchester United,2025,2130,Away,W,3,0,Manchester United,1.8,1.4,47.0,11.0,3.0,Liverpool,Away
3156,2551,2024-09-29,16:30,Matchweek 6,Home,L,0,3,Tottenham Hotspur,1.0,4.4,39.0,11.0,2.0,Manchester United,2025,3311,Away,W,3,0,Manchester United,4.4,1.0,61.0,24.0,10.0,Tottenham Hotspur,Away
3158,2553,2024-10-19,15:00,Matchweek 8,Home,W,2,1,Brentford,1.3,0.9,50.0,23.0,11.0,Manchester United,2025,615,Away,L,1,2,Manchester United,0.9,1.3,50.0,8.0,2.0,Brentford,Home
3162,2555,2024-11-03,16:30,Matchweek 10,Home,D,1,1,Chelsea,2.0,1.1,46.0,10.0,3.0,Manchester United,2025,1111,Away,D,1,1,Manchester United,1.1,2.0,54.0,12.0,3.0,Chelsea,Draw
3164,2556,2024-11-10,14:00,Matchweek 11,Home,W,3,0,Leicester City,0.8,0.6,51.0,13.0,3.0,Manchester United,2025,1948,Away,L,0,3,Manchester United,0.6,0.8,49.0,6.0,5.0,Leicester City,Home
3167,2558,2024-12-01,13:30,Matchweek 13,Home,W,4,0,Everton,1.1,0.6,60.0,11.0,5.0,Manchester United,2025,1494,Away,L,0,4,Manchester United,0.6,1.1,40.0,8.0,2.0,Everton,Home
3169,2560,2024-12-07,17:30,Matchweek 15,Home,L,2,3,Nottingham Forest,1.6,0.8,71.0,17.0,7.0,Manchester United,2025,2902,Away,W,3,2,Manchester United,0.8,1.6,29.0,11.0,3.0,Nottingham Forest,Away
3170,2562,2024-12-22,14:00,Matchweek 17,Home,L,0,3,Bournemouth,2.2,1.6,60.0,23.0,7.0,Manchester United,2025,472,Away,W,3,0,Manchester United,1.6,2.2,40.0,9.0,4.0,Bournemouth,Away
3174,2564,2024-12-30,20:00,Matchweek 19,Home,L,0,2,Newcastle United,0.8,1.9,52.0,10.0,0.0,Manchester United,2025,2754,Away,W,2,0,Manchester United,1.9,0.8,48.0,12.0,4.0,Newcastle United,Away
3175,2566,2025-01-16,20:00,Matchweek 21,Home,W,3,1,Southampton,3.4,1.4,60.0,23.0,9.0,Manchester United,2025,3136,Away,L,1,3,Manchester United,1.4,3.4,40.0,13.0,5.0,Southampton,Home
3176,2567,2025-01-19,14:00,Matchweek 22,Home,L,1,3,Brighton,1.5,1.9,51.0,9.0,0.0,Manchester United,2025,819,Away,W,3,1,Manchester United,1.9,1.5,49.0,6.0,3.0,Brighton,Away
3179,2569,2025-02-02,14:00,Matchweek 24,Home,L,0,2,Crystal Palace,1.1,2.6,66.0,17.0,2.0,Manchester United,2025,1315,Away,W,2,0,Manchester United,2.6,1.1,34.0,11.0,3.0,Crystal Palace,Away
3183,2572,2025-02-26,19:30,Matchweek 27,Home,W,3,2,Ipswich Town,0.7,1.4,45.0,10.0,6.0,Manchester United,2025,1698,Away,L,2,3,Manchester United,1.4,0.7,55.0,12.0,3.0,Ipswich Town,Home
3185,2573,2025-03-09,16:30,Matchweek 28,Home,D,1,1,Arsenal,1.5,1.6,32.0,10.0,6.0,Manchester United,2025,179,Away,D,1,1,Manchester United,1.6,1.5,68.0,17.0,6.0,Arsenal,Draw
3186,2576,2025-04-06,16:30,Matchweek 31,Home,D,0,0,Manchester City,0.9,0.5,42.0,13.0,2.0,Manchester United,2025,2386,Away,D,0,0,Manchester United,0.5,0.9,58.0,9.0,5.0,Manchester City,Draw
3189,2578,2025-04-20,14:00,Matchweek 33,Home,L,0,1,Wolverhampton Wanderers,1.3,0.2,59.0,12.0,2.0,Manchester United,2025,3794,Away,W,1,0,Manchester United,0.2,1.3,41.0,4.0,2.0,Wolverhampton Wanderers,Away
3192,2581,2025-05-11,14:15,Matchweek 36,Home,L,0,2,West Ham,2.1,1.7,52.0,20.0,5.0,Manchester United,2025,3607,Away,W,2,0,Manchester United,1.7,2.1,48.0,9.0,4.0,West Ham,Away
3194,2583,2025-05-25,16:00,Matchweek 38,Home,W,2,0,Aston Villa,2.9,0.4,67.0,25.0,9.0,Manchester United,2025,379,Away,L,0,2,Manchester United,0.4,2.9,33.0,6.0,1.0,Aston Villa,Home
3203,2585,2020-09-20,14:00,Matchweek 2,Home,L,0,3,Brighton,0.5,1.8,47.0,6.0,0.0,Newcastle United,2021,647,Away,W,3,0,Newcastle United,1.8,0.5,53.0,12.0,5.0,Brighton,Away
3204,2587,2020-10-03,20:00,Matchweek 4,Home,W,3,1,Burnley,1.8,0.4,48.0,9.0,4.0,Newcastle United,2021,838,Away,L,1,3,Newcastle United,0.4,1.8,52.0,7.0,3.0,Burnley,Home
3205,2588,2020-10-17,20:00,Matchweek 5,Home,L,1,4,Manchester United,0.9,2.3,37.0,7.0,4.0,Newcastle United,2021,2397,Away,W,4,1,Newcastle United,2.3,0.9,63.0,27.0,11.0,Manchester United,Away
3206,2590,2020-11-01,14:00,Matchweek 7,Home,W,2,1,Everton,2.9,1.5,39.0,10.0,3.0,Newcastle United,2021,1336,Away,L,1,2,Newcastle United,1.5,2.9,61.0,15.0,4.0,Everton,Home
3207,2592,2020-11-21,12:30,Matchweek 9,Home,L,0,2,Chelsea,0.3,1.5,30.0,8.0,1.0,Newcastle United,2021,958,Away,W,2,0,Newcastle United,1.5,0.3,70.0,14.0,3.0,Chelsea,Away
3208,2594,2020-12-12,15:00,Matchweek 12,Home,W,2,1,West Brom,0.8,0.6,46.0,12.0,6.0,Newcastle United,2021,3393,Away,L,1,2,Newcastle United,0.6,0.8,54.0,13.0,3.0,West Brom,Home
3209,2596,2020-12-19,20:00,Matchweek 14,Home,D,1,1,Fulham,1.4,1.0,49.0,11.0,4.0,Newcastle United,2021,1533,Away,D,1,1,Newcastle United,1.0,1.4,51.0,11.0,4.0,Fulham,Draw
3210,2598,2020-12-30,20:00,Matchweek 16,Home,D,0,0,Liverpool,0.5,1.4,28.0,8.0,2.0,Newcastle United,2021,1991,Away,D,0,0,Newcastle United,1.4,0.5,72.0,11.0,4.0,Liverpool,Draw
3211,2599,2021-01-03,14:15,Matchweek 17,Home,L,1,2,Leicester City,0.5,0.6,44.0,8.0,2.0,Newcastle United,2021,1840,Away,W,2,1,Newcastle United,0.6,0.5,56.0,9.0,3.0,Leicester City,Away
3212,2603,2021-01-26,18:00,Matchweek 20,Home,L,1,2,Leeds United,1.4,0.7,42.0,22.0,5.0,Newcastle United,2021,1728,Away,W,2,1,Newcastle United,0.7,1.4,58.0,9.0,2.0,Leeds United,Away
3214,2605,2021-02-02,20:15,Matchweek 22,Home,L,1,2,Crystal Palace,1.9,0.7,61.0,21.0,5.0,Newcastle United,2021,1161,Away,W,2,1,Newcastle United,0.7,1.9,39.0,6.0,3.0,Crystal Palace,Away
3217,2606,2021-02-06,15:00,Matchweek 23,Home,W,3,2,Southampton,0.7,1.3,27.0,6.0,4.0,Newcastle United,2021,3023,Away,L,2,3,Newcastle United,1.3,0.7,73.0,14.0,5.0,Southampton,Home
3218,2609,2021-02-27,20:00,Matchweek 26,Home,D,1,1,Wolverhampton Wanderers,1.7,1.1,48.0,19.0,6.0,Newcastle United,2021,3635,Away,D,1,1,Newcastle United,1.1,1.7,52.0,14.0,4.0,Wolverhampton Wanderers,Draw
3219,2611,2021-03-12,20:00,Matchweek 28,Home,D,1,1,Aston Villa,1.5,0.9,49.0,12.0,3.0,Newcastle United,2021,216,Away,D,1,1,Newcastle United,0.9,1.5,51.0,15.0,6.0,Aston Villa,Draw
3220,2613,2021-04-04,14:05,Matchweek 30,Home,D,2,2,Tottenham Hotspur,3.4,2.7,42.0,22.0,6.0,Newcastle United,2021,3183,Away,D,2,2,Newcastle United,2.7,3.4,58.0,11.0,4.0,Tottenham Hotspur,Draw
3221,2615,2021-04-17,12:30,Matchweek 32,Home,W,3,2,West Ham,2.2,1.9,34.0,16.0,6.0,Newcastle United,2021,3451,Away,L,2,3,Newcastle United,1.9,2.2,66.0,15.0,5.0,West Ham,Home
3222,2617,2021-05-02,14:00,Matchweek 34,Home,L,0,2,Arsenal,0.3,2.0,39.0,5.0,1.0,Newcastle United,2021,33,Away,W,2,0,Newcastle United,2.0,0.3,61.0,19.0,4.0,Arsenal,Away
3223,2619,2021-05-14,20:00,Matchweek 36,Home,L,3,4,Manchester City,2.2,1.5,18.0,9.0,3.0,Newcastle United,2021,2239,Away,W,4,3,Newcastle United,1.5,2.2,82.0,15.0,6.0,Manchester City,Away
3225,2620,2021-05-19,18:00,Matchweek 37,Home,W,1,0,Sheffield United,1.6,0.9,51.0,16.0,5.0,Newcastle United,2021,2962,Away,L,0,1,Newcastle United,0.9,1.6,49.0,11.0,1.0,Sheffield United,Home
3227,2622,2021-08-15,14:00,Matchweek 1,Home,L,2,4,West Ham,1.8,2.7,46.0,17.0,3.0,Newcastle United,2022,3458,Away,W,4,2,Newcastle United,2.7,1.8,54.0,17.0,7.0,West Ham,Away
3232,2624,2021-08-28,15:00,Matchweek 3,Home,D,2,2,Southampton,1.0,3.6,37.0,10.0,4.0,Newcastle United,2022,3042,Away,D,2,2,Newcastle United,3.6,1.0,63.0,21.0,5.0,Southampton,Draw
3233,2626,2021-09-17,20:00,Matchweek 5,Home,D,1,1,Leeds United,1.3,1.5,35.0,17.0,7.0,Newcastle United,2022,1752,Away,D,1,1,Newcastle United,1.5,1.3,65.0,22.0,9.0,Leeds United,Draw
3234,2629,2021-10-17,16:30,Matchweek 8,Home,L,2,3,Tottenham Hotspur,0.4,1.7,36.0,7.0,1.0,Newcastle United,2022,3199,Away,W,3,2,Newcastle United,1.7,0.4,64.0,14.0,4.0,Tottenham Hotspur,Away
3237,2631,2021-10-30,15:00,Matchweek 10,Home,L,0,3,Chelsea,0.2,2.2,21.0,6.0,1.0,Newcastle United,2022,997,Away,W,3,0,Newcastle United,2.2,0.2,79.0,18.0,5.0,Chelsea,Away
3240,2633,2021-11-20,15:00,Matchweek 12,Home,D,3,3,Brentford,1.5,0.9,53.0,23.0,8.0,Newcastle United,2022,505,Away,D,3,3,Newcastle United,0.9,1.5,47.0,10.0,3.0,Brentford,Draw
3246,2635,2021-11-30,19:30,Matchweek 14,Home,D,1,1,Norwich City,1.1,1.2,32.0,8.0,0.0,Newcastle United,2022,2787,Away,D,1,1,Newcastle United,1.2,1.1,68.0,16.0,6.0,Norwich City,Draw
3248,2636,2021-12-04,15:00,Matchweek 15,Home,W,1,0,Burnley,1.0,0.6,48.0,19.0,4.0,Newcastle United,2022,887,Away,L,0,1,Newcastle United,0.6,1.0,52.0,10.0,1.0,Burnley,Home
3250,2639,2021-12-19,14:15,Matchweek 18,Home,L,0,4,Manchester City,0.3,2.9,29.0,5.0,1.0,Newcastle United,2022,2259,Away,W,4,0,Newcastle United,2.9,0.3,71.0,18.0,7.0,Manchester City,Away
3251,2640,2021-12-27,20:00,Matchweek 19,Home,D,1,1,Manchester United,1.3,1.6,32.0,13.0,8.0,Newcastle United,2022,2448,Away,D,1,1,Newcastle United,1.6,1.3,68.0,13.0,3.0,Manchester United,Draw
3254,2641,2022-01-15,15:00,Matchweek 22,Home,D,1,1,Watford,1.2,1.4,52.0,12.0,1.0,Newcastle United,2022,3362,Away,D,1,1,Newcastle United,1.4,1.2,48.0,18.0,5.0,Watford,Draw
3255,2643,2022-02-08,19:45,Matchweek 24,Home,W,3,1,Everton,1.9,0.7,40.0,20.0,9.0,Newcastle United,2022,1388,Away,L,1,3,Newcastle United,0.7,1.9,60.0,11.0,2.0,Everton,Home
3257,2644,2022-02-13,14:00,Matchweek 25,Home,W,1,0,Aston Villa,0.5,0.6,38.0,10.0,2.0,Newcastle United,2022,250,Away,L,0,1,Newcastle United,0.6,0.5,62.0,11.0,1.0,Aston Villa,Home
3261,2647,2022-03-05,15:00,Matchweek 28,Home,W,2,1,Brighton,1.7,1.5,32.0,10.0,4.0,Newcastle United,2022,710,Away,L,1,2,Newcastle United,1.5,1.7,68.0,15.0,4.0,Brighton,Home
3265,2652,2022-04-08,20:00,Matchweek 32,Home,W,1,0,Wolverhampton Wanderers,1.5,0.4,42.0,11.0,3.0,Newcastle United,2022,3679,Away,L,0,1,Newcastle United,0.4,1.5,58.0,5.0,2.0,Wolverhampton Wanderers,Home
3267,2653,2022-04-17,14:15,Matchweek 33,Home,W,2,1,Leicester City,1.8,0.6,32.0,16.0,7.0,Newcastle United,2022,1891,Away,L,1,2,Newcastle United,0.6,1.8,68.0,8.0,2.0,Leicester City,Home
3268,2654,2022-04-20,19:45,Matchweek 30,Home,W,1,0,Crystal Palace,0.9,0.5,37.0,13.0,4.0,Newcastle United,2022,1209,Away,L,0,1,Newcastle United,0.5,0.9,63.0,10.0,2.0,Crystal Palace,Home
3269,2656,2022-04-30,12:30,Matchweek 35,Home,L,0,1,Liverpool,0.2,2.3,36.0,4.0,2.0,Newcastle United,2022,2047,Away,W,1,0,Newcastle United,2.3,0.2,64.0,24.0,10.0,Liverpool,Away
3270,2658,2022-05-16,20:00,Matchweek 37,Home,W,2,0,Arsenal,1.6,0.6,51.0,16.0,4.0,Newcastle United,2022,74,Away,L,0,2,Newcastle United,0.6,1.6,49.0,11.0,2.0,Arsenal,Home
3272,2660,2022-08-06,15:00,Matchweek 1,Home,W,2,0,Nottingham Forest,1.7,0.3,61.0,23.0,9.0,Newcastle United,2023,2812,Away,L,0,2,Newcastle United,0.3,1.7,39.0,5.0,0.0,Nottingham Forest,Home
3275,2662,2022-08-21,16:30,Matchweek 3,Home,D,3,3,Manchester City,1.8,2.1,31.0,12.0,5.0,Newcastle United,2023,2282,Away,D,3,3,Newcastle United,2.1,1.8,69.0,21.0,10.0,Manchester City,Draw
3277,2665,2022-09-03,15:00,Matchweek 6,Home,D,0,0,Crystal Palace,2.8,1.0,52.0,23.0,5.0,Newcastle United,2023,1221,Away,D,0,0,Newcastle United,1.0,2.8,48.0,19.0,9.0,Crystal Palace,Draw
3282,2666,2022-09-17,15:00,Matchweek 8,Home,D,1,1,Bournemouth,1.9,0.7,72.0,19.0,6.0,Newcastle United,2023,386,Away,D,1,1,Newcastle United,0.7,1.9,28.0,10.0,3.0,Bournemouth,Draw
3283,2668,2022-10-08,15:00,Matchweek 10,Home,W,5,1,Brentford,1.5,1.2,54.0,16.0,6.0,Newcastle United,2023,540,Away,L,1,5,Newcastle United,1.2,1.5,46.0,5.0,2.0,Brentford,Home
3288,2670,2022-10-19,19:30,Matchweek 12,Home,W,1,0,Everton,1.5,0.2,49.0,16.0,4.0,Newcastle United,2023,1416,Away,L,0,1,Newcastle United,0.2,1.5,51.0,1.0,0.0,Everton,Home
3291,2672,2022-10-29,15:00,Matchweek 14,Home,W,4,0,Aston Villa,3.4,0.4,59.0,19.0,6.0,Newcastle United,2023,278,Away,L,0,4,Newcastle United,0.4,3.4,41.0,3.0,0.0,Aston Villa,Home
3296,2674,2022-11-12,17:30,Matchweek 16,Home,W,1,0,Chelsea,1.0,0.3,49.0,10.0,3.0,Newcastle United,2023,1039,Away,L,0,1,Newcastle United,0.3,1.0,51.0,5.0,2.0,Chelsea,Home
3299,2676,2022-12-31,15:00,Matchweek 18,Home,D,0,0,Leeds United,2.2,0.4,60.0,16.0,5.0,Newcastle United,2023,1801,Away,D,0,0,Newcastle United,0.4,2.2,40.0,8.0,1.0,Leeds United,Draw
3302,2678,2023-01-15,14:00,Matchweek 20,Home,W,1,0,Fulham,2.2,1.1,62.0,20.0,5.0,Newcastle United,2023,1577,Away,L,0,1,Newcastle United,1.1,2.2,38.0,4.0,0.0,Fulham,Home
3303,2680,2023-02-04,17:30,Matchweek 22,Home,D,1,1,West Ham,1.0,1.0,62.0,8.0,2.0,Newcastle United,2023,3516,Away,D,1,1,Newcastle United,1.0,1.0,38.0,10.0,1.0,West Ham,Draw
3304,2682,2023-02-18,17:30,Matchweek 24,Home,L,0,2,Liverpool,2.0,1.9,38.0,14.0,4.0,Newcastle United,2023,2073,Away,W,2,0,Newcastle United,1.9,2.0,62.0,13.0,7.0,Liverpool,Away
3305,2684,2023-03-12,16:30,Matchweek 27,Home,W,2,1,Wolverhampton Wanderers,1.8,1.1,43.0,19.0,8.0,Newcastle United,2023,3712,Away,L,1,2,Newcastle United,1.1,1.8,57.0,7.0,4.0,Wolverhampton Wanderers,Home
3306,2686,2023-04-02,16:30,Matchweek 29,Home,W,2,0,Manchester United,3.7,0.4,46.0,22.0,6.0,Newcastle United,2023,2496,Away,L,0,2,Newcastle United,0.4,3.7,54.0,6.0,1.0,Manchester United,Home
3307,2690,2023-04-23,14:00,Matchweek 32,Home,W,6,1,Tottenham Hotspur,3.7,1.0,56.0,25.0,8.0,Newcastle United,2023,3261,Away,L,1,6,Newcastle United,1.0,3.7,44.0,11.0,3.0,Tottenham Hotspur,Home
3312,2692,2023-04-30,14:00,Matchweek 34,Home,W,3,1,Southampton,4.3,0.8,63.0,22.0,5.0,Newcastle United,2023,3111,Away,L,1,3,Newcastle United,0.8,4.3,37.0,4.0,3.0,Southampton,Home
3313,2693,2023-05-07,16:30,Matchweek 35,Home,L,0,2,Arsenal,1.3,1.3,55.0,12.0,5.0,Newcastle United,2023,110,Away,W,2,0,Newcastle United,1.3,1.3,45.0,10.0,6.0,Arsenal,Away
3314,2695,2023-05-18,19:30,Matchweek 25,Home,W,4,1,Brighton,3.6,0.5,35.0,22.0,8.0,Newcastle United,2023,756,Away,L,1,4,Newcastle United,0.5,3.6,65.0,8.0,2.0,Brighton,Home
3315,2696,2023-05-22,20:00,Matchweek 37,Home,D,0,0,Leicester City,2.1,0.1,77.0,23.0,3.0,Newcastle United,2023,1936,Away,D,0,0,Newcastle United,0.1,2.1,23.0,1.0,1.0,Leicester City,Draw
3316,2698,2023-08-12,17:30,Matchweek 1,Home,W,5,1,Aston Villa,3.3,1.8,52.0,17.0,12.0,Newcastle United,2024,304,Away,L,1,5,Newcastle United,1.8,3.3,48.0,16.0,6.0,Aston Villa,Home
3317,2700,2023-08-27,16:30,Matchweek 3,Home,L,1,2,Liverpool,2.0,0.9,59.0,23.0,8.0,Newcastle United,2024,2092,Away,W,2,1,Newcastle United,0.9,2.0,41.0,9.0,4.0,Liverpool,Away
3318,2702,2023-09-16,17:30,Matchweek 5,Home,W,1,0,Brentford,1.4,0.5,56.0,8.0,1.0,Newcastle United,2024,574,Away,L,0,1,Newcastle United,0.5,1.4,44.0,11.0,2.0,Brentford,Home
3320,2704,2023-09-30,15:00,Matchweek 7,Home,W,2,0,Burnley,3.1,0.6,53.0,19.0,6.0,Newcastle United,2024,917,Away,L,0,2,Newcastle United,0.6,3.1,47.0,8.0,2.0,Burnley,Home
3327,2706,2023-10-21,15:00,Matchweek 9,Home,W,4,0,Crystal Palace,2.4,1.2,59.0,10.0,7.0,Newcastle United,2024,1262,Away,L,0,4,Newcastle United,1.2,2.4,41.0,17.0,3.0,Crystal Palace,Home
3330,2708,2023-11-04,17:30,Matchweek 11,Home,W,1,0,Arsenal,1.0,0.6,42.0,9.0,1.0,Newcastle United,2024,124,Away,L,0,1,Newcastle United,0.6,1.0,58.0,14.0,1.0,Arsenal,Home
3333,2710,2023-11-25,15:00,Matchweek 13,Home,W,4,1,Chelsea,2.4,0.5,54.0,14.0,5.0,Newcastle United,2024,1076,Away,L,1,4,Newcastle United,0.5,2.4,46.0,7.0,4.0,Chelsea,Home
3336,2711,2023-12-02,20:00,Matchweek 14,Home,W,1,0,Manchester United,2.4,0.5,58.0,22.0,4.0,Newcastle United,2024,2521,Away,L,0,1,Newcastle United,0.5,2.4,42.0,8.0,1.0,Manchester United,Home
3338,2714,2023-12-16,15:00,Matchweek 17,Home,W,3,0,Fulham,3.5,0.3,70.0,27.0,10.0,Newcastle United,2024,1612,Away,L,0,3,Newcastle United,0.3,3.5,30.0,6.0,4.0,Fulham,Home
3340,2716,2023-12-26,12:30,Matchweek 19,Home,L,1,3,Nottingham Forest,2.4,3.5,62.0,18.0,5.0,Newcastle United,2024,2868,Away,W,3,1,Newcastle United,3.5,2.4,38.0,15.0,6.0,Nottingham Forest,Away
3341,2718,2024-01-13,17:30,Matchweek 21,Home,L,2,3,Manchester City,1.3,3.0,28.0,12.0,5.0,Newcastle United,2024,2337,Away,W,3,2,Newcastle United,3.0,1.3,72.0,27.0,11.0,Manchester City,Away
3344,2720,2024-02-03,15:00,Matchweek 23,Home,D,4,4,Luton Town,2.3,2.4,55.0,19.0,6.0,Newcastle United,2024,2187,Away,D,4,4,Newcastle United,2.4,2.3,45.0,10.0,7.0,Luton Town,Draw
3347,2722,2024-02-17,15:00,Matchweek 25,Home,D,2,2,Bournemouth,2.2,2.2,62.0,16.0,4.0,Newcastle United,2024,441,Away,D,2,2,Newcastle United,2.2,2.2,38.0,12.0,6.0,Bournemouth,Draw
3355,2724,2024-03-02,15:00,Matchweek 27,Home,W,3,0,Wolverhampton Wanderers,2.1,0.8,44.0,14.0,6.0,Newcastle United,2024,3750,Away,L,0,3,Newcastle United,0.8,2.1,56.0,12.0,3.0,Wolverhampton Wanderers,Home
3356,2726,2024-03-30,12:30,Matchweek 30,Home,W,4,3,West Ham,4.1,1.4,60.0,22.0,7.0,Newcastle United,2024,3563,Away,L,3,4,Newcastle United,1.4,4.1,40.0,10.0,4.0,West Ham,Home
3357,2727,2024-04-02,19:30,Matchweek 31,Home,D,1,1,Everton,2.4,1.4,57.0,18.0,5.0,Newcastle United,2024,1473,Away,D,1,1,Newcastle United,1.4,2.4,43.0,9.0,2.0,Everton,Draw
3359,2729,2024-04-13,12:30,Matchweek 33,Home,W,4,0,Tottenham Hotspur,2.8,0.8,28.0,18.0,5.0,Newcastle United,2024,3299,Away,L,0,4,Newcastle United,0.8,2.8,72.0,11.0,2.0,Tottenham Hotspur,Home
3363,2731,2024-04-27,15:00,Matchweek 35,Home,W,5,1,Sheffield United,3.1,1.5,60.0,19.0,6.0,Newcastle United,2024,2998,Away,L,1,5,Newcastle United,1.5,3.1,40.0,15.0,4.0,Sheffield United,Home
3365,2733,2024-05-11,15:00,Matchweek 37,Home,D,1,1,Brighton,2.2,1.4,57.0,18.0,7.0,Newcastle United,2024,795,Away,D,1,1,Newcastle United,1.4,2.2,43.0,15.0,4.0,Brighton,Draw
3372,2736,2024-08-17,15:00,Matchweek 1,Home,W,1,0,Southampton,0.3,1.8,23.0,3.0,1.0,Newcastle United,2025,3116,Away,L,0,1,Newcastle United,1.8,0.3,77.0,19.0,3.0,Southampton,Home
3375,2738,2024-09-01,13:30,Matchweek 3,Home,W,2,1,Tottenham Hotspur,1.8,1.2,35.0,9.0,3.0,Newcastle United,2025,3308,Away,L,1,2,Newcastle United,1.2,1.8,65.0,20.0,6.0,Tottenham Hotspur,Home
3376,2741,2024-09-28,12:30,Matchweek 6,Home,D,1,1,Manchester City,1.6,0.9,38.0,10.0,3.0,Newcastle United,2025,2361,Away,D,1,1,Newcastle United,0.9,1.6,62.0,16.0,6.0,Manchester City,Draw
3379,2743,2024-10-19,15:00,Matchweek 8,Home,L,0,1,Brighton,2.0,1.1,60.0,21.0,6.0,Newcastle United,2025,805,Away,W,1,0,Newcastle United,1.1,2.0,40.0,10.0,5.0,Brighton,Away
3382,2745,2024-11-02,12:30,Matchweek 10,Home,W,1,0,Arsenal,0.5,1.1,37.0,9.0,4.0,Newcastle United,2025,161,Away,L,0,1,Newcastle United,1.1,0.5,63.0,10.0,0.0,Arsenal,Home
3383,2747,2024-11-25,20:00,Matchweek 12,Home,L,0,2,West Ham,1.6,0.9,53.0,18.0,2.0,Newcastle United,2025,3583,Away,W,2,0,Newcastle United,0.9,1.6,47.0,15.0,6.0,West Ham,Away
3385,2749,2024-12-04,19:30,Matchweek 14,Home,D,3,3,Liverpool,2.1,1.9,42.0,17.0,6.0,Newcastle United,2025,2141,Away,D,3,3,Newcastle United,1.9,2.1,58.0,16.0,5.0,Liverpool,Draw
3391,2751,2024-12-14,15:00,Matchweek 16,Home,W,4,0,Leicester City,3.8,0.2,59.0,27.0,11.0,Newcastle United,2025,1953,Away,L,0,4,Newcastle United,0.2,3.8,41.0,4.0,1.0,Leicester City,Home
3392,2753,2024-12-26,15:00,Matchweek 18,Home,W,3,0,Aston Villa,2.7,0.3,62.0,22.0,7.0,Newcastle United,2025,359,Away,L,0,3,Newcastle United,0.3,2.7,38.0,4.0,1.0,Aston Villa,Home
3399,2756,2025-01-15,19:30,Matchweek 21,Home,W,3,0,Wolverhampton Wanderers,2.1,1.6,60.0,17.0,5.0,Newcastle United,2025,3782,Away,L,0,3,Newcastle United,1.6,2.1,40.0,13.0,7.0,Wolverhampton Wanderers,Home
3400,2757,2025-01-18,12:30,Matchweek 22,Home,L,1,4,Bournemouth,0.8,2.0,56.0,13.0,4.0,Newcastle United,2025,477,Away,W,4,1,Newcastle United,2.0,0.8,44.0,19.0,10.0,Bournemouth,Away
3401,2759,2025-02-01,15:00,Matchweek 24,Home,L,1,2,Fulham,0.8,1.6,49.0,11.0,4.0,Newcastle United,2025,1657,Away,W,2,1,Newcastle United,1.6,0.8,51.0,15.0,4.0,Fulham,Away
3405,2761,2025-02-23,14:00,Matchweek 26,Home,W,4,3,Nottingham Forest,2.9,1.7,57.0,12.0,4.0,Newcastle United,2025,2913,Away,L,3,4,Newcastle United,1.7,2.9,43.0,17.0,5.0,Nottingham Forest,Home
3407,2764,2025-04-02,19:45,Matchweek 30,Home,W,2,1,Brentford,1.3,1.5,49.0,21.0,4.0,Newcastle United,2025,637,Away,L,1,2,Newcastle United,1.5,1.3,51.0,11.0,2.0,Brentford,Home
3411,2766,2025-04-13,16:30,Matchweek 32,Home,W,4,1,Manchester United,2.2,0.7,48.0,13.0,6.0,Newcastle United,2025,2577,Away,L,1,4,Newcastle United,0.7,2.2,52.0,9.0,5.0,Manchester United,Home
3412,2767,2025-04-16,19:30,Matchweek 29,Home,W,5,0,Crystal Palace,1.5,2.0,59.0,14.0,7.0,Newcastle United,2025,1323,Away,L,0,5,Newcastle United,2.0,1.5,41.0,10.0,2.0,Crystal Palace,Home
3414,2769,2025-04-26,15:00,Matchweek 34,Home,W,3,0,Ipswich Town,2.4,0.1,77.0,24.0,3.0,Newcastle United,2025,1705,Away,L,0,3,Newcastle United,0.1,2.4,23.0,4.0,0.0,Ipswich Town,Home
3417,2771,2025-05-11,12:00,Matchweek 36,Home,W,2,0,Chelsea,1.6,0.7,45.0,15.0,6.0,Newcastle United,2025,1137,Away,L,0,2,Newcastle United,0.7,1.6,55.0,10.0,3.0,Chelsea,Home
3424,2773,2025-05-25,16:00,Matchweek 38,Home,L,0,1,Everton,1.2,1.2,65.0,17.0,6.0,Newcastle United,2025,1519,Away,W,1,0,Newcastle United,1.2,1.2,35.0,14.0,6.0,Everton,Away
3428,2774,2021-08-14,17:30,Matchweek 1,Home,L,0,3,Liverpool,1.4,1.6,50.0,14.0,3.0,Norwich City,2022,2014,Away,W,3,0,Norwich City,1.6,1.4,50.0,19.0,6.0,Liverpool,Away
3432,2776,2021-08-28,15:00,Matchweek 3,Home,L,1,2,Leicester City,1.5,1.5,45.0,13.0,3.0,Norwich City,2022,1864,Away,W,2,1,Norwich City,1.5,1.5,55.0,9.0,3.0,Leicester City,Away
3437,2778,2021-09-18,15:00,Matchweek 5,Home,L,1,3,Watford,1.0,2.4,49.0,12.0,5.0,Norwich City,2022,3348,Away,W,3,1,Norwich City,2.4,1.0,51.0,12.0,8.0,Watford,Away
3438,2781,2021-10-16,15:00,Matchweek 8,Home,D,0,0,Brighton,1.2,0.8,36.0,15.0,2.0,Norwich City,2022,691,Away,D,0,0,Norwich City,0.8,1.2,64.0,11.0,3.0,Brighton,Draw
3443,2783,2021-10-31,14:00,Matchweek 10,Home,L,1,2,Leeds United,0.8,0.7,48.0,14.0,3.0,Norwich City,2022,1757,Away,W,2,1,Norwich City,0.7,0.8,52.0,13.0,5.0,Leeds United,Away
3448,2785,2021-11-20,15:00,Matchweek 12,Home,W,2,1,Southampton,0.5,1.0,38.0,8.0,4.0,Norwich City,2022,3051,Away,L,1,2,Norwich City,1.0,0.5,62.0,17.0,5.0,Southampton,Home
3452,2786,2021-11-27,15:00,Matchweek 13,Home,D,0,0,Wolverhampton Wanderers,1.6,0.3,43.0,14.0,4.0,Norwich City,2022,3660,Away,D,0,0,Norwich City,0.3,1.6,57.0,5.0,2.0,Wolverhampton Wanderers,Draw
3453,2789,2021-12-11,17:30,Matchweek 16,Home,L,0,1,Manchester United,1.2,2.0,48.0,11.0,5.0,Norwich City,2022,2447,Away,W,1,0,Norwich City,2.0,1.2,52.0,12.0,4.0,Manchester United,Away
3454,2790,2021-12-14,19:45,Matchweek 17,Home,L,0,2,Aston Villa,0.5,2.0,50.0,7.0,3.0,Norwich City,2022,244,Away,W,2,0,Norwich City,2.0,0.5,50.0,17.0,6.0,Aston Villa,Away
3455,2791,2021-12-26,15:00,Matchweek 19,Home,L,0,5,Arsenal,0.1,2.5,36.0,4.0,2.0,Norwich City,2022,56,Away,W,5,0,Norwich City,2.5,0.1,64.0,15.0,5.0,Arsenal,Away
3459,2794,2022-01-15,15:00,Matchweek 22,Home,W,2,1,Everton,1.0,0.6,41.0,14.0,3.0,Norwich City,2022,1386,Away,L,1,2,Norwich City,0.6,1.0,59.0,12.0,5.0,Everton,Home
3463,2796,2022-02-09,19:45,Matchweek 24,Home,D,1,1,Crystal Palace,0.4,1.3,30.0,5.0,1.0,Norwich City,2022,1200,Away,D,1,1,Norwich City,1.3,0.4,70.0,12.0,5.0,Crystal Palace,Draw
3465,2797,2022-02-12,17:30,Matchweek 25,Home,L,0,4,Manchester City,0.4,4.6,29.0,8.0,3.0,Norwich City,2022,2266,Away,W,4,0,Norwich City,4.6,0.4,71.0,21.0,8.0,Manchester City,Away
3466,2800,2022-03-05,15:00,Matchweek 28,Home,L,1,3,Brentford,1.0,2.0,60.0,15.0,7.0,Norwich City,2022,521,Away,W,3,1,Norwich City,2.0,1.0,40.0,8.0,4.0,Brentford,Away
3471,2801,2022-03-10,19:30,Matchweek 30,Home,L,1,3,Chelsea,1.0,1.8,34.0,7.0,2.0,Norwich City,2022,1014,Away,W,3,1,Norwich City,1.8,1.0,66.0,15.0,7.0,Chelsea,Away
3472,2804,2022-04-10,14:00,Matchweek 32,Home,W,2,0,Burnley,1.7,1.7,45.0,17.0,6.0,Norwich City,2022,903,Away,L,0,2,Norwich City,1.7,1.7,55.0,18.0,3.0,Burnley,Home
3476,2806,2022-04-23,15:00,Matchweek 34,Home,L,0,3,Newcastle United,0.6,1.9,46.0,5.0,2.0,Norwich City,2022,2655,Away,W,3,0,Norwich City,1.9,0.6,54.0,13.0,7.0,Newcastle United,Away
3480,2808,2022-05-08,14:00,Matchweek 36,Home,L,0,4,West Ham,0.8,3.0,37.0,8.0,2.0,Norwich City,2022,3493,Away,W,4,0,Norwich City,3.0,0.8,63.0,12.0,4.0,West Ham,Away
3487,2811,2022-05-22,16:00,Matchweek 38,Home,L,0,5,Tottenham Hotspur,0.5,3.4,41.0,9.0,0.0,Norwich City,2022,3229,Away,W,5,0,Norwich City,3.4,0.5,59.0,19.0,12.0,Tottenham Hotspur,Away
3491,2813,2022-08-14,14:00,Matchweek 2,Home,W,1,0,West Ham,1.3,2.1,43.0,13.0,6.0,Nottingham Forest,2023,3497,Away,L,0,1,Nottingham Forest,2.1,1.3,57.0,18.0,3.0,West Ham,Home
3492,2815,2022-08-28,16:30,Matchweek 4,Home,L,0,2,Tottenham Hotspur,0.9,2.4,55.0,17.0,1.0,Nottingham Forest,2023,3233,Away,W,2,0,Nottingham Forest,2.4,0.9,45.0,17.0,5.0,Tottenham Hotspur,Away
3493,2817,2022-09-03,15:00,Matchweek 6,Home,L,2,3,Bournemouth,1.9,0.8,52.0,10.0,2.0,Nottingham Forest,2023,385,Away,W,3,2,Nottingham Forest,0.8,1.9,48.0,8.0,3.0,Bournemouth,Away
3499,2818,2022-09-16,20:00,Matchweek 8,Home,L,2,3,Fulham,1.4,0.9,41.0,11.0,3.0,Nottingham Forest,2023,1564,Away,W,3,2,Nottingham Forest,0.9,1.4,59.0,15.0,7.0,Fulham,Away
3501,2820,2022-10-10,20:00,Matchweek 10,Home,D,1,1,Aston Villa,0.3,0.7,40.0,6.0,3.0,Nottingham Forest,2023,274,Away,D,1,1,Nottingham Forest,0.7,0.3,60.0,12.0,2.0,Aston Villa,Draw
3502,2823,2022-10-22,12:30,Matchweek 13,Home,W,1,0,Liverpool,1.9,1.6,25.0,10.0,7.0,Nottingham Forest,2023,2062,Away,L,0,1,Nottingham Forest,1.6,1.9,75.0,15.0,7.0,Liverpool,Home
3504,2825,2022-11-05,15:00,Matchweek 15,Home,D,2,2,Brentford,1.5,1.5,48.0,15.0,6.0,Nottingham Forest,2023,545,Away,D,2,2,Nottingham Forest,1.5,1.5,52.0,5.0,1.0,Brentford,Draw
3507,2826,2022-11-12,15:00,Matchweek 16,Home,W,1,0,Crystal Palace,1.1,1.2,32.0,9.0,2.0,Nottingham Forest,2023,1229,Away,L,0,1,Nottingham Forest,1.2,1.1,68.0,7.0,0.0,Crystal Palace,Home
3512,2828,2023-01-01,16:30,Matchweek 18,Home,D,1,1,Chelsea,1.4,0.9,29.0,12.0,5.0,Nottingham Forest,2023,1041,Away,D,1,1,Nottingham Forest,0.9,1.4,71.0,7.0,2.0,Chelsea,Draw
3513,2830,2023-01-14,15:00,Matchweek 20,Home,W,2,0,Leicester City,2.4,1.0,39.0,15.0,5.0,Nottingham Forest,2023,1918,Away,L,0,2,Nottingham Forest,1.0,2.4,61.0,6.0,1.0,Leicester City,Home
3517,2832,2023-02-05,14:00,Matchweek 22,Home,W,1,0,Leeds United,0.4,0.9,30.0,6.0,2.0,Nottingham Forest,2023,1805,Away,L,0,1,Nottingham Forest,0.9,0.4,70.0,10.0,4.0,Leeds United,Home
3522,2834,2023-02-18,15:00,Matchweek 24,Home,D,1,1,Manchester City,0.9,2.4,27.0,4.0,1.0,Nottingham Forest,2023,2303,Away,D,1,1,Nottingham Forest,2.4,0.9,73.0,23.0,6.0,Manchester City,Draw
3524,2836,2023-03-05,14:00,Matchweek 26,Home,D,2,2,Everton,0.8,1.7,57.0,10.0,4.0,Nottingham Forest,2023,1431,Away,D,2,2,Nottingham Forest,1.7,0.8,43.0,9.0,2.0,Everton,Draw
3525,2838,2023-03-17,20:00,Matchweek 28,Home,L,1,2,Newcastle United,0.4,2.4,39.0,5.0,3.0,Nottingham Forest,2023,2685,Away,W,2,1,Nottingham Forest,2.4,0.4,61.0,14.0,3.0,Newcastle United,Away
3530,2839,2023-04-01,15:00,Matchweek 29,Home,D,1,1,Wolverhampton Wanderers,1.3,0.5,29.0,17.0,7.0,Nottingham Forest,2023,3714,Away,D,1,1,Nottingham Forest,0.5,1.3,71.0,8.0,1.0,Wolverhampton Wanderers,Draw
3531,2842,2023-04-16,16:30,Matchweek 31,Home,L,0,2,Manchester United,0.7,3.5,32.0,6.0,0.0,Nottingham Forest,2023,2499,Away,W,2,0,Nottingham Forest,3.5,0.7,68.0,22.0,7.0,Manchester United,Away
3532,2844,2023-04-26,19:30,Matchweek 33,Home,W,3,1,Brighton,2.4,2.3,26.0,10.0,3.0,Nottingham Forest,2023,751,Away,L,1,3,Nottingham Forest,2.3,2.4,74.0,17.0,7.0,Brighton,Home
3533,2846,2023-05-08,20:00,Matchweek 35,Home,W,4,3,Southampton,1.8,3.1,36.0,8.0,3.0,Nottingham Forest,2023,3112,Away,L,3,4,Nottingham Forest,3.1,1.8,64.0,18.0,4.0,Southampton,Home
3534,2848,2023-05-20,17:30,Matchweek 37,Home,W,1,0,Arsenal,0.6,0.6,19.0,6.0,2.0,Nottingham Forest,2023,112,Away,L,0,1,Nottingham Forest,0.6,0.6,81.0,11.0,3.0,Arsenal,Home
3535,2851,2023-08-18,19:45,Matchweek 2,Home,W,2,1,Sheffield United,1.4,0.5,50.0,16.0,4.0,Nottingham Forest,2024,2965,Away,L,1,2,Nottingham Forest,0.5,1.4,50.0,7.0,3.0,Sheffield United,Home
3536,2854,2023-09-18,19:45,Matchweek 5,Home,D,1,1,Burnley,0.7,0.5,46.0,14.0,4.0,Nottingham Forest,2024,915,Away,D,1,1,Nottingham Forest,0.5,0.7,54.0,10.0,3.0,Burnley,Draw
3537,2856,2023-10-01,14:00,Matchweek 7,Home,D,1,1,Brentford,0.5,1.6,41.0,6.0,1.0,Nottingham Forest,2024,576,Away,D,1,1,Nottingham Forest,1.6,0.5,59.0,18.0,3.0,Brentford,Draw
3541,2858,2023-10-21,15:00,Matchweek 9,Home,D,2,2,Luton Town,2.9,1.7,57.0,19.0,8.0,Nottingham Forest,2024,2174,Away,D,2,2,Nottingham Forest,1.7,2.9,43.0,13.0,4.0,Luton Town,Draw
3543,2860,2023-11-05,14:00,Matchweek 11,Home,W,2,0,Aston Villa,0.4,1.2,27.0,5.0,3.0,Nottingham Forest,2024,314,Away,L,0,2,Nottingham Forest,1.2,0.4,73.0,13.0,3.0,Aston Villa,Home
3545,2862,2023-11-25,15:00,Matchweek 13,Home,L,2,3,Brighton,1.9,1.3,47.0,17.0,4.0,Nottingham Forest,2024,772,Away,W,3,2,Nottingham Forest,1.3,1.9,53.0,9.0,4.0,Brighton,Away
3549,2863,2023-12-02,17:30,Matchweek 14,Home,L,0,1,Everton,0.7,0.7,61.0,13.0,2.0,Nottingham Forest,2024,1457,Away,W,1,0,Nottingham Forest,0.7,0.7,39.0,12.0,2.0,Everton,Away
3550,2866,2023-12-15,20:00,Matchweek 17,Home,L,0,2,Tottenham Hotspur,1.3,1.5,34.0,15.0,1.0,Nottingham Forest,2024,3284,Away,W,2,0,Nottingham Forest,1.5,1.3,66.0,12.0,6.0,Tottenham Hotspur,Away
3551,2867,2023-12-23,15:00,Matchweek 18,Home,L,2,3,Bournemouth,1.0,1.6,34.0,11.0,4.0,Nottingham Forest,2024,434,Away,W,3,2,Nottingham Forest,1.6,1.0,66.0,18.0,6.0,Bournemouth,Away
3555,2869,2023-12-30,17:30,Matchweek 20,Home,W,2,1,Manchester United,0.7,0.8,44.0,8.0,2.0,Nottingham Forest,2024,2527,Away,L,1,2,Nottingham Forest,0.8,0.7,56.0,10.0,5.0,Manchester United,Home
3556,2871,2024-01-30,19:30,Matchweek 22,Home,L,1,2,Arsenal,0.5,1.2,27.0,9.0,3.0,Nottingham Forest,2024,135,Away,W,2,1,Nottingham Forest,1.2,0.5,73.0,19.0,3.0,Arsenal,Away
3557,2873,2024-02-10,17:30,Matchweek 24,Home,L,2,3,Newcastle United,1.5,0.5,39.0,13.0,3.0,Nottingham Forest,2024,2721,Away,W,3,2,Nottingham Forest,0.5,1.5,61.0,7.0,5.0,Newcastle United,Away
3561,2874,2024-02-17,15:00,Matchweek 25,Home,W,2,0,West Ham,2.8,0.5,49.0,19.0,8.0,Nottingham Forest,2024,3558,Away,L,0,2,Nottingham Forest,0.5,2.8,51.0,10.0,3.0,West Ham,Home
3566,2876,2024-03-02,15:00,Matchweek 27,Home,L,0,1,Liverpool,1.0,2.0,31.0,8.0,2.0,Nottingham Forest,2024,2116,Away,W,1,0,Nottingham Forest,2.0,1.0,69.0,22.0,1.0,Liverpool,Away
3570,2879,2024-03-30,15:00,Matchweek 30,Home,D,1,1,Crystal Palace,0.9,1.2,59.0,12.0,5.0,Nottingham Forest,2024,1282,Away,D,1,1,Nottingham Forest,1.2,0.9,41.0,10.0,3.0,Crystal Palace,Draw
3575,2880,2024-04-02,19:30,Matchweek 31,Home,W,3,1,Fulham,1.5,1.5,34.0,16.0,4.0,Nottingham Forest,2024,1626,Away,L,1,3,Nottingham Forest,1.5,1.5,66.0,18.0,3.0,Fulham,Home
3579,2882,2024-04-13,15:00,Matchweek 33,Home,D,2,2,Wolverhampton Wanderers,1.9,1.0,46.0,18.0,9.0,Nottingham Forest,2024,3755,Away,D,2,2,Nottingham Forest,1.0,1.9,54.0,11.0,3.0,Wolverhampton Wanderers,Draw
3580,2884,2024-04-28,16:30,Matchweek 35,Home,L,0,2,Manchester City,1.9,0.9,34.0,14.0,2.0,Nottingham Forest,2024,2351,Away,W,2,0,Nottingham Forest,0.9,1.9,66.0,11.0,5.0,Manchester City,Away
3581,2886,2024-05-11,17:30,Matchweek 37,Home,L,2,3,Chelsea,1.5,1.6,33.0,20.0,4.0,Nottingham Forest,2024,1099,Away,W,3,2,Nottingham Forest,1.6,1.5,67.0,12.0,5.0,Chelsea,Away
3582,2888,2024-08-17,15:00,Matchweek 1,Home,D,1,1,Bournemouth,1.3,1.2,53.0,14.0,8.0,Nottingham Forest,2025,456,Away,D,1,1,Nottingham Forest,1.2,1.3,47.0,13.0,4.0,Bournemouth,Draw
3590,2890,2024-08-31,15:00,Matchweek 3,Home,D,1,1,Wolverhampton Wanderers,1.0,0.7,52.0,16.0,5.0,Nottingham Forest,2025,3764,Away,D,1,1,Nottingham Forest,0.7,1.0,48.0,11.0,2.0,Wolverhampton Wanderers,Draw
3593,2893,2024-09-28,15:00,Matchweek 6,Home,L,0,1,Fulham,0.8,1.3,41.0,11.0,1.0,Nottingham Forest,2025,1639,Away,W,1,0,Nottingham Forest,1.3,0.8,59.0,13.0,1.0,Fulham,Away
3596,2895,2024-10-21,20:00,Matchweek 8,Home,W,1,0,Crystal Palace,1.7,1.0,51.0,20.0,6.0,Nottingham Forest,2025,1299,Away,L,0,1,Nottingham Forest,1.0,1.7,49.0,20.0,7.0,Crystal Palace,Home
3601,2897,2024-11-02,15:00,Matchweek 10,Home,W,3,0,West Ham,2.2,0.1,54.0,19.0,6.0,Nottingham Forest,2025,3581,Away,L,0,3,Nottingham Forest,0.1,2.2,46.0,4.0,1.0,West Ham,Home
3604,2898,2024-11-10,14:00,Matchweek 11,Home,L,1,3,Newcastle United,0.6,1.6,44.0,9.0,3.0,Nottingham Forest,2025,2746,Away,W,3,1,Nottingham Forest,1.6,0.6,56.0,17.0,6.0,Newcastle United,Away
3606,2900,2024-11-30,15:00,Matchweek 13,Home,W,1,0,Ipswich Town,1.6,0.6,45.0,11.0,4.0,Nottingham Forest,2025,1684,Away,L,0,1,Nottingham Forest,0.6,1.6,55.0,7.0,2.0,Ipswich Town,Home
3609,2903,2024-12-14,17:30,Matchweek 16,Home,W,2,1,Aston Villa,1.7,0.4,50.0,17.0,6.0,Nottingham Forest,2025,357,Away,L,1,2,Nottingham Forest,0.4,1.7,50.0,8.0,2.0,Aston Villa,Home
3613,2905,2024-12-26,15:00,Matchweek 18,Home,W,1,0,Tottenham Hotspur,1.1,0.9,30.0,10.0,3.0,Nottingham Forest,2025,3323,Away,L,0,1,Nottingham Forest,0.9,1.1,70.0,13.0,4.0,Tottenham Hotspur,Home
3615,2908,2025-01-14,20:00,Matchweek 21,Home,D,1,1,Liverpool,0.3,2.0,30.0,6.0,3.0,Nottingham Forest,2025,2147,Away,D,1,1,Nottingham Forest,2.0,0.3,70.0,23.0,6.0,Liverpool,Draw
3617,2909,2025-01-19,14:00,Matchweek 22,Home,W,3,2,Southampton,1.8,0.9,45.0,14.0,4.0,Nottingham Forest,2025,3137,Away,L,2,3,Nottingham Forest,0.9,1.8,55.0,10.0,3.0,Southampton,Home
3619,2911,2025-02-01,12:30,Matchweek 24,Home,W,7,0,Brighton,3.3,0.9,38.0,13.0,8.0,Nottingham Forest,2025,821,Away,L,0,7,Nottingham Forest,0.9,3.3,62.0,10.0,5.0,Brighton,Home
3620,2914,2025-02-26,19:30,Matchweek 27,Home,D,0,0,Arsenal,0.4,1.0,36.0,6.0,2.0,Nottingham Forest,2025,178,Away,D,0,0,Nottingham Forest,1.0,0.4,64.0,13.0,1.0,Arsenal,Draw
3624,2915,2025-03-08,12:30,Matchweek 28,Home,W,1,0,Manchester City,0.7,0.9,31.0,9.0,4.0,Nottingham Forest,2025,2383,Away,L,0,1,Nottingham Forest,0.9,0.7,69.0,14.0,3.0,Manchester City,Home
3625,2917,2025-04-01,20:00,Matchweek 30,Home,W,1,0,Manchester United,0.5,1.6,32.0,8.0,2.0,Nottingham Forest,2025,2575,Away,L,0,1,Nottingham Forest,1.6,0.5,68.0,23.0,5.0,Manchester United,Home
3627,2919,2025-04-12,15:00,Matchweek 32,Home,L,0,1,Everton,0.5,1.4,43.0,10.0,5.0,Nottingham Forest,2025,1513,Away,W,1,0,Nottingham Forest,1.4,0.5,57.0,13.0,5.0,Everton,Away
3629,2921,2025-05-01,19:30,Matchweek 34,Home,L,0,2,Brentford,0.9,1.3,55.0,14.0,5.0,Nottingham Forest,2025,641,Away,W,2,0,Nottingham Forest,1.3,0.9,45.0,11.0,3.0,Brentford,Away
3631,2923,2025-05-11,14:15,Matchweek 36,Home,D,2,2,Leicester City,1.3,1.1,55.0,15.0,4.0,Nottingham Forest,2025,1973,Away,D,2,2,Nottingham Forest,1.1,1.3,45.0,10.0,6.0,Leicester City,Draw
3637,2925,2025-05-25,16:00,Matchweek 38,Home,L,0,1,Chelsea,1.2,1.1,52.0,10.0,2.0,Nottingham Forest,2025,1139,Away,W,1,0,Nottingham Forest,1.1,1.2,48.0,6.0,2.0,Chelsea,Away
3643,2926,2020-09-14,18:00,Matchweek 1,Home,L,0,2,Wolverhampton Wanderers,1.0,1.4,55.0,9.0,1.0,Sheffield United,2021,3610,Away,W,2,0,Sheffield United,1.4,1.0,45.0,11.0,4.0,Wolverhampton Wanderers,Away
3644,2928,2020-09-27,12:00,Matchweek 3,Home,L,0,1,Leeds United,1.4,1.2,36.0,14.0,4.0,Sheffield United,2021,1712,Away,W,1,0,Sheffield United,1.2,1.4,64.0,17.0,8.0,Leeds United,Away
3645,2930,2020-10-18,12:00,Matchweek 5,Home,D,1,1,Fulham,1.7,1.5,42.0,9.0,5.0,Sheffield United,2021,1524,Away,D,1,1,Sheffield United,1.5,1.7,58.0,14.0,6.0,Fulham,Draw
3646,2932,2020-10-31,12:30,Matchweek 7,Home,L,0,1,Manchester City,0.5,1.6,35.0,3.0,1.0,Sheffield United,2021,2209,Away,W,1,0,Sheffield United,1.6,0.5,65.0,16.0,8.0,Manchester City,Away
3647,2934,2020-11-22,14:00,Matchweek 9,Home,L,0,1,West Ham,0.9,2.1,51.0,9.0,5.0,Sheffield United,2021,3428,Away,W,1,0,Sheffield United,2.1,0.9,49.0,15.0,3.0,West Ham,Away
3648,2936,2020-12-06,14:15,Matchweek 11,Home,L,1,2,Leicester City,0.2,1.4,31.0,4.0,1.0,Sheffield United,2021,1834,Away,W,2,1,Sheffield United,1.4,0.2,69.0,13.0,4.0,Leicester City,Away
3649,2938,2020-12-17,20:00,Matchweek 13,Home,L,2,3,Manchester United,1.5,1.9,40.0,12.0,6.0,Sheffield United,2021,2405,Away,W,3,2,Sheffield United,1.9,1.5,60.0,15.0,8.0,Manchester United,Away
3650,2940,2020-12-26,20:00,Matchweek 15,Home,L,0,1,Everton,1.4,0.7,44.0,10.0,1.0,Sheffield United,2021,1344,Away,W,1,0,Sheffield United,0.7,1.4,56.0,7.0,3.0,Everton,Away
3652,2943,2021-01-12,18:00,Matchweek 18,Home,W,1,0,Newcastle United,2.1,0.6,65.0,16.0,3.0,Sheffield United,2021,2600,Away,L,0,1,Sheffield United,0.6,2.1,35.0,7.0,3.0,Newcastle United,Home
3653,2944,2021-01-17,14:00,Matchweek 19,Home,L,1,3,Tottenham Hotspur,0.9,1.0,43.0,15.0,5.0,Sheffield United,2021,3171,Away,W,3,1,Sheffield United,1.0,0.9,57.0,14.0,5.0,Tottenham Hotspur,Away
3655,2947,2021-02-02,18:00,Matchweek 22,Home,W,2,1,West Brom,1.3,1.6,68.0,14.0,6.0,Sheffield United,2021,3403,Away,L,1,2,Sheffield United,1.6,1.3,32.0,8.0,4.0,West Brom,Home
3656,2948,2021-02-07,19:15,Matchweek 23,Home,L,1,2,Chelsea,0.6,1.6,32.0,8.0,3.0,Sheffield United,2021,972,Away,W,2,1,Sheffield United,1.6,0.6,68.0,8.0,1.0,Chelsea,Away
3657,2951,2021-02-28,19:15,Matchweek 26,Home,L,0,2,Liverpool,0.7,2.7,40.0,8.0,2.0,Sheffield United,2021,2001,Away,W,2,0,Sheffield United,2.7,0.7,60.0,16.0,8.0,Liverpool,Away
3658,2952,2021-03-03,18:00,Matchweek 29,Home,W,1,0,Aston Villa,0.9,2.3,28.0,9.0,2.0,Sheffield United,2021,214,Away,L,0,1,Sheffield United,2.3,0.9,72.0,16.0,4.0,Aston Villa,Home
3660,2953,2021-03-06,15:00,Matchweek 27,Home,L,0,2,Southampton,0.7,1.9,51.0,8.0,2.0,Sheffield United,2021,3028,Away,W,2,0,Sheffield United,1.9,0.7,49.0,14.0,6.0,Southampton,Away
3661,2956,2021-04-11,19:00,Matchweek 31,Home,L,0,3,Arsenal,0.3,1.7,45.0,7.0,2.0,Sheffield United,2021,30,Away,W,3,0,Sheffield United,1.7,0.3,55.0,14.0,5.0,Arsenal,Away
3662,2958,2021-04-24,20:00,Matchweek 33,Home,W,1,0,Brighton,0.7,2.0,32.0,7.0,3.0,Sheffield United,2021,678,Away,L,0,1,Sheffield United,2.0,0.7,68.0,17.0,4.0,Brighton,Home
3663,2960,2021-05-08,15:00,Matchweek 35,Home,L,0,2,Crystal Palace,0.7,2.0,50.0,7.0,0.0,Sheffield United,2021,1173,Away,W,2,0,Sheffield United,2.0,0.7,50.0,21.0,8.0,Crystal Palace,Away
3665,2963,2021-05-23,16:00,Matchweek 38,Home,W,1,0,Burnley,0.5,1.1,43.0,12.0,3.0,Sheffield United,2021,873,Away,L,0,1,Sheffield United,1.1,0.5,57.0,10.0,3.0,Burnley,Home
3674,2964,2023-08-12,15:00,Matchweek 1,Home,L,0,1,Crystal Palace,0.5,1.9,32.0,8.0,1.0,Sheffield United,2024,1254,Away,W,1,0,Sheffield United,1.9,0.5,68.0,24.0,8.0,Crystal Palace,Away
3679,2966,2023-08-27,14:00,Matchweek 3,Home,L,1,2,Manchester City,0.7,3.5,21.0,6.0,1.0,Sheffield United,2024,2320,Away,W,2,1,Sheffield United,3.5,0.7,79.0,29.0,9.0,Manchester City,Away
3680,2967,2023-09-02,12:30,Matchweek 4,Home,D,2,2,Everton,1.2,2.5,46.0,13.0,7.0,Sheffield United,2024,1447,Away,D,2,2,Sheffield United,2.5,1.2,54.0,16.0,6.0,Everton,Draw
3681,2969,2023-09-24,16:30,Matchweek 6,Home,L,0,8,Newcastle United,0.9,3.9,42.0,9.0,1.0,Sheffield United,2024,2703,Away,W,8,0,Sheffield United,3.9,0.9,58.0,22.0,15.0,Newcastle United,Away
3682,2972,2023-10-21,20:00,Matchweek 9,Home,L,1,2,Manchester United,1.4,1.1,38.0,11.0,5.0,Sheffield United,2024,2516,Away,W,2,1,Sheffield United,1.1,1.4,62.0,14.0,5.0,Manchester United,Away
3687,2974,2023-11-04,15:00,Matchweek 11,Home,W,2,1,Wolverhampton Wanderers,1.0,1.2,39.0,10.0,1.0,Sheffield United,2024,3734,Away,L,1,2,Sheffield United,1.2,1.0,61.0,10.0,3.0,Wolverhampton Wanderers,Home
3688,2976,2023-11-25,15:00,Matchweek 13,Home,L,1,3,Bournemouth,0.8,2.9,46.0,10.0,2.0,Sheffield United,2024,430,Away,W,3,1,Sheffield United,2.9,0.8,54.0,23.0,11.0,Bournemouth,Away
3695,2978,2023-12-06,19:30,Matchweek 15,Home,L,0,2,Liverpool,1.0,1.7,25.0,6.0,1.0,Sheffield United,2024,2104,Away,W,2,0,Sheffield United,1.7,1.0,75.0,15.0,8.0,Liverpool,Away
3698,2979,2023-12-09,15:00,Matchweek 16,Home,W,1,0,Brentford,0.8,0.6,41.0,9.0,4.0,Sheffield United,2024,585,Away,L,0,1,Sheffield United,0.6,0.8,59.0,10.0,4.0,Brentford,Home
3702,2982,2023-12-26,15:00,Matchweek 19,Home,L,2,3,Luton Town,2.4,0.6,51.0,21.0,4.0,Sheffield United,2024,2183,Away,W,3,2,Sheffield United,0.6,2.4,49.0,12.0,4.0,Luton Town,Away
3703,2984,2024-01-21,14:00,Matchweek 21,Home,D,2,2,West Ham,2.5,2.3,57.0,20.0,5.0,Sheffield United,2024,3554,Away,D,2,2,Sheffield United,2.3,2.5,43.0,15.0,4.0,West Ham,Draw
3704,2986,2024-02-03,17:30,Matchweek 23,Home,L,0,5,Aston Villa,1.4,2.2,37.0,10.0,4.0,Sheffield United,2024,326,Away,W,5,0,Sheffield United,2.2,1.4,63.0,14.0,9.0,Aston Villa,Away
3705,2988,2024-02-18,14:00,Matchweek 25,Home,L,0,5,Brighton,0.6,2.9,21.0,6.0,1.0,Sheffield United,2024,784,Away,W,5,0,Sheffield United,2.9,0.6,79.0,24.0,9.0,Brighton,Away
3706,2990,2024-03-04,20:00,Matchweek 27,Home,L,0,6,Arsenal,0.2,2.3,20.0,4.0,0.0,Sheffield United,2024,140,Away,W,6,0,Sheffield United,2.3,0.2,80.0,22.0,9.0,Arsenal,Away
3710,2992,2024-03-30,15:00,Matchweek 30,Home,D,3,3,Fulham,1.9,1.3,27.0,8.0,4.0,Sheffield United,2024,1625,Away,D,3,3,Sheffield United,1.3,1.9,73.0,24.0,9.0,Fulham,Draw
3712,2994,2024-04-07,17:30,Matchweek 32,Home,D,2,2,Chelsea,1.4,0.3,32.0,11.0,5.0,Sheffield United,2024,1093,Away,D,2,2,Sheffield United,0.3,1.4,68.0,6.0,3.0,Chelsea,Draw
3714,2996,2024-04-20,15:00,Matchweek 34,Home,L,1,4,Burnley,2.4,2.2,49.0,18.0,11.0,Sheffield United,2024,945,Away,W,4,1,Sheffield United,2.2,2.4,51.0,16.0,9.0,Burnley,Away
3717,2999,2024-05-04,15:00,Matchweek 36,Home,L,1,3,Nottingham Forest,2.2,1.4,54.0,16.0,4.0,Sheffield United,2024,2885,Away,W,3,1,Sheffield United,1.4,2.2,46.0,15.0,4.0,Nottingham Forest,Away
3725,3001,2024-05-19,16:00,Matchweek 38,Home,L,0,3,Tottenham Hotspur,1.0,3.1,25.0,6.0,1.0,Sheffield United,2024,3305,Away,W,3,0,Sheffield United,3.1,1.0,75.0,18.0,9.0,Tottenham Hotspur,Away
3728,3003,2020-09-20,12:00,Matchweek 2,Home,L,2,5,Tottenham Hotspur,2.0,2.1,51.0,13.0,6.0,Southampton,2021,3155,Away,W,5,2,Southampton,2.1,2.0,49.0,9.0,6.0,Tottenham Hotspur,Away
3729,3005,2020-10-04,12:00,Matchweek 4,Home,W,2,0,West Brom,1.2,0.2,62.0,13.0,7.0,Southampton,2021,3385,Away,L,0,2,Southampton,0.2,1.2,38.0,5.0,2.0,West Brom,Home
3731,3007,2020-10-25,14:00,Matchweek 6,Home,W,2,0,Everton,0.7,0.4,54.0,13.0,6.0,Southampton,2021,1335,Away,L,0,2,Southampton,0.4,0.7,46.0,6.0,2.0,Everton,Home
3732,3009,2020-11-06,20:00,Matchweek 8,Home,W,2,0,Newcastle United,0.7,0.3,61.0,15.0,7.0,Southampton,2021,2591,Away,L,0,2,Southampton,0.3,0.7,39.0,4.0,2.0,Newcastle United,Home
3733,3011,2020-11-29,14:00,Matchweek 10,Home,L,2,3,Manchester United,0.5,2.1,50.0,10.0,5.0,Southampton,2021,2402,Away,W,3,2,Southampton,2.1,0.5,50.0,15.0,6.0,Manchester United,Away
3734,3013,2020-12-13,12:00,Matchweek 12,Home,W,3,0,Sheffield United,2.0,0.3,67.0,16.0,6.0,Southampton,2021,2937,Away,L,0,3,Southampton,0.3,2.0,33.0,3.0,0.0,Sheffield United,Home
3735,3015,2020-12-19,15:00,Matchweek 14,Home,L,0,1,Manchester City,0.7,0.9,48.0,9.0,3.0,Southampton,2021,2216,Away,W,1,0,Southampton,0.9,0.7,52.0,11.0,5.0,Manchester City,Away
3739,3017,2020-12-29,18:00,Matchweek 16,Home,D,0,0,West Ham,0.6,1.2,62.0,8.0,3.0,Southampton,2021,3435,Away,D,0,0,Southampton,1.2,0.6,38.0,8.0,3.0,West Ham,Draw
3740,3018,2021-01-04,20:00,Matchweek 17,Home,W,1,0,Liverpool,0.4,1.5,34.0,7.0,2.0,Southampton,2021,1992,Away,L,0,1,Southampton,1.5,0.4,66.0,17.0,1.0,Liverpool,Home
3741,3020,2021-01-26,20:15,Matchweek 20,Home,L,1,3,Arsenal,0.8,2.2,58.0,13.0,5.0,Southampton,2021,19,Away,W,3,1,Southampton,2.2,0.8,42.0,9.0,4.0,Arsenal,Away
3743,3021,2021-01-30,20:00,Matchweek 21,Home,L,0,1,Aston Villa,1.9,0.6,59.0,20.0,4.0,Southampton,2021,208,Away,W,1,0,Southampton,0.6,1.9,41.0,8.0,4.0,Aston Villa,Away
3744,3024,2021-02-14,12:00,Matchweek 24,Home,L,1,2,Wolverhampton Wanderers,0.8,1.1,51.0,7.0,3.0,Southampton,2021,3633,Away,W,2,1,Southampton,1.1,0.8,49.0,9.0,3.0,Wolverhampton Wanderers,Away
3745,3025,2021-02-20,12:30,Matchweek 25,Home,D,1,1,Chelsea,0.6,1.2,30.0,4.0,1.0,Southampton,2021,974,Away,D,1,1,Southampton,1.2,0.6,70.0,8.0,2.0,Chelsea,Draw
3746,3030,2021-03-14,12:00,Matchweek 28,Home,L,1,2,Brighton,0.6,0.8,59.0,9.0,4.0,Southampton,2021,673,Away,W,2,1,Southampton,0.8,0.6,41.0,8.0,6.0,Brighton,Away
3747,3031,2021-04-04,12:00,Matchweek 30,Home,W,3,2,Burnley,2.2,1.5,53.0,24.0,8.0,Southampton,2021,865,Away,L,2,3,Southampton,1.5,2.2,47.0,6.0,4.0,Burnley,Home
3748,3034,2021-04-30,20:00,Matchweek 34,Home,D,1,1,Leicester City,0.9,1.9,30.0,4.0,2.0,Southampton,2021,1857,Away,D,1,1,Southampton,1.9,0.9,70.0,23.0,9.0,Leicester City,Draw
3749,3036,2021-05-11,20:15,Matchweek 32,Home,W,3,1,Crystal Palace,1.2,1.5,62.0,13.0,6.0,Southampton,2021,1174,Away,L,1,3,Southampton,1.5,1.2,38.0,10.0,3.0,Crystal Palace,Home
3750,3037,2021-05-15,15:00,Matchweek 36,Home,W,3,1,Fulham,1.6,0.8,47.0,11.0,6.0,Southampton,2021,1555,Away,L,1,3,Southampton,0.8,1.6,53.0,10.0,3.0,Fulham,Home
3752,3038,2021-05-18,18:00,Matchweek 37,Home,L,0,2,Leeds United,1.6,1.7,51.0,18.0,3.0,Southampton,2021,1746,Away,W,2,0,Southampton,1.7,1.6,49.0,15.0,7.0,Leeds United,Away
3753,3041,2021-08-22,14:00,Matchweek 2,Home,D,1,1,Manchester United,0.7,1.8,37.0,8.0,3.0,Southampton,2022,2433,Away,D,1,1,Southampton,1.8,0.7,63.0,15.0,3.0,Manchester United,Draw
3759,3043,2021-09-11,15:00,Matchweek 4,Home,D,0,0,West Ham,0.7,0.7,42.0,11.0,2.0,Southampton,2022,3461,Away,D,0,0,Southampton,0.7,0.7,58.0,13.0,3.0,West Ham,Draw
3761,3045,2021-09-26,14:00,Matchweek 6,Home,L,0,1,Wolverhampton Wanderers,1.0,1.0,57.0,18.0,6.0,Southampton,2022,3653,Away,W,1,0,Southampton,1.0,1.0,43.0,5.0,3.0,Wolverhampton Wanderers,Away
3764,3047,2021-10-16,15:00,Matchweek 8,Home,W,1,0,Leeds United,1.9,0.2,46.0,19.0,4.0,Southampton,2022,1755,Away,L,0,1,Southampton,0.2,1.9,54.0,3.0,0.0,Leeds United,Home
3767,3048,2021-10-23,15:00,Matchweek 9,Home,D,2,2,Burnley,1.6,0.7,61.0,16.0,4.0,Southampton,2022,882,Away,D,2,2,Southampton,0.7,1.6,39.0,9.0,5.0,Burnley,Draw
3771,3050,2021-11-05,20:00,Matchweek 11,Home,W,1,0,Aston Villa,0.6,0.6,56.0,9.0,3.0,Southampton,2022,238,Away,L,0,1,Southampton,0.6,0.6,44.0,14.0,3.0,Aston Villa,Home
3775,3053,2021-12-01,19:30,Matchweek 14,Home,D,2,2,Leicester City,1.5,1.5,45.0,15.0,7.0,Southampton,2022,1875,Away,D,2,2,Southampton,1.5,1.5,55.0,15.0,6.0,Leicester City,Draw
3776,3054,2021-12-04,15:00,Matchweek 15,Home,D,1,1,Brighton,1.6,1.6,44.0,14.0,4.0,Southampton,2022,698,Away,D,1,1,Southampton,1.6,1.6,56.0,14.0,4.0,Brighton,Draw
3780,3058,2021-12-28,15:00,Matchweek 20,Home,D,1,1,Tottenham Hotspur,0.4,2.3,35.0,9.0,2.0,Southampton,2022,3208,Away,D,1,1,Southampton,2.3,0.4,65.0,20.0,10.0,Tottenham Hotspur,Draw
3782,3059,2022-01-11,19:45,Matchweek 18,Home,W,4,1,Brentford,1.4,0.5,48.0,12.0,6.0,Southampton,2022,513,Away,L,1,4,Southampton,0.5,1.4,52.0,5.0,4.0,Brentford,Home
3783,3061,2022-01-22,17:30,Matchweek 23,Home,D,1,1,Manchester City,0.8,1.8,26.0,7.0,3.0,Southampton,2022,2264,Away,D,1,1,Southampton,1.8,0.8,74.0,20.0,5.0,Manchester City,Draw
3787,3064,2022-02-19,15:00,Matchweek 26,Home,W,2,0,Everton,2.5,0.3,55.0,19.0,11.0,Southampton,2022,1390,Away,L,0,2,Southampton,0.3,2.5,45.0,9.0,0.0,Everton,Home
3790,3065,2022-02-25,20:00,Matchweek 27,Home,W,2,0,Norwich City,2.6,0.6,58.0,27.0,9.0,Southampton,2022,2799,Away,L,0,2,Southampton,0.6,2.6,42.0,8.0,1.0,Norwich City,Home
3791,3067,2022-03-10,19:30,Matchweek 21,Home,L,1,2,Newcastle United,1.1,0.6,67.0,14.0,5.0,Southampton,2022,2648,Away,W,2,1,Southampton,0.6,1.1,33.0,8.0,3.0,Newcastle United,Away
3795,3068,2022-03-13,14:00,Matchweek 29,Home,L,1,2,Watford,1.4,1.7,63.0,13.0,6.0,Southampton,2022,3372,Away,W,2,1,Southampton,1.7,1.4,37.0,9.0,5.0,Watford,Away
3798,3070,2022-04-09,15:00,Matchweek 32,Home,L,0,6,Chelsea,0.5,4.2,30.0,4.0,1.0,Southampton,2022,1017,Away,W,6,0,Southampton,4.2,0.5,70.0,24.0,14.0,Chelsea,Away
3800,3071,2022-04-16,15:00,Matchweek 33,Home,W,1,0,Arsenal,0.8,1.7,25.0,9.0,3.0,Southampton,2022,68,Away,L,0,1,Southampton,1.7,0.8,75.0,23.0,6.0,Arsenal,Home
3805,3074,2022-04-30,15:00,Matchweek 35,Home,L,1,2,Crystal Palace,0.6,1.1,38.0,8.0,3.0,Southampton,2022,1211,Away,W,2,1,Southampton,1.1,0.6,62.0,14.0,5.0,Crystal Palace,Away
3807,3076,2022-05-17,19:45,Matchweek 37,Home,L,1,2,Liverpool,0.1,1.3,30.0,4.0,2.0,Southampton,2022,2050,Away,W,2,1,Southampton,1.3,0.1,70.0,24.0,5.0,Liverpool,Away
3810,3079,2022-08-13,15:00,Matchweek 2,Home,D,2,2,Leeds United,1.2,1.8,43.0,14.0,4.0,Southampton,2023,1787,Away,D,2,2,Southampton,1.8,1.2,57.0,13.0,5.0,Leeds United,Draw
3813,3081,2022-08-27,12:30,Matchweek 4,Home,L,0,1,Manchester United,1.4,1.1,49.0,17.0,4.0,Southampton,2023,2473,Away,W,1,0,Southampton,1.1,1.4,51.0,11.0,4.0,Manchester United,Away
3814,3082,2022-08-30,19:45,Matchweek 5,Home,W,2,1,Chelsea,1.1,1.1,33.0,9.0,5.0,Southampton,2023,1030,Away,L,1,2,Southampton,1.1,1.1,67.0,10.0,4.0,Chelsea,Home
3818,3085,2022-10-01,15:00,Matchweek 9,Home,L,1,2,Everton,1.7,2.0,55.0,22.0,6.0,Southampton,2023,1413,Away,W,2,1,Southampton,2.0,1.7,45.0,12.0,5.0,Everton,Away
3823,3087,2022-10-16,14:00,Matchweek 11,Home,D,1,1,West Ham,0.5,1.7,39.0,10.0,8.0,Southampton,2023,3505,Away,D,1,1,Southampton,1.7,0.5,61.0,25.0,4.0,West Ham,Draw
3824,3089,2022-10-23,14:00,Matchweek 13,Home,D,1,1,Arsenal,0.7,1.0,41.0,10.0,3.0,Southampton,2023,86,Away,D,1,1,Southampton,1.0,0.7,59.0,12.0,3.0,Arsenal,Draw
3830,3091,2022-11-06,14:00,Matchweek 15,Home,L,1,4,Newcastle United,1.7,0.9,55.0,16.0,5.0,Southampton,2023,2673,Away,W,4,1,Southampton,0.9,1.7,45.0,7.0,4.0,Newcastle United,Away
3831,3093,2022-12-26,15:00,Matchweek 17,Home,L,1,3,Brighton,1.9,0.6,34.0,13.0,3.0,Southampton,2023,736,Away,W,3,1,Southampton,0.6,1.9,66.0,7.0,4.0,Brighton,Away
3835,3095,2023-01-04,19:30,Matchweek 19,Home,L,0,1,Nottingham Forest,0.5,1.4,63.0,8.0,0.0,Southampton,2023,2829,Away,W,1,0,Southampton,1.4,0.5,37.0,11.0,1.0,Nottingham Forest,Away
3836,3097,2023-01-21,15:00,Matchweek 21,Home,L,0,1,Aston Villa,0.6,1.4,37.0,8.0,5.0,Southampton,2023,285,Away,W,1,0,Southampton,1.4,0.6,63.0,16.0,5.0,Aston Villa,Away
3844,3099,2023-02-11,15:00,Matchweek 23,Home,L,1,2,Wolverhampton Wanderers,1.1,0.8,41.0,17.0,2.0,Southampton,2023,3707,Away,W,2,1,Southampton,0.8,1.1,59.0,11.0,1.0,Wolverhampton Wanderers,Away
3845,3102,2023-03-04,17:30,Matchweek 26,Home,W,1,0,Leicester City,1.4,1.9,35.0,10.0,4.0,Southampton,2023,1924,Away,L,0,1,Southampton,1.9,1.4,65.0,11.0,0.0,Leicester City,Home
3846,3104,2023-03-15,19:30,Matchweek 7,Home,L,0,2,Brentford,0.5,1.9,66.0,7.0,0.0,Southampton,2023,557,Away,W,2,0,Southampton,1.9,0.5,34.0,11.0,4.0,Brentford,Away
3850,3105,2023-03-18,15:00,Matchweek 28,Home,D,3,3,Tottenham Hotspur,2.4,2.3,51.0,18.0,6.0,Southampton,2023,3257,Away,D,3,3,Southampton,2.3,2.4,49.0,17.0,3.0,Tottenham Hotspur,Draw
3851,3107,2023-04-08,17:30,Matchweek 30,Home,L,1,4,Manchester City,0.4,2.9,27.0,4.0,1.0,Southampton,2023,2308,Away,W,4,1,Southampton,2.9,0.4,73.0,12.0,7.0,Manchester City,Away
3855,3108,2023-04-15,15:00,Matchweek 31,Home,L,0,2,Crystal Palace,0.8,0.9,58.0,11.0,4.0,Southampton,2023,1246,Away,W,2,0,Southampton,0.9,0.8,42.0,10.0,2.0,Crystal Palace,Away
3857,3110,2023-04-27,19:45,Matchweek 33,Home,L,0,1,Bournemouth,0.5,0.9,57.0,11.0,2.0,Southampton,2023,412,Away,W,1,0,Southampton,0.9,0.5,43.0,16.0,2.0,Bournemouth,Away
3860,3113,2023-05-13,15:00,Matchweek 36,Home,L,0,2,Fulham,0.4,1.4,36.0,5.0,1.0,Southampton,2023,1593,Away,W,2,0,Southampton,1.4,0.4,64.0,9.0,3.0,Fulham,Away
3867,3115,2023-05-28,16:30,Matchweek 38,Home,D,4,4,Liverpool,1.8,4.0,31.0,15.0,10.0,Southampton,2023,2089,Away,D,4,4,Southampton,4.0,1.8,69.0,30.0,8.0,Liverpool,Draw
3877,3117,2024-08-24,15:00,Matchweek 2,Home,L,0,1,Nottingham Forest,0.1,2.2,64.0,5.0,1.0,Southampton,2025,2889,Away,W,1,0,Southampton,2.2,0.1,36.0,23.0,8.0,Nottingham Forest,Away
3879,3119,2024-09-14,12:30,Matchweek 4,Home,L,0,3,Manchester United,1.1,2.6,44.0,5.0,2.0,Southampton,2025,2549,Away,W,3,0,Southampton,2.6,1.1,56.0,20.0,10.0,Manchester United,Away
3883,3120,2024-09-21,15:00,Matchweek 5,Home,D,1,1,Ipswich Town,2.4,1.6,53.0,11.0,3.0,Southampton,2025,1676,Away,D,1,1,Southampton,1.6,2.4,47.0,13.0,6.0,Ipswich Town,Draw
3890,3123,2024-10-19,15:00,Matchweek 8,Home,L,2,3,Leicester City,2.1,3.1,42.0,14.0,7.0,Southampton,2025,1945,Away,W,3,2,Southampton,3.1,2.1,58.0,17.0,3.0,Leicester City,Away
3892,3125,2024-11-02,15:00,Matchweek 10,Home,W,1,0,Everton,0.7,1.6,65.0,9.0,2.0,Southampton,2025,1491,Away,L,0,1,Southampton,1.6,0.7,35.0,16.0,5.0,Everton,Home
3896,3127,2024-11-24,14:00,Matchweek 12,Home,L,2,3,Liverpool,1.3,3.1,38.0,6.0,4.0,Southampton,2025,2139,Away,W,3,2,Southampton,3.1,1.3,62.0,26.0,10.0,Liverpool,Away
3897,3129,2024-12-04,19:30,Matchweek 14,Home,L,1,5,Chelsea,1.6,5.2,45.0,6.0,4.0,Southampton,2025,1115,Away,W,5,1,Southampton,5.2,1.6,55.0,26.0,11.0,Chelsea,Away
3902,3131,2024-12-15,19:00,Matchweek 16,Home,L,0,5,Tottenham Hotspur,0.8,2.3,42.0,9.0,3.0,Southampton,2025,3321,Away,W,5,0,Southampton,2.3,0.8,58.0,18.0,9.0,Tottenham Hotspur,Away
3907,3133,2024-12-26,15:00,Matchweek 18,Home,L,0,1,West Ham,1.4,1.7,54.0,18.0,5.0,Southampton,2025,3589,Away,W,1,0,Southampton,1.7,1.4,46.0,16.0,2.0,West Ham,Away
3908,3135,2025-01-04,15:00,Matchweek 20,Home,L,0,5,Brentford,0.3,4.4,50.0,8.0,1.0,Southampton,2025,627,Away,W,5,0,Southampton,4.4,0.3,50.0,19.0,9.0,Brentford,Away
3916,3138,2025-01-25,15:00,Matchweek 23,Home,L,1,3,Newcastle United,0.8,2.9,53.0,12.0,5.0,Southampton,2025,2758,Away,W,3,1,Southampton,2.9,0.8,47.0,16.0,7.0,Newcastle United,Away
3918,3140,2025-02-15,15:00,Matchweek 25,Home,L,1,3,Bournemouth,0.8,1.2,44.0,11.0,4.0,Southampton,2025,480,Away,W,3,1,Southampton,1.2,0.8,56.0,14.0,7.0,Bournemouth,Away
3923,3141,2025-02-22,15:00,Matchweek 26,Home,L,0,4,Brighton,0.1,3.9,50.0,6.0,1.0,Southampton,2025,823,Away,W,4,0,Southampton,3.9,0.1,50.0,18.0,12.0,Brighton,Away
3931,3144,2025-03-15,15:00,Matchweek 29,Home,L,1,2,Wolverhampton Wanderers,1.3,0.4,60.0,10.0,3.0,Southampton,2025,3790,Away,W,2,1,Southampton,0.4,1.3,40.0,5.0,3.0,Wolverhampton Wanderers,Away
3934,3145,2025-04-02,19:45,Matchweek 30,Home,D,1,1,Crystal Palace,0.7,0.7,43.0,8.0,2.0,Southampton,2025,1320,Away,D,1,1,Southampton,0.7,0.7,57.0,9.0,3.0,Crystal Palace,Draw
3937,3147,2025-04-12,15:00,Matchweek 32,Home,L,0,3,Aston Villa,0.3,3.0,40.0,7.0,2.0,Southampton,2025,373,Away,W,3,0,Southampton,3.0,0.3,60.0,23.0,8.0,Aston Villa,Away
3940,3149,2025-04-26,15:00,Matchweek 34,Home,L,1,2,Fulham,0.6,2.4,35.0,7.0,3.0,Southampton,2025,1667,Away,W,2,1,Southampton,2.4,0.6,65.0,26.0,5.0,Fulham,Away
3947,3151,2025-05-10,15:00,Matchweek 36,Home,D,0,0,Manchester City,0.1,1.7,28.0,2.0,0.0,Southampton,2025,2391,Away,D,0,0,Southampton,1.7,0.1,72.0,26.0,4.0,Manchester City,Draw
3948,3153,2025-05-25,16:00,Matchweek 38,Home,L,1,2,Arsenal,0.6,2.3,38.0,7.0,2.0,Southampton,2025,189,Away,W,2,1,Southampton,2.3,0.6,62.0,23.0,7.0,Arsenal,Away
3958,3154,2020-09-13,16:30,Matchweek 1,Home,L,0,1,Everton,1.1,1.2,52.0,9.0,5.0,Tottenham Hotspur,2021,1330,Away,W,1,0,Tottenham Hotspur,1.2,1.1,48.0,15.0,4.0,Everton,Away
3959,3156,2020-09-27,14:00,Matchweek 3,Home,D,1,1,Newcastle United,2.9,1.0,66.0,23.0,12.0,Tottenham Hotspur,2021,2586,Away,D,1,1,Tottenham Hotspur,1.0,2.9,34.0,5.0,0.0,Newcastle United,Draw
3960,3158,2020-10-18,16:30,Matchweek 5,Home,D,3,3,West Ham,1.7,1.9,50.0,11.0,6.0,Tottenham Hotspur,2021,3424,Away,D,3,3,Tottenham Hotspur,1.9,1.7,50.0,13.0,4.0,West Ham,Draw
3961,3160,2020-11-01,19:15,Matchweek 7,Home,W,2,1,Brighton,1.7,0.3,44.0,8.0,2.0,Tottenham Hotspur,2021,652,Away,L,1,2,Tottenham Hotspur,0.3,1.7,56.0,6.0,2.0,Brighton,Home
3962,3162,2020-11-21,17:30,Matchweek 9,Home,W,2,0,Manchester City,0.7,1.4,34.0,4.0,2.0,Tottenham Hotspur,2021,2211,Away,L,0,2,Tottenham Hotspur,1.4,0.7,66.0,22.0,5.0,Manchester City,Home
3963,3164,2020-12-06,16:30,Matchweek 11,Home,W,2,0,Arsenal,0.3,0.6,31.0,5.0,3.0,Tottenham Hotspur,2021,10,Away,L,0,2,Tottenham Hotspur,0.6,0.3,69.0,11.0,2.0,Arsenal,Home
3964,3167,2020-12-20,14:15,Matchweek 14,Home,L,0,2,Leicester City,0.7,1.7,56.0,8.0,3.0,Tottenham Hotspur,2021,1837,Away,W,2,0,Tottenham Hotspur,1.7,0.7,44.0,16.0,3.0,Leicester City,Away
3965,3169,2021-01-02,12:30,Matchweek 17,Home,W,3,0,Leeds United,2.6,1.1,37.0,19.0,6.0,Tottenham Hotspur,2021,1726,Away,L,0,3,Tottenham Hotspur,1.1,2.6,63.0,18.0,5.0,Leeds United,Home
3966,3170,2021-01-13,20:15,Matchweek 16,Home,D,1,1,Fulham,2.4,1.1,53.0,15.0,6.0,Tottenham Hotspur,2021,1535,Away,D,1,1,Tottenham Hotspur,1.1,2.4,47.0,15.0,4.0,Fulham,Draw
3967,3172,2021-01-28,20:00,Matchweek 20,Home,L,1,3,Liverpool,0.1,2.5,50.0,3.0,2.0,Tottenham Hotspur,2021,1995,Away,W,3,1,Tottenham Hotspur,2.5,0.1,50.0,14.0,7.0,Liverpool,Away
3968,3174,2021-02-04,20:00,Matchweek 22,Home,L,0,1,Chelsea,0.6,1.6,43.0,7.0,2.0,Tottenham Hotspur,2021,971,Away,W,1,0,Tottenham Hotspur,1.6,0.6,58.0,15.0,1.0,Chelsea,Away
3969,3175,2021-02-07,12:00,Matchweek 23,Home,W,2,0,West Brom,1.5,0.6,65.0,13.0,6.0,Tottenham Hotspur,2021,3404,Away,L,0,2,Tottenham Hotspur,0.6,1.5,35.0,4.0,1.0,West Brom,Home
3970,3178,2021-02-28,14:00,Matchweek 26,Home,W,4,0,Burnley,2.1,0.7,58.0,16.0,7.0,Tottenham Hotspur,2021,861,Away,L,0,4,Tottenham Hotspur,0.7,2.1,42.0,10.0,3.0,Burnley,Home
3971,3180,2021-03-07,19:15,Matchweek 27,Home,W,4,1,Crystal Palace,2.7,0.5,63.0,12.0,5.0,Tottenham Hotspur,2021,1167,Away,L,1,4,Tottenham Hotspur,0.5,2.7,37.0,5.0,1.0,Crystal Palace,Home
3972,3184,2021-04-11,16:30,Matchweek 31,Home,L,1,3,Manchester United,0.9,2.1,47.0,12.0,3.0,Tottenham Hotspur,2021,2424,Away,W,3,1,Tottenham Hotspur,2.1,0.9,53.0,12.0,7.0,Manchester United,Away
3973,3186,2021-04-21,18:00,Matchweek 29,Home,W,2,1,Southampton,1.4,0.8,62.0,11.0,2.0,Tottenham Hotspur,2021,3033,Away,L,1,2,Tottenham Hotspur,0.8,1.4,38.0,10.0,5.0,Southampton,Home
3974,3187,2021-05-02,19:15,Matchweek 34,Home,W,4,0,Sheffield United,2.2,0.5,66.0,20.0,10.0,Tottenham Hotspur,2021,2959,Away,L,0,4,Tottenham Hotspur,0.5,2.2,34.0,8.0,1.0,Sheffield United,Home
3975,3189,2021-05-16,14:05,Matchweek 36,Home,W,2,0,Wolverhampton Wanderers,3.2,0.9,62.0,24.0,11.0,Tottenham Hotspur,2021,3645,Away,L,0,2,Tottenham Hotspur,0.9,3.2,38.0,15.0,3.0,Wolverhampton Wanderers,Home
3976,3190,2021-05-19,18:00,Matchweek 37,Home,L,1,2,Aston Villa,0.8,1.4,60.0,10.0,4.0,Tottenham Hotspur,2021,226,Away,W,2,1,Tottenham Hotspur,1.4,0.8,40.0,20.0,4.0,Aston Villa,Away
3979,3192,2021-08-15,16:30,Matchweek 1,Home,W,1,0,Manchester City,1.0,1.8,35.0,13.0,2.0,Tottenham Hotspur,2022,2242,Away,L,0,1,Tottenham Hotspur,1.8,1.0,65.0,18.0,4.0,Manchester City,Home
3981,3194,2021-08-29,14:00,Matchweek 3,Home,W,1,0,Watford,1.0,0.8,57.0,15.0,8.0,Tottenham Hotspur,2022,3346,Away,L,0,1,Tottenham Hotspur,0.8,1.0,43.0,9.0,2.0,Watford,Home
3982,3196,2021-09-19,16:30,Matchweek 5,Home,L,0,3,Chelsea,0.5,2.1,47.0,8.0,2.0,Tottenham Hotspur,2022,992,Away,W,3,0,Tottenham Hotspur,2.1,0.5,53.0,20.0,9.0,Chelsea,Away
3983,3198,2021-10-03,14:00,Matchweek 7,Home,W,2,1,Aston Villa,1.3,1.2,56.0,17.0,7.0,Tottenham Hotspur,2022,234,Away,L,1,2,Tottenham Hotspur,1.2,1.3,44.0,14.0,3.0,Aston Villa,Home
3986,3201,2021-10-30,17:30,Matchweek 10,Home,L,0,3,Manchester United,1.0,1.5,58.0,9.0,0.0,Tottenham Hotspur,2022,2441,Away,W,3,0,Tottenham Hotspur,1.5,1.0,42.0,10.0,4.0,Manchester United,Away
3987,3203,2021-11-21,16:30,Matchweek 12,Home,W,2,1,Leeds United,2.1,1.4,43.0,13.0,4.0,Tottenham Hotspur,2022,1759,Away,L,1,2,Tottenham Hotspur,1.4,2.1,57.0,18.0,7.0,Leeds United,Home
3988,3204,2021-12-02,19:30,Matchweek 14,Home,W,2,0,Brentford,1.9,0.3,47.0,11.0,6.0,Tottenham Hotspur,2022,507,Away,L,0,2,Tottenham Hotspur,0.3,1.9,53.0,6.0,2.0,Brentford,Home
3991,3205,2021-12-05,14:00,Matchweek 15,Home,W,3,0,Norwich City,1.6,1.2,41.0,17.0,7.0,Tottenham Hotspur,2022,2788,Away,L,0,3,Tottenham Hotspur,1.2,1.6,59.0,10.0,1.0,Norwich City,Home
3992,3206,2021-12-19,16:30,Matchweek 18,Home,D,2,2,Liverpool,3.0,1.1,44.0,10.0,5.0,Tottenham Hotspur,2022,2031,Away,D,2,2,Tottenham Hotspur,1.1,3.0,56.0,18.0,6.0,Liverpool,Draw
3994,3207,2021-12-26,15:00,Matchweek 19,Home,W,3,0,Crystal Palace,2.3,0.2,60.0,17.0,6.0,Tottenham Hotspur,2022,1195,Away,L,0,3,Tottenham Hotspur,0.2,2.3,40.0,4.0,0.0,Crystal Palace,Home
3999,3212,2022-02-09,19:45,Matchweek 24,Home,L,2,3,Southampton,1.4,2.2,48.0,8.0,3.0,Tottenham Hotspur,2022,3062,Away,W,3,2,Tottenham Hotspur,2.2,1.4,52.0,23.0,9.0,Southampton,Away
4002,3213,2022-02-13,14:00,Matchweek 25,Home,L,0,2,Wolverhampton Wanderers,1.2,1.3,58.0,17.0,7.0,Tottenham Hotspur,2022,3670,Away,W,2,0,Tottenham Hotspur,1.3,1.2,42.0,11.0,7.0,Wolverhampton Wanderers,Away
4003,3217,2022-03-07,20:00,Matchweek 28,Home,W,5,0,Everton,2.5,0.2,55.0,14.0,7.0,Tottenham Hotspur,2022,1392,Away,L,0,5,Tottenham Hotspur,0.2,2.5,45.0,6.0,0.0,Everton,Home
4004,3220,2022-03-20,16:30,Matchweek 30,Home,W,3,1,West Ham,3.0,0.6,53.0,17.0,4.0,Tottenham Hotspur,2022,3487,Away,L,1,3,Tottenham Hotspur,0.6,3.0,47.0,6.0,1.0,West Ham,Home
4005,3221,2022-04-03,16:30,Matchweek 31,Home,W,5,1,Newcastle United,3.1,0.5,60.0,19.0,6.0,Tottenham Hotspur,2022,2651,Away,L,1,5,Tottenham Hotspur,0.5,3.1,40.0,8.0,1.0,Newcastle United,Home
4006,3223,2022-04-16,12:30,Matchweek 33,Home,L,0,1,Brighton,0.5,0.6,49.0,5.0,0.0,Tottenham Hotspur,2022,715,Away,W,1,0,Tottenham Hotspur,0.6,0.5,51.0,12.0,4.0,Brighton,Away
4008,3225,2022-05-01,14:00,Matchweek 35,Home,W,3,1,Leicester City,1.2,0.5,40.0,13.0,7.0,Tottenham Hotspur,2022,1894,Away,L,1,3,Tottenham Hotspur,0.5,1.2,60.0,6.0,2.0,Leicester City,Home
4009,3227,2022-05-12,19:45,Matchweek 22,Home,W,3,0,Arsenal,2.7,0.5,57.0,15.0,5.0,Tottenham Hotspur,2022,73,Away,L,0,3,Tottenham Hotspur,0.5,2.7,43.0,9.0,5.0,Arsenal,Home
4010,3228,2022-05-15,12:00,Matchweek 37,Home,W,1,0,Burnley,2.2,0.7,68.0,20.0,6.0,Tottenham Hotspur,2022,909,Away,L,0,1,Tottenham Hotspur,0.7,2.2,32.0,8.0,1.0,Burnley,Home
4013,3230,2022-08-06,15:00,Matchweek 1,Home,W,4,1,Southampton,1.5,0.5,58.0,18.0,8.0,Tottenham Hotspur,2023,3078,Away,L,1,4,Tottenham Hotspur,0.5,1.5,42.0,10.0,2.0,Southampton,Home
4015,3232,2022-08-20,12:30,Matchweek 3,Home,W,1,0,Wolverhampton Wanderers,1.7,0.7,50.0,11.0,4.0,Tottenham Hotspur,2023,3688,Away,L,0,1,Tottenham Hotspur,0.7,1.7,50.0,20.0,3.0,Wolverhampton Wanderers,Home
4018,3235,2022-09-03,15:00,Matchweek 6,Home,W,2,1,Fulham,2.9,0.7,52.0,23.0,10.0,Tottenham Hotspur,2023,1563,Away,L,1,2,Tottenham Hotspur,0.7,2.9,48.0,9.0,3.0,Fulham,Home
4022,3236,2022-09-17,17:30,Matchweek 8,Home,W,6,2,Leicester City,2.2,1.8,44.0,16.0,11.0,Tottenham Hotspur,2023,1906,Away,L,2,6,Tottenham Hotspur,1.8,2.2,56.0,18.0,6.0,Leicester City,Home
4023,3239,2022-10-15,17:30,Matchweek 11,Home,W,2,0,Everton,2.2,0.4,62.0,20.0,6.0,Tottenham Hotspur,2023,1415,Away,L,0,2,Tottenham Hotspur,0.4,2.2,38.0,4.0,0.0,Everton,Home
4024,3241,2022-10-23,16:30,Matchweek 13,Home,L,1,2,Newcastle United,1.6,1.2,53.0,17.0,4.0,Tottenham Hotspur,2023,2671,Away,W,2,1,Tottenham Hotspur,1.2,1.6,47.0,13.0,5.0,Newcastle United,Away
4025,3243,2022-11-06,16:30,Matchweek 15,Home,L,1,2,Liverpool,1.2,1.2,47.0,14.0,5.0,Tottenham Hotspur,2023,2064,Away,W,2,1,Tottenham Hotspur,1.2,1.2,53.0,13.0,6.0,Liverpool,Away
4028,3244,2022-11-12,15:00,Matchweek 16,Home,W,4,3,Leeds United,1.8,1.1,55.0,14.0,7.0,Tottenham Hotspur,2023,1799,Away,L,3,4,Tottenham Hotspur,1.1,1.8,45.0,12.0,5.0,Leeds United,Home
4031,3246,2023-01-01,14:00,Matchweek 18,Home,L,0,2,Aston Villa,0.7,1.0,59.0,6.0,1.0,Tottenham Hotspur,2023,282,Away,W,2,0,Tottenham Hotspur,1.0,0.7,41.0,13.0,4.0,Aston Villa,Away
4032,3248,2023-01-15,16:30,Matchweek 20,Home,L,0,2,Arsenal,1.6,1.8,51.0,17.0,7.0,Tottenham Hotspur,2023,93,Away,W,2,0,Tottenham Hotspur,1.8,1.6,49.0,14.0,5.0,Arsenal,Away
4033,3251,2023-02-05,16:30,Matchweek 22,Home,W,1,0,Manchester City,1.4,1.3,36.0,12.0,3.0,Tottenham Hotspur,2023,2300,Away,L,0,1,Tottenham Hotspur,1.3,1.4,64.0,15.0,5.0,Manchester City,Home
4034,3253,2023-02-19,16:30,Matchweek 24,Home,W,2,0,West Ham,1.5,0.5,57.0,16.0,6.0,Tottenham Hotspur,2023,3518,Away,L,0,2,Tottenham Hotspur,0.5,1.5,43.0,6.0,1.0,West Ham,Home
4035,3254,2023-02-26,13:30,Matchweek 25,Home,W,2,0,Chelsea,0.8,0.4,41.0,8.0,3.0,Tottenham Hotspur,2023,1049,Away,L,0,2,Tottenham Hotspur,0.4,0.8,59.0,10.0,2.0,Chelsea,Home
4039,3256,2023-03-11,15:00,Matchweek 27,Home,W,3,1,Nottingham Forest,2.0,1.5,55.0,14.0,6.0,Tottenham Hotspur,2023,2837,Away,L,1,3,Tottenham Hotspur,1.5,2.0,45.0,8.0,4.0,Nottingham Forest,Home
4041,3259,2023-04-08,15:00,Matchweek 30,Home,W,2,1,Brighton,0.8,1.4,35.0,9.0,3.0,Tottenham Hotspur,2023,749,Away,L,1,2,Tottenham Hotspur,1.4,0.8,65.0,17.0,4.0,Brighton,Home
4046,3260,2023-04-15,15:00,Matchweek 31,Home,L,2,3,Bournemouth,2.2,1.3,58.0,24.0,8.0,Tottenham Hotspur,2023,410,Away,W,3,2,Tottenham Hotspur,1.3,2.2,42.0,9.0,6.0,Bournemouth,Away
4051,3262,2023-04-27,20:15,Matchweek 33,Home,D,2,2,Manchester United,2.5,2.0,40.0,18.0,7.0,Tottenham Hotspur,2023,2500,Away,D,2,2,Tottenham Hotspur,2.0,2.5,60.0,17.0,7.0,Manchester United,Draw
4054,3264,2023-05-06,15:00,Matchweek 35,Home,W,1,0,Crystal Palace,0.9,0.4,56.0,8.0,3.0,Tottenham Hotspur,2023,1250,Away,L,0,1,Tottenham Hotspur,0.4,0.9,44.0,7.0,2.0,Crystal Palace,Home
4056,3266,2023-05-20,12:30,Matchweek 37,Home,L,1,3,Brentford,1.7,1.2,61.0,22.0,7.0,Tottenham Hotspur,2023,568,Away,W,3,1,Tottenham Hotspur,1.2,1.7,39.0,11.0,4.0,Brentford,Away
4057,3269,2023-08-19,17:30,Matchweek 2,Home,W,2,0,Manchester United,1.7,2.1,55.0,17.0,6.0,Tottenham Hotspur,2024,2509,Away,L,0,2,Tottenham Hotspur,2.1,1.7,45.0,22.0,6.0,Manchester United,Home
4062,3272,2023-09-16,15:00,Matchweek 5,Home,W,2,1,Sheffield United,2.1,0.7,70.0,28.0,10.0,Tottenham Hotspur,2024,2968,Away,L,1,2,Tottenham Hotspur,0.7,2.1,30.0,7.0,5.0,Sheffield United,Home
4063,3274,2023-09-30,17:30,Matchweek 7,Home,W,2,1,Liverpool,2.2,1.3,64.0,24.0,8.0,Tottenham Hotspur,2024,2096,Away,L,1,2,Tottenham Hotspur,1.3,2.2,36.0,12.0,4.0,Liverpool,Home
4064,3276,2023-10-23,20:00,Matchweek 9,Home,W,2,0,Fulham,1.5,1.0,55.0,15.0,5.0,Tottenham Hotspur,2024,1604,Away,L,0,2,Tottenham Hotspur,1.0,1.5,45.0,10.0,3.0,Fulham,Home
4065,3278,2023-11-06,20:00,Matchweek 11,Home,L,1,4,Chelsea,0.9,4.1,40.0,8.0,5.0,Tottenham Hotspur,2024,1074,Away,W,4,1,Tottenham Hotspur,4.1,0.9,60.0,16.0,6.0,Chelsea,Away
4066,3280,2023-11-26,14:00,Matchweek 13,Home,L,1,2,Aston Villa,2.3,1.7,62.0,18.0,7.0,Tottenham Hotspur,2024,316,Away,W,2,1,Tottenham Hotspur,1.7,2.3,38.0,15.0,5.0,Aston Villa,Away
4067,3282,2023-12-07,20:15,Matchweek 15,Home,L,1,2,West Ham,1.8,2.2,74.0,23.0,6.0,Tottenham Hotspur,2024,3548,Away,W,2,1,Tottenham Hotspur,2.2,1.8,26.0,11.0,5.0,West Ham,Away
4068,3283,2023-12-10,16:30,Matchweek 16,Home,W,4,1,Newcastle United,3.8,1.7,56.0,22.0,10.0,Tottenham Hotspur,2024,2713,Away,L,1,4,Tottenham Hotspur,1.7,3.8,44.0,9.0,3.0,Newcastle United,Home
4071,3285,2023-12-23,15:00,Matchweek 18,Home,W,2,1,Everton,1.5,1.8,61.0,13.0,6.0,Tottenham Hotspur,2024,1461,Away,L,1,2,Tottenham Hotspur,1.8,1.5,39.0,18.0,8.0,Everton,Home
4074,3287,2023-12-31,14:00,Matchweek 20,Home,W,3,1,Bournemouth,2.3,1.7,50.0,12.0,6.0,Tottenham Hotspur,2024,436,Away,L,1,3,Tottenham Hotspur,1.7,2.3,50.0,24.0,4.0,Bournemouth,Home
4075,3289,2024-01-31,19:30,Matchweek 22,Home,W,3,2,Brentford,2.9,1.6,67.0,19.0,5.0,Tottenham Hotspur,2024,590,Away,L,2,3,Tottenham Hotspur,1.6,2.9,33.0,9.0,5.0,Brentford,Home
4079,3291,2024-02-10,15:00,Matchweek 24,Home,W,2,1,Brighton,1.6,1.2,52.0,16.0,6.0,Tottenham Hotspur,2024,783,Away,L,1,2,Tottenham Hotspur,1.2,1.6,48.0,5.0,2.0,Brighton,Home
4086,3292,2024-02-17,15:00,Matchweek 25,Home,L,1,2,Wolverhampton Wanderers,1.6,1.8,71.0,15.0,4.0,Tottenham Hotspur,2024,3748,Away,W,2,1,Tottenham Hotspur,1.8,1.6,29.0,12.0,7.0,Wolverhampton Wanderers,Away
4089,3293,2024-03-02,15:00,Matchweek 27,Home,W,3,1,Crystal Palace,1.9,0.3,78.0,14.0,6.0,Tottenham Hotspur,2024,1280,Away,L,1,3,Tottenham Hotspur,0.3,1.9,22.0,4.0,1.0,Crystal Palace,Home
4097,3296,2024-03-30,15:00,Matchweek 30,Home,W,2,1,Luton Town,2.9,0.5,70.0,17.0,2.0,Tottenham Hotspur,2024,2195,Away,L,1,2,Tottenham Hotspur,0.5,2.9,30.0,7.0,3.0,Luton Town,Home
4098,3298,2024-04-07,18:00,Matchweek 32,Home,W,3,1,Nottingham Forest,1.5,1.5,63.0,17.0,7.0,Tottenham Hotspur,2024,2881,Away,L,1,3,Tottenham Hotspur,1.5,1.5,37.0,13.0,6.0,Nottingham Forest,Home
4099,3300,2024-04-28,14:00,Matchweek 35,Home,L,2,3,Arsenal,2.3,1.0,62.0,14.0,1.0,Tottenham Hotspur,2024,148,Away,W,3,2,Tottenham Hotspur,1.0,2.3,38.0,9.0,3.0,Arsenal,Away
4103,3303,2024-05-11,15:00,Matchweek 37,Home,W,2,1,Burnley,2.7,0.7,63.0,21.0,9.0,Tottenham Hotspur,2024,948,Away,L,1,2,Tottenham Hotspur,0.7,2.7,37.0,7.0,3.0,Burnley,Home
4107,3304,2024-05-14,20:00,Matchweek 34,Home,L,0,2,Manchester City,1.7,2.4,53.0,10.0,5.0,Tottenham Hotspur,2024,2354,Away,W,2,0,Tottenham Hotspur,2.4,1.7,47.0,7.0,4.0,Manchester City,Away
4108,3307,2024-08-24,15:00,Matchweek 2,Home,W,4,0,Everton,2.4,1.0,70.0,13.0,7.0,Tottenham Hotspur,2025,1483,Away,L,0,4,Tottenham Hotspur,1.0,2.4,30.0,10.0,1.0,Everton,Home
4113,3309,2024-09-15,14:00,Matchweek 4,Home,L,0,1,Arsenal,0.7,0.7,63.0,15.0,5.0,Tottenham Hotspur,2025,155,Away,W,1,0,Tottenham Hotspur,0.7,0.7,37.0,7.0,4.0,Arsenal,Away
4115,3310,2024-09-21,15:00,Matchweek 5,Home,W,3,1,Brentford,3.5,0.8,48.0,23.0,9.0,Tottenham Hotspur,2025,612,Away,L,1,3,Tottenham Hotspur,0.8,3.5,52.0,6.0,6.0,Brentford,Home
4120,3313,2024-10-19,12:30,Matchweek 8,Home,W,4,1,West Ham,1.9,0.8,57.0,22.0,7.0,Tottenham Hotspur,2025,3579,Away,L,1,4,Tottenham Hotspur,0.8,1.9,43.0,11.0,3.0,West Ham,Home
4121,3315,2024-11-03,14:00,Matchweek 10,Home,W,4,1,Aston Villa,2.4,1.8,51.0,16.0,6.0,Tottenham Hotspur,2025,351,Away,L,1,4,Tottenham Hotspur,1.8,2.4,49.0,12.0,1.0,Aston Villa,Home
4122,3316,2024-11-10,14:00,Matchweek 11,Home,L,1,2,Ipswich Town,1.5,1.6,66.0,17.0,5.0,Tottenham Hotspur,2025,1682,Away,W,2,1,Tottenham Hotspur,1.6,1.5,34.0,8.0,3.0,Ipswich Town,Away
4127,3318,2024-12-01,13:30,Matchweek 13,Home,D,1,1,Fulham,0.8,1.5,51.0,8.0,3.0,Tottenham Hotspur,2025,1646,Away,D,1,1,Tottenham Hotspur,1.5,0.8,49.0,14.0,6.0,Fulham,Draw
4128,3320,2024-12-08,16:30,Matchweek 15,Home,L,3,4,Chelsea,2.8,2.8,39.0,13.0,5.0,Tottenham Hotspur,2025,1116,Away,W,4,3,Tottenham Hotspur,2.8,2.8,61.0,15.0,6.0,Chelsea,Away
4129,3322,2024-12-22,16:30,Matchweek 17,Home,L,3,6,Liverpool,1.3,5.6,52.0,9.0,5.0,Tottenham Hotspur,2025,2143,Away,W,6,3,Tottenham Hotspur,5.6,1.3,48.0,24.0,11.0,Liverpool,Away
4133,3324,2024-12-29,15:00,Matchweek 19,Home,D,2,2,Wolverhampton Wanderers,2.2,0.7,48.0,12.0,2.0,Tottenham Hotspur,2025,3780,Away,D,2,2,Tottenham Hotspur,0.7,2.2,52.0,11.0,3.0,Wolverhampton Wanderers,Draw
4134,3325,2025-01-04,12:30,Matchweek 20,Home,L,1,2,Newcastle United,0.9,2.5,56.0,13.0,4.0,Tottenham Hotspur,2025,2755,Away,W,2,1,Tottenham Hotspur,2.5,0.9,44.0,14.0,4.0,Newcastle United,Away
4136,3328,2025-01-26,14:00,Matchweek 23,Home,L,1,2,Leicester City,1.0,1.6,61.0,15.0,6.0,Tottenham Hotspur,2025,1960,Away,W,2,1,Tottenham Hotspur,1.6,1.0,39.0,12.0,3.0,Leicester City,Away
4137,3330,2025-02-16,16:30,Matchweek 25,Home,W,1,0,Manchester United,2.2,1.5,55.0,22.0,7.0,Tottenham Hotspur,2025,2570,Away,L,0,1,Tottenham Hotspur,1.5,2.2,45.0,16.0,6.0,Manchester United,Home
4141,3332,2025-02-26,19:30,Matchweek 27,Home,L,0,1,Manchester City,1.3,2.1,55.0,11.0,6.0,Tottenham Hotspur,2025,2382,Away,W,1,0,Tottenham Hotspur,2.1,1.3,45.0,12.0,5.0,Manchester City,Away
4142,3333,2025-03-09,14:00,Matchweek 28,Home,D,2,2,Bournemouth,1.5,2.2,61.0,11.0,3.0,Tottenham Hotspur,2025,483,Away,D,2,2,Tottenham Hotspur,2.2,1.5,39.0,17.0,8.0,Bournemouth,Draw
4146,3336,2025-04-06,14:00,Matchweek 31,Home,W,3,1,Southampton,2.1,1.0,51.0,12.0,7.0,Tottenham Hotspur,2025,3146,Away,L,1,3,Tottenham Hotspur,1.0,2.1,49.0,12.0,4.0,Southampton,Home
4147,3338,2025-04-21,20:00,Matchweek 33,Home,L,1,2,Nottingham Forest,2.1,0.5,69.0,22.0,5.0,Tottenham Hotspur,2025,2920,Away,W,2,1,Tottenham Hotspur,0.5,2.1,31.0,4.0,3.0,Nottingham Forest,Away
4148,3341,2025-05-11,14:15,Matchweek 36,Home,L,0,2,Crystal Palace,0.7,3.3,48.0,8.0,1.0,Tottenham Hotspur,2025,1327,Away,W,2,0,Tottenham Hotspur,3.3,0.7,52.0,23.0,9.0,Crystal Palace,Away
4154,3343,2025-05-25,16:00,Matchweek 38,Home,L,1,4,Brighton,2.0,2.2,34.0,3.0,1.0,Tottenham Hotspur,2025,835,Away,W,4,1,Tottenham Hotspur,2.2,2.0,66.0,22.0,7.0,Brighton,Away
4161,3344,2021-08-14,15:00,Matchweek 1,Home,W,3,2,Aston Villa,1.2,1.2,38.0,13.0,7.0,Watford,2022,228,Away,L,2,3,Watford,1.2,1.2,62.0,10.0,1.0,Aston Villa,Home
4171,3347,2021-09-11,15:00,Matchweek 4,Home,L,0,2,Wolverhampton Wanderers,0.2,2.2,45.0,6.0,2.0,Watford,2022,3651,Away,W,2,0,Watford,2.2,0.2,55.0,14.0,5.0,Wolverhampton Wanderers,Away
4173,3349,2021-09-25,15:00,Matchweek 6,Home,D,1,1,Newcastle United,0.9,1.9,53.0,15.0,4.0,Watford,2022,2627,Away,D,1,1,Watford,1.9,0.9,47.0,20.0,6.0,Newcastle United,Draw
4176,3351,2021-10-16,12:30,Matchweek 8,Home,L,0,5,Liverpool,0.5,3.3,25.0,6.0,2.0,Watford,2022,2021,Away,W,5,0,Watford,3.3,0.5,75.0,19.0,8.0,Liverpool,Away
4181,3353,2021-10-30,15:00,Matchweek 10,Home,L,0,1,Southampton,1.0,1.8,40.0,10.0,3.0,Watford,2022,3049,Away,W,1,0,Watford,1.8,1.0,60.0,12.0,1.0,Southampton,Away
4185,3355,2021-11-20,15:00,Matchweek 12,Home,W,4,1,Manchester United,2.7,1.4,39.0,19.0,6.0,Watford,2022,2443,Away,L,1,4,Watford,1.4,2.7,61.0,9.0,3.0,Manchester United,Home
4190,3357,2021-12-01,19:30,Matchweek 14,Home,L,1,2,Chelsea,1.0,0.9,51.0,14.0,6.0,Watford,2022,1001,Away,W,2,1,Watford,0.9,1.0,49.0,8.0,4.0,Chelsea,Away
4192,3358,2021-12-04,17:30,Matchweek 15,Home,L,1,3,Manchester City,0.8,3.1,23.0,11.0,4.0,Watford,2022,2256,Away,W,3,1,Watford,3.1,0.8,77.0,26.0,12.0,Manchester City,Away
4195,3360,2021-12-28,15:00,Matchweek 20,Home,L,1,4,West Ham,1.6,3.6,43.0,14.0,5.0,Watford,2022,3476,Away,W,4,1,Watford,3.6,1.6,57.0,12.0,5.0,West Ham,Away
4196,3361,2022-01-01,15:00,Matchweek 21,Home,L,0,1,Tottenham Hotspur,0.3,2.2,26.0,6.0,4.0,Watford,2022,3209,Away,W,1,0,Watford,2.2,0.3,74.0,21.0,9.0,Tottenham Hotspur,Away
4197,3363,2022-01-21,20:00,Matchweek 23,Home,L,0,3,Norwich City,1.2,1.1,67.0,15.0,3.0,Watford,2022,2795,Away,W,3,0,Watford,1.1,1.2,33.0,7.0,2.0,Norwich City,Away
4198,3366,2022-02-12,15:00,Matchweek 25,Home,L,0,2,Brighton,0.5,1.6,36.0,9.0,1.0,Watford,2022,706,Away,W,2,0,Watford,1.6,0.5,64.0,11.0,5.0,Brighton,Away
4201,3368,2022-02-23,19:30,Matchweek 18,Home,L,1,4,Crystal Palace,1.4,1.1,46.0,8.0,1.0,Watford,2022,1203,Away,W,4,1,Watford,1.1,1.4,54.0,7.0,5.0,Crystal Palace,Away
4202,3370,2022-03-06,14:00,Matchweek 28,Home,L,2,3,Arsenal,1.0,1.0,44.0,13.0,7.0,Watford,2022,62,Away,W,3,2,Watford,1.0,1.0,56.0,16.0,4.0,Arsenal,Away
4205,3374,2022-04-09,15:00,Matchweek 32,Home,L,0,3,Leeds United,1.1,0.7,49.0,8.0,1.0,Watford,2022,1779,Away,W,3,0,Watford,0.7,1.1,51.0,10.0,5.0,Leeds United,Away
4207,3375,2022-04-16,15:00,Matchweek 33,Home,L,1,2,Brentford,1.7,1.9,50.0,18.0,4.0,Watford,2022,526,Away,W,2,1,Watford,1.9,1.7,50.0,16.0,5.0,Brentford,Away
4210,3377,2022-04-30,15:00,Matchweek 35,Home,L,1,2,Burnley,1.0,1.6,47.0,13.0,1.0,Watford,2022,907,Away,W,2,1,Watford,1.6,1.0,53.0,17.0,6.0,Burnley,Away
4213,3379,2022-05-11,19:45,Matchweek 30,Home,D,0,0,Everton,0.3,0.7,48.0,6.0,0.0,Watford,2022,1402,Away,D,0,0,Watford,0.7,0.3,52.0,16.0,5.0,Everton,Draw
4216,3380,2022-05-15,14:00,Matchweek 37,Home,L,1,5,Leicester City,1.4,2.5,41.0,13.0,5.0,Watford,2022,1897,Away,W,5,1,Watford,2.5,1.4,59.0,13.0,7.0,Leicester City,Away
4219,3382,2020-09-13,14:00,Matchweek 1,Home,L,0,3,Leicester City,0.4,2.8,36.0,7.0,1.0,West Brom,2021,1824,Away,W,3,0,West Brom,2.8,0.4,64.0,11.0,5.0,Leicester City,Away
4220,3384,2020-09-26,17:30,Matchweek 3,Home,D,3,3,Chelsea,0.6,2.0,25.0,9.0,3.0,West Brom,2021,952,Away,D,3,3,West Brom,2.0,0.6,75.0,22.0,10.0,Chelsea,Draw
4221,3386,2020-10-19,17:30,Matchweek 5,Home,D,0,0,Burnley,0.8,1.1,57.0,13.0,6.0,West Brom,2021,839,Away,D,0,0,West Brom,1.1,0.8,43.0,9.0,4.0,Burnley,Draw
4222,3389,2020-11-08,12:00,Matchweek 8,Home,L,0,1,Tottenham Hotspur,0.8,1.9,42.0,12.0,2.0,West Brom,2021,3161,Away,W,1,0,West Brom,1.9,0.8,58.0,19.0,5.0,Tottenham Hotspur,Away
4223,3391,2020-11-28,20:00,Matchweek 10,Home,W,1,0,Sheffield United,1.2,2.9,49.0,17.0,6.0,West Brom,2021,2935,Away,L,0,1,West Brom,2.9,1.2,51.0,21.0,5.0,Sheffield United,Home
4224,3392,2020-12-06,12:00,Matchweek 11,Home,L,1,5,Crystal Palace,0.7,1.6,50.0,9.0,4.0,West Brom,2021,1150,Away,W,5,1,West Brom,1.6,0.7,50.0,18.0,6.0,Crystal Palace,Away
4225,3395,2020-12-20,19:15,Matchweek 14,Home,L,0,3,Aston Villa,0.0,2.4,33.0,1.0,1.0,West Brom,2021,201,Away,W,3,0,West Brom,2.4,0.0,67.0,18.0,9.0,Aston Villa,Away
4227,3397,2020-12-29,18:00,Matchweek 16,Home,L,0,5,Leeds United,0.5,1.2,25.0,4.0,1.0,West Brom,2021,1725,Away,W,5,0,West Brom,1.2,0.5,75.0,14.0,6.0,Leeds United,Away
4230,3398,2021-01-02,20:00,Matchweek 17,Home,L,0,4,Arsenal,1.0,3.7,39.0,7.0,3.0,West Brom,2021,16,Away,W,4,0,West Brom,3.7,1.0,61.0,21.0,11.0,Arsenal,Away
4232,3401,2021-01-26,20:15,Matchweek 20,Home,L,0,5,Manchester City,0.5,1.8,23.0,4.0,1.0,West Brom,2021,2222,Away,W,5,0,West Brom,1.8,0.5,77.0,18.0,7.0,Manchester City,Away
4233,3402,2021-01-30,15:00,Matchweek 21,Home,D,2,2,Fulham,1.0,1.3,38.0,5.0,3.0,West Brom,2021,1539,Away,D,2,2,West Brom,1.3,1.0,62.0,12.0,7.0,Fulham,Draw
4236,3405,2021-02-14,14:00,Matchweek 24,Home,D,1,1,Manchester United,1.0,0.5,27.0,7.0,3.0,West Brom,2021,2417,Away,D,1,1,West Brom,0.5,1.0,73.0,10.0,6.0,Manchester United,Draw
4237,3407,2021-02-27,15:00,Matchweek 26,Home,W,1,0,Brighton,0.8,2.9,32.0,6.0,2.0,West Brom,2021,671,Away,L,0,1,West Brom,2.9,0.8,68.0,13.0,6.0,Brighton,Home
4238,3408,2021-03-04,18:00,Matchweek 29,Home,L,0,1,Everton,1.0,1.0,49.0,11.0,3.0,West Brom,2021,1355,Away,W,1,0,West Brom,1.0,1.0,51.0,11.0,3.0,Everton,Away
4239,3409,2021-03-07,12:00,Matchweek 27,Home,D,0,0,Newcastle United,2.0,0.5,53.0,13.0,3.0,West Brom,2021,2610,Away,D,0,0,West Brom,0.5,2.0,47.0,9.0,5.0,Newcastle United,Draw
4240,3412,2021-04-12,18:00,Matchweek 31,Home,W,3,0,Southampton,3.0,1.5,40.0,14.0,5.0,West Brom,2021,3032,Away,L,0,3,West Brom,1.5,3.0,60.0,13.0,3.0,Southampton,Home
4241,3415,2021-05-03,18:00,Matchweek 34,Home,D,1,1,Wolverhampton Wanderers,1.1,1.0,43.0,10.0,3.0,West Brom,2021,3643,Away,D,1,1,West Brom,1.0,1.1,57.0,20.0,10.0,Wolverhampton Wanderers,Draw
4242,3417,2021-05-16,16:30,Matchweek 36,Home,L,1,2,Liverpool,1.0,1.9,24.0,9.0,3.0,West Brom,2021,2011,Away,W,2,1,West Brom,1.9,1.0,76.0,26.0,6.0,Liverpool,Away
4244,3418,2021-05-19,20:15,Matchweek 37,Home,L,1,3,West Ham,1.1,3.4,52.0,14.0,4.0,West Brom,2021,3456,Away,W,3,1,West Brom,3.4,1.1,48.0,20.0,9.0,West Ham,Away
4245,3420,2020-09-12,20:00,Matchweek 1,Home,L,0,2,Newcastle United,1.0,1.6,58.0,15.0,3.0,West Ham,2021,2584,Away,W,2,0,West Ham,1.6,1.0,42.0,15.0,2.0,Newcastle United,Away
4246,3422,2020-09-27,19:00,Matchweek 3,Home,W,4,0,Wolverhampton Wanderers,2.4,0.5,37.0,15.0,7.0,West Ham,2021,3612,Away,L,0,4,West Ham,0.5,2.4,63.0,11.0,2.0,Wolverhampton Wanderers,Home
4247,3425,2020-10-24,12:30,Matchweek 6,Home,D,1,1,Manchester City,0.3,1.0,31.0,6.0,2.0,West Ham,2021,2208,Away,D,1,1,West Ham,1.0,0.3,69.0,14.0,7.0,Manchester City,Draw
4248,3427,2020-11-07,20:00,Matchweek 8,Home,W,1,0,Fulham,1.3,1.7,53.0,16.0,7.0,West Ham,2021,1527,Away,L,0,1,West Ham,1.7,1.3,47.0,12.0,2.0,Fulham,Home
4249,3429,2020-11-30,20:00,Matchweek 10,Home,W,2,1,Aston Villa,0.4,2.5,34.0,6.0,2.0,West Ham,2021,198,Away,L,1,2,West Ham,2.5,0.4,66.0,15.0,6.0,Aston Villa,Home
4250,3430,2020-12-05,17:30,Matchweek 11,Home,L,1,3,Manchester United,2.0,1.7,40.0,19.0,6.0,West Ham,2021,2403,Away,W,3,1,West Ham,1.7,2.0,60.0,15.0,6.0,Manchester United,Away
4252,3432,2020-12-16,20:00,Matchweek 13,Home,D,1,1,Crystal Palace,0.4,1.1,52.0,9.0,2.0,West Ham,2021,1152,Away,D,1,1,West Ham,1.1,0.4,48.0,8.0,2.0,Crystal Palace,Draw
4254,3434,2020-12-27,14:15,Matchweek 15,Home,D,2,2,Brighton,1.3,1.1,44.0,11.0,4.0,West Ham,2021,660,Away,D,2,2,West Ham,1.1,1.3,56.0,13.0,4.0,Brighton,Draw
4256,3437,2021-01-16,15:00,Matchweek 19,Home,W,1,0,Burnley,1.7,0.5,45.0,15.0,3.0,West Ham,2021,852,Away,L,0,1,West Ham,0.5,1.7,55.0,10.0,2.0,Burnley,Home
4257,3438,2021-01-19,18:00,Matchweek 18,Home,W,2,1,West Brom,2.0,0.5,59.0,14.0,6.0,West Ham,2021,3400,Away,L,1,2,West Ham,0.5,2.0,41.0,6.0,2.0,West Brom,Home
4258,3440,2021-01-31,16:30,Matchweek 21,Home,L,1,3,Liverpool,0.8,2.0,33.0,8.0,2.0,West Ham,2021,1996,Away,W,3,1,West Ham,2.0,0.8,67.0,14.0,5.0,Liverpool,Away
4259,3443,2021-02-15,18:00,Matchweek 24,Home,W,3,0,Sheffield United,1.9,0.7,46.0,12.0,8.0,West Ham,2021,2949,Away,L,0,3,West Ham,0.7,1.9,54.0,8.0,5.0,Sheffield United,Home
4260,3444,2021-02-21,12:00,Matchweek 25,Home,W,2,1,Tottenham Hotspur,1.1,1.1,32.0,4.0,4.0,West Ham,2021,3177,Away,L,1,2,West Ham,1.1,1.1,68.0,20.0,4.0,Tottenham Hotspur,Home
4261,3446,2021-03-08,20:00,Matchweek 27,Home,W,2,0,Leeds United,1.8,1.4,35.0,15.0,4.0,West Ham,2021,1736,Away,L,0,2,West Ham,1.4,1.8,65.0,17.0,2.0,Leeds United,Home
4262,3448,2021-03-21,15:00,Matchweek 29,Home,D,3,3,Arsenal,2.4,1.4,38.0,15.0,5.0,West Ham,2021,28,Away,D,3,3,West Ham,1.4,2.4,62.0,16.0,6.0,Arsenal,Draw
4263,3450,2021-04-11,14:05,Matchweek 31,Home,W,3,2,Leicester City,0.8,0.9,37.0,4.0,4.0,West Ham,2021,1854,Away,L,2,3,West Ham,0.9,0.8,63.0,15.0,4.0,Leicester City,Home
4264,3452,2021-04-24,17:30,Matchweek 33,Home,L,0,1,Chelsea,0.4,2.5,45.0,9.0,2.0,West Ham,2021,982,Away,W,1,0,West Ham,2.5,0.4,55.0,17.0,6.0,Chelsea,Away
4265,3454,2021-05-09,16:30,Matchweek 35,Home,L,0,1,Everton,1.3,1.5,68.0,11.0,0.0,West Ham,2021,1363,Away,W,1,0,West Ham,1.5,1.3,32.0,9.0,3.0,Everton,Away
4273,3457,2021-05-23,16:00,Matchweek 38,Home,W,3,0,Southampton,1.3,1.5,38.0,14.0,7.0,West Ham,2021,3039,Away,L,0,3,West Ham,1.5,1.3,62.0,17.0,5.0,Southampton,Home
4276,3459,2021-08-23,20:00,Matchweek 2,Home,W,4,1,Leicester City,2.3,0.6,52.0,19.0,7.0,West Ham,2022,1863,Away,L,1,4,West Ham,0.6,2.3,48.0,5.0,1.0,Leicester City,Home
4278,3460,2021-08-28,15:00,Matchweek 3,Home,D,2,2,Crystal Palace,1.3,1.1,47.0,14.0,4.0,West Ham,2022,1180,Away,D,2,2,West Ham,1.1,1.3,53.0,9.0,2.0,Crystal Palace,Draw
4283,3462,2021-09-19,14:00,Matchweek 5,Home,L,1,2,Manchester United,1.6,2.0,40.0,12.0,3.0,West Ham,2022,2436,Away,W,2,1,West Ham,2.0,1.6,60.0,17.0,10.0,Manchester United,Away
4285,3464,2021-10-03,14:00,Matchweek 7,Home,L,1,2,Brentford,1.5,1.2,59.0,18.0,5.0,West Ham,2022,500,Away,W,2,1,West Ham,1.2,1.5,41.0,13.0,6.0,Brentford,Away
4288,3466,2021-10-24,14:00,Matchweek 9,Home,W,1,0,Tottenham Hotspur,1.3,0.7,38.0,13.0,4.0,West Ham,2022,3200,Away,L,0,1,West Ham,0.7,1.3,62.0,7.0,4.0,Tottenham Hotspur,Home
4289,3468,2021-11-07,16:30,Matchweek 11,Home,W,3,2,Liverpool,1.0,1.2,31.0,7.0,3.0,West Ham,2022,2024,Away,L,2,3,West Ham,1.2,1.0,69.0,16.0,5.0,Liverpool,Home
4290,3471,2021-12-01,19:30,Matchweek 14,Home,D,1,1,Brighton,1.3,1.3,35.0,14.0,5.0,West Ham,2022,697,Away,D,1,1,West Ham,1.3,1.3,65.0,9.0,3.0,Brighton,Draw
4294,3472,2021-12-04,12:30,Matchweek 15,Home,W,3,2,Chelsea,1.8,1.1,37.0,10.0,3.0,West Ham,2022,1002,Away,L,2,3,West Ham,1.1,1.8,63.0,19.0,7.0,Chelsea,Home
4298,3475,2021-12-26,15:00,Matchweek 19,Home,L,2,3,Southampton,1.6,1.2,56.0,11.0,4.0,West Ham,2022,3057,Away,W,3,2,West Ham,1.2,1.6,44.0,10.0,5.0,Southampton,Away
4299,3478,2022-01-12,19:45,Matchweek 18,Home,W,2,0,Norwich City,2.5,0.3,62.0,13.0,5.0,West Ham,2022,2793,Away,L,0,2,West Ham,0.3,2.5,38.0,7.0,3.0,Norwich City,Home
4301,3479,2022-01-16,14:00,Matchweek 22,Home,L,2,3,Leeds United,2.4,2.2,48.0,15.0,5.0,West Ham,2022,1767,Away,W,3,2,West Ham,2.2,2.4,52.0,18.0,5.0,Leeds United,Away
4303,3481,2022-02-08,19:45,Matchweek 24,Home,W,1,0,Watford,0.8,0.3,64.0,9.0,2.0,West Ham,2022,3365,Away,L,0,1,West Ham,0.3,0.8,36.0,6.0,1.0,Watford,Home
4304,3483,2022-02-19,12:30,Matchweek 26,Home,D,1,1,Newcastle United,0.6,0.8,47.0,11.0,3.0,West Ham,2022,2645,Away,D,1,1,West Ham,0.8,0.6,53.0,14.0,3.0,Newcastle United,Draw
4305,3484,2022-02-27,14:00,Matchweek 27,Home,W,1,0,Wolverhampton Wanderers,1.8,0.7,39.0,13.0,4.0,West Ham,2022,3673,Away,L,0,1,West Ham,0.7,1.8,61.0,14.0,1.0,Wolverhampton Wanderers,Home
4306,3486,2022-03-13,14:00,Matchweek 29,Home,W,2,1,Aston Villa,1.2,1.1,47.0,11.0,4.0,West Ham,2022,255,Away,L,1,2,West Ham,1.1,1.2,53.0,13.0,7.0,Aston Villa,Home
4311,3488,2022-04-03,14:00,Matchweek 31,Home,W,2,1,Everton,1.2,0.7,55.0,11.0,5.0,West Ham,2022,1395,Away,L,1,2,West Ham,0.7,1.2,45.0,13.0,2.0,Everton,Home
4312,3490,2022-04-17,14:15,Matchweek 33,Home,D,1,1,Burnley,2.2,1.8,61.0,21.0,6.0,West Ham,2022,904,Away,D,1,1,West Ham,1.8,2.2,39.0,8.0,1.0,Burnley,Draw
4314,3492,2022-05-01,16:30,Matchweek 35,Home,L,1,2,Arsenal,0.5,0.9,57.0,8.0,3.0,West Ham,2022,71,Away,W,2,1,West Ham,0.9,0.5,43.0,13.0,7.0,Arsenal,Away
4318,3494,2022-05-15,14:00,Matchweek 37,Home,D,2,2,Manchester City,1.1,2.4,22.0,6.0,2.0,West Ham,2022,2278,Away,D,2,2,West Ham,2.4,1.1,78.0,30.0,7.0,Manchester City,Draw
4320,3496,2022-08-07,16:30,Matchweek 1,Home,L,0,2,Manchester City,0.5,2.2,25.0,6.0,1.0,West Ham,2023,2280,Away,W,2,0,West Ham,2.2,0.5,75.0,13.0,1.0,Manchester City,Away
4321,3498,2022-08-21,14:00,Matchweek 3,Home,L,0,2,Brighton,0.8,1.7,50.0,13.0,3.0,West Ham,2023,724,Away,W,2,0,West Ham,1.7,0.8,50.0,10.0,1.0,Brighton,Away
4323,3500,2022-08-31,19:45,Matchweek 5,Home,D,1,1,Tottenham Hotspur,1.2,0.6,39.0,14.0,4.0,West Ham,2023,3234,Away,D,1,1,West Ham,0.6,1.2,61.0,12.0,3.0,Tottenham Hotspur,Draw
4324,3503,2022-10-01,17:30,Matchweek 9,Home,W,2,0,Wolverhampton Wanderers,0.9,0.7,39.0,18.0,5.0,West Ham,2023,3693,Away,L,0,2,West Ham,0.7,0.9,61.0,15.0,4.0,Wolverhampton Wanderers,Home
4325,3504,2022-10-09,14:00,Matchweek 10,Home,W,3,1,Fulham,2.4,0.7,50.0,16.0,7.0,West Ham,2023,1566,Away,L,1,3,West Ham,0.7,2.4,50.0,8.0,2.0,Fulham,Home
4327,3507,2022-10-24,20:00,Matchweek 13,Home,W,2,0,Bournemouth,1.9,0.4,55.0,19.0,3.0,West Ham,2023,391,Away,L,0,2,West Ham,0.4,1.9,45.0,5.0,3.0,Bournemouth,Home
4328,3509,2022-11-06,14:00,Matchweek 15,Home,L,1,2,Crystal Palace,0.3,1.0,42.0,5.0,2.0,West Ham,2023,1228,Away,W,2,1,West Ham,1.0,0.3,58.0,15.0,6.0,Crystal Palace,Away
4334,3510,2022-11-12,15:00,Matchweek 16,Home,L,0,2,Leicester City,1.4,1.8,54.0,18.0,6.0,West Ham,2023,1914,Away,W,2,0,West Ham,1.8,1.4,46.0,8.0,5.0,Leicester City,Away
4336,3512,2022-12-30,19:45,Matchweek 18,Home,L,0,2,Brentford,1.3,1.6,63.0,20.0,5.0,West Ham,2023,548,Away,W,2,0,West Ham,1.6,1.3,37.0,9.0,6.0,Brentford,Away
4339,3515,2023-01-21,15:00,Matchweek 21,Home,W,2,0,Everton,2.2,0.5,33.0,11.0,4.0,West Ham,2023,1425,Away,L,0,2,West Ham,0.5,2.2,67.0,5.0,2.0,Everton,Home
4341,3517,2023-02-11,12:30,Matchweek 23,Home,D,1,1,Chelsea,1.3,1.1,29.0,10.0,2.0,West Ham,2023,1047,Away,D,1,1,West Ham,1.1,1.3,71.0,12.0,4.0,Chelsea,Draw
4344,3519,2023-02-25,15:00,Matchweek 25,Home,W,4,0,Nottingham Forest,2.7,0.4,49.0,18.0,5.0,West Ham,2023,2835,Away,L,0,4,West Ham,0.4,2.7,51.0,8.0,3.0,Nottingham Forest,Home
4347,3521,2023-03-12,14:00,Matchweek 27,Home,D,1,1,Aston Villa,2.1,1.5,41.0,16.0,4.0,West Ham,2023,291,Away,D,1,1,West Ham,1.5,2.1,59.0,12.0,4.0,Aston Villa,Draw
4349,3522,2023-04-02,14:00,Matchweek 29,Home,W,1,0,Southampton,1.4,0.3,43.0,12.0,2.0,West Ham,2023,3106,Away,L,0,1,West Ham,0.3,1.4,57.0,9.0,3.0,Southampton,Home
4350,3523,2023-04-05,20:00,Matchweek 7,Home,L,1,5,Newcastle United,1.0,3.3,42.0,7.0,2.0,West Ham,2023,2687,Away,W,5,1,West Ham,3.3,1.0,58.0,15.0,7.0,Newcastle United,Away
4351,3525,2023-04-16,14:00,Matchweek 31,Home,D,2,2,Arsenal,1.8,2.7,30.0,15.0,2.0,West Ham,2023,106,Away,D,2,2,West Ham,2.7,1.8,70.0,10.0,5.0,Arsenal,Draw
4353,3527,2023-04-26,19:45,Matchweek 33,Home,L,1,2,Liverpool,0.8,1.9,28.0,7.0,2.0,West Ham,2023,2083,Away,W,2,1,West Ham,1.9,0.8,72.0,20.0,4.0,Liverpool,Away
4354,3530,2023-05-07,19:00,Matchweek 35,Home,W,1,0,Manchester United,1.3,1.2,35.0,15.0,4.0,West Ham,2023,2503,Away,L,0,1,West Ham,1.2,1.3,65.0,19.0,4.0,Manchester United,Home
4355,3532,2023-05-21,13:30,Matchweek 37,Home,W,3,1,Leeds United,2.1,0.9,59.0,19.0,9.0,West Ham,2023,1822,Away,L,1,3,West Ham,0.9,2.1,41.0,12.0,3.0,Leeds United,Home
4356,3535,2023-08-20,16:30,Matchweek 2,Home,W,3,1,Chelsea,1.8,2.5,25.0,11.0,5.0,West Ham,2024,1065,Away,L,1,3,West Ham,2.5,1.8,75.0,16.0,3.0,Chelsea,Home
4360,3538,2023-09-16,15:00,Matchweek 5,Home,L,1,3,Manchester City,0.9,3.6,32.0,6.0,3.0,West Ham,2024,2322,Away,W,3,1,West Ham,3.6,0.9,68.0,29.0,13.0,Manchester City,Away
4367,3540,2023-09-30,15:00,Matchweek 7,Home,W,2,0,Sheffield United,2.1,1.1,52.0,20.0,8.0,West Ham,2024,2970,Away,L,0,2,West Ham,1.1,2.1,48.0,16.0,2.0,Sheffield United,Home
4370,3541,2023-10-08,14:00,Matchweek 8,Home,D,2,2,Newcastle United,1.2,2.0,36.0,5.0,3.0,West Ham,2024,2705,Away,D,2,2,West Ham,2.0,1.2,64.0,10.0,3.0,Newcastle United,Draw
4371,3543,2023-10-29,13:00,Matchweek 10,Home,L,0,1,Everton,0.7,0.8,64.0,12.0,2.0,West Ham,2024,1453,Away,W,1,0,West Ham,0.8,0.7,36.0,10.0,4.0,Everton,Away
4374,3545,2023-11-12,14:00,Matchweek 12,Home,W,3,2,Nottingham Forest,1.8,1.7,54.0,16.0,6.0,West Ham,2024,2861,Away,L,2,3,West Ham,1.7,1.8,46.0,10.0,5.0,Nottingham Forest,Home
4378,3547,2023-12-03,14:00,Matchweek 14,Home,D,1,1,Crystal Palace,1.1,0.9,55.0,9.0,3.0,West Ham,2024,1267,Away,D,1,1,West Ham,0.9,1.1,45.0,9.0,2.0,Crystal Palace,Draw
4382,3550,2023-12-17,14:00,Matchweek 17,Home,W,3,0,Wolverhampton Wanderers,1.1,0.7,45.0,13.0,4.0,West Ham,2024,3740,Away,L,0,3,West Ham,0.7,1.1,55.0,14.0,3.0,Wolverhampton Wanderers,Home
4383,3551,2023-12-23,12:30,Matchweek 18,Home,W,2,0,Manchester United,1.2,1.0,35.0,12.0,5.0,West Ham,2024,2525,Away,L,0,2,West Ham,1.0,1.2,65.0,11.0,3.0,Manchester United,Home
4384,3553,2024-01-02,19:30,Matchweek 20,Home,D,0,0,Brighton,0.7,2.3,32.0,6.0,2.0,West Ham,2024,779,Away,D,0,0,West Ham,2.3,0.7,68.0,22.0,8.0,Brighton,Draw
4385,3555,2024-02-01,19:30,Matchweek 22,Home,D,1,1,Bournemouth,1.4,1.2,48.0,8.0,2.0,West Ham,2024,438,Away,D,1,1,West Ham,1.2,1.4,52.0,9.0,4.0,Bournemouth,Draw
4386,3557,2024-02-11,14:00,Matchweek 24,Home,L,0,6,Arsenal,0.2,3.6,30.0,5.0,1.0,West Ham,2024,137,Away,W,6,0,West Ham,3.6,0.2,70.0,24.0,11.0,Arsenal,Away
4387,3559,2024-02-26,20:00,Matchweek 26,Home,W,4,2,Brentford,1.7,0.9,41.0,17.0,6.0,West Ham,2024,595,Away,L,2,4,West Ham,0.9,1.7,59.0,14.0,7.0,Brentford,Home
4388,3561,2024-03-10,14:00,Matchweek 28,Home,D,2,2,Burnley,2.1,0.7,52.0,22.0,4.0,West Ham,2024,939,Away,D,2,2,West Ham,0.7,2.1,48.0,11.0,4.0,Burnley,Draw
4390,3562,2024-03-17,14:00,Matchweek 29,Home,D,1,1,Aston Villa,2.0,0.7,31.0,13.0,4.0,West Ham,2024,332,Away,D,1,1,West Ham,0.7,2.0,69.0,13.0,5.0,Aston Villa,Draw
4391,3564,2024-04-02,20:15,Matchweek 31,Home,D,1,1,Tottenham Hotspur,1.5,1.0,33.0,11.0,4.0,West Ham,2024,3297,Away,D,1,1,West Ham,1.0,1.5,67.0,13.0,4.0,Tottenham Hotspur,Draw
4393,3566,2024-04-14,14:00,Matchweek 33,Home,L,0,2,Fulham,0.9,3.2,58.0,15.0,4.0,West Ham,2024,1628,Away,W,2,0,West Ham,3.2,0.9,42.0,18.0,10.0,Fulham,Away
4394,3568,2024-04-27,12:30,Matchweek 35,Home,D,2,2,Liverpool,0.7,1.7,29.0,11.0,8.0,West Ham,2024,2124,Away,D,2,2,West Ham,1.7,0.7,71.0,28.0,8.0,Liverpool,Draw
4399,3570,2024-05-11,15:00,Matchweek 37,Home,W,3,1,Luton Town,3.2,0.3,58.0,24.0,8.0,West Ham,2024,2202,Away,L,1,3,West Ham,0.3,3.2,42.0,4.0,1.0,Luton Town,Home
4401,3572,2024-08-17,17:30,Matchweek 1,Home,L,1,2,Aston Villa,2.3,2.0,52.0,13.0,2.0,West Ham,2025,342,Away,W,2,1,West Ham,2.0,2.3,48.0,15.0,3.0,Aston Villa,Away
4402,3574,2024-08-31,17:30,Matchweek 3,Home,L,1,3,Manchester City,0.7,3.0,33.0,10.0,2.0,West Ham,2025,2358,Away,W,3,1,West Ham,3.0,0.7,67.0,23.0,8.0,Manchester City,Away
4403,3576,2024-09-21,12:30,Matchweek 5,Home,L,0,3,Chelsea,0.9,2.2,53.0,15.0,7.0,West Ham,2025,1106,Away,W,3,0,West Ham,2.2,0.9,47.0,12.0,5.0,Chelsea,Away
4406,3578,2024-10-05,15:00,Matchweek 7,Home,W,4,1,Ipswich Town,3.6,0.6,52.0,23.0,12.0,West Ham,2025,1678,Away,L,1,4,West Ham,0.6,3.6,48.0,9.0,2.0,Ipswich Town,Home
4409,3580,2024-10-27,14:00,Matchweek 9,Home,W,2,1,Manchester United,2.8,2.3,42.0,11.0,2.0,West Ham,2025,2554,Away,L,1,2,West Ham,2.3,2.8,58.0,18.0,5.0,Manchester United,Home
4413,3582,2024-11-09,15:00,Matchweek 11,Home,D,0,0,Everton,0.8,1.1,49.0,11.0,6.0,West Ham,2025,1492,Away,D,0,0,West Ham,1.1,0.8,51.0,18.0,4.0,Everton,Draw
4416,3584,2024-11-30,17:30,Matchweek 13,Home,L,2,5,Arsenal,1.5,3.5,40.0,12.0,5.0,West Ham,2025,164,Away,W,5,2,West Ham,3.5,1.5,60.0,14.0,5.0,Arsenal,Away
4417,3586,2024-12-09,20:00,Matchweek 15,Home,W,2,1,Wolverhampton Wanderers,1.0,1.4,54.0,19.0,4.0,West Ham,2025,3776,Away,L,1,2,West Ham,1.4,1.0,46.0,19.0,5.0,Wolverhampton Wanderers,Home
4418,3588,2024-12-21,15:00,Matchweek 17,Home,D,1,1,Brighton,1.2,0.9,47.0,11.0,4.0,West Ham,2025,814,Away,D,1,1,West Ham,0.9,1.2,53.0,12.0,6.0,Brighton,Draw
4421,3590,2024-12-29,17:15,Matchweek 19,Home,L,0,5,Liverpool,0.4,3.1,46.0,7.0,0.0,West Ham,2025,2145,Away,W,5,0,West Ham,3.1,0.4,54.0,22.0,13.0,Liverpool,Away
4423,3592,2025-01-14,19:30,Matchweek 21,Home,W,3,2,Fulham,1.0,1.7,44.0,4.0,3.0,West Ham,2025,1654,Away,L,2,3,West Ham,1.7,1.0,56.0,21.0,4.0,Fulham,Home
4425,3593,2025-01-18,15:00,Matchweek 22,Home,L,0,2,Crystal Palace,0.3,1.3,53.0,7.0,0.0,West Ham,2025,1313,Away,W,2,0,West Ham,1.3,0.3,47.0,11.0,6.0,Crystal Palace,Away
4429,3596,2025-02-15,15:00,Matchweek 25,Home,L,0,1,Brentford,0.8,1.6,58.0,13.0,3.0,West Ham,2025,632,Away,W,1,0,West Ham,1.6,0.8,42.0,14.0,5.0,Brentford,Away
4433,3598,2025-02-27,20:00,Matchweek 27,Home,W,2,0,Leicester City,1.3,0.4,58.0,8.0,2.0,West Ham,2025,1964,Away,L,0,2,West Ham,0.4,1.3,42.0,10.0,2.0,Leicester City,Home
4434,3599,2025-03-10,20:00,Matchweek 28,Home,L,0,1,Newcastle United,0.7,1.4,51.0,9.0,2.0,West Ham,2025,2763,Away,W,1,0,West Ham,1.4,0.7,49.0,9.0,3.0,Newcastle United,Away
4435,3602,2025-04-05,15:00,Matchweek 31,Home,D,2,2,Bournemouth,0.7,2.1,56.0,9.0,3.0,West Ham,2025,486,Away,D,2,2,West Ham,2.1,0.7,44.0,11.0,4.0,Bournemouth,Draw
4441,3604,2025-04-19,15:00,Matchweek 33,Home,D,1,1,Southampton,0.9,0.6,52.0,12.0,4.0,West Ham,2025,3148,Away,D,1,1,West Ham,0.6,0.9,48.0,15.0,4.0,Southampton,Draw
4444,3606,2025-05-04,14:00,Matchweek 35,Home,D,1,1,Tottenham Hotspur,0.8,0.8,55.0,11.0,2.0,West Ham,2025,3340,Away,D,1,1,West Ham,0.8,0.8,45.0,7.0,2.0,Tottenham Hotspur,Draw
4445,3608,2025-05-18,14:15,Matchweek 37,Home,L,1,2,Nottingham Forest,1.1,1.9,60.0,16.0,5.0,West Ham,2025,2924,Away,W,2,1,West Ham,1.9,1.1,40.0,10.0,5.0,Nottingham Forest,Away
4446,3611,2020-09-21,20:15,Matchweek 2,Home,L,1,3,Manchester City,0.6,1.9,35.0,10.0,1.0,Wolverhampton Wanderers,2021,2204,Away,W,3,1,Wolverhampton Wanderers,1.9,0.6,65.0,13.0,8.0,Manchester City,Away
4447,3613,2020-10-04,14:00,Matchweek 4,Home,W,1,0,Fulham,1.2,0.9,48.0,14.0,5.0,Wolverhampton Wanderers,2021,1523,Away,L,0,1,Wolverhampton Wanderers,0.9,1.2,52.0,10.0,2.0,Fulham,Home
4449,3615,2020-10-25,16:30,Matchweek 6,Home,D,1,1,Newcastle United,0.7,0.3,63.0,16.0,3.0,Wolverhampton Wanderers,2021,2589,Away,D,1,1,Wolverhampton Wanderers,0.3,0.7,37.0,5.0,2.0,Newcastle United,Draw
4450,3616,2020-10-30,20:00,Matchweek 7,Home,W,2,0,Crystal Palace,1.3,0.7,45.0,15.0,5.0,Wolverhampton Wanderers,2021,1146,Away,L,0,2,Wolverhampton Wanderers,0.7,1.3,55.0,11.0,2.0,Crystal Palace,Home
4451,3618,2020-11-23,20:00,Matchweek 9,Home,D,1,1,Southampton,1.5,1.0,46.0,20.0,9.0,Wolverhampton Wanderers,2021,3010,Away,D,1,1,Wolverhampton Wanderers,1.0,1.5,54.0,7.0,2.0,Southampton,Draw
4452,3621,2020-12-12,12:30,Matchweek 12,Home,L,0,1,Aston Villa,1.1,1.4,50.0,16.0,7.0,Wolverhampton Wanderers,2021,199,Away,W,1,0,Wolverhampton Wanderers,1.4,1.1,50.0,12.0,1.0,Aston Villa,Away
4453,3622,2020-12-15,18:00,Matchweek 13,Home,W,2,1,Chelsea,0.5,1.0,45.0,12.0,4.0,Wolverhampton Wanderers,2021,962,Away,L,1,2,Wolverhampton Wanderers,1.0,0.5,55.0,13.0,3.0,Chelsea,Home
4454,3624,2020-12-27,19:15,Matchweek 15,Home,D,1,1,Tottenham Hotspur,0.9,0.4,55.0,11.0,6.0,Wolverhampton Wanderers,2021,3168,Away,D,1,1,Wolverhampton Wanderers,0.4,0.9,45.0,6.0,3.0,Tottenham Hotspur,Draw
4455,3627,2021-01-12,20:15,Matchweek 18,Home,L,1,2,Everton,0.7,0.6,52.0,12.0,3.0,Wolverhampton Wanderers,2021,1346,Away,W,2,1,Wolverhampton Wanderers,0.6,0.7,48.0,5.0,3.0,Everton,Away
4456,3628,2021-01-16,12:30,Matchweek 19,Home,L,2,3,West Brom,1.5,2.4,67.0,23.0,6.0,Wolverhampton Wanderers,2021,3399,Away,W,3,2,Wolverhampton Wanderers,2.4,1.5,33.0,10.0,3.0,West Brom,Away
4457,3631,2021-02-02,18:00,Matchweek 22,Home,W,2,1,Arsenal,1.5,0.8,55.0,10.0,6.0,Wolverhampton Wanderers,2021,21,Away,L,1,2,Wolverhampton Wanderers,0.8,1.5,45.0,9.0,3.0,Arsenal,Home
4459,3632,2021-02-07,14:00,Matchweek 23,Home,D,0,0,Leicester City,1.1,0.8,44.0,13.0,1.0,Wolverhampton Wanderers,2021,1846,Away,D,0,0,Wolverhampton Wanderers,0.8,1.1,56.0,13.0,3.0,Leicester City,Draw
4460,3634,2021-02-19,20:00,Matchweek 25,Home,W,1,0,Leeds United,0.6,1.7,42.0,15.0,5.0,Wolverhampton Wanderers,2021,1733,Away,L,0,1,Wolverhampton Wanderers,1.7,0.6,58.0,18.0,7.0,Leeds United,Home
4461,3638,2021-03-15,20:00,Matchweek 28,Home,L,0,1,Liverpool,1.1,0.9,53.0,10.0,5.0,Wolverhampton Wanderers,2021,2004,Away,W,1,0,Wolverhampton Wanderers,0.9,1.1,47.0,12.0,4.0,Liverpool,Away
4462,3639,2021-04-05,20:15,Matchweek 30,Home,L,2,3,West Ham,2.1,1.2,65.0,20.0,5.0,Wolverhampton Wanderers,2021,3449,Away,W,3,2,Wolverhampton Wanderers,1.2,2.1,35.0,9.0,6.0,West Ham,Away
4463,3641,2021-04-17,20:15,Matchweek 32,Home,W,1,0,Sheffield United,1.1,0.5,48.0,10.0,4.0,Wolverhampton Wanderers,2021,2957,Away,L,0,1,Wolverhampton Wanderers,0.5,1.1,52.0,8.0,2.0,Sheffield United,Home
4464,3642,2021-04-25,12:00,Matchweek 33,Home,L,0,4,Burnley,0.4,2.0,58.0,12.0,2.0,Wolverhampton Wanderers,2021,868,Away,W,4,0,Wolverhampton Wanderers,2.0,0.4,42.0,14.0,7.0,Burnley,Away
4465,3644,2021-05-09,12:00,Matchweek 35,Home,W,2,1,Brighton,1.1,0.3,61.0,16.0,6.0,Wolverhampton Wanderers,2021,680,Away,L,1,2,Wolverhampton Wanderers,0.3,1.1,39.0,5.0,3.0,Brighton,Home
4471,3647,2021-05-23,16:00,Matchweek 38,Home,L,1,2,Manchester United,0.9,2.0,57.0,14.0,4.0,Wolverhampton Wanderers,2021,2431,Away,W,2,1,Wolverhampton Wanderers,2.0,0.9,43.0,8.0,3.0,Manchester United,Away
4477,3649,2021-08-22,14:00,Matchweek 2,Home,L,0,1,Tottenham Hotspur,1.7,1.7,58.0,25.0,6.0,Wolverhampton Wanderers,2022,3193,Away,W,1,0,Wolverhampton Wanderers,1.7,1.7,42.0,7.0,5.0,Tottenham Hotspur,Away
4478,3650,2021-08-29,16:30,Matchweek 3,Home,L,0,1,Manchester United,2.1,0.6,44.0,15.0,5.0,Wolverhampton Wanderers,2022,2434,Away,W,1,0,Wolverhampton Wanderers,0.6,2.1,56.0,10.0,3.0,Manchester United,Away
4479,3652,2021-09-18,12:30,Matchweek 5,Home,L,0,2,Brentford,0.6,2.5,62.0,11.0,0.0,Wolverhampton Wanderers,2022,498,Away,W,2,0,Wolverhampton Wanderers,2.5,0.6,38.0,8.0,2.0,Brentford,Away
4480,3654,2021-10-02,15:00,Matchweek 7,Home,W,2,1,Newcastle United,1.0,0.6,52.0,7.0,3.0,Wolverhampton Wanderers,2022,2628,Away,L,1,2,Wolverhampton Wanderers,0.6,1.0,48.0,8.0,2.0,Newcastle United,Home
4484,3657,2021-11-01,20:00,Matchweek 10,Home,W,2,1,Everton,1.7,1.5,61.0,10.0,4.0,Wolverhampton Wanderers,2022,1377,Away,L,1,2,Wolverhampton Wanderers,1.5,1.7,39.0,14.0,5.0,Everton,Home
4490,3659,2021-11-20,15:00,Matchweek 12,Home,W,1,0,West Ham,1.4,0.4,52.0,15.0,5.0,Wolverhampton Wanderers,2022,3469,Away,L,0,1,Wolverhampton Wanderers,0.4,1.4,48.0,8.0,3.0,West Ham,Home
4492,3661,2021-12-01,19:30,Matchweek 14,Home,D,0,0,Burnley,0.7,0.2,65.0,16.0,2.0,Wolverhampton Wanderers,2022,886,Away,D,0,0,Wolverhampton Wanderers,0.2,0.7,35.0,6.0,1.0,Burnley,Draw
4497,3662,2021-12-04,15:00,Matchweek 15,Home,L,0,1,Liverpool,0.1,2.7,34.0,3.0,1.0,Wolverhampton Wanderers,2022,2028,Away,W,1,0,Wolverhampton Wanderers,2.7,0.1,66.0,17.0,4.0,Liverpool,Away
4498,3665,2021-12-19,14:00,Matchweek 18,Home,D,0,0,Chelsea,0.2,0.9,37.0,4.0,1.0,Wolverhampton Wanderers,2022,1005,Away,D,0,0,Wolverhampton Wanderers,0.9,0.2,63.0,8.0,1.0,Chelsea,Draw
4500,3667,2022-01-15,15:00,Matchweek 22,Home,W,3,1,Southampton,2.5,0.8,43.0,8.0,4.0,Wolverhampton Wanderers,2022,3060,Away,L,1,3,Wolverhampton Wanderers,0.8,2.5,57.0,13.0,10.0,Southampton,Home
4502,3669,2022-02-10,19:45,Matchweek 24,Home,L,0,1,Arsenal,0.8,1.8,58.0,15.0,4.0,Wolverhampton Wanderers,2022,59,Away,W,1,0,Wolverhampton Wanderers,1.8,0.8,42.0,12.0,2.0,Arsenal,Away
4504,3671,2022-02-20,16:30,Matchweek 26,Home,W,2,1,Leicester City,0.5,1.7,37.0,11.0,3.0,Wolverhampton Wanderers,2022,1884,Away,L,1,2,Wolverhampton Wanderers,1.7,0.5,63.0,17.0,7.0,Leicester City,Home
4508,3674,2022-03-05,15:00,Matchweek 28,Home,L,0,2,Crystal Palace,0.7,2.7,63.0,12.0,5.0,Wolverhampton Wanderers,2022,1205,Away,W,2,0,Wolverhampton Wanderers,2.7,0.7,37.0,11.0,7.0,Crystal Palace,Away
4510,3675,2022-03-10,19:30,Matchweek 19,Home,W,4,0,Watford,0.7,0.6,66.0,10.0,5.0,Wolverhampton Wanderers,2022,3371,Away,L,0,4,Wolverhampton Wanderers,0.6,0.7,34.0,9.0,0.0,Watford,Home
4511,3677,2022-03-18,20:00,Matchweek 30,Home,L,2,3,Leeds United,1.2,2.0,48.0,14.0,8.0,Wolverhampton Wanderers,2022,1777,Away,W,3,2,Wolverhampton Wanderers,2.0,1.2,52.0,15.0,5.0,Leeds United,Away
4512,3678,2022-04-02,15:00,Matchweek 31,Home,W,2,1,Aston Villa,1.3,2.1,49.0,11.0,4.0,Wolverhampton Wanderers,2022,257,Away,L,1,2,Wolverhampton Wanderers,2.1,1.3,51.0,14.0,4.0,Aston Villa,Home
4517,3681,2022-04-30,15:00,Matchweek 35,Home,L,0,3,Brighton,0.7,2.6,49.0,11.0,1.0,Wolverhampton Wanderers,2022,718,Away,W,3,0,Wolverhampton Wanderers,2.6,0.7,51.0,15.0,8.0,Brighton,Away
4521,3683,2022-05-11,20:15,Matchweek 33,Home,L,1,5,Manchester City,0.5,2.3,34.0,7.0,3.0,Wolverhampton Wanderers,2022,2277,Away,W,5,1,Wolverhampton Wanderers,2.3,0.5,66.0,15.0,5.0,Manchester City,Away
4526,3684,2022-05-15,14:00,Matchweek 37,Home,D,1,1,Norwich City,0.9,1.1,64.0,17.0,4.0,Wolverhampton Wanderers,2022,2810,Away,D,1,1,Wolverhampton Wanderers,1.1,0.9,36.0,11.0,2.0,Norwich City,Draw
4528,3687,2022-08-13,15:00,Matchweek 2,Home,D,0,0,Fulham,0.9,1.5,59.0,7.0,1.0,Wolverhampton Wanderers,2023,1559,Away,D,0,0,Wolverhampton Wanderers,1.5,0.9,41.0,8.0,2.0,Fulham,Draw
4532,3689,2022-08-28,14:00,Matchweek 4,Home,D,1,1,Newcastle United,0.7,1.7,37.0,10.0,4.0,Wolverhampton Wanderers,2023,2663,Away,D,1,1,Wolverhampton Wanderers,1.7,0.7,63.0,21.0,6.0,Newcastle United,Draw
4538,3691,2022-09-03,15:00,Matchweek 6,Home,W,1,0,Southampton,0.8,1.2,51.0,7.0,2.0,Wolverhampton Wanderers,2023,3083,Away,L,0,1,Wolverhampton Wanderers,1.2,0.8,49.0,12.0,1.0,Southampton,Home
4540,3692,2022-09-17,12:30,Matchweek 8,Home,L,0,3,Manchester City,0.4,1.1,41.0,6.0,1.0,Wolverhampton Wanderers,2023,2286,Away,W,3,0,Wolverhampton Wanderers,1.1,0.4,59.0,16.0,7.0,Manchester City,Away
4542,3695,2022-10-15,15:00,Matchweek 11,Home,W,1,0,Nottingham Forest,1.3,1.5,58.0,8.0,1.0,Wolverhampton Wanderers,2023,2821,Away,L,0,1,Wolverhampton Wanderers,1.5,1.3,42.0,9.0,1.0,Nottingham Forest,Home
4546,3697,2022-10-23,14:00,Matchweek 13,Home,L,0,4,Leicester City,2.1,0.9,60.0,21.0,5.0,Wolverhampton Wanderers,2023,1911,Away,W,4,0,Wolverhampton Wanderers,0.9,2.1,40.0,5.0,4.0,Leicester City,Away
4549,3699,2022-11-05,15:00,Matchweek 15,Home,L,2,3,Brighton,1.2,1.5,29.0,7.0,4.0,Wolverhampton Wanderers,2023,734,Away,W,3,2,Wolverhampton Wanderers,1.5,1.2,71.0,19.0,8.0,Brighton,Away
4551,3700,2022-11-12,19:45,Matchweek 16,Home,L,0,2,Arsenal,0.7,2.1,38.0,11.0,2.0,Wolverhampton Wanderers,2023,89,Away,W,2,0,Wolverhampton Wanderers,2.1,0.7,62.0,14.0,3.0,Arsenal,Away
4552,3702,2022-12-31,12:30,Matchweek 18,Home,L,0,1,Manchester United,0.7,2.0,46.0,10.0,3.0,Wolverhampton Wanderers,2023,2485,Away,W,1,0,Wolverhampton Wanderers,2.0,0.7,54.0,16.0,6.0,Manchester United,Away
4556,3704,2023-01-14,15:00,Matchweek 20,Home,W,1,0,West Ham,0.9,1.1,58.0,17.0,4.0,Wolverhampton Wanderers,2023,3514,Away,L,0,1,Wolverhampton Wanderers,1.1,0.9,42.0,16.0,3.0,West Ham,Home
4560,3706,2023-02-04,15:00,Matchweek 22,Home,W,3,0,Liverpool,2.0,1.8,41.0,12.0,5.0,Wolverhampton Wanderers,2023,2071,Away,L,0,3,Wolverhampton Wanderers,1.8,2.0,59.0,22.0,2.0,Liverpool,Home
4562,3708,2023-02-18,15:00,Matchweek 24,Home,L,0,1,Bournemouth,1.3,1.1,68.0,15.0,4.0,Wolverhampton Wanderers,2023,402,Away,W,1,0,Wolverhampton Wanderers,1.1,1.3,32.0,5.0,1.0,Bournemouth,Away
4571,3711,2023-03-04,15:00,Matchweek 26,Home,W,1,0,Tottenham Hotspur,0.5,1.2,46.0,8.0,5.0,Wolverhampton Wanderers,2023,3255,Away,L,0,1,Wolverhampton Wanderers,1.2,0.5,54.0,21.0,6.0,Tottenham Hotspur,Home
4574,3713,2023-03-18,15:00,Matchweek 28,Home,L,2,4,Leeds United,2.7,1.6,65.0,23.0,8.0,Wolverhampton Wanderers,2023,1812,Away,W,4,2,Wolverhampton Wanderers,1.6,2.7,35.0,11.0,4.0,Leeds United,Away
4579,3715,2023-04-08,15:00,Matchweek 30,Home,W,1,0,Chelsea,0.6,1.1,38.0,9.0,4.0,Wolverhampton Wanderers,2023,1055,Away,L,0,1,Wolverhampton Wanderers,1.1,0.6,62.0,13.0,1.0,Chelsea,Home
4584,3716,2023-04-15,15:00,Matchweek 31,Home,W,2,0,Brentford,0.8,1.1,50.0,11.0,9.0,Wolverhampton Wanderers,2023,562,Away,L,0,2,Wolverhampton Wanderers,1.1,0.8,50.0,10.0,3.0,Brentford,Home
4588,3718,2023-04-25,19:30,Matchweek 33,Home,W,2,0,Crystal Palace,1.4,0.8,41.0,8.0,2.0,Wolverhampton Wanderers,2023,1248,Away,L,0,2,Wolverhampton Wanderers,0.8,1.4,59.0,14.0,4.0,Crystal Palace,Home
4589,3720,2023-05-06,15:00,Matchweek 35,Home,W,1,0,Aston Villa,0.8,1.5,38.0,6.0,2.0,Wolverhampton Wanderers,2023,300,Away,L,0,1,Wolverhampton Wanderers,1.5,0.8,62.0,16.0,3.0,Aston Villa,Home
4595,3722,2023-05-20,15:00,Matchweek 37,Home,D,1,1,Everton,1.6,2.0,52.0,13.0,5.0,Wolverhampton Wanderers,2023,1442,Away,D,1,1,Wolverhampton Wanderers,2.0,1.6,48.0,19.0,4.0,Everton,Draw
4599,3725,2023-08-19,15:00,Matchweek 2,Home,L,1,4,Brighton,2.1,2.2,47.0,16.0,5.0,Wolverhampton Wanderers,2024,761,Away,W,4,1,Wolverhampton Wanderers,2.2,2.1,53.0,16.0,8.0,Brighton,Away
4600,3728,2023-09-16,12:30,Matchweek 5,Home,L,1,3,Liverpool,0.6,2.5,35.0,11.0,2.0,Wolverhampton Wanderers,2024,2094,Away,W,3,1,Wolverhampton Wanderers,2.5,0.6,65.0,16.0,5.0,Liverpool,Away
4605,3730,2023-09-30,15:00,Matchweek 7,Home,W,2,1,Manchester City,0.4,0.9,32.0,3.0,1.0,Wolverhampton Wanderers,2024,2324,Away,L,1,2,Wolverhampton Wanderers,0.9,0.4,68.0,23.0,8.0,Manchester City,Home
4607,3731,2023-10-08,14:00,Matchweek 8,Home,D,1,1,Aston Villa,1.7,1.6,47.0,8.0,3.0,Wolverhampton Wanderers,2024,311,Away,D,1,1,Wolverhampton Wanderers,1.6,1.7,53.0,18.0,4.0,Aston Villa,Draw
4610,3733,2023-10-28,17:30,Matchweek 10,Home,D,2,2,Newcastle United,0.9,2.2,43.0,11.0,6.0,Wolverhampton Wanderers,2024,2707,Away,D,2,2,Wolverhampton Wanderers,2.2,0.9,57.0,12.0,3.0,Newcastle United,Draw
4611,3735,2023-11-11,12:30,Matchweek 12,Home,W,2,1,Tottenham Hotspur,2.1,0.7,42.0,17.0,4.0,Wolverhampton Wanderers,2024,3279,Away,L,1,2,Wolverhampton Wanderers,0.7,2.1,58.0,6.0,2.0,Tottenham Hotspur,Home
4612,3738,2023-12-05,19:30,Matchweek 15,Home,W,1,0,Burnley,0.8,0.9,51.0,7.0,4.0,Wolverhampton Wanderers,2024,926,Away,L,0,1,Wolverhampton Wanderers,0.9,0.8,49.0,12.0,3.0,Burnley,Home
4616,3739,2023-12-09,15:00,Matchweek 16,Home,D,1,1,Nottingham Forest,1.2,1.3,68.0,10.0,4.0,Wolverhampton Wanderers,2024,2865,Away,D,1,1,Wolverhampton Wanderers,1.3,1.2,32.0,8.0,2.0,Nottingham Forest,Draw
4617,3741,2023-12-24,13:00,Matchweek 18,Home,W,2,1,Chelsea,1.3,2.0,32.0,14.0,6.0,Wolverhampton Wanderers,2024,1081,Away,L,1,2,Wolverhampton Wanderers,2.0,1.3,68.0,16.0,4.0,Chelsea,Home
4620,3743,2023-12-30,15:00,Matchweek 20,Home,W,3,0,Everton,1.9,0.4,53.0,12.0,6.0,Wolverhampton Wanderers,2024,1463,Away,L,0,3,Wolverhampton Wanderers,0.4,1.9,47.0,10.0,0.0,Everton,Home
4622,3745,2024-02-01,20:15,Matchweek 22,Home,L,3,4,Manchester United,2.1,3.3,53.0,15.0,5.0,Wolverhampton Wanderers,2024,2529,Away,W,4,3,Wolverhampton Wanderers,3.3,2.1,47.0,21.0,8.0,Manchester United,Away
4624,3747,2024-02-10,15:00,Matchweek 24,Home,L,0,2,Brentford,1.0,1.9,71.0,17.0,5.0,Wolverhampton Wanderers,2024,592,Away,W,2,0,Wolverhampton Wanderers,1.9,1.0,29.0,9.0,6.0,Brentford,Away
4628,3749,2024-02-25,13:30,Matchweek 26,Home,W,1,0,Sheffield United,1.3,0.6,63.0,13.0,2.0,Wolverhampton Wanderers,2024,2989,Away,L,0,1,Wolverhampton Wanderers,0.6,1.3,37.0,12.0,4.0,Sheffield United,Home
4629,3751,2024-03-09,15:00,Matchweek 28,Home,W,2,1,Fulham,0.8,2.6,48.0,8.0,3.0,Wolverhampton Wanderers,2024,1623,Away,L,1,2,Wolverhampton Wanderers,2.6,0.8,52.0,23.0,6.0,Fulham,Home
4636,3754,2024-04-06,15:00,Matchweek 32,Home,L,1,2,West Ham,1.5,1.2,58.0,13.0,6.0,Wolverhampton Wanderers,2024,3565,Away,W,2,1,Wolverhampton Wanderers,1.2,1.5,42.0,10.0,3.0,West Ham,Away
4637,3756,2024-04-20,19:30,Matchweek 34,Home,L,0,2,Arsenal,0.2,1.2,46.0,5.0,3.0,Wolverhampton Wanderers,2024,146,Away,W,2,0,Wolverhampton Wanderers,1.2,0.2,54.0,24.0,9.0,Arsenal,Away
4638,3757,2024-04-24,19:45,Matchweek 29,Home,L,0,1,Bournemouth,0.5,1.9,63.0,15.0,4.0,Wolverhampton Wanderers,2024,451,Away,W,1,0,Wolverhampton Wanderers,1.9,0.5,37.0,21.0,6.0,Bournemouth,Away
4641,3758,2024-04-27,15:00,Matchweek 35,Home,W,2,1,Luton Town,1.2,0.6,58.0,13.0,5.0,Wolverhampton Wanderers,2024,2200,Away,L,1,2,Wolverhampton Wanderers,0.6,1.2,42.0,9.0,6.0,Luton Town,Home
4646,3760,2024-05-11,15:00,Matchweek 37,Home,L,1,3,Crystal Palace,1.6,2.6,62.0,14.0,8.0,Wolverhampton Wanderers,2024,1290,Away,W,3,1,Wolverhampton Wanderers,2.6,1.6,38.0,13.0,3.0,Crystal Palace,Away
4649,3763,2024-08-25,14:00,Matchweek 2,Home,L,2,6,Chelsea,1.9,1.6,40.0,12.0,4.0,Wolverhampton Wanderers,2025,1103,Away,W,6,2,Wolverhampton Wanderers,1.6,1.9,60.0,14.0,8.0,Chelsea,Away
4651,3765,2024-09-15,16:30,Matchweek 4,Home,L,1,2,Newcastle United,1.2,1.5,49.0,12.0,5.0,Wolverhampton Wanderers,2025,2739,Away,W,2,1,Wolverhampton Wanderers,1.5,1.2,51.0,14.0,6.0,Newcastle United,Away
4652,3767,2024-09-28,17:30,Matchweek 6,Home,L,1,2,Liverpool,0.6,2.5,45.0,8.0,3.0,Wolverhampton Wanderers,2025,2133,Away,W,2,1,Wolverhampton Wanderers,2.5,0.6,55.0,9.0,5.0,Liverpool,Away
4653,3769,2024-10-20,14:00,Matchweek 8,Home,L,1,2,Manchester City,0.8,1.6,23.0,3.0,2.0,Wolverhampton Wanderers,2025,2363,Away,W,2,1,Wolverhampton Wanderers,1.6,0.8,77.0,22.0,7.0,Manchester City,Away
4654,3771,2024-11-02,17:30,Matchweek 10,Home,D,2,2,Crystal Palace,1.5,2.4,57.0,11.0,6.0,Wolverhampton Wanderers,2025,1301,Away,D,2,2,Wolverhampton Wanderers,2.4,1.5,43.0,19.0,6.0,Crystal Palace,Draw
4658,3772,2024-11-09,15:00,Matchweek 11,Home,W,2,0,Southampton,1.3,0.6,29.0,8.0,4.0,Wolverhampton Wanderers,2025,3126,Away,L,0,2,Wolverhampton Wanderers,0.6,1.3,71.0,9.0,0.0,Southampton,Home
4659,3774,2024-11-30,15:00,Matchweek 13,Home,L,2,4,Bournemouth,0.5,3.3,60.0,10.0,3.0,Wolverhampton Wanderers,2025,468,Away,W,4,2,Wolverhampton Wanderers,3.3,0.5,40.0,9.0,5.0,Bournemouth,Away
4665,3777,2024-12-14,15:00,Matchweek 16,Home,L,1,2,Ipswich Town,1.3,1.1,54.0,16.0,6.0,Wolverhampton Wanderers,2025,1687,Away,W,2,1,Wolverhampton Wanderers,1.1,1.3,46.0,10.0,3.0,Ipswich Town,Away
4667,3779,2024-12-26,17:30,Matchweek 18,Home,W,2,0,Manchester United,0.9,0.4,51.0,7.0,4.0,Wolverhampton Wanderers,2025,2563,Away,L,0,2,Wolverhampton Wanderers,0.4,0.9,49.0,11.0,4.0,Manchester United,Home
4668,3781,2025-01-06,20:00,Matchweek 20,Home,L,0,3,Nottingham Forest,1.5,2.1,60.0,13.0,5.0,Wolverhampton Wanderers,2025,2907,Away,W,3,0,Wolverhampton Wanderers,2.1,1.5,40.0,11.0,3.0,Nottingham Forest,Away
4669,3784,2025-01-25,15:00,Matchweek 23,Home,L,0,1,Arsenal,0.7,1.0,51.0,9.0,4.0,Wolverhampton Wanderers,2025,174,Away,W,1,0,Wolverhampton Wanderers,1.0,0.7,49.0,9.0,3.0,Arsenal,Away
4674,3785,2025-02-01,17:30,Matchweek 24,Home,W,2,0,Aston Villa,1.6,0.4,32.0,8.0,5.0,Wolverhampton Wanderers,2025,365,Away,L,0,2,Wolverhampton Wanderers,0.4,1.6,68.0,10.0,3.0,Aston Villa,Home
4677,3788,2025-02-25,19:30,Matchweek 27,Home,L,1,2,Fulham,1.3,1.7,60.0,18.0,5.0,Wolverhampton Wanderers,2025,1660,Away,W,2,1,Wolverhampton Wanderers,1.7,1.3,40.0,11.0,5.0,Fulham,Away
4678,3789,2025-03-08,20:00,Matchweek 28,Home,D,1,1,Everton,0.8,1.2,66.0,11.0,3.0,Wolverhampton Wanderers,2025,1509,Away,D,1,1,Wolverhampton Wanderers,1.2,0.8,34.0,12.0,4.0,Everton,Draw
4680,3791,2025-04-01,19:45,Matchweek 30,Home,W,1,0,West Ham,1.2,1.3,42.0,9.0,2.0,Wolverhampton Wanderers,2025,3601,Away,L,0,1,Wolverhampton Wanderers,1.3,1.2,58.0,10.0,1.0,West Ham,Home
4682,3793,2025-04-13,14:00,Matchweek 32,Home,W,4,2,Tottenham Hotspur,2.4,2.0,37.0,13.0,5.0,Wolverhampton Wanderers,2025,3337,Away,L,2,4,Wolverhampton Wanderers,2.0,2.4,63.0,11.0,4.0,Tottenham Hotspur,Home
4686,3795,2025-04-26,15:00,Matchweek 34,Home,W,3,0,Leicester City,2.0,1.1,56.0,20.0,5.0,Wolverhampton Wanderers,2025,1971,Away,L,0,3,Wolverhampton Wanderers,1.1,2.0,44.0,7.0,1.0,Leicester City,Home
4689,3797,2025-05-10,15:00,Matchweek 36,Home,L,0,2,Brighton,0.9,1.6,56.0,10.0,3.0,Wolverhampton Wanderers,2025,833,Away,W,2,0,Wolverhampton Wanderers,1.6,0.9,44.0,6.0,1.0,Brighton,Away
4694,3799,2025-05-25,16:00,Matchweek 38,Home,D,1,1,Brentford,1.0,1.4,49.0,18.0,6.0,Wolverhampton Wanderers,2025,645,Away,D,1,1,Wolverhampton Wanderers,1.4,1.0,51.0,13.0,7.0,Brentford,Draw
